t,lat,lon,alt_ft,agl_ft,alt_ind_ft,hdg_true,hdg_mag,pitch,bank,ias_kt,tas_kt,gs_kt,vs_fpm,on_ground,g_min,g_max,g_rms,acc_y_rms,b_n,sim_rate,slew,sim_time
2026-08-30T15:18:35.139Z,66.567845,-145.25731,464.1,7.63,557.86,151.03,134.81,-0.95,-0.0,0.0,0.0,0.0,0.0,1.0,1.0,1.0,1.0,0.0,6,1.0,0.0,55115.531
2026-08-30T15:18:36.180Z,66.567845,-145.25731,464.1,7.63,557.86,151.03,134.81,-0.95,-0.0,0.0,0.0,0.0,0.0,1.0,1.0,1.0,1.0,0.0,4,1.0,0.0,55116.582
2026-08-30T15:18:37.305Z,66.567845,-145.25731,464.1,7.63,557.86,151.03,134.81,-0.95,-0.0,0.0,0.0,0.0,-0.0,1.0,1.0,1.0,1.0,0.0,3,1.0,0.0,55117.699
2026-08-30T15:18:38.144Z,66.567845,-145.25731,464.1,7.63,557.86,151.03,134.81,-0.95,-0.0,0.0,0.0,0.0,0.0,1.0,1.0,1.0,1.0,0.0,3,1.0,0.0,55118.547
2026-08-30T15:18:39.187Z,66.567845,-145.25731,464.1,7.63,557.86,151.03,134.81,-0.95,-0.0,0.0,0.0,0.0,0.0,1.0,1.0,1.0,1.0,0.0,4,1.0,0.0,55119.598
2026-08-30T15:18:40.314Z,66.567845,-145.25731,464.1,7.63,557.86,151.03,134.81,-0.95,-0.0,0.0,0.0,0.0,-0.0,1.0,1.0,1.0,1.0,0.0,3,1.0,0.0,55120.711
2026-08-30T15:18:41.149Z,66.567845,-145.25731,464.1,7.63,557.86,151.03,134.81,-0.95,-0.0,0.0,0.0,0.0,-0.0,1.0,1.0,1.0,1.0,0.0,3,1.0,0.0,55121.539
2026-08-30T15:18:42.182Z,66.567845,-145.25731,464.1,7.63,557.86,151.03,134.81,-0.95,-0.0,0.0,0.0,0.0,0.0,1.0,1.0,1.0,1.0,0.0,4,1.0,0.0,55122.633
2026-08-30T15:18:43.200Z,66.567845,-145.25731,464.1,7.63,557.86,151.03,134.81,-0.95,-0.0,0.0,0.0,0.0,-0.0,1.0,1.0,1.0,1.0,0.0,2,1.0,0.0,55123.633
2026-08-30T15:18:44.286Z,66.567845,-145.25731,464.1,7.63,557.86,151.03,134.81,-0.95,-0.0,0.0,0.0,0.0,0.0,1.0,1.0,1.0,1.0,0.0,4,1.0,0.0,55124.715
2026-08-30T15:18:45.448Z,66.567845,-145.25731,464.1,7.63,557.86,151.03,134.81,-0.95,-0.0,0.0,0.0,0.0,0.0,1.0,1.0,1.0,1.0,,1,1.0,0.0,55125.902
2026-08-30T15:18:46.159Z,66.567845,-145.25731,464.1,7.63,557.86,151.03,134.81,-0.95,-0.0,0.0,0.0,0.0,0.0,1.0,1.0,1.0,1.0,0.0,2,1.0,0.0,55126.559
2026-08-30T15:18:47.217Z,66.567845,-145.25731,464.1,7.63,557.86,151.03,134.81,-0.95,-0.0,0.0,0.0,0.0,0.0,1.0,1.0,1.0,1.0,0.0,4,1.0,0.0,55127.605
2026-08-30T15:18:48.342Z,66.567845,-145.25731,464.1,7.63,557.86,151.03,134.81,-0.95,-0.0,0.0,0.0,0.0,0.0,1.0,1.0,1.0,1.0,0.0,3,1.0,0.0,55128.715
2026-08-30T15:18:49.160Z,66.567845,-145.25731,464.1,7.63,557.86,151.03,134.81,-0.95,-0.0,0.0,0.0,0.0,0.0,1.0,1.0,1.0,1.0,0.0,3,1.0,0.0,55129.531
2026-08-30T15:18:50.181Z,66.567845,-145.25731,464.1,7.63,557.86,151.03,134.81,-0.95,-0.0,0.0,0.0,0.0,-0.0,1.0,1.0,1.0,1.0,0.0,4,1.0,0.0,55130.535
2026-08-30T15:18:51.212Z,66.567845,-145.25731,464.1,7.63,557.86,151.03,134.81,-0.95,-0.0,0.0,0.0,0.0,-0.0,1.0,1.0,1.0,1.0,0.0,3,1.0,0.0,55131.555
2026-08-30T15:18:52.196Z,66.567845,-145.25731,464.1,7.63,557.86,151.03,134.81,-0.95,-0.0,0.0,0.0,0.0,-0.0,1.0,1.0,1.0,1.0,0.0,4,1.0,0.0,55132.527
2026-08-30T15:18:53.217Z,66.567845,-145.25731,464.1,7.63,557.86,151.03,134.81,-0.95,-0.0,0.0,0.0,0.0,-0.0,1.0,1.0,1.0,1.0,0.0,3,1.0,0.0,55133.543
2026-08-30T15:18:54.185Z,66.567845,-145.25731,464.1,7.63,557.86,151.03,134.81,-0.95,-0.0,0.0,0.0,0.0,0.0,1.0,1.0,1.0,1.0,0.0,4,1.0,0.0,55134.52
2026-08-30T15:18:55.232Z,66.567845,-145.25731,464.1,7.63,557.86,151.03,134.81,-0.95,-0.0,0.0,0.0,0.0,0.0,1.0,1.0,1.0,1.0,0.0,3,1.0,0.0,55135.562
2026-08-30T15:18:56.249Z,66.567845,-145.25731,464.1,7.63,557.86,151.03,134.81,-0.95,-0.0,0.0,0.0,0.0,-0.0,1.0,1.0,1.0,1.0,0.0,3,1.0,0.0,55136.594
2026-08-30T15:18:57.237Z,66.567845,-145.25731,464.1,7.63,557.86,151.03,134.81,-0.95,-0.0,0.0,0.0,0.0,-0.0,1.0,1.0,1.0,1.0,0.0,4,1.0,0.0,55137.605
2026-08-30T15:18:58.294Z,66.567845,-145.25731,464.1,7.63,557.86,151.03,134.81,-0.95,-0.0,0.0,0.0,0.0,0.0,1.0,1.0,1.0,1.0,0.0,3,1.0,0.0,55138.637
2026-08-30T15:18:59.276Z,66.567845,-145.25731,464.1,7.63,557.86,151.03,134.81,-0.95,-0.0,0.0,0.0,0.0,0.0,1.0,1.0,1.0,1.0,0.0,4,1.0,0.0,55139.633
2026-08-30T15:19:00.320Z,66.567845,-145.25731,464.1,7.63,557.86,151.03,134.81,-0.95,-0.0,0.0,0.0,0.0,0.0,1.0,1.0,1.0,1.0,0.0,3,1.0,0.0,55140.66
2026-08-30T15:19:01.297Z,66.567845,-145.25731,464.1,7.63,557.86,151.03,134.81,-0.95,-0.0,0.0,0.0,0.0,-0.0,1.0,1.0,1.0,1.0,0.0,4,1.0,0.0,55141.648
2026-08-30T15:19:02.144Z,66.567845,-145.25731,464.1,7.63,557.86,151.03,134.81,-0.95,-0.0,0.0,0.0,0.0,-0.0,1.0,1.0,1.0,1.0,0.0,2,1.0,0.0,55142.484
2026-08-30T15:19:03.326Z,66.567845,-145.25731,464.1,7.63,557.86,151.03,134.81,-0.95,-0.0,0.0,0.0,0.0,-0.0,1.0,1.0,1.0,1.0,0.0,5,1.0,0.0,55143.668
2026-08-30T15:19:04.147Z,66.567845,-145.25731,464.1,7.63,557.86,151.03,134.81,-0.95,-0.0,0.0,0.0,0.0,-0.0,1.0,1.0,1.0,1.0,0.0,2,1.0,0.0,55144.488
2026-08-30T15:19:05.230Z,66.567845,-145.25731,464.1,7.63,557.86,151.03,134.81,-0.95,-0.0,0.0,0.0,0.0,-0.0,1.0,1.0,1.0,1.0,0.0,3,1.0,0.0,55145.578
2026-08-30T15:19:06.226Z,66.567845,-145.25731,464.1,7.63,557.86,151.03,134.81,-0.95,-0.0,0.0,0.0,0.0,-0.0,1.0,1.0,1.0,1.0,0.0,4,1.0,0.0,55146.562
2026-08-30T15:19:07.248Z,66.567845,-145.25731,464.1,7.63,557.86,151.03,134.81,-0.95,-0.0,0.0,0.0,0.0,-0.0,1.0,1.0,1.0,1.0,0.0,3,1.0,0.0,55147.598
2026-08-30T15:19:08.246Z,66.567845,-145.25731,464.1,7.63,557.86,151.03,134.81,-0.95,-0.0,0.0,0.0,0.0,0.0,1.0,1.0,1.0,1.0,0.0,4,1.0,0.0,55148.582
2026-08-30T15:19:09.271Z,66.567845,-145.25731,464.1,7.63,557.86,151.03,134.81,-0.95,-0.0,0.0,0.0,0.0,0.0,1.0,1.0,1.0,1.0,0.0,3,1.0,0.0,55149.629
2026-08-30T15:19:10.290Z,66.567845,-145.25731,464.1,7.63,557.86,151.03,134.81,-0.95,-0.0,0.0,0.0,0.0,-0.0,1.0,1.0,1.0,1.0,0.0,4,1.0,0.0,55150.656
2026-08-30T15:19:11.170Z,66.567845,-145.25731,464.1,7.63,557.86,151.03,134.81,-0.95,-0.0,0.0,0.0,0.0,0.0,1.0,1.0,1.0,1.0,0.0,2,1.0,0.0,55151.57
2026-08-30T15:19:12.220Z,66.567845,-145.25731,464.1,7.63,557.86,151.03,134.81,-0.95,-0.0,0.0,0.0,0.0,0.0,1.0,1.0,1.0,1.0,0.0,4,1.0,0.0,55152.59
2026-08-30T15:19:13.260Z,66.567845,-145.25731,464.1,7.63,557.86,151.03,134.81,-0.95,-0.0,0.0,0.0,0.0,0.0,1.0,1.0,1.0,1.0,0.0,4,1.0,0.0,55153.801
2026-08-30T15:19:14.247Z,66.567845,-145.25731,464.1,7.63,557.86,151.03,134.81,-0.95,-0.0,0.0,0.0,0.0,0.0,1.0,1.0,1.0,1.0,,1,1.0,0.0,55154.762
2026-08-30T15:19:15.266Z,66.567845,-145.25731,464.1,7.63,557.86,151.03,134.81,-0.95,-0.0,0.0,0.0,0.0,0.0,1.0,1.0,1.0,1.0,,1,1.0,0.0,55155.887
2026-08-30T15:19:16.378Z,66.567845,-145.25731,464.1,7.63,557.86,151.03,134.81,-0.95,-0.0,0.0,0.0,0.0,-0.0,1.0,1.0,1.0,1.0,,1,1.0,0.0,55156.949
2026-08-30T15:19:17.200Z,66.567845,-145.25731,464.1,7.63,557.86,151.03,134.81,-0.95,-0.0,0.0,0.0,0.0,-0.0,1.0,1.0,1.0,1.0,0.0,2,1.0,0.0,55157.797
2026-08-30T15:19:18.256Z,66.567845,-145.25731,464.1,7.63,557.86,151.03,134.81,-0.95,-0.01,0.0,0.0,0.0,-0.01,1.0,1.0,1.0,1.0,0.007,3,1.0,0.0,55158.859
2026-08-30T15:19:19.367Z,66.567845,-145.25731,464.1,7.63,557.86,151.03,134.81,-0.95,-0.01,0.0,0.0,0.0,-0.01,1.0,1.0,1.0,1.0,,1,1.0,0.0,55159.961
2026-08-30T15:19:20.235Z,66.567845,-145.25731,464.1,7.63,557.86,151.03,134.81,-0.96,-0.01,0.0,0.0,0.0,0.01,1.0,1.0,1.0,1.0,0.013,2,1.0,0.0,55160.77
2026-08-30T15:19:21.216Z,66.567845,-145.25731,464.1,7.63,557.86,151.03,134.81,-0.96,-0.0,0.0,0.0,0.0,0.01,1.0,1.0,1.0,1.0,0.02,3,1.0,0.0,55161.742
2026-08-30T15:19:22.192Z,66.567845,-145.25731,464.1,7.63,557.86,151.03,134.81,-0.95,-0.01,0.0,0.0,0.0,0.01,1.0,1.0,1.0,1.0,,1,1.0,0.0,55162.711
2026-08-30T15:19:23.180Z,66.567845,-145.25731,464.1,7.63,557.86,151.03,134.81,-0.95,-0.02,0.0,0.0,0.01,-0.0,1.0,1.0,1.0,1.0,0.025,3,1.0,0.0,55163.699
2026-08-30T15:19:24.170Z,66.567845,-145.25731,464.1,7.64,557.86,151.03,134.81,-0.95,0.0,0.0,0.0,0.0,-0.01,1.0,1.0,1.0,1.0,0.023,3,1.0,0.0,55164.695
2026-08-30T15:19:25.569Z,66.567845,-145.25731,464.1,7.63,557.86,151.03,134.81,-0.95,-0.01,0.0,0.0,0.0,-0.01,1.0,1.0,1.0,1.0,,1,1.0,0.0,55166.098
2026-08-30T15:19:26.163Z,66.567845,-145.25731,464.1,7.63,557.86,151.03,134.81,-0.95,-0.01,0.0,0.0,0.0,-0.01,1.0,1.0,1.0,1.0,,1,1.0,0.0,55166.688
2026-08-30T15:19:27.314Z,66.567845,-145.25731,464.1,7.63,557.86,151.03,134.81,-0.95,-0.0,0.0,0.0,0.0,-0.01,1.0,1.0,1.0,1.0,0.021,2,1.0,0.0,55167.84
2026-08-30T15:19:28.315Z,66.567845,-145.25731,464.1,7.63,557.86,151.03,134.81,-0.95,0.02,0.0,0.0,0.01,-0.01,1.0,1.0,1.0,1.0,0.018,3,1.0,0.0,55168.84
2026-08-30T15:19:29.274Z,66.567845,-145.25731,464.1,7.63,557.86,151.03,134.81,-0.95,-0.0,0.0,0.0,0.0,-0.01,1.0,1.0,1.0,1.0,,1,1.0,0.0,55169.805
2026-08-30T15:19:30.275Z,66.567845,-145.25731,464.1,7.63,557.86,151.03,134.81,-0.96,-0.03,0.0,0.0,0.01,0.0,1.0,1.0,1.0,1.0,0.025,3,1.0,0.0,55170.797
2026-08-30T15:19:31.274Z,66.567845,-145.25731,464.1,7.64,557.86,151.03,134.81,-0.96,-0.01,0.0,0.0,0.01,0.01,1.0,1.0,1.0,1.0,0.031,3,1.0,0.0,55171.797
2026-08-30T15:19:32.232Z,66.567845,-145.25731,464.1,7.64,557.86,151.03,134.81,-0.96,0.0,0.0,0.0,0.0,0.01,1.0,1.0,1.0,1.0,,1,1.0,0.0,55172.762
2026-08-30T15:19:33.235Z,66.567845,-145.25731,464.1,7.64,557.86,151.03,134.81,-0.96,0.01,0.0,0.0,0.01,0.01,1.0,1.0,1.0,1.0,0.018,3,1.0,0.0,55173.754
2026-08-30T15:19:34.227Z,66.567845,-145.25731,464.1,7.64,557.86,151.03,134.81,-0.95,-0.03,0.0,0.0,0.0,0.01,1.0,1.0,1.0,1.0,0.023,3,1.0,0.0,55174.762
2026-08-30T15:19:35.645Z,66.567845,-145.25731,464.1,7.64,557.86,151.03,134.81,-0.95,-0.0,0.0,0.0,0.0,-0.01,1.0,1.0,1.0,1.0,,1,1.0,0.0,55176.156
2026-08-30T15:19:36.227Z,66.567845,-145.25731,464.1,7.64,557.86,151.03,134.81,-0.95,0.03,0.0,0.0,0.01,-0.01,1.0,1.0,1.0,1.0,,1,1.0,0.0,55176.75
2026-08-30T15:19:37.201Z,66.567845,-145.25731,464.1,7.64,557.86,151.03,134.81,-0.95,-0.02,0.0,0.0,0.01,-0.01,1.0,1.0,1.0,1.0,,1,1.0,0.0,55177.719
2026-08-30T15:19:38.192Z,66.567845,-145.25731,464.1,7.64,557.86,151.03,134.81,-0.95,-0.01,0.0,0.0,0.0,-0.01,1.0,1.0,1.0,1.0,0.021,3,1.0,0.0,55178.723
2026-08-30T15:19:39.193Z,66.567845,-145.25731,464.1,7.64,557.86,151.03,134.81,-0.96,-0.07,0.0,0.0,0.01,-0.01,1.0,1.0,1.0,1.0,0.028,3,1.0,0.0,55179.715
2026-08-30T15:19:40.336Z,66.567845,-145.25731,464.1,7.64,557.86,151.03,134.81,-0.95,0.02,0.0,0.0,0.01,-0.02,1.0,1.0,1.0,1.0,0.001,2,1.0,0.0,55180.859
2026-08-30T15:19:41.332Z,66.567845,-145.25731,464.1,7.64,557.86,151.03,134.81,-0.96,-0.02,0.0,0.0,0.0,-0.01,1.0,1.0,1.0,1.0,0.027,3,1.0,0.0,55181.855
2026-08-30T15:19:42.294Z,66.567845,-145.25731,464.1,7.64,557.86,151.03,134.81,-0.97,0.02,0.0,0.0,0.01,0.0,1.0,1.0,1.0,1.0,,1,1.0,0.0,55182.816
2026-08-30T15:19:43.287Z,66.567845,-145.25731,464.1,7.64,557.86,151.03,134.81,-0.97,-0.0,0.0,0.0,0.0,0.01,1.0,1.0,1.0,1.0,0.031,3,1.0,0.0,55183.809
2026-08-30T15:19:44.273Z,66.567845,-145.25731,464.1,7.64,557.86,151.03,134.81,-0.97,-0.08,0.0,0.0,0.01,0.02,1.0,1.0,1.0,1.0,0.024,3,1.0,0.0,55184.793
2026-08-30T15:19:45.635Z,66.567845,-145.25731,464.1,7.63,557.86,151.03,134.81,-0.95,0.04,0.0,0.0,0.0,-0.02,1.0,1.0,1.0,1.0,,1,1.0,0.0,55186.086
2026-08-30T15:19:46.151Z,66.567845,-145.25731,464.1,7.64,557.86,151.03,134.81,-0.95,0.03,0.0,0.0,0.01,-0.02,1.0,1.0,1.0,1.0,,1,1.0,0.0,55186.625
2026-08-30T15:19:47.270Z,66.567845,-145.25731,464.1,7.63,557.86,151.03,134.81,-0.96,0.0,0.0,0.0,0.0,-0.01,1.0,1.0,1.0,1.0,0.028,4,1.0,0.0,55187.723
2026-08-30T15:19:48.280Z,66.567845,-145.25731,464.1,7.64,557.86,151.03,134.81,-0.95,-0.0,0.0,0.0,0.0,-0.02,1.0,1.0,1.0,1.0,0.038,2,1.0,0.0,55188.719
2026-08-30T15:19:49.164Z,66.567845,-145.25731,464.1,7.64,557.86,151.03,134.81,-0.96,-0.07,0.0,0.0,0.0,0.0,1.0,1.0,1.0,1.0,0.027,3,1.0,0.0,55189.586
2026-08-30T15:19:50.236Z,66.567845,-145.25731,464.1,7.63,557.86,151.03,134.81,-0.96,0.06,0.0,0.0,0.01,-0.0,1.0,1.0,1.0,1.0,0.026,4,1.0,0.0,55190.66
2026-08-30T15:19:51.195Z,66.567845,-145.25731,464.1,7.64,557.86,151.03,134.81,-0.97,0.0,0.0,0.0,0.01,0.01,1.0,1.0,1.0,1.0,0.035,2,1.0,0.0,55191.602
2026-08-30T15:19:52.243Z,66.567845,-145.25731,464.1,7.63,557.86,151.03,134.81,-0.97,-0.0,0.0,0.0,0.0,0.02,1.0,1.0,1.0,1.0,0.032,4,1.0,0.0,55192.613
2026-08-30T15:19:53.128Z,66.567845,-145.25731,464.1,7.64,557.86,151.03,134.81,-0.96,0.01,0.0,0.0,0.0,-0.0,1.0,1.0,1.0,1.0,0.005,2,1.0,0.0,55193.52
2026-08-30T15:19:54.173Z,66.567845,-145.25731,464.1,7.64,557.86,151.03,134.81,-0.96,-0.0,0.0,0.0,0.0,-0.01,1.0,1.0,1.0,1.0,0.026,4,1.0,0.0,55194.543
2026-08-30T15:19:55.331Z,66.567845,-145.25731,464.1,7.64,557.86,151.03,134.81,-0.97,-0.0,0.0,0.0,0.0,0.02,1.0,1.0,1.0,1.0,0.033,3,1.0,0.0,55195.707
2026-08-30T15:19:56.226Z,66.567845,-145.25731,464.1,7.64,557.86,151.03,134.81,-0.96,-0.0,0.0,0.0,0.0,-0.01,1.0,1.0,1.0,1.0,0.026,2,1.0,0.0,55196.621
2026-08-30T15:19:57.287Z,66.567845,-145.25731,464.1,7.64,557.86,151.03,134.81,-0.96,-0.0,0.0,0.0,0.0,0.0,1.0,1.0,1.0,1.0,0.029,4,1.0,0.0,55197.754
2026-08-30T15:19:58.222Z,66.567845,-145.25731,464.1,7.64,557.86,151.03,134.81,-0.95,-0.0,0.0,0.0,0.0,-0.02,1.0,1.0,1.0,1.0,0.035,3,1.0,0.0,55198.656
2026-08-30T15:19:59.228Z,66.567845,-145.25731,464.1,7.64,557.86,151.03,134.81,-0.93,-0.0,0.0,0.01,0.01,-0.02,1.0,1.0,1.0,1.0,0.023,2,1.0,0.0,55199.664
2026-08-30T15:20:00.334Z,66.567845,-145.25731,464.09,7.63,557.86,151.03,134.81,-0.85,0.01,0.0,0.0,0.02,-0.05,1.0,1.0,1.0,1.0,0.013,4,1.0,0.0,55200.785
2026-08-30T15:20:01.207Z,66.567845,-145.25731,464.1,7.63,557.86,151.03,134.81,-0.92,0.01,0.0,0.0,0.0,-0.02,1.0,1.0,1.0,1.0,,1,1.0,0.0,55201.637
2026-08-30T15:20:02.327Z,66.567845,-145.25731,464.1,7.63,557.86,151.03,134.81,-0.97,-0.01,0.0,0.0,0.0,-0.02,1.0,1.0,1.0,1.0,0.028,4,1.0,0.0,55202.891
2026-08-30T15:20:03.139Z,66.567845,-145.25731,464.1,7.63,557.86,151.03,134.81,-0.96,-0.01,0.0,0.0,0.0,0.01,1.0,1.0,1.0,1.0,0.018,2,1.0,0.0,55203.672
2026-08-30T15:20:04.296Z,66.567845,-145.25731,464.1,7.63,557.86,151.03,134.81,-0.96,-0.0,0.0,0.0,0.0,-0.0,1.0,1.0,1.0,1.0,0.039,2,1.0,0.0,55204.824
2026-08-30T15:20:05.391Z,66.567845,-145.25731,464.1,7.63,557.86,151.03,134.81,-0.96,-0.0,0.0,0.0,0.0,-0.02,1.0,1.0,1.0,1.0,,1,1.0,0.0,55206.039
2026-08-30T15:20:06.478Z,66.567845,-145.25731,464.1,7.63,557.86,151.03,134.81,-0.96,-0.0,0.0,0.0,0.0,-0.02,1.0,1.0,1.0,1.0,,1,1.0,0.0,55207.051
2026-08-30T15:20:07.310Z,66.567845,-145.25731,464.1,7.63,557.86,151.03,134.81,-0.97,-0.0,0.0,0.0,0.0,0.02,1.0,1.0,1.0,1.0,0.005,2,1.0,0.0,55207.824
2026-08-30T15:20:08.275Z,66.567845,-145.25731,464.1,7.63,557.86,151.03,134.81,-0.96,-0.0,0.0,0.0,0.0,0.0,1.0,1.0,1.0,1.0,0.027,3,1.0,0.0,55208.746
2026-08-30T15:20:09.330Z,66.567845,-145.25731,464.1,7.63,557.86,151.03,134.81,-0.96,-0.0,0.0,0.0,0.0,0.0,1.0,1.0,1.0,1.0,0.026,2,1.0,0.0,55209.777
2026-08-30T15:20:10.238Z,66.567845,-145.25731,464.1,7.63,557.86,151.03,134.81,-0.96,-0.0,0.0,0.0,0.0,-0.02,1.0,1.0,1.0,1.0,0.032,3,1.0,0.0,55210.664
2026-08-30T15:20:11.335Z,66.567845,-145.25731,464.1,7.63,557.86,151.03,134.81,-0.96,-0.0,0.0,0.0,0.0,-0.01,1.0,1.0,1.0,1.0,0.03,4,1.0,0.0,55211.855
2026-08-30T15:20:12.289Z,66.567845,-145.25731,464.1,7.63,557.86,151.03,134.81,-0.96,-0.0,0.0,0.0,0.0,-0.02,1.0,1.0,1.0,1.0,,1,1.0,0.0,55212.812
2026-08-30T15:20:13.288Z,66.567845,-145.25731,464.1,7.63,557.86,151.03,134.81,-0.96,-0.0,0.0,0.0,0.0,-0.02,1.0,1.0,1.0,1.0,0.025,3,1.0,0.0,55213.801
2026-08-30T15:20:14.276Z,66.567845,-145.25731,464.1,7.63,557.86,151.03,134.81,-0.96,-0.0,0.0,0.0,0.0,-0.01,1.0,1.0,1.0,1.0,0.033,3,1.0,0.0,55214.801
2026-08-30T15:20:15.691Z,66.567845,-145.25731,464.1,7.63,557.86,151.03,134.81,-0.97,-0.0,0.0,0.0,0.0,0.02,1.0,1.0,1.0,1.0,,1,1.0,0.0,55216.215
2026-08-30T15:20:16.284Z,66.567845,-145.25731,464.1,7.63,557.86,151.03,134.81,-0.97,-0.0,0.0,0.0,0.0,0.01,1.0,1.0,1.0,1.0,,1,1.0,0.0,55216.816
2026-08-30T15:20:17.257Z,66.567845,-145.25731,464.1,7.63,557.86,151.03,134.81,-0.97,-0.0,0.0,0.0,0.0,0.02,1.0,1.0,1.0,1.0,,1,1.0,0.0,55217.785
2026-08-30T15:20:18.251Z,66.567845,-145.25731,464.1,7.63,557.86,151.03,134.81,-0.97,-0.0,0.0,0.0,0.0,0.02,1.0,1.0,1.0,1.0,0.026,3,1.0,0.0,55218.773
2026-08-30T15:20:19.240Z,66.567845,-145.25731,464.1,7.63,557.86,151.03,134.81,-0.96,-0.0,0.0,0.0,0.0,0.01,1.0,1.0,1.0,1.0,0.034,3,1.0,0.0,55219.758
2026-08-30T15:20:20.197Z,66.567845,-145.25731,464.1,7.63,557.86,151.03,134.81,-0.85,-0.0,0.0,0.0,0.0,-0.03,1.0,1.0,1.0,1.0,,1,1.0,0.0,55220.711
2026-08-30T15:20:21.175Z,66.567845,-145.25731,464.1,7.63,557.86,151.03,134.81,-0.88,-0.0,0.0,0.0,0.0,-0.01,1.0,1.0,1.0,1.0,0.025,3,1.0,0.0,55221.695
2026-08-30T15:20:22.156Z,66.567845,-145.25731,464.1,7.63,557.86,151.03,134.81,-0.88,-0.0,0.0,0.0,0.0,-0.01,1.0,1.0,1.0,1.0,0.03,3,1.0,0.0,55222.676
2026-08-30T15:20:23.306Z,66.567845,-145.25731,464.1,7.63,557.86,151.03,134.81,-0.88,-0.0,0.0,0.0,0.0,-0.02,1.0,1.0,1.0,1.0,0.016,2,1.0,0.0,55223.824
2026-08-30T15:20:24.286Z,66.567845,-145.25731,464.1,7.63,557.86,151.03,134.81,-0.9,-0.0,0.0,0.0,0.0,-0.02,1.0,1.0,1.0,1.0,0.025,3,1.0,0.0,55224.809
2026-08-30T15:20:25.679Z,66.567845,-145.25731,464.1,7.63,557.86,151.03,134.81,-0.9,-0.0,0.0,0.0,0.0,0.01,1.0,1.0,1.0,1.0,,1,1.0,0.0,55226.211
2026-08-30T15:20:26.284Z,66.567845,-145.25731,464.1,7.63,557.86,151.03,134.81,-0.85,-0.04,0.0,0.0,0.01,-0.03,1.0,1.0,1.0,1.0,,1,1.0,0.0,55226.809
2026-08-30T15:20:27.279Z,66.567845,-145.25731,464.1,7.63,557.86,151.03,134.81,-0.79,-0.01,0.0,0.0,0.02,-0.06,1.0,1.0,1.0,1.0,0.004,3,1.0,0.0,55227.789
2026-08-30T15:20:28.223Z,66.567845,-145.25731,464.1,7.63,557.86,151.03,134.81,-0.84,-0.04,0.06,0.09,0.1,0.02,1.0,1.0,1.0,1.0,,1,1.0,0.0,55228.742
2026-08-30T15:20:29.194Z,66.567844,-145.257309,464.09,7.64,557.86,151.21,135.01,-0.83,0.08,0.22,0.26,0.27,-0.03,1.0,0.999,1.0,1.0,0.005,3,1.0,0.0,55229.719
2026-08-30T15:20:30.189Z,66.567843,-145.257308,464.09,7.63,557.86,152.64,136.52,-0.7,0.0,0.35,0.35,0.37,-0.11,1.0,0.999,1.0,1.0,0.059,3,1.0,0.0,55230.715
2026-08-30T15:20:31.351Z,66.567841,-145.257306,464.09,7.61,557.85,156.73,140.65,-0.68,-0.04,0.53,0.56,0.59,-0.03,1.0,0.999,1.001,1.0,0.213,2,1.0,0.0,55231.879
2026-08-30T15:20:32.349Z,66.567838,-145.257305,464.09,7.64,557.85,161.6,145.57,-0.62,-0.13,0.71,0.75,0.77,0.04,1.0,0.999,1.001,1.0,0.114,3,1.0,0.0,55232.906
2026-08-30T15:20:33.381Z,66.567834,-145.257304,464.1,7.63,557.85,166.42,150.28,-0.94,-0.19,1.23,1.3,1.28,,1.0,0.999,0.999,0.999,,1,1.0,0.0,55234.016
2026-08-30T15:20:34.300Z,66.567828,-145.257303,464.08,7.63,557.85,173.53,157.71,-0.66,-0.16,1.22,1.25,1.3,-0.24,1.0,1.0,1.002,1.001,0.114,2,1.0,0.0,55234.852
2026-08-30T15:20:35.399Z,66.567822,-145.257305,464.08,7.64,557.85,185.87,170.05,-0.51,-0.15,1.48,1.49,1.52,0.26,1.0,0.999,0.999,0.999,,1,1.0,0.0,55235.977
2026-08-30T15:20:36.459Z,66.567814,-145.257313,464.08,7.63,557.85,198.58,182.72,-0.99,-0.04,1.9,2.03,2.05,-0.73,1.0,1.002,1.002,1.002,,1,1.0,0.0,55237.039
2026-08-30T15:20:37.316Z,66.567807,-145.257323,464.07,7.63,557.84,207.67,191.82,-0.52,-0.0,2.28,2.33,2.39,-0.36,1.0,1.001,1.001,1.001,0.046,2,1.0,0.0,55237.895
2026-08-30T15:20:38.180Z,66.567799,-145.257337,464.08,7.63,557.84,217.61,201.81,-0.49,-0.04,2.67,2.74,2.77,-0.59,1.0,1.0,1.0,1.0,0.29,2,1.0,0.0,55238.77
2026-08-30T15:20:39.284Z,66.567789,-145.257365,464.06,7.63,557.83,229.78,213.95,-0.72,-0.02,3.4,3.49,3.52,-1.46,1.0,0.999,0.999,0.999,,1,1.0,0.0,55239.902
2026-08-30T15:20:40.184Z,66.567781,-145.257397,464.04,7.63,557.81,238.86,222.95,-0.76,0.11,3.96,4.07,4.09,-1.09,1.0,0.997,1.005,1.001,0.23,2,1.0,0.0,55240.812
2026-08-30T15:20:41.351Z,66.567772,-145.257447,464.01,7.64,557.79,248.11,232.2,-0.75,0.12,4.61,4.68,4.71,-0.23,1.0,0.993,0.993,0.993,,1,1.0,0.0,55241.953
2026-08-30T15:20:42.227Z,66.567766,-145.257494,464.0,7.65,557.78,255.59,239.71,-0.79,0.13,5.11,5.16,5.18,-0.92,1.0,0.993,1.008,1.0,1.069,2,1.0,0.0,55242.852
2026-08-30T15:20:43.387Z,66.567762,-145.257565,463.97,7.64,557.75,266.84,250.86,-0.93,0.13,5.81,5.88,5.9,-0.47,1.0,0.998,0.998,0.998,,1,1.0,0.0,55244.02
2026-08-30T15:20:44.332Z,66.567762,-145.25763,463.96,7.64,557.73,270.96,254.78,-0.82,0.1,6.4,6.46,6.49,-2.44,1.0,0.987,1.007,0.997,0.166,2,1.0,0.0,55244.961
2026-08-30T15:20:46.019Z,66.567763,-145.257764,463.9,7.64,557.69,271.19,254.96,-0.82,0.07,7.43,7.48,7.52,-1.88,1.0,0.997,0.997,0.997,,1,1.0,0.0,55246.656
2026-08-30T15:20:46.743Z,66.567763,-145.257827,463.89,7.66,557.67,271.1,254.88,-0.83,0.08,7.88,7.92,7.94,-1.31,1.0,1.006,1.006,1.006,,1,1.0,0.0,55247.355
2026-08-30T15:20:47.849Z,66.567764,-145.257931,463.86,7.64,557.64,270.96,254.74,-0.84,0.09,8.52,8.55,8.57,-1.45,1.0,1.003,1.003,1.003,,1,1.0,0.0,55248.43
2026-08-30T15:20:48.507Z,66.567765,-145.257996,463.83,7.61,557.62,270.88,254.66,-0.82,0.12,8.89,8.92,8.95,-1.26,1.0,0.994,0.994,0.994,,1,1.0,0.0,55249.082
2026-08-30T15:20:49.367Z,66.567765,-145.258086,463.81,7.65,557.6,270.76,254.54,-0.85,0.1,9.39,9.41,9.43,-2.19,1.0,0.988,1.006,0.997,1.864,2,1.0,0.0,55249.949
2026-08-30T15:20:50.429Z,66.567766,-145.258204,463.76,7.64,557.56,270.71,254.53,-0.87,0.11,10.01,10.02,10.04,-2.03,1.0,0.997,0.997,0.997,,1,1.0,0.0,55251.02
2026-08-30T15:20:51.269Z,66.567767,-145.258302,463.72,7.63,557.53,272.54,256.39,-0.75,0.2,10.47,10.48,10.5,-2.11,1.0,0.996,1.0,0.998,1.437,2,1.0,0.0,55251.863
2026-08-30T15:20:52.323Z,66.56777,-145.258432,463.69,7.63,557.49,273.5,257.28,-0.82,0.09,11.06,11.06,11.08,-1.76,1.0,0.988,1.011,0.996,0.334,3,1.0,0.0,55252.91
2026-08-30T15:20:53.412Z,66.567773,-145.258573,463.64,7.64,557.44,273.39,257.17,-0.86,0.1,11.66,11.65,11.67,-2.6,1.0,0.994,0.994,0.994,,1,1.0,0.0,55254.008
2026-08-30T15:20:54.260Z,66.567776,-145.258688,463.61,7.65,557.41,273.3,257.1,-0.81,-0.02,12.12,12.1,12.12,-2.7,1.0,0.997,1.007,1.002,1.773,2,1.0,0.0,55254.852
2026-08-30T15:20:55.436Z,66.567782,-145.258854,463.56,7.65,557.36,280.4,264.44,-0.84,0.27,12.7,12.67,12.69,-2.85,1.0,1.001,1.001,1.001,,1,1.0,0.0,55256.035
2026-08-30T15:20:56.547Z,66.567797,-145.259016,463.51,7.63,557.31,284.05,267.97,-0.82,0.28,13.26,13.2,13.2,-2.41,1.0,1.002,1.002,1.002,,1,1.0,0.0,55257.148
2026-08-30T15:20:57.290Z,66.567808,-145.259123,463.47,7.64,557.28,287.94,271.93,-0.85,0.26,13.47,13.38,13.39,-2.0,1.0,1.002,1.002,1.002,,1,1.0,0.0,55257.891
2026-08-30T15:20:58.150Z,66.567827,-145.25925,463.44,7.64,557.24,294.13,278.24,-0.86,0.28,13.68,13.57,13.57,-2.11,1.0,1.001,1.008,1.005,0.483,2,1.0,0.0,55258.762
2026-08-30T15:20:59.276Z,66.567861,-145.259406,463.4,7.62,557.2,306.59,290.9,-0.85,0.62,13.85,13.74,13.75,-1.09,1.0,0.993,0.993,0.993,,1,1.0,0.0,55259.875
2026-08-30T15:21:00.333Z,66.567906,-145.25953,463.39,7.64,557.17,319.12,303.2,-0.9,0.36,14.07,13.94,13.93,-0.84,1.0,0.985,1.004,0.997,0.311,3,1.0,0.0,55260.918
2026-08-30T15:21:01.420Z,66.567962,-145.259633,463.36,7.62,557.15,329.32,313.43,-0.88,0.39,13.9,13.67,13.65,-1.15,1.0,0.988,0.988,0.988,,1,1.0,0.0,55261.996
2026-08-30T15:21:02.271Z,66.56801,-145.259697,463.36,7.62,557.14,335.86,319.86,-0.9,0.28,13.57,13.34,13.31,-0.05,1.0,0.997,1.007,1.002,0.3,2,1.0,0.0,55262.852
2026-08-30T15:21:03.338Z,66.56807,-145.259756,463.37,7.64,557.14,341.64,325.57,-0.85,0.32,13.01,12.74,12.72,-0.33,1.0,0.996,1.004,1.0,0.616,3,1.0,0.0,55263.902
2026-08-30T15:21:04.388Z,66.568129,-145.2598,463.38,7.66,557.13,345.43,329.29,-0.93,0.1,12.4,12.15,12.11,0.47,1.0,1.003,1.003,1.003,,1,1.0,0.0,55264.945
2026-08-30T15:21:05.480Z,66.568189,-145.259835,463.39,7.66,557.14,348.26,332.15,-0.95,0.1,11.78,11.56,11.53,-0.67,1.0,1.011,1.011,1.011,,1,1.0,0.0,55266.039
2026-08-30T15:21:06.507Z,66.568242,-145.259861,463.37,7.63,557.14,349.0,332.72,-0.88,-0.07,11.4,11.22,11.21,0.47,1.0,0.996,0.996,0.996,,1,1.0,0.0,55267.047
2026-08-30T15:21:07.313Z,66.568283,-145.259882,463.39,7.63,557.14,347.51,331.23,-0.8,-0.04,11.28,11.13,11.11,0.92,1.0,0.993,1.003,0.998,0.66,2,1.0,0.0,55267.855
2026-08-30T15:21:08.316Z,66.568333,-145.259912,463.38,7.64,557.14,345.22,328.92,-0.97,-0.02,11.32,11.25,11.22,0.45,1.0,0.983,1.008,0.999,0.854,3,1.0,0.0,55268.867
2026-08-30T15:21:09.328Z,66.568384,-145.259949,463.34,7.62,557.13,342.12,325.77,-0.98,-0.09,11.55,11.51,11.5,-0.13,1.0,0.991,0.991,0.991,,1,1.0,0.0,55269.891
2026-08-30T15:21:10.166Z,66.568426,-145.259986,463.32,7.64,557.12,338.59,322.23,-0.84,-0.07,11.85,11.8,11.82,-1.06,1.0,0.995,0.997,0.996,0.819,2,1.0,0.0,55270.73
2026-08-30T15:21:11.198Z,66.568478,-145.260043,463.28,7.63,557.09,333.75,317.36,-0.82,0.02,12.34,12.33,12.33,-1.98,1.0,0.985,1.012,0.997,1.59,3,1.0,0.0,55271.777
2026-08-30T15:21:12.256Z,66.568531,-145.260117,463.22,7.65,557.03,328.36,312.01,-0.84,-0.12,12.89,12.87,12.88,-3.94,1.0,1.01,1.01,1.01,,1,1.0,0.0,55272.844
2026-08-30T15:21:13.295Z,66.568584,-145.260201,463.1,7.63,556.95,325.64,309.07,-0.73,-0.26,13.38,13.33,13.32,-5.82,1.0,0.976,1.014,0.996,0.284,3,1.0,0.0,55273.879
2026-08-30T15:21:14.388Z,66.568635,-145.260312,462.94,7.64,556.82,307.02,290.03,-0.64,-0.75,13.67,13.6,13.6,-10.13,1.0,1.001,1.001,1.001,,1,1.0,0.0,55275.0
2026-08-30T15:21:15.629Z,66.568668,-145.260491,462.68,7.6,556.62,283.25,266.58,-0.64,-0.9,14.35,14.32,14.34,-11.05,1.0,0.991,0.991,0.991,,1,1.0,0.0,55276.27
2026-08-30T15:21:16.802Z,66.568678,-145.260687,462.45,7.65,556.39,268.28,251.57,-0.77,-0.93,14.99,14.95,14.97,-13.19,1.0,1.006,1.006,1.006,,1,1.0,0.0,55277.449
2026-08-30T15:21:17.527Z,66.568674,-145.260812,462.29,7.63,556.24,258.88,242.2,-0.79,-0.85,15.34,15.27,15.31,-11.28,1.0,0.994,0.994,0.994,,1,1.0,0.0,55278.137
2026-08-30T15:21:18.214Z,66.568662,-145.26093,462.21,7.66,556.12,250.84,234.29,-0.96,-1.1,15.66,15.6,15.63,-10.0,1.0,1.002,1.002,1.002,,1,1.0,0.0,55278.781
2026-08-30T15:21:19.265Z,66.568634,-145.261108,462.08,7.65,555.96,246.64,230.41,-0.97,-0.63,16.17,16.09,16.12,-6.75,1.0,1.002,1.002,1.002,,1,1.0,0.0,55279.824
2026-08-30T15:21:20.293Z,66.568603,-145.261287,461.99,7.62,555.85,246.17,229.87,-0.83,-0.69,16.66,16.56,16.59,-8.34,1.0,0.989,1.008,1.0,1.632,3,1.0,0.0,55280.855
2026-08-30T15:21:21.323Z,66.568569,-145.261466,461.89,7.65,555.73,241.7,225.32,-1.09,-0.72,17.05,16.95,16.97,-4.74,1.0,1.003,1.003,1.003,,1,1.0,0.0,55281.875
2026-08-30T15:21:22.335Z,66.56853,-145.261641,461.86,7.62,555.67,240.24,224.01,-1.16,-0.78,17.43,17.31,17.34,-0.86,1.0,0.987,1.011,1.001,1.087,3,1.0,0.0,55282.883
2026-08-30T15:21:23.345Z,66.56849,-145.261818,461.87,7.64,555.64,241.58,225.46,-0.99,-0.46,17.77,17.64,17.65,-0.51,1.0,1.003,1.003,1.003,,1,1.0,0.0,55283.902
2026-08-30T15:21:24.179Z,66.568459,-145.261968,461.89,7.64,555.64,243.02,226.84,-1.14,-0.64,18.0,17.85,17.87,2.54,1.0,1.003,1.005,1.004,1.944,2,1.0,0.0,55284.723
2026-08-30T15:21:25.264Z,66.56842,-145.262172,461.98,7.65,555.69,248.02,232.07,-1.0,-0.09,18.23,18.05,18.06,4.79,1.0,1.008,1.008,1.008,,1,1.0,0.0,55285.828
2026-08-30T15:21:26.304Z,66.56839,-145.262378,462.11,7.64,555.77,252.39,236.26,-0.97,0.11,18.1,17.82,17.8,7.49,1.0,1.014,1.014,1.014,,1,1.0,0.0,55286.859
2026-08-30T15:21:27.341Z,66.568366,-145.262583,462.37,7.69,555.93,254.8,238.65,-1.06,0.02,17.54,17.21,17.17,10.75,1.0,0.994,1.027,1.008,2.608,3,1.0,0.0,55287.895
2026-08-30T15:21:28.366Z,66.568346,-145.26278,462.57,7.64,556.13,256.35,240.14,-0.97,0.15,16.72,16.37,16.33,12.14,1.0,1.003,1.003,1.003,,1,1.0,0.0,55288.914
2026-08-30T15:21:29.188Z,66.568331,-145.26293,462.76,7.6,556.31,255.65,239.39,-1.1,-0.03,16.0,15.65,15.61,12.97,1.0,0.994,1.016,1.005,0.602,2,1.0,0.0,55289.742
2026-08-30T15:21:30.216Z,66.568312,-145.263108,462.96,7.63,556.52,254.06,237.83,-0.97,0.37,15.09,14.74,14.7,11.49,1.0,0.989,1.004,0.998,1.482,3,1.0,0.0,55290.895
2026-08-30T15:21:31.433Z,66.568289,-145.263305,463.14,7.62,556.75,254.0,237.79,-0.99,-0.06,13.96,13.62,13.58,9.51,1.0,0.998,0.998,0.998,,1,1.0,0.0,55292.047
2026-08-30T15:21:32.306Z,66.568274,-145.263436,463.24,7.63,556.88,254.07,237.85,-0.93,-0.02,13.16,12.84,12.81,7.29,1.0,0.999,1.005,1.002,0.695,2,1.0,0.0,55292.949
2026-08-30T15:21:33.472Z,66.568256,-145.263601,463.27,7.61,557.0,254.12,237.91,-0.88,0.04,12.39,12.15,12.14,6.36,1.0,0.983,0.983,0.983,,1,1.0,0.0,55294.086
2026-08-30T15:21:34.337Z,66.568242,-145.26372,463.34,7.62,557.05,254.12,237.91,-0.84,0.13,12.09,11.88,11.87,3.35,1.0,0.978,1.01,0.994,1.967,2,1.0,0.0,55294.953
2026-08-30T15:21:35.977Z,66.568218,-145.263934,463.36,7.62,557.11,254.1,237.87,-0.94,0.19,11.51,11.32,11.3,0.42,1.0,0.998,0.998,0.998,,1,1.0,0.0,55296.59
2026-08-30T15:21:36.670Z,66.568208,-145.264021,463.35,7.63,557.11,254.07,237.86,-0.66,0.24,11.3,11.1,11.08,-0.3,1.0,0.998,0.998,0.998,,1,1.0,0.0,55297.277
2026-08-30T15:21:37.775Z,66.568192,-145.264158,463.3,7.66,557.1,253.92,237.65,-0.7,0.16,10.93,10.76,10.75,-2.47,1.0,0.991,0.991,0.991,,1,1.0,0.0,55298.387
2026-08-30T15:21:38.473Z,66.568182,-145.26424,463.26,7.64,557.07,250.92,234.54,-0.75,0.06,10.72,10.55,10.54,-3.37,1.0,1.0,1.0,1.0,,1,1.0,0.0,55299.066
2026-08-30T15:21:39.330Z,66.568167,-145.264338,463.19,7.61,557.02,246.78,230.46,-0.79,-0.04,10.49,10.32,10.31,-3.36,1.0,0.999,1.001,1.0,1.167,2,1.0,0.0,55299.926
2026-08-30T15:21:40.423Z,66.568146,-145.264458,463.09,7.63,556.94,245.34,229.12,-0.66,0.43,10.22,10.06,10.06,-5.33,1.0,0.989,0.989,0.989,,1,1.0,0.0,55301.016
2026-08-30T15:21:41.298Z,66.568129,-145.26455,463.0,7.63,556.86,245.27,229.06,-0.63,0.12,10.03,9.89,9.88,-6.4,1.0,0.996,1.006,1.001,1.867,2,1.0,0.0,55301.887
2026-08-30T15:21:42.161Z,66.568112,-145.264641,462.86,7.66,556.75,244.52,228.09,-0.42,0.23,9.88,9.73,9.74,-10.37,1.0,0.986,1.01,0.998,0.917,2,1.0,0.0,55302.746
2026-08-30T15:21:43.256Z,66.568089,-145.264747,462.58,7.64,556.55,238.43,222.2,-0.41,0.19,9.81,9.7,9.7,-14.01,1.0,1.0,1.0,1.0,,1,1.0,0.0,55303.832
2026-08-30T15:21:44.303Z,66.568064,-145.264847,462.28,7.65,556.29,238.39,222.17,-0.48,0.27,9.78,9.66,9.68,-15.06,1.0,0.996,1.003,0.998,2.163,3,1.0,0.0,55304.871
2026-08-30T15:21:45.853Z,66.568028,-145.264996,461.97,7.63,555.92,238.37,222.15,-0.67,0.21,9.64,9.51,9.5,-10.71,1.0,1.005,1.005,1.005,,1,1.0,0.0,55306.441
2026-08-30T15:21:46.519Z,66.568012,-145.265059,461.84,7.62,555.8,238.35,222.14,-0.61,0.1,9.54,9.4,9.41,-10.51,1.0,0.985,0.985,0.985,,1,1.0,0.0,55307.098
2026-08-30T15:21:47.606Z,66.567988,-145.265159,461.73,7.6,555.62,238.39,222.17,-0.66,0.15,9.34,9.19,9.19,-6.89,1.0,0.997,0.997,0.997,,1,1.0,0.0,55308.172
2026-08-30T15:21:48.248Z,66.567973,-145.265218,461.69,7.64,555.55,238.39,222.17,-0.79,0.13,9.19,9.04,9.04,-5.59,1.0,1.002,1.002,1.002,,1,1.0,0.0,55308.832
2026-08-30T15:21:49.324Z,66.56795,-145.265314,461.63,7.62,555.46,238.38,222.16,-0.6,0.08,8.91,8.75,8.76,-3.93,1.0,0.985,1.024,0.999,2.355,3,1.0,0.0,55309.902
2026-08-30T15:21:50.401Z,66.567927,-145.265407,461.59,7.62,555.4,240.71,224.69,-0.77,0.1,8.61,8.45,8.44,-1.91,1.0,0.995,0.995,0.995,,1,1.0,0.0,55310.988
2026-08-30T15:21:51.275Z,66.567912,-145.265483,461.58,7.64,555.37,245.74,229.75,-0.81,0.11,8.33,8.17,8.15,-1.87,1.0,0.995,1.002,0.999,1.343,2,1.0,0.0,55311.863
2026-08-30T15:21:52.344Z,66.567899,-145.265577,461.56,7.64,555.34,257.05,241.25,-0.82,0.13,7.93,7.77,7.76,-1.98,1.0,0.995,1.008,1.001,0.263,3,1.0,0.0,55312.941
2026-08-30T15:21:53.458Z,66.567895,-145.265677,461.53,7.62,555.31,273.25,257.8,-0.78,0.17,7.38,7.16,7.13,-0.52,1.0,0.999,0.999,0.999,,1,1.0,0.0,55314.078
2026-08-30T15:21:54.363Z,66.567901,-145.26575,461.54,7.65,555.3,289.95,274.39,-0.83,0.17,7.04,6.88,6.85,-0.38,1.0,0.988,1.009,0.998,0.333,2,1.0,0.0,55315.074
2026-08-30T15:21:56.182Z,66.567931,-145.265865,461.51,7.63,555.29,318.79,303.22,-0.79,0.19,6.32,6.16,6.13,-0.63,1.0,0.996,0.996,0.996,,1,1.0,0.0,55316.828
2026-08-30T15:21:56.911Z,66.567949,-145.265894,461.53,7.65,555.29,331.78,316.27,-0.82,0.15,6.0,5.84,5.81,-0.13,1.0,1.008,1.008,1.008,,1,1.0,0.0,55317.566
2026-08-30T15:21:58.111Z,66.567979,-145.265916,461.52,7.63,555.29,354.8,339.35,-0.86,0.18,5.48,5.33,5.3,0.32,1.0,0.996,0.996,0.996,,1,1.0,0.0,55318.738
2026-08-30T15:21:58.821Z,66.567996,-145.265913,461.52,7.64,555.29,8.93,353.47,-0.79,0.12,5.21,5.07,5.07,0.0,1.0,0.995,0.995,0.995,,1,1.0,0.0,55319.438
2026-08-30T15:21:59.517Z,66.568012,-145.2659,461.53,7.64,555.29,22.62,7.08,-0.82,0.11,4.98,4.85,4.83,0.58,1.0,1.0,1.0,1.0,,1,1.0,0.0,55320.113
2026-08-30T15:22:00.627Z,66.568032,-145.265864,461.53,7.61,555.29,43.21,27.63,-0.84,0.03,4.6,4.49,4.47,-0.14,1.0,1.0,1.0,1.0,,1,1.0,0.0,55321.219
2026-08-30T15:22:01.299Z,66.568041,-145.265837,461.54,7.63,555.29,54.85,39.17,-0.86,-0.02,4.41,4.37,4.4,-0.33,1.0,1.004,1.004,1.004,,1,1.0,0.0,55321.879
2026-08-30T15:22:02.332Z,66.568051,-145.265791,461.55,7.66,555.3,62.34,46.35,-0.62,0.04,4.22,4.06,4.05,-0.11,1.0,0.998,1.011,1.004,0.665,3,1.0,0.0,55322.906
2026-08-30T15:22:03.386Z,66.568059,-145.265746,461.55,7.64,555.31,71.89,55.89,-1.0,0.04,3.89,3.82,3.81,0.28,1.0,0.997,0.997,0.997,,1,1.0,0.0,55323.949
2026-08-30T15:22:04.215Z,66.568063,-145.265711,461.56,7.63,555.32,73.01,56.79,-0.87,0.04,3.74,3.66,3.66,0.14,1.0,0.995,1.007,1.001,0.084,2,1.0,0.0,55324.777
2026-08-30T15:22:05.310Z,66.568068,-145.265667,461.57,7.64,555.32,72.91,56.69,-0.89,-0.06,3.63,3.58,3.59,0.63,1.0,0.996,0.996,0.996,,1,1.0,0.0,55325.855
2026-08-30T15:22:06.339Z,66.568073,-145.265626,461.6,7.64,555.34,72.82,56.6,-0.98,-0.02,3.7,3.68,3.69,0.63,1.0,1.008,1.008,1.008,,1,1.0,0.0,55326.879
2026-08-30T15:22:07.337Z,66.568078,-145.265584,461.61,7.63,555.35,72.82,56.6,-0.93,-0.03,3.93,3.96,3.97,0.89,1.0,0.993,1.005,1.001,1.282,3,1.0,0.0,55327.867
2026-08-30T15:22:08.322Z,66.568084,-145.26554,461.63,7.64,555.37,72.76,56.54,-1.02,-0.07,4.31,4.35,4.36,1.23,1.0,1.001,1.001,1.001,,1,1.0,0.0,55328.848
2026-08-30T15:22:09.328Z,66.56809,-145.265491,461.66,7.64,555.4,72.75,56.53,-0.99,-0.07,4.69,4.73,4.75,1.71,1.0,0.998,1.004,1.001,0.767,3,1.0,0.0,55329.848
2026-08-30T15:22:10.325Z,66.568096,-145.265437,461.7,7.65,555.43,72.79,56.58,-1.04,-0.14,5.1,5.13,5.13,2.1,1.0,0.996,1.003,1.0,0.944,3,1.0,0.0,55330.848
2026-08-30T15:22:11.294Z,66.568103,-145.265381,461.72,7.62,555.46,72.88,56.67,-1.1,-0.12,5.46,5.47,5.5,2.36,1.0,0.997,0.997,0.997,,1,1.0,0.0,55331.832
2026-08-30T15:22:12.317Z,66.568111,-145.265319,461.8,7.64,555.5,72.89,56.64,-0.95,-0.14,5.77,5.73,5.71,3.67,1.0,0.997,1.004,1.001,0.748,3,1.0,0.0,55332.848
2026-08-30T15:22:13.296Z,66.568119,-145.265256,461.83,7.64,555.54,71.03,54.7,-1.33,-0.16,5.75,5.65,5.63,2.98,1.0,0.986,1.016,0.999,1.414,3,1.0,0.0,55333.84
2026-08-30T15:22:14.290Z,66.568128,-145.265196,461.91,7.63,555.6,67.93,51.52,-1.14,-0.2,5.46,5.34,5.34,4.61,1.0,0.993,0.993,0.993,,1,1.0,0.0,55334.82
2026-08-30T15:22:15.336Z,66.568139,-145.265138,462.01,7.65,555.69,64.49,48.21,-1.18,-0.22,5.14,5.01,5.01,4.28,1.0,1.005,1.005,1.005,,1,1.0,0.0,55335.867
2026-08-30T15:22:16.317Z,66.568149,-145.265088,462.09,7.63,555.77,62.11,45.85,-1.13,-0.23,4.78,4.63,4.63,5.12,1.0,1.002,1.002,1.002,,1,1.0,0.0,55336.848
2026-08-30T15:22:17.294Z,66.568159,-145.265042,462.21,7.63,555.85,60.15,43.76,-1.16,-0.12,4.32,4.14,4.08,6.98,1.0,0.994,1.02,1.004,1.092,3,1.0,0.0,55337.816
2026-08-30T15:22:18.271Z,66.568169,-145.265004,462.3,7.64,555.96,55.33,38.97,-1.59,-0.21,3.84,3.72,3.68,6.53,1.0,0.996,1.004,0.999,0.666,3,1.0,0.0,55338.785
2026-08-30T15:22:19.235Z,66.568178,-145.264972,462.39,7.64,556.06,53.8,37.57,-1.3,-0.12,3.38,3.23,3.22,5.86,1.0,1.0,1.0,1.0,,1,1.0,0.0,55339.754
2026-08-30T15:22:20.225Z,66.568187,-145.264942,462.46,7.62,556.15,54.78,38.65,-1.47,-0.15,2.93,2.79,2.75,5.48,1.0,0.998,1.001,0.999,0.401,3,1.0,0.0,55340.742
2026-08-30T15:22:21.186Z,66.568193,-145.264917,462.54,7.64,556.23,57.66,41.59,-1.47,-0.22,2.42,2.27,2.24,4.13,1.0,0.993,1.001,0.998,0.828,3,1.0,0.0,55341.707
2026-08-30T15:22:22.321Z,66.568199,-145.264893,462.62,7.63,556.32,61.24,45.02,-1.24,-0.26,1.79,1.65,1.64,3.75,1.0,0.999,1.0,1.0,0.533,2,1.0,0.0,55342.836
2026-08-30T15:22:23.292Z,66.568202,-145.264877,462.66,7.65,556.37,60.79,44.54,-1.38,-0.27,1.25,1.12,1.08,3.02,1.0,0.996,1.0,0.999,0.848,3,1.0,0.0,55343.801
2026-08-30T15:22:24.220Z,66.568204,-145.264868,462.69,7.63,556.41,59.76,43.51,-1.39,-0.34,0.69,0.56,0.53,1.93,1.0,1.004,1.004,1.004,,1,1.0,0.0,55344.723
2026-08-30T15:22:25.203Z,66.568205,-145.264865,462.7,7.64,556.44,59.21,42.99,-1.35,-0.34,0.06,0.0,0.03,0.84,1.0,1.0,1.0,1.0,,1,1.0,0.0,55345.699
2026-08-30T15:22:26.152Z,66.568205,-145.264865,462.7,7.65,556.45,59.21,43.0,-1.59,-0.33,0.02,0.03,0.02,0.34,1.0,1.0,1.0,1.0,0.015,3,1.0,0.0,55346.641
2026-08-30T15:22:27.261Z,66.568205,-145.264865,462.7,7.65,556.46,59.21,43.0,-1.54,-0.33,0.0,0.0,0.01,0.06,1.0,1.0,1.0,1.0,0.004,2,1.0,0.0,55347.75
2026-08-30T15:22:28.212Z,66.568205,-145.264865,462.7,7.65,556.46,59.21,42.99,-1.51,-0.29,0.0,0.0,0.01,-0.01,1.0,0.999,1.0,1.0,0.018,3,1.0,0.0,55348.695
2026-08-30T15:22:29.290Z,66.568205,-145.264865,462.7,7.65,556.46,59.21,42.99,-1.51,-0.31,0.01,0.01,0.01,0.01,1.0,0.999,1.0,1.0,0.025,2,1.0,0.0,55349.754
2026-08-30T15:22:30.192Z,66.568205,-145.264865,462.7,7.65,556.46,59.21,42.99,-1.51,-0.25,0.0,0.0,0.01,-0.04,1.0,1.0,1.0,1.0,0.002,3,1.0,0.0,55350.645
2026-08-30T15:22:31.206Z,66.568205,-145.264865,462.7,7.65,556.46,59.21,42.99,-1.54,-0.28,0.01,0.01,0.01,0.01,1.0,0.999,1.0,1.0,0.034,2,1.0,0.0,55351.637
2026-08-30T15:22:32.296Z,66.568205,-145.264865,462.7,7.65,556.46,59.21,42.99,-1.52,-0.29,0.0,0.0,0.01,-0.02,1.0,0.999,1.0,1.0,0.018,4,1.0,0.0,55352.715
2026-08-30T15:22:33.265Z,66.568205,-145.264865,462.7,7.65,556.46,59.21,42.99,-1.51,-0.31,0.0,0.0,0.0,-0.03,1.0,0.999,1.0,1.0,0.013,2,1.0,0.0,55353.68
2026-08-30T15:22:34.322Z,66.568205,-145.264865,462.7,7.65,556.46,59.21,42.99,-1.52,-0.29,0.0,0.0,0.0,-0.06,1.0,0.999,1.0,1.0,0.028,4,1.0,0.0,55354.75
2026-08-30T15:22:35.390Z,66.568205,-145.264865,462.7,7.65,556.46,59.21,42.99,-1.51,-0.33,0.0,0.0,0.0,-0.03,1.0,1.0,1.0,1.0,,1,1.0,0.0,55355.789
2026-08-30T15:22:36.233Z,66.568205,-145.264865,462.7,7.65,556.46,59.21,42.99,-1.5,-0.37,0.0,0.0,0.02,-0.06,1.0,0.999,1.0,1.0,0.003,3,1.0,0.0,55356.617
2026-08-30T15:22:37.260Z,66.568205,-145.264865,462.7,7.65,556.46,59.21,42.99,-1.53,-0.33,0.0,0.0,0.0,-0.04,1.0,0.999,1.0,1.0,0.016,4,1.0,0.0,55357.637
2026-08-30T15:22:38.155Z,66.568205,-145.264865,462.7,7.65,556.46,59.21,42.99,-1.48,-0.35,0.01,0.0,0.01,-0.03,1.0,0.999,1.0,0.999,0.012,2,1.0,0.0,55358.527
2026-08-30T15:22:39.173Z,66.568205,-145.264865,462.7,7.65,556.46,59.21,42.99,-1.5,-0.32,0.0,0.0,0.01,-0.07,1.0,1.0,1.0,1.0,0.011,4,1.0,0.0,55359.531
2026-08-30T15:22:40.194Z,66.568205,-145.264865,462.7,7.65,556.46,59.21,42.99,-1.53,-0.28,0.0,0.01,0.01,-0.03,1.0,0.999,1.0,1.0,0.019,4,1.0,0.0,55360.578
2026-08-30T15:22:41.268Z,66.568205,-145.264865,462.7,7.65,556.46,59.21,43.0,-1.5,-0.42,0.0,0.0,0.02,-0.06,1.0,0.999,1.0,1.0,0.02,3,1.0,0.0,55361.617
2026-08-30T15:22:42.264Z,66.568205,-145.264865,462.7,7.65,556.46,59.21,42.99,-1.47,-0.3,0.01,0.0,0.01,-0.08,1.0,1.0,1.0,1.0,0.007,4,1.0,0.0,55362.605
2026-08-30T15:22:43.305Z,66.568205,-145.264865,462.7,7.65,556.46,59.21,43.0,-1.52,-0.37,0.0,0.01,0.0,-0.04,1.0,1.0,1.0,1.0,0.015,3,1.0,0.0,55363.652
2026-08-30T15:22:44.292Z,66.568205,-145.264865,462.7,7.65,556.46,59.21,42.99,-1.48,-0.39,0.01,0.0,0.0,-0.04,1.0,1.0,1.0,1.0,0.021,4,1.0,0.0,55364.641
2026-08-30T15:22:45.251Z,66.568205,-145.264865,462.7,7.65,556.46,59.21,42.99,-1.51,-0.3,0.01,0.01,0.01,-0.03,1.0,1.0,1.0,1.0,,1,1.0,0.0,55365.598
2026-08-30T15:22:46.251Z,66.568205,-145.264865,462.7,7.65,556.46,59.21,43.0,-1.55,-0.37,0.0,0.01,0.01,0.02,1.0,0.999,1.0,1.0,0.009,4,1.0,0.0,55366.605
2026-08-30T15:22:47.254Z,66.568205,-145.264865,462.7,7.65,556.46,59.21,43.0,-1.49,-0.35,0.0,0.0,0.01,-0.02,1.0,0.999,1.0,1.0,0.011,4,1.0,0.0,55367.652
2026-08-30T15:22:48.257Z,66.568205,-145.264865,462.7,7.65,556.46,59.21,42.99,-1.49,-0.34,0.01,0.0,0.0,-0.01,1.0,1.0,1.0,1.0,,1,1.0,0.0,55368.695
2026-08-30T15:22:49.141Z,66.568205,-145.264865,462.7,7.65,556.46,59.21,43.0,-1.53,-0.37,0.0,0.0,0.01,-0.03,1.0,0.999,1.0,1.0,0.017,3,1.0,0.0,55369.504
2026-08-30T15:22:50.144Z,66.568205,-145.264865,462.7,7.65,556.46,59.21,42.99,-1.51,-0.28,0.01,0.01,0.01,-0.0,1.0,0.999,1.0,1.0,0.016,4,1.0,0.0,55370.512
2026-08-30T15:22:51.216Z,66.568205,-145.264865,462.7,7.65,556.46,59.21,42.99,-1.5,-0.28,0.0,0.0,0.01,-0.04,1.0,0.999,1.0,1.0,0.023,3,1.0,0.0,55371.574
2026-08-30T15:22:52.223Z,66.568205,-145.264865,462.7,7.65,556.46,59.21,42.99,-1.48,-0.34,0.0,0.0,0.01,-0.05,1.0,1.0,1.0,1.0,0.009,4,1.0,0.0,55372.707
2026-08-30T15:22:53.288Z,66.568205,-145.264865,462.7,7.65,556.46,59.21,43.0,-1.47,-0.37,0.01,0.0,0.0,-0.03,1.0,0.999,0.999,0.999,0.02,2,1.0,0.0,55373.801
2026-08-30T15:22:54.268Z,66.568205,-145.264865,462.7,7.65,556.46,59.21,42.99,-1.5,-0.33,0.0,0.0,0.0,-0.02,1.0,0.999,1.0,1.0,0.014,3,1.0,0.0,55374.75
2026-08-30T15:22:55.437Z,66.568205,-145.264865,462.7,7.65,556.46,59.21,42.99,-1.53,-0.3,0.01,0.01,0.01,0.01,1.0,1.0,1.0,1.0,,1,1.0,0.0,55375.824
2026-08-30T15:22:56.274Z,66.568205,-145.264865,462.7,7.65,556.46,59.21,42.99,-1.53,-0.32,0.0,0.0,0.01,0.01,1.0,0.999,1.0,1.0,0.015,3,1.0,0.0,55376.828
2026-08-30T15:22:57.137Z,66.568205,-145.264865,462.7,7.65,556.46,59.21,42.99,-1.46,-0.38,0.0,0.0,0.01,-0.06,1.0,1.0,1.0,1.0,,1,1.0,0.0,55377.527
2026-08-30T15:22:58.164Z,66.568205,-145.264865,462.7,7.65,556.46,59.21,42.99,-1.51,-0.33,0.01,0.01,0.01,-0.02,1.0,1.0,1.0,1.0,0.012,4,1.0,0.0,55378.543
2026-08-30T15:22:59.188Z,66.568205,-145.264865,462.7,7.65,556.46,59.21,43.0,-1.52,-0.37,0.01,0.01,0.0,-0.01,1.0,0.999,1.0,1.0,0.021,4,1.0,0.0,55379.555
2026-08-30T15:23:00.219Z,66.568205,-145.264865,462.7,7.65,556.46,59.21,42.99,-1.48,-0.34,0.0,0.0,0.01,-0.07,1.0,0.999,1.0,1.0,0.029,3,1.0,0.0,55380.562
2026-08-30T15:23:01.200Z,66.568205,-145.264866,462.7,7.65,556.46,59.21,42.99,-1.5,-0.33,0.01,0.01,0.0,-0.04,1.0,1.0,1.0,1.0,0.007,4,1.0,0.0,55381.551
2026-08-30T15:23:02.240Z,66.568205,-145.264865,462.7,7.65,556.46,59.21,43.0,-1.48,-0.39,0.0,0.0,0.01,-0.02,1.0,0.999,1.0,1.0,0.021,3,1.0,0.0,55382.605
2026-08-30T15:23:03.258Z,66.568205,-145.264865,462.7,7.65,556.46,59.21,42.99,-1.44,-0.37,0.01,0.0,0.01,-0.06,1.0,0.999,1.0,1.0,0.029,4,1.0,0.0,55383.609
2026-08-30T15:23:04.297Z,66.568205,-145.264866,462.7,7.65,556.46,59.21,42.99,-1.53,-0.31,0.01,0.02,0.01,-0.0,1.0,1.0,1.0,1.0,0.006,3,1.0,0.0,55384.66
2026-08-30T15:23:05.301Z,66.568205,-145.264866,462.7,7.65,556.46,59.21,42.99,-1.52,-0.34,0.0,0.01,0.0,-0.01,1.0,1.0,1.0,1.0,0.009,2,1.0,0.0,55385.781
2026-08-30T15:23:06.178Z,66.568205,-145.264866,462.7,7.65,556.46,59.21,42.99,-1.46,-0.39,0.0,0.0,0.01,-0.07,1.0,1.0,1.0,1.0,,1,1.0,0.0,55386.672
2026-08-30T15:23:07.328Z,66.568205,-145.264866,462.7,7.65,556.46,59.21,42.99,-1.48,-0.35,0.01,0.0,0.0,-0.07,1.0,1.0,1.0,1.0,0.006,4,1.0,0.0,55387.828
2026-08-30T15:23:08.255Z,66.568205,-145.264866,462.7,7.65,556.46,59.21,42.99,-1.5,-0.35,0.0,0.0,0.0,-0.05,1.0,1.0,1.0,1.0,,1,1.0,0.0,55388.738
2026-08-30T15:23:09.191Z,66.568205,-145.264866,462.7,7.65,556.46,59.21,43.0,-1.47,-0.38,0.0,0.0,0.0,-0.06,1.0,1.0,1.0,1.0,0.014,3,1.0,0.0,55389.68
2026-08-30T15:23:10.155Z,66.568205,-145.264866,462.7,7.64,556.46,59.21,42.99,-1.48,-0.36,0.01,0.01,0.0,-0.04,1.0,1.0,1.0,1.0,0.006,3,1.0,0.0,55390.648
2026-08-30T15:23:11.277Z,66.568205,-145.264866,462.7,7.64,556.46,59.21,42.99,-1.5,-0.35,0.0,0.01,0.01,-0.02,1.0,1.0,1.0,1.0,0.009,2,1.0,0.0,55391.766
2026-08-30T15:23:12.224Z,66.568205,-145.264866,462.7,7.63,556.46,59.21,42.99,-1.44,-0.28,0.0,0.0,0.01,-0.05,1.0,0.999,1.0,1.0,0.019,3,1.0,0.0,55392.707
2026-08-30T15:23:13.314Z,66.568205,-145.264866,462.7,7.64,556.46,59.21,42.99,-1.5,-0.35,0.0,0.01,0.01,-0.05,1.0,1.0,1.0,1.0,0.008,2,1.0,0.0,55393.809
2026-08-30T15:23:14.262Z,66.568205,-145.264866,462.7,7.64,556.46,59.21,42.99,-1.49,-0.31,0.0,0.0,0.0,-0.04,1.0,0.999,1.0,1.0,0.02,3,1.0,0.0,55394.75
2026-08-30T15:23:15.591Z,66.568205,-145.264866,462.7,7.64,556.46,59.21,42.99,-1.47,-0.41,0.0,0.0,0.01,-0.08,1.0,1.0,1.0,1.0,,1,1.0,0.0,55396.09
2026-08-30T15:23:16.158Z,66.568205,-145.264866,462.7,7.64,556.46,59.21,42.99,-1.49,-0.38,0.0,0.0,0.0,-0.08,1.0,1.0,1.0,1.0,,1,1.0,0.0,55396.672
2026-08-30T15:23:17.334Z,66.568205,-145.264866,462.7,7.63,556.46,59.21,42.99,-1.5,-0.42,0.0,0.0,0.0,-0.04,1.0,0.999,1.0,1.0,0.011,4,1.0,0.0,55397.855
2026-08-30T15:23:18.295Z,66.568205,-145.264866,462.7,7.63,556.46,59.21,42.99,-1.45,-0.41,0.0,0.0,0.01,-0.07,1.0,0.999,0.999,0.999,,1,1.0,0.0,55398.824
2026-08-30T15:23:19.299Z,66.568205,-145.264866,462.7,7.64,556.46,59.21,42.99,-1.49,-0.38,0.01,0.01,0.0,-0.07,1.0,1.0,1.0,1.0,0.011,3,1.0,0.0,55399.793
2026-08-30T15:23:20.249Z,66.568205,-145.264866,462.7,7.63,556.46,59.21,42.99,-1.45,-0.37,0.01,0.02,0.01,-0.0,1.0,0.999,1.0,1.0,0.02,3,1.0,0.0,55400.758
2026-08-30T15:23:21.182Z,66.568205,-145.264866,462.69,7.63,556.46,59.21,42.99,-1.34,-0.37,0.0,0.0,0.01,-0.07,1.0,0.999,0.999,0.999,,1,1.0,0.0,55401.676
2026-08-30T15:23:22.319Z,66.568205,-145.264866,462.7,7.63,556.46,59.21,42.99,-1.36,-0.39,0.01,0.01,0.01,-0.09,1.0,1.0,1.0,1.0,0.011,4,1.0,0.0,55402.828
2026-08-30T15:23:23.236Z,66.568205,-145.264866,462.69,7.63,556.46,59.21,42.99,-1.36,-0.36,0.01,0.01,0.01,-0.07,1.0,1.0,1.0,1.0,,1,1.0,0.0,55403.738
2026-08-30T15:23:24.209Z,66.568205,-145.264866,462.69,7.63,556.46,59.21,42.99,-1.33,-0.39,0.0,0.0,0.01,-0.08,1.0,0.999,1.0,1.0,0.013,3,1.0,0.0,55404.703
2026-08-30T15:23:25.180Z,66.568205,-145.264866,462.69,7.63,556.46,59.21,42.99,-1.37,-0.43,0.0,0.01,0.01,-0.06,1.0,1.0,1.0,1.0,,1,1.0,0.0,55405.668
2026-08-30T15:23:26.282Z,66.568205,-145.264866,462.69,7.63,556.46,59.21,42.99,-1.35,-0.37,0.0,0.0,0.01,-0.03,1.0,1.0,1.0,1.0,0.003,2,1.0,0.0,55406.781
2026-08-30T15:23:27.230Z,66.568205,-145.264866,462.69,7.63,556.46,59.21,42.99,-1.29,-0.35,0.0,0.0,0.01,-0.08,1.0,0.999,1.0,1.0,0.017,3,1.0,0.0,55407.734
2026-08-30T15:23:28.325Z,66.568205,-145.264866,462.69,7.63,556.46,59.21,42.99,-1.34,-0.42,0.01,0.01,0.01,-0.06,1.0,1.0,1.0,1.0,0.003,2,1.0,0.0,55408.816
2026-08-30T15:23:29.291Z,66.568205,-145.264866,462.69,7.63,556.46,59.21,42.99,-1.35,-0.44,0.0,0.01,0.01,-0.02,1.0,1.0,1.0,1.0,0.009,3,1.0,0.0,55409.781
2026-08-30T15:23:30.193Z,66.568205,-145.264866,462.69,7.63,556.46,59.21,42.99,-1.27,-0.37,0.0,0.0,0.01,-0.08,1.0,1.0,1.0,1.0,,1,1.0,0.0,55410.688
2026-08-30T15:23:31.346Z,66.568205,-145.264866,462.69,7.63,556.46,59.21,42.99,-1.28,-0.36,0.0,0.01,0.01,-0.06,1.0,1.0,1.0,1.0,0.003,4,1.0,0.0,55411.828
2026-08-30T15:23:32.240Z,66.568205,-145.264866,462.69,7.63,556.46,59.21,42.99,-1.25,-0.36,0.0,0.0,0.0,-0.06,1.0,1.0,1.0,1.0,,1,1.0,0.0,55412.73
2026-08-30T15:23:33.178Z,66.568205,-145.264866,462.69,7.63,556.46,59.21,42.99,-1.21,-0.37,0.01,0.01,0.01,-0.03,1.0,1.0,1.0,1.0,0.014,3,1.0,0.0,55413.664
2026-08-30T15:23:34.317Z,66.568205,-145.264865,462.7,7.65,556.46,59.15,42.94,-1.39,-0.42,0.44,0.55,0.57,0.37,1.0,0.998,1.001,1.0,0.065,4,1.0,0.0,55414.809
2026-08-30T15:23:35.637Z,66.568208,-145.264854,462.74,7.66,556.47,59.06,42.84,-1.35,-0.34,1.32,1.49,1.52,1.84,1.0,1.002,1.002,1.002,,1,1.0,0.0,55416.148
2026-08-30T15:23:36.221Z,66.56821,-145.264846,462.76,7.64,556.49,58.9,42.68,-1.38,-0.31,1.9,2.14,2.19,1.96,1.0,0.999,0.999,0.999,,1,1.0,0.0,55416.723
2026-08-30T15:23:37.195Z,66.568215,-145.264822,462.82,7.64,556.53,58.46,42.23,-1.2,-0.27,3.29,3.62,3.7,3.9,1.0,0.999,1.001,1.0,0.252,3,1.0,0.0,55417.711
2026-08-30T15:23:38.163Z,66.568225,-145.264783,462.92,7.65,556.59,57.9,41.66,-1.17,-0.13,5.29,5.7,5.8,4.92,1.0,1.01,1.01,1.01,,1,1.0,0.0,55418.703
2026-08-30T15:23:39.174Z,66.56824,-145.264721,463.03,7.65,556.69,58.05,41.84,-1.11,-0.05,7.8,8.3,8.41,5.63,1.0,0.992,1.006,1.0,0.817,3,1.0,0.0,55419.734
2026-08-30T15:23:40.187Z,66.568262,-145.264632,463.11,7.64,556.79,57.99,41.78,-1.12,-0.0,10.54,11.04,11.17,6.44,1.0,0.99,1.01,0.998,1.412,3,1.0,0.0,55420.703
2026-08-30T15:23:41.162Z,66.568289,-145.264519,463.23,7.62,556.89,58.94,42.76,-1.08,-0.07,13.45,13.95,14.08,6.12,1.0,0.993,0.993,0.993,,1,1.0,0.0,55421.691
2026-08-30T15:23:42.174Z,66.568324,-145.264372,463.35,7.63,557.0,59.67,43.46,-1.12,-0.04,16.57,17.05,17.18,6.36,1.0,0.995,1.001,0.997,0.661,3,1.0,0.0,55422.691
2026-08-30T15:23:43.157Z,66.568365,-145.264197,463.41,7.65,557.1,59.1,42.89,-1.05,0.11,19.64,20.11,20.24,4.05,1.0,0.981,1.001,0.993,1.283,3,1.0,0.0,55423.656
2026-08-30T15:23:44.258Z,66.56842,-145.263964,463.41,7.65,557.15,59.96,43.77,-0.93,0.26,23.21,23.65,23.79,-1.4,1.0,0.987,1.013,1.0,2.033,2,1.0,0.0,55424.758
2026-08-30T15:23:45.271Z,66.568476,-145.263717,463.28,7.65,557.11,61.19,45.0,-0.96,0.21,26.55,26.98,27.11,-5.67,1.0,0.985,0.985,0.985,,1,1.0,0.0,55425.785
2026-08-30T15:23:46.234Z,66.568535,-145.263444,463.08,7.67,556.99,61.24,45.02,-0.9,0.36,29.83,30.23,30.36,-12.99,1.0,1.01,1.01,1.01,,1,1.0,0.0,55426.762
2026-08-30T15:23:47.230Z,66.568604,-145.263126,462.72,7.65,556.75,61.7,45.5,-0.95,0.29,33.15,33.5,33.64,-19.0,1.0,0.992,1.007,0.998,1.808,3,1.0,0.0,55427.73
2026-08-30T15:23:48.182Z,66.568675,-145.262793,462.39,7.67,556.45,61.86,45.66,-1.08,0.15,36.36,36.68,36.82,-19.21,1.0,0.988,1.01,1.0,1.876,3,1.0,0.0,55428.676
2026-08-30T15:23:49.295Z,66.568766,-145.26236,462.22,7.68,556.15,62.18,45.96,-1.3,-0.24,40.07,40.32,40.46,-6.82,1.0,1.004,1.009,1.007,1.869,2,1.0,0.0,55429.789
2026-08-30T15:23:50.225Z,66.568849,-145.261969,462.31,7.68,556.08,61.71,45.48,-1.42,-0.33,43.05,43.24,43.38,2.27,1.0,0.999,1.002,1.0,1.965,3,1.0,0.0,55430.715
2026-08-30T15:23:51.323Z,66.568955,-145.261476,462.47,7.66,556.15,61.06,44.82,-1.4,-0.36,46.49,46.64,46.76,5.0,1.0,0.983,0.989,0.986,0.052,2,1.0,0.0,55431.812
2026-08-30T15:23:52.277Z,66.569057,-145.261018,462.48,7.66,556.22,60.55,44.32,-1.35,-0.25,49.41,49.51,49.63,-1.22,1.0,0.982,0.994,0.989,1.24,3,1.0,0.0,55432.754
2026-08-30T15:23:53.158Z,66.569158,-145.26057,462.25,7.7,556.16,60.09,43.86,-1.31,-0.25,52.1,52.17,52.29,-12.89,1.0,0.985,0.985,0.985,,1,1.0,0.0,55433.652
2026-08-30T15:23:54.324Z,66.569301,-145.259953,461.66,7.7,555.81,59.54,43.31,-1.35,-0.38,55.59,55.59,55.73,-27.2,1.0,0.983,1.004,0.99,1.696,4,1.0,0.0,55434.809
2026-08-30T15:23:55.647Z,66.569476,-145.259197,461.46,7.69,555.36,60.19,43.97,-1.7,-0.52,59.32,59.22,59.35,0.69,1.0,1.01,1.01,1.01,,1,1.0,0.0,55436.152
2026-08-30T15:23:56.216Z,66.569554,-145.258856,461.74,7.72,555.37,60.11,43.9,-1.86,-0.56,60.83,60.71,60.83,17.2,1.0,1.006,1.006,1.006,,1,1.0,0.0,55436.711
2026-08-30T15:23:57.175Z,66.569689,-145.258266,462.47,7.72,555.73,60.02,43.8,-1.93,-0.47,63.22,63.06,63.17,34.23,1.0,0.996,1.013,1.005,2.01,3,1.0,0.0,55437.648
2026-08-30T15:23:58.252Z,66.569849,-145.257571,462.96,7.73,556.31,60.05,43.84,-1.71,-0.34,65.98,65.79,65.92,19.36,1.0,0.972,0.975,0.974,1.302,2,1.0,0.0,55438.727
2026-08-30T15:23:59.175Z,66.569991,-145.256952,462.97,7.71,556.56,59.91,43.69,-1.71,-0.22,68.36,68.11,68.25,10.71,1.0,0.992,1.003,0.996,2.063,3,1.0,0.0,55439.652
2026-08-30T15:24:00.239Z,66.570161,-145.256217,463.43,7.73,556.82,59.73,43.51,-1.95,-0.15,70.94,70.65,70.75,32.39,1.0,1.004,1.017,1.01,2.368,2,1.0,0.0,55440.707
2026-08-30T15:24:01.154Z,66.570313,-145.255563,464.51,7.76,557.42,59.74,43.52,-2.24,-0.3,73.0,72.66,72.76,61.26,1.0,1.005,1.039,1.019,2.843,3,1.0,0.0,55441.621
2026-08-30T15:24:02.266Z,66.570503,-145.254746,466.05,7.77,558.66,59.67,43.46,-2.23,0.2,75.43,75.06,75.2,65.85,1.0,0.972,1.004,0.99,2.995,4,1.0,0.0,55442.73
2026-08-30T15:24:03.317Z,66.570688,-145.253948,466.54,7.85,559.66,59.84,43.62,-3.57,0.42,77.73,77.32,77.61,32.82,1.0,0.952,0.974,0.963,0.726,2,1.0,0.0,55443.781
2026-08-30T15:24:04.247Z,66.570857,-145.253219,466.8,7.95,560.14,60.07,43.86,-5.44,0.34,79.64,79.18,79.63,28.63,1.0,0.989,1.002,0.994,0.631,3,1.0,0.0,55444.715
2026-08-30T15:24:05.167Z,66.571026,-145.252477,467.64,8.09,560.67,60.35,44.15,-6.56,0.09,81.38,80.87,81.38,56.16,0.0,1.01,1.01,1.01,,1,1.0,0.0,55445.629
2026-08-30T15:24:06.212Z,66.571222,-145.251619,469.87,9.72,561.96,60.33,44.1,-6.95,-0.45,83.19,82.6,83.05,124.83,0.0,1.029,1.029,1.029,0.033,2,1.0,0.0,55446.68
2026-08-30T15:24:07.331Z,66.571437,-145.25068,473.97,14.39,564.39,59.84,43.62,-7.63,-0.49,84.71,84.03,84.47,210.98,0.0,1.026,1.026,1.026,0.03,4,1.0,0.0,55447.793
2026-08-30T15:24:08.180Z,66.571603,-145.249954,478.32,19.21,566.87,59.89,43.68,-8.28,-0.53,85.63,84.89,85.3,285.0,0.0,1.032,1.032,1.032,,1,1.0,0.0,55448.645
2026-08-30T15:24:09.291Z,66.571823,-145.248992,485.86,26.19,572.8,60.09,43.87,-8.98,-0.8,86.5,85.7,86.05,390.33,0.0,1.033,1.035,1.034,0.053,4,1.0,0.0,55449.758
2026-08-30T15:24:10.219Z,66.572007,-145.248187,493.57,33.66,579.11,60.21,43.99,-9.49,-1.09,86.96,86.11,86.42,474.96,0.0,1.027,1.029,1.028,0.082,3,1.0,0.0,55450.707
2026-08-30T15:24:11.301Z,66.572221,-145.247241,503.93,44.43,588.59,60.37,44.15,-9.82,-1.37,87.24,86.38,86.6,555.4,0.0,1.016,1.018,1.017,0.076,2,1.0,0.0,55451.77
2026-08-30T15:24:12.232Z,66.572403,-145.246435,513.4,53.36,597.7,60.51,44.29,-9.75,-1.6,87.39,86.52,86.74,593.27,0.0,0.989,1.001,0.994,0.017,3,1.0,0.0,55452.711
2026-08-30T15:24:13.322Z,66.572618,-145.245472,524.77,62.97,608.73,60.65,44.44,-9.94,-1.79,87.48,86.61,86.82,618.27,0.0,0.992,0.994,0.993,0.013,2,1.0,0.0,55453.793
2026-08-30T15:24:14.250Z,66.5728,-145.244649,534.8,72.18,618.47,60.88,44.66,-10.03,-1.94,87.48,86.61,86.8,637.93,0.0,0.995,0.996,0.995,0.023,3,1.0,0.0,55454.746
2026-08-30T15:24:15.565Z,66.573053,-145.24349,549.22,85.5,632.58,61.25,45.04,-10.17,-2.13,87.49,86.64,86.82,660.12,0.0,0.993,0.993,0.993,,1,1.0,0.0,55456.078
2026-08-30T15:24:16.347Z,66.573202,-145.242798,558.05,93.19,643.41,61.52,45.31,-10.28,-2.24,87.49,86.63,86.81,673.96,0.0,0.994,0.994,0.994,0.011,2,1.0,0.0,55456.844
2026-08-30T15:24:17.252Z,66.573376,-145.241984,568.67,102.44,653.48,61.87,45.66,-10.37,-2.38,87.42,86.57,86.73,690.71,0.0,0.994,0.994,0.994,,1,1.0,0.0,55457.766
2026-08-30T15:24:18.221Z,66.573554,-145.241133,579.97,113.68,663.83,62.25,46.04,-10.46,-2.58,87.29,86.43,86.57,704.13,0.0,0.991,0.992,0.992,0.032,3,1.0,0.0,55458.703
2026-08-30T15:24:19.159Z,66.573729,-145.240288,591.22,124.98,674.18,62.67,46.47,-11.01,-2.57,87.02,86.12,86.38,712.94,0.0,0.984,0.99,0.987,0.163,3,1.0,0.0,55459.656
2026-08-30T15:24:20.276Z,66.573931,-145.239292,605.6,138.61,688.17,63.45,47.24,-12.11,-1.82,86.45,85.57,85.65,786.9,0.0,1.046,1.05,1.048,0.208,2,1.0,0.0,55460.758
2026-08-30T15:24:21.219Z,66.574099,-145.238454,619.45,152.44,701.28,63.38,47.15,-11.49,-1.45,86.04,85.23,85.12,850.86,0.0,1.019,1.029,1.024,0.249,3,1.0,0.0,55461.688
2026-08-30T15:24:22.370Z,66.574301,-145.237429,635.72,169.73,717.5,63.35,47.13,-12.05,-1.57,85.28,84.48,84.62,833.0,0.0,0.943,0.966,0.955,0.449,2,1.0,0.0,55462.852
2026-08-30T15:24:23.324Z,66.574464,-145.236594,649.04,183.14,729.9,63.38,47.16,-11.96,-1.57,84.62,83.84,83.77,847.1,0.0,1.001,1.004,1.002,0.171,3,1.0,0.0,55463.793
2026-08-30T15:24:24.195Z,66.574613,-145.235833,661.15,194.58,741.86,63.85,47.65,-11.34,-1.37,84.02,83.26,83.37,821.34,0.0,0.936,0.936,0.936,,1,1.0,0.0,55464.664
2026-08-30T15:24:25.308Z,66.574801,-145.234858,675.35,208.48,756.75,64.29,48.07,-11.24,-1.04,83.62,82.96,83.11,770.37,0.0,0.956,0.959,0.957,0.085,2,1.0,0.0,55465.777
2026-08-30T15:24:26.242Z,66.574956,-145.234049,686.23,219.11,768.44,64.14,47.92,-10.7,-1.3,83.54,82.92,83.18,708.5,0.0,0.95,0.952,0.951,0.056,3,1.0,0.0,55466.707
2026-08-30T15:24:27.288Z,66.575129,-145.233132,697.18,229.04,779.68,64.08,47.86,-10.21,-1.43,83.58,83.01,83.31,640.61,0.0,0.954,0.954,0.954,0.062,2,1.0,0.0,55467.758
2026-08-30T15:24:28.208Z,66.57528,-145.232331,705.81,236.41,789.19,64.04,47.83,-10.42,-1.32,83.66,83.07,83.54,586.66,0.0,0.951,0.953,0.952,0.082,3,1.0,0.0,55468.668
2026-08-30T15:24:29.331Z,,-145.231371,717.85,248.19,802.64,64.61,48.4,-10.43,-1.43,83.89,83.37,83.62,596.35,0.0,0.991,1.017,1.008,0.463,4,1.0,0.0,55469.938
2026-08-30T15:24:30.343Z,66.575632,-145.230449,726.68,257.57,811.63,64.84,48.62,-10.48,-0.77,83.98,83.42,83.82,585.91,0.0,0.961,0.961,0.961,,1,1.0,0.0,55470.812
2026-08-30T15:24:31.264Z,66.575782,-145.229638,735.65,266.94,820.31,64.86,48.61,-11.3,0.73,83.97,83.43,83.8,603.78,0.0,0.987,1.014,1.001,0.244,3,1.0,0.0,55471.734
2026-08-30T15:24:32.181Z,66.575934,-145.228825,745.89,277.25,829.55,63.53,47.27,-11.57,2.11,83.74,83.19,83.56,656.6,0.0,1.013,1.022,1.018,0.235,3,1.0,0.0,55472.652
2026-08-30T15:24:33.239Z,66.57611,-145.227896,758.42,289.81,840.98,62.18,45.91,-11.64,4.16,83.65,83.14,83.44,696.3,0.0,1.005,1.008,1.007,0.043,2,1.0,0.0,55473.703
2026-08-30T15:24:34.158Z,66.576268,-145.227106,769.66,301.09,851.71,60.11,43.83,-11.5,6.0,83.66,83.28,83.44,734.92,0.0,1.001,1.003,1.002,0.138,3,1.0,0.0,55474.613
2026-08-30T15:24:35.247Z,66.576467,-145.226175,783.49,315.6,865.31,58.09,41.81,-11.41,6.24,83.67,83.14,83.49,738.28,0.0,0.939,0.946,0.943,0.364,2,1.0,0.0,55475.707
2026-08-30T15:24:36.286Z,66.576668,-145.225305,796.08,330.53,878.14,56.24,39.96,-10.65,6.21,83.52,83.08,83.34,723.44,0.0,0.973,0.988,0.981,0.486,2,1.0,0.0,55476.738
2026-08-30T15:24:37.202Z,66.576855,-145.224548,806.41,343.19,889.06,53.92,37.63,-10.86,4.73,83.43,83.05,83.47,687.51,0.0,0.943,0.95,0.946,0.267,3,1.0,0.0,55477.652
2026-08-30T15:24:38.305Z,66.577092,-145.22365,818.47,356.59,901.19,51.22,34.93,-10.49,2.47,83.53,82.99,83.31,662.08,0.0,0.971,0.98,0.977,0.481,4,1.0,0.0,55478.766
2026-08-30T15:24:39.156Z,66.577279,-145.222982,827.42,367.21,910.69,50.55,34.31,-10.07,0.86,82.77,82.25,82.69,630.36,0.0,0.931,0.931,0.931,,1,1.0,0.0,55479.617
2026-08-30T15:24:40.267Z,66.577526,-145.222126,836.71,376.7,921.83,50.33,34.11,-10.18,0.6,82.12,81.8,82.48,514.67,0.0,0.924,0.94,0.93,0.476,4,1.0,0.0,55480.723
2026-08-30T15:24:41.192Z,66.57774,-145.221409,843.74,374.83,928.88,50.71,34.48,-10.22,-0.37,82.56,82.21,82.75,483.34,0.0,0.989,1.0,0.995,0.115,3,1.0,0.0,55481.645
2026-08-30T15:24:42.230Z,66.57798,-145.220613,851.74,384.76,936.65,50.98,34.78,-10.41,-1.89,82.76,82.56,83.14,472.2,0.0,0.985,0.986,0.986,0.159,2,1.0,0.0,55482.684
2026-08-30T15:24:43.344Z,66.578239,-145.219755,861.35,390.27,944.39,52.47,36.26,-11.09,-0.39,83.07,82.85,83.3,533.29,0.0,1.01,1.017,1.014,0.15,4,1.0,0.0,55483.789
2026-08-30T15:24:44.170Z,66.578431,-145.21912,870.0,405.21,953.53,52.2,35.95,-11.28,-1.6,83.19,82.9,83.18,600.54,0.0,1.013,1.013,1.013,,1,1.0,0.0,55484.609
2026-08-30T15:24:45.227Z,66.578679,-145.218301,881.61,411.14,965.04,51.12,34.87,-10.79,-1.4,83.09,82.81,83.18,625.85,0.0,0.957,0.962,0.96,0.032,2,1.0,0.0,55485.672
2026-08-30T15:24:46.319Z,66.57893,-145.217471,892.5,422.8,976.44,49.97,33.72,-11.06,-1.65,82.39,82.06,82.57,604.42,0.0,0.956,0.959,0.957,0.127,4,1.0,0.0,55486.75
2026-08-30T15:24:47.336Z,66.579169,-145.21669,902.66,425.85,986.81,49.64,33.43,-10.79,-3.02,82.39,82.24,82.7,596.23,0.0,0.977,0.978,0.977,0.172,2,1.0,0.0,55487.773
2026-08-30T15:24:48.221Z,66.579375,-145.216015,911.02,432.76,995.54,51.32,35.14,-10.25,-2.8,82.63,82.44,82.83,570.92,0.0,0.958,0.965,0.961,0.053,3,1.0,0.0,55488.664
2026-08-30T15:24:49.314Z,66.579629,-145.215174,920.47,441.15,1006.33,52.05,35.81,-9.88,-2.33,82.94,82.8,83.24,523.0,0.0,0.95,0.953,0.951,0.171,4,1.0,0.0,55489.742
2026-08-30T15:24:50.341Z,66.579865,-145.21438,928.51,452.47,1015.11,51.79,35.55,-9.42,-1.49,83.26,82.97,83.39,478.82,0.0,0.963,0.963,0.963,0.009,2,1.0,0.0,55490.852
2026-08-30T15:24:51.303Z,66.580089,-145.213629,935.27,456.02,1022.47,51.55,35.31,-8.7,-0.69,83.18,83.1,83.54,425.96,0.0,0.942,0.954,0.948,0.115,3,1.0,0.0,55491.746
2026-08-30T15:24:52.197Z,66.580296,-145.212939,940.38,469.75,1028.24,51.39,35.16,-8.54,-0.87,83.71,83.68,84.19,367.14,0.0,0.941,0.951,0.946,0.12,3,1.0,0.0,55492.637
2026-08-30T15:24:53.220Z,66.580536,-145.212141,945.65,474.31,1034.14,51.08,34.85,-8.51,-1.35,84.4,84.4,84.92,329.96,0.0,0.974,0.979,0.977,0.041,2,1.0,0.0,55493.656
2026-08-30T15:24:54.329Z,66.580802,-145.211262,951.34,479.44,1040.12,50.67,34.44,-8.19,-2.36,85.02,84.87,85.42,310.55,0.0,0.974,0.982,0.977,0.079,4,1.0,0.0,55494.773
2026-08-30T15:24:55.547Z,66.581091,-145.210304,957.5,483.41,1045.94,51.12,34.91,-8.96,-3.72,85.58,85.57,86.18,318.13,0.0,1.008,1.008,1.008,,1,1.0,0.0,55495.984
2026-08-30T15:24:56.226Z,66.581256,-145.209752,961.41,473.23,1049.39,52.26,36.1,-8.45,-3.56,86.03,85.94,86.27,334.22,0.0,1.026,1.027,1.026,0.226,2,1.0,0.0,55496.672
2026-08-30T15:24:57.308Z,66.581513,-145.208875,968.07,499.1,1055.17,53.3,37.07,-9.04,-3.18,86.27,86.25,86.73,367.47,0.0,0.99,1.007,0.997,0.6,4,1.0,0.0,55497.746
2026-08-30T15:24:58.292Z,66.581745,-145.208068,975.06,501.8,1063.25,52.43,36.16,-8.81,-2.77,86.65,86.46,86.87,412.14,0.0,1.004,1.011,1.008,0.133,2,1.0,0.0,55498.738
2026-08-30T15:24:59.191Z,66.581955,-145.207333,981.58,512.7,1070.11,51.69,35.48,-8.98,-1.23,86.38,86.31,86.85,422.65,0.0,0.967,0.976,0.971,0.366,3,1.0,0.0,55499.633
2026-08-30T15:25:00.292Z,66.582214,-145.206428,989.89,522.34,1077.68,52.8,36.59,-9.4,-4.96,86.73,86.69,87.11,456.88,0.0,0.993,1.015,1.007,0.194,4,1.0,0.0,55500.734
2026-08-30T15:25:01.322Z,66.582452,-145.205582,998.58,526.13,1085.32,54.03,37.83,-9.67,-6.5,86.98,86.96,87.35,495.47,0.0,1.007,1.009,1.008,0.038,2,1.0,0.0,55501.758
2026-08-30T15:25:02.216Z,66.582658,-145.204825,1006.55,535.74,1092.36,55.23,39.05,-9.95,-6.91,87.15,87.12,87.5,529.85,0.0,1.007,1.011,1.009,0.039,3,1.0,0.0,55502.68
2026-08-30T15:25:03.319Z,66.582902,-145.203882,1017.28,542.34,1102.14,56.91,40.72,-10.04,-6.72,87.31,87.29,87.63,571.72,0.0,1.013,1.016,1.015,0.136,4,1.0,0.0,55503.754
2026-08-30T15:25:04.324Z,66.583118,-145.203014,1027.53,551.75,1111.16,58.45,42.24,-10.75,-2.37,87.22,87.17,87.49,612.97,0.0,1.01,1.022,1.016,0.316,2,1.0,0.0,55504.754
2026-08-30T15:25:05.172Z,66.583296,-145.202278,1037.4,564.18,1120.38,58.22,41.95,-11.15,-3.83,87.04,86.96,87.19,678.81,0.0,1.036,1.036,1.036,,1,1.0,0.0,55505.598
2026-08-30T15:25:06.263Z,66.583519,-145.201334,1051.4,579.5,1133.4,57.61,41.41,-11.66,-3.96,86.44,86.31,86.58,744.36,0.0,1.018,1.022,1.02,0.121,4,1.0,0.0,55506.703
2026-08-30T15:25:07.283Z,66.583724,-145.200447,1064.38,605.63,1146.08,58.36,42.14,-11.46,-3.01,85.87,85.83,86.05,760.75,0.0,1.016,1.02,1.018,0.201,2,1.0,0.0,55507.719
2026-08-30T15:25:08.183Z,66.583902,-145.199666,1076.09,607.39,1157.56,58.96,42.75,-11.47,-2.35,85.58,85.54,85.73,774.95,0.0,0.992,1.001,0.996,0.059,3,1.0,0.0,55508.605
2026-08-30T15:25:09.246Z,66.584111,-145.198741,1090.1,618.6,1171.45,59.46,43.22,-11.49,-2.05,84.95,84.77,84.98,777.09,0.0,0.984,0.988,0.986,0.042,4,1.0,0.0,55509.676
2026-08-30T15:25:10.224Z,66.584297,-145.197904,1102.1,634.53,1183.85,59.18,42.95,-11.79,-1.24,83.78,83.73,84.02,747.26,0.0,0.99,0.998,0.994,0.151,2,1.0,0.0,55510.645
2026-08-30T15:25:11.305Z,66.584502,-145.196985,1114.99,650.64,1196.51,59.57,43.36,-11.96,3.91,83.08,82.94,83.48,712.71,0.0,0.947,0.997,0.973,0.695,4,1.0,0.0,55511.73
2026-08-30T15:25:12.283Z,66.584691,-145.196161,1126.83,656.65,1207.72,59.68,43.4,-14.39,9.8,81.93,81.93,82.28,759.36,0.0,1.051,1.074,1.063,0.212,2,1.0,0.0,55512.715
2026-08-30T15:25:13.164Z,66.584866,-145.195448,1139.21,669.99,1220.14,57.02,40.67,-13.1,15.43,81.18,81.14,81.55,797.74,0.0,0.979,1.06,1.02,0.752,3,1.0,0.0,55513.582
2026-08-30T15:25:14.249Z,66.585097,-145.194605,1153.49,683.36,1234.73,51.97,35.62,-14.71,18.08,80.14,80.11,80.65,805.18,0.0,0.972,1.033,1.002,0.822,4,1.0,0.0,55514.668
2026-08-30T15:25:15.384Z,66.585362,-145.19378,1169.2,700.33,1249.84,45.73,29.32,-14.1,20.17,78.96,78.87,79.5,810.7,0.0,1.008,1.008,1.008,,1,1.0,0.0,55515.805
2026-08-30T15:25:16.256Z,66.585583,-145.193198,1180.6,713.15,1260.91,40.5,24.14,-14.56,20.34,77.92,78.05,78.89,793.81,0.0,1.019,1.045,1.033,0.388,3,1.0,0.0,55516.684
2026-08-30T15:25:17.226Z,66.585848,-145.192606,1193.12,725.95,1274.15,35.45,19.08,-13.53,20.71,77.53,77.51,78.01,776.17,0.0,1.058,1.06,1.059,0.11,2,1.0,0.0,55517.656
2026-08-30T15:25:18.301Z,66.586158,-145.192038,1206.26,739.32,1287.98,29.76,13.39,-13.78,20.94,76.1,76.1,76.87,732.87,0.0,1.031,1.054,1.042,0.361,4,1.0,0.0,55518.711
2026-08-30T15:25:19.283Z,66.586456,-145.19159,1216.66,747.69,1299.7,24.76,8.41,-13.1,20.99,75.19,75.35,76.28,638.94,0.0,0.98,0.995,0.987,0.317,2,1.0,0.0,55519.699
2026-08-30T15:25:20.142Z,66.586728,-145.19125,1223.2,752.42,1308.37,20.77,4.41,-11.08,19.12,75.3,75.67,76.66,482.21,0.0,0.902,0.936,0.92,0.702,3,1.0,0.0,55520.555
2026-08-30T15:25:21.199Z,66.587076,-145.190888,1225.52,754.76,1315.37,15.76,359.38,-8.42,14.22,76.31,76.88,78.19,156.88,0.0,0.808,0.85,0.826,0.315,4,1.0,0.0,55521.621
2026-08-30T15:25:22.169Z,66.587411,-145.190601,1221.48,759.0,1316.54,13.11,356.82,-7.62,9.81,78.11,78.8,80.31,-160.64,0.0,0.801,0.814,0.807,0.346,2,1.0,0.0,55522.602
2026-08-30T15:25:23.263Z,66.587805,-145.190315,1211.9,756.21,1311.94,11.59,355.33,-6.43,2.83,80.76,81.58,83.0,-449.18,0.0,0.855,0.883,0.872,0.116,4,1.0,0.0,55523.684
2026-08-30T15:25:24.251Z,66.588174,-145.190076,1200.56,730.73,1303.67,11.51,355.29,-6.33,-3.08,83.33,84.11,85.64,-620.11,0.0,0.92,0.929,0.925,0.059,2,1.0,0.0,55524.68
2026-08-30T15:25:25.278Z,66.588571,-145.189823,1187.96,701.87,1292.61,13.28,357.11,-6.81,-5.49,85.48,86.35,87.81,-683.54,0.0,1.009,1.025,1.017,0.066,2,1.0,0.0,55525.703
2026-08-30T15:25:26.263Z,66.588959,-145.189563,1176.85,705.83,1281.13,15.4,359.19,-6.58,-3.92,88.13,88.87,90.34,-671.34,0.0,1.009,1.012,1.011,0.361,2,1.0,0.0,55526.691
2026-08-30T15:25:27.145Z,66.589318,-145.18931,1168.04,699.28,1270.98,15.5,359.26,-7.66,-3.57,90.04,90.74,92.3,-591.83,0.0,1.045,1.071,1.059,0.158,3,1.0,0.0,55527.559
2026-08-30T15:25:28.224Z,66.589762,-145.188986,1161.14,691.09,1261.58,15.68,359.44,-8.14,-3.25,92.4,93.22,94.48,-396.87,0.0,1.084,1.097,1.091,0.342,4,1.0,0.0,55528.641
2026-08-30T15:25:29.192Z,66.59017,-145.18868,1158.41,692.11,1256.31,15.88,359.66,-8.69,-2.86,94.1,94.62,95.94,-231.65,0.0,1.037,1.039,1.038,0.37,2,1.0,0.0,55529.605
2026-08-30T15:25:30.256Z,66.590625,-145.188332,1157.86,676.04,1253.23,16.96,0.72,-8.93,-1.97,95.55,96.05,97.2,-68.73,0.0,1.05,1.077,1.063,0.839,4,1.0,0.0,55530.672
2026-08-30T15:25:31.225Z,66.591041,-145.188009,1159.71,694.37,1252.82,16.73,0.48,-10.23,-1.47,96.45,96.89,98.07,86.53,0.0,1.064,1.072,1.068,0.117,2,1.0,0.0,55531.656
2026-08-30T15:25:32.299Z,66.591507,-145.187643,1165.8,701.77,1255.24,16.77,0.53,-10.82,-0.48,97.38,97.85,98.64,310.15,0.0,1.081,1.088,1.085,0.47,4,1.0,0.0,55532.73
2026-08-30T15:25:33.277Z,66.591932,-145.187307,1174.52,709.83,1260.92,16.25,360.0,-10.89,0.51,97.3,97.65,98.35,461.03,0.0,1.006,1.014,1.01,0.094,2,1.0,0.0,55533.699
2026-08-30T15:25:34.158Z,66.592315,-145.187007,1182.71,717.49,1267.57,15.9,359.66,-9.26,-1.49,97.87,98.29,98.76,508.18,0.0,0.956,1.002,0.981,0.998,3,1.0,0.0,55534.57
2026-08-30T15:25:35.175Z,66.59276,-145.186662,1190.05,726.04,1276.36,16.18,359.96,-8.16,-1.5,98.63,99.11,99.69,421.16,0.0,0.89,0.891,0.891,0.097,2,1.0,0.0,55535.586
2026-08-30T15:25:36.328Z,66.593273,-145.186264,1195.06,729.45,1283.81,16.47,0.23,-7.51,-2.11,99.74,100.29,100.93,281.96,0.0,0.911,0.923,0.917,0.133,3,1.0,0.0,55536.742
2026-08-30T15:25:37.185Z,66.593654,-145.185966,1197.27,731.56,1287.54,15.71,359.43,-6.93,-3.05,100.63,101.16,101.85,193.19,0.0,0.931,0.933,0.932,0.128,3,1.0,0.0,55537.633
2026-08-30T15:25:38.174Z,66.594102,-145.185616,1198.52,732.03,1290.31,16.25,0.05,-6.56,-2.53,101.88,102.49,103.14,106.07,0.0,0.944,0.95,0.947,0.048,2,1.0,0.0,55538.586
2026-08-30T15:25:39.229Z,66.594582,-145.185237,1198.92,731.69,1291.81,17.16,0.92,-6.2,-3.22,103.33,103.93,104.56,43.91,0.0,0.959,0.966,0.962,0.096,4,1.0,0.0,55539.637
2026-08-30T15:25:40.185Z,66.595024,-145.184881,1198.8,729.33,1292.33,17.25,1.01,-5.96,-3.6,104.66,105.29,105.84,12.46,0.0,0.975,0.978,0.976,0.075,2,1.0,0.0,55540.598
2026-08-30T15:25:41.247Z,66.595521,-145.184474,1198.85,728.96,1292.55,17.13,0.9,-5.22,-3.72,106.14,106.74,107.24,-8.19,0.0,0.928,0.968,0.946,0.307,4,1.0,0.0,55541.664
2026-08-30T15:25:42.214Z,66.595977,-145.184094,1197.2,732.52,1292.07,18.29,2.09,-4.16,-4.8,107.56,108.24,108.69,-93.83,0.0,0.941,0.945,0.943,0.203,2,1.0,0.0,55542.641
2026-08-30T15:25:43.298Z,66.596496,-145.18365,1193.12,726.96,1289.77,18.87,2.64,-4.14,-5.19,109.31,109.93,110.5,-199.98,0.0,0.931,0.955,0.942,0.378,4,1.0,0.0,55543.727
2026-08-30T15:25:44.280Z,66.59697,-145.183227,1189.23,738.87,1286.37,19.56,3.32,-4.87,-3.42,110.78,111.48,112.02,-194.47,0.0,1.042,1.061,1.051,0.326,2,1.0,0.0,55544.703
2026-08-30T15:25:45.317Z,66.597477,-145.182763,1187.13,721.53,1283.3,20.21,3.97,-5.15,-4.32,112.24,112.83,113.41,-132.14,0.0,1.03,1.03,1.03,0.063,2,1.0,0.0,55545.734
2026-08-30T15:25:46.304Z,66.597965,-145.182304,1186.73,718.47,1281.54,20.37,4.13,-5.94,-3.6,113.78,114.53,115.26,-34.89,0.0,1.061,1.069,1.065,0.086,2,1.0,0.0,55546.73
2026-08-30T15:25:47.180Z,66.598402,-145.181886,1188.48,719.7,1281.47,20.33,4.1,-6.51,-2.8,114.54,115.01,115.45,97.23,0.0,1.094,1.117,1.106,0.157,3,1.0,0.0,55547.621
2026-08-30T15:25:48.279Z,66.598949,-145.181353,1193.29,723.19,1283.97,20.98,4.75,-6.2,-3.53,115.25,115.72,116.17,211.71,0.0,1.004,1.066,1.032,0.321,4,1.0,0.0,55548.703
2026-08-30T15:25:49.256Z,66.59944,-145.180866,1198.35,730.05,1287.77,21.42,5.18,-7.09,-2.29,115.74,116.24,116.63,303.1,0.0,1.046,1.064,1.055,0.107,2,1.0,0.0,55549.676
2026-08-30T15:25:50.333Z,66.599979,-145.180322,1206.28,721.35,1293.83,21.39,5.15,-7.22,-2.74,116.18,116.62,116.96,411.94,0.0,1.029,1.058,1.042,0.18,4,1.0,0.0,55550.746
2026-08-30T15:25:51.275Z,66.600454,-145.179838,1214.41,750.65,1300.66,21.77,5.53,-7.63,-3.12,116.37,116.81,117.11,491.65,0.0,1.031,1.033,1.032,0.026,2,1.0,0.0,55551.695
2026-08-30T15:25:52.145Z,66.600888,-145.179388,1222.96,756.05,1308.05,22.11,5.88,-7.97,-3.55,116.45,116.89,117.14,565.9,0.0,1.034,1.034,1.034,0.039,3,1.0,0.0,55552.574
2026-08-30T15:25:53.228Z,66.601428,-145.178819,1235.02,767.34,1319.86,22.57,6.34,-8.39,-4.04,116.41,116.83,117.04,652.94,0.0,1.032,1.033,1.032,0.025,4,1.0,0.0,55553.656
2026-08-30T15:25:54.221Z,66.601923,-145.178284,1247.47,783.2,1332.11,23.11,6.88,-8.75,-4.49,116.23,116.67,116.83,728.76,0.0,1.029,1.029,1.029,0.033,2,1.0,0.0,55554.633
2026-08-30T15:25:55.253Z,66.602434,-145.177718,1261.57,794.92,1345.17,23.72,7.49,-9.1,-4.97,116.12,116.68,116.74,809.18,0.0,1.025,1.026,1.026,0.139,2,1.0,0.0,55555.668
2026-08-30T15:25:56.226Z,66.602913,-145.177171,1276.58,810.63,1357.53,23.79,7.56,-9.64,-5.56,116.46,117.12,117.15,895.27,0.0,1.017,1.024,1.02,0.025,2,1.0,0.0,55556.641
2026-08-30T15:25:57.287Z,66.603435,-145.176556,1293.98,825.96,1373.12,26.16,9.96,-9.32,-6.51,117.17,117.67,117.55,961.37,0.0,1.035,1.067,1.051,0.496,4,1.0,0.0,55557.703
2026-08-30T15:25:58.260Z,66.603908,-145.175976,1310.11,839.54,1388.35,26.48,10.23,-10.51,-2.93,116.44,116.9,116.84,1007.17,0.0,1.007,1.036,1.022,0.685,2,1.0,0.0,55558.684
2026-08-30T15:25:59.326Z,66.604426,-145.175324,1330.23,861.13,1406.77,25.68,9.44,-9.87,-3.96,115.76,116.23,116.06,1088.18,0.0,0.992,1.07,1.034,1.28,4,1.0,0.0,55559.734
2026-08-30T15:26:00.284Z,66.604884,-145.17474,1347.7,877.55,1424.66,26.56,10.34,-9.27,-3.96,115.11,115.72,115.4,1082.97,0.0,0.975,0.983,0.979,0.371,2,1.0,0.0,55560.695
2026-08-30T15:26:01.149Z,66.605294,-145.174207,1361.83,889.18,1439.87,27.03,10.8,-9.05,-4.28,114.63,115.16,115.27,983.74,0.0,0.878,0.906,0.888,1.211,3,1.0,0.0,55561.582
2026-08-30T15:26:02.226Z,66.605803,-145.173537,1377.74,890.6,1456.65,28.3,12.1,-9.42,-3.02,114.33,115.14,115.21,925.83,0.0,0.962,0.996,0.984,0.265,4,1.0,0.0,55562.637
2026-08-30T15:26:03.181Z,66.606251,-145.172929,1392.69,921.33,1470.89,28.54,12.26,-9.61,-4.27,114.36,114.96,114.86,954.3,0.0,1.026,1.027,1.027,0.468,2,1.0,0.0,55563.605
2026-08-30T15:26:04.262Z,66.606753,-145.172234,1409.86,922.66,1489.6,28.49,12.27,-9.52,0.16,113.37,113.95,114.01,934.1,0.0,0.959,0.975,0.966,0.593,4,1.0,0.0,55564.676
2026-08-30T15:26:05.370Z,66.607266,-145.171522,1426.47,954.74,1506.12,28.37,12.11,-9.44,2.17,113.04,113.85,113.96,905.16,0.0,0.987,0.987,0.987,,1,1.0,0.0,55565.793
2026-08-30T15:26:06.246Z,66.607672,-145.170966,1439.55,965.23,1519.07,27.81,11.54,-9.85,2.72,112.7,113.49,113.47,908.47,0.0,1.002,1.019,1.011,0.034,3,1.0,0.0,55566.656
2026-08-30T15:26:07.300Z,66.608162,-145.170308,1455.74,982.83,1535.11,26.25,9.99,-8.62,5.13,112.39,113.24,113.36,889.58,0.0,0.923,1.018,0.973,1.311,4,1.0,0.0,55567.719
2026-08-30T15:26:08.260Z,66.608607,-145.169734,1468.87,1000.58,1548.28,25.81,9.54,-9.67,4.96,112.05,112.92,113.08,855.95,0.0,0.972,0.996,0.984,0.177,2,1.0,0.0,55568.676
2026-08-30T15:26:09.336Z,66.609109,-145.169114,1484.63,1015.8,1562.38,24.62,8.34,-9.5,4.69,111.63,112.51,112.57,886.01,0.0,1.008,1.022,1.017,0.445,4,1.0,0.0,55569.742
2026-08-30T15:26:10.279Z,66.609556,-145.168584,1498.71,1026.99,1576.03,23.88,7.62,-9.88,3.94,111.28,112.18,112.37,883.57,0.0,0.973,0.98,0.976,0.501,2,1.0,0.0,55570.684
2026-08-30T15:26:11.335Z,66.610055,-145.168016,1514.57,1047.58,1593.17,23.43,7.17,-8.78,2.75,111.13,112.13,112.04,893.99,0.0,0.988,1.026,1.012,1.486,4,1.0,0.0,55571.734
2026-08-30T15:26:12.277Z,66.610502,-145.167521,1526.98,1058.39,1607.02,22.45,6.19,-9.18,2.78,110.84,111.79,112.16,801.93,0.0,0.877,0.9,0.889,1.12,2,1.0,0.0,55572.676
2026-08-30T15:26:13.319Z,66.611001,-145.166984,1540.78,1066.16,1619.97,22.14,5.88,-9.93,2.32,110.77,111.89,112.1,816.73,0.0,1.002,1.055,1.036,0.406,4,1.0,0.0,55573.727
2026-08-30T15:26:14.184Z,66.611414,-145.166552,1553.04,1078.42,1632.17,21.46,5.2,-9.64,2.04,110.69,111.69,111.82,844.92,0.0,1.008,1.042,1.025,0.376,3,1.0,0.0,55574.609
2026-08-30T15:26:15.288Z,66.611945,-145.166009,1569.35,1085.72,1648.77,21.03,4.76,-9.84,1.52,110.47,111.65,111.69,883.81,0.0,1.003,1.003,1.003,,1,1.0,0.0,55575.699
2026-08-30T15:26:16.153Z,66.61236,-145.165593,1582.75,1104.83,1661.87,20.39,4.13,-10.43,1.55,110.16,111.16,111.3,915.23,0.0,0.971,0.978,0.975,0.537,3,1.0,0.0,55576.559
2026-08-30T15:26:17.207Z,66.612862,-145.165102,1600.23,1150.27,1678.36,20.07,3.8,-10.46,3.71,109.57,110.66,110.59,987.57,0.0,1.011,1.022,1.018,0.584,4,1.0,0.0,55577.605
2026-08-30T15:26:18.144Z,66.613312,-145.164675,1616.02,1161.26,1695.19,17.13,0.73,-10.45,6.75,108.88,109.91,110.16,991.9,0.0,0.952,0.96,0.956,0.418,2,1.0,0.0,55578.547
2026-08-30T15:26:19.209Z,66.613824,-145.164228,1633.57,1182.21,1712.48,12.07,355.77,-8.81,13.39,108.17,109.38,109.75,977.17,0.0,0.971,1.004,0.991,1.018,4,1.0,0.0,55579.613
2026-08-30T15:26:20.266Z,66.614337,-145.163851,1648.71,1155.31,1728.48,10.32,354.01,-8.76,17.74,107.86,109.06,109.44,874.7,0.0,0.94,0.956,0.946,0.666,4,1.0,0.0,55580.656
2026-08-30T15:26:21.181Z,66.61479,-145.163587,1660.38,1184.9,1743.32,6.8,350.44,-8.64,20.23,107.51,108.75,109.22,788.38,0.0,0.995,1.004,0.999,0.091,2,1.0,0.0,55581.598
2026-08-30T15:26:22.242Z,66.615318,-145.16337,1672.17,1202.02,1756.84,1.96,345.6,-7.96,22.55,107.34,108.63,109.23,694.3,0.0,1.017,1.026,1.021,0.269,4,1.0,0.0,55582.641
2026-08-30T15:26:23.277Z,66.615839,-145.163262,1682.1,1176.49,1768.47,357.54,341.18,-7.93,23.38,107.28,108.59,109.27,600.6,0.0,1.032,1.037,1.035,0.192,4,1.0,0.0,55583.676
2026-08-30T15:26:24.199Z,66.616305,-145.163257,1690.19,1246.42,1776.51,353.32,336.95,-7.65,22.62,107.35,108.73,109.33,554.36,0.0,1.069,1.071,1.07,0.219,2,1.0,0.0,55584.598
2026-08-30T15:26:25.176Z,66.616798,-145.163345,1698.2,1254.4,1784.34,348.38,332.03,-6.99,21.75,107.54,108.93,109.62,499.75,0.0,1.034,1.035,1.034,0.11,2,1.0,0.0,55585.574
2026-08-30T15:26:26.216Z,66.617321,-145.163543,1705.53,1261.69,1793.05,344.65,328.32,-7.2,21.65,107.92,109.36,110.04,439.2,0.0,1.036,1.043,1.039,0.189,4,1.0,0.0,55586.625
2026-08-30T15:26:27.168Z,66.617793,-145.163813,1711.84,1267.56,1799.29,340.84,324.49,-7.32,20.89,108.22,109.69,110.39,415.45,0.0,1.058,1.06,1.059,0.058,2,1.0,0.0,55587.562
2026-08-30T15:26:28.207Z,66.618302,-145.164205,1719.0,1273.95,1806.38,336.67,320.31,-7.49,20.16,108.54,110.01,110.67,417.64,0.0,1.064,1.066,1.065,0.019,4,1.0,0.0,55588.633
2026-08-30T15:26:29.288Z,66.618818,-145.164708,1727.05,1282.0,1813.87,333.35,317.01,-7.85,18.13,108.55,110.07,110.68,443.07,0.0,1.045,1.064,1.053,0.215,4,1.0,0.0,55589.699
2026-08-30T15:26:30.234Z,66.619257,-145.16522,1734.7,1287.76,1820.22,329.46,313.13,-7.96,17.57,108.72,110.31,110.84,483.59,0.0,1.064,1.071,1.067,0.168,2,1.0,0.0,55590.652
2026-08-30T15:26:31.296Z,66.619739,-145.165877,1743.84,1302.16,1829.0,326.16,309.83,-6.83,18.85,109.16,110.76,111.22,485.13,0.0,0.995,1.055,1.025,0.54,4,1.0,0.0,55591.719
2026-08-30T15:26:32.283Z,66.620168,-145.16655,1750.65,1309.74,1835.58,323.27,306.96,-6.5,18.77,109.46,111.15,111.59,421.64,0.0,0.975,0.977,0.976,0.069,2,1.0,0.0,55592.695
2026-08-30T15:26:33.152Z,66.620537,-145.167202,1755.05,1315.17,1840.97,320.65,304.27,-5.37,18.37,110.02,111.64,112.16,313.68,0.0,0.942,0.97,0.956,0.31,3,1.0,0.0,55593.59
2026-08-30T15:26:34.254Z,66.620985,-145.168084,1757.17,1318.83,1845.63,314.82,298.47,-4.04,19.77,110.36,112.09,112.75,147.43,0.0,0.956,0.99,0.976,0.223,4,1.0,0.0,55594.688
2026-08-30T15:26:35.412Z,66.621433,-145.169116,1756.29,1319.56,1848.02,310.8,294.44,-3.71,22.1,111.36,113.1,113.77,-15.88,0.0,0.993,0.993,0.993,,1,1.0,0.0,55595.84
2026-08-30T15:26:36.298Z,66.621754,-145.169973,1754.14,1317.76,1847.64,306.59,290.22,-2.98,23.64,112.47,114.36,114.95,-100.95,0.0,1.03,1.046,1.039,0.103,3,1.0,0.0,55596.758
2026-08-30T15:26:37.346Z,66.622107,-145.171074,1749.95,1314.04,1845.25,301.07,284.71,-2.83,25.48,113.66,115.52,116.34,-216.34,0.0,1.016,1.034,1.025,0.717,2,1.0,0.0,55597.773
2026-08-30T15:26:38.248Z,66.62238,-145.172085,1745.76,1310.28,1841.32,296.93,280.56,-3.58,25.03,114.8,116.69,117.48,-233.72,0.0,1.11,1.148,1.131,0.077,3,1.0,0.0,55598.688
2026-08-30T15:26:39.151Z,66.622624,-145.173164,1742.99,1307.02,1837.96,292.37,275.99,-3.76,24.64,115.77,117.61,118.37,-188.11,0.0,1.153,1.156,1.155,0.061,3,1.0,0.0,55599.594
2026-08-30T15:26:40.142Z,66.622852,-145.174404,1741.4,1303.12,1835.91,287.19,270.82,-4.0,25.1,116.61,118.44,119.24,-113.66,0.0,1.133,1.134,1.133,0.239,2,1.0,0.0,55600.582
2026-08-30T15:26:41.222Z,66.623054,-145.17582,1741.29,1296.35,1835.28,282.28,265.91,-4.9,24.63,117.43,119.23,120.0,-12.98,0.0,1.155,1.173,1.165,0.062,4,1.0,0.0,55601.652
2026-08-30T15:26:42.243Z,66.623196,-145.177197,1743.64,1296.68,1834.69,277.28,260.91,-5.58,24.09,117.94,119.7,120.44,117.34,0.0,1.178,1.178,1.178,0.006,2,1.0,0.0,55602.68
2026-08-30T15:26:43.324Z,66.623297,-145.178707,1749.15,1266.65,1836.75,272.43,256.09,-5.96,23.9,118.34,120.12,120.64,278.15,0.0,1.182,1.185,1.183,0.352,4,1.0,0.0,55603.777
2026-08-30T15:26:44.152Z,66.623337,-145.179857,1754.86,1312.61,1841.78,269.21,252.84,-5.68,24.25,118.88,120.64,121.08,362.49,0.0,1.086,1.086,1.086,,1,1.0,0.0,55604.594
2026-08-30T15:26:45.238Z,66.623346,-145.181385,1762.37,1320.28,1849.85,265.04,248.64,-6.13,21.35,118.66,120.41,120.89,396.3,0.0,1.079,1.085,1.082,0.079,2,1.0,0.0,55605.688
2026-08-30T15:26:46.151Z,66.623318,-145.182689,1769.07,1326.9,1856.2,260.71,244.37,-6.22,19.21,118.69,120.43,120.99,421.86,0.0,1.073,1.087,1.079,0.27,3,1.0,0.0,55606.613
2026-08-30T15:26:47.175Z,66.623251,-145.184114,1777.41,1336.51,1863.96,258.03,241.74,-6.4,14.57,119.03,120.92,121.28,483.81,0.0,1.075,1.094,1.085,0.661,2,1.0,0.0,55607.645
2026-08-30T15:26:48.301Z,66.623142,-145.185666,1788.23,1350.05,1873.32,255.9,239.58,-7.81,8.46,119.07,120.77,121.15,579.25,0.0,1.033,1.067,1.049,0.504,4,1.0,0.0,55608.758
2026-08-30T15:26:49.153Z,66.623041,-145.186878,1798.93,1363.02,1882.18,254.8,238.56,-8.64,8.79,118.79,120.53,120.77,704.44,0.0,1.093,1.093,1.093,,1,1.0,0.0,55609.648
2026-08-30T15:26:50.293Z,66.622889,-145.188401,1815.5,1375.52,1896.12,254.96,238.67,-9.08,7.21,118.67,120.48,120.38,848.12,0.0,1.093,1.106,1.101,0.177,4,1.0,0.0,55610.773
2026-08-30T15:26:51.165Z,66.622764,-145.189572,1828.87,1354.35,1908.39,253.32,237.03,-8.5,6.08,118.22,119.89,119.93,895.92,0.0,0.978,0.978,0.978,,1,1.0,0.0,55611.617
2026-08-30T15:26:52.264Z,66.622594,-145.191049,1845.98,1400.84,1925.07,251.91,235.61,-8.76,4.76,117.55,119.28,119.27,927.68,0.0,0.985,1.007,0.999,0.272,4,1.0,0.0,55612.715
2026-08-30T15:26:53.182Z,66.622445,-145.192265,1860.36,1415.2,1939.31,251.07,234.85,-8.59,0.96,116.89,118.61,118.62,925.21,0.0,0.973,0.985,0.979,0.173,3,1.0,0.0,55613.629
2026-08-30T15:26:54.186Z,66.622277,-145.193585,1875.22,1430.5,1954.35,251.83,235.59,-9.57,2.17,115.99,117.71,117.85,903.35,0.0,0.977,0.998,0.988,0.587,2,1.0,0.0,55614.641
2026-08-30T15:26:55.269Z,66.622093,-145.19499,1892.3,1409.85,1970.26,250.59,234.33,-8.75,0.82,115.17,116.9,116.81,942.57,0.0,1.031,1.045,1.038,0.566,2,1.0,0.0,55615.715
2026-08-30T15:26:56.297Z,66.621916,-145.196313,1908.28,1461.75,1985.6,250.73,234.51,-9.85,-1.42,114.14,115.94,116.03,934.99,0.0,0.932,0.956,0.944,0.695,2,1.0,0.0,55616.754
2026-08-30T15:26:57.224Z,66.621757,-145.197496,1923.29,1475.21,2001.09,251.52,235.27,-9.53,-1.13,113.73,115.61,115.61,967.93,0.0,0.995,1.013,1.006,0.65,3,1.0,0.0,55617.656
2026-08-30T15:26:58.316Z,66.621572,-145.198896,1941.21,1492.6,2019.3,251.3,235.04,-9.36,-0.38,113.24,115.13,115.17,967.77,0.0,0.959,0.974,0.969,0.326,4,1.0,0.0,55618.766
2026-08-30T15:26:59.340Z,66.621399,-145.200204,1957.43,1509.13,2035.92,250.79,234.53,-9.2,-0.48,112.78,114.78,114.72,953.11,0.0,0.969,0.979,0.974,0.104,2,1.0,0.0,55619.789
2026-08-30T15:27:00.240Z,66.621248,-145.201335,1970.74,1480.27,2050.65,250.71,234.47,-8.8,0.36,112.49,114.46,114.66,888.93,0.0,0.907,0.935,0.919,0.368,3,1.0,0.0,55620.672
2026-08-30T15:27:01.334Z,66.621062,-145.202721,1985.9,1537.9,2066.85,250.63,234.37,-9.25,0.62,112.09,114.13,114.22,863.06,0.0,0.953,1.009,0.985,0.349,4,1.0,0.0,55621.77
2026-08-30T15:27:02.318Z,66.620893,-145.203966,1999.89,1553.83,2080.46,250.12,233.86,-8.81,1.27,111.84,113.87,114.05,838.66,0.0,0.945,0.953,0.949,0.122,2,1.0,0.0,55622.754
2026-08-30T15:27:03.231Z,66.620735,-145.205097,2011.91,1565.84,2093.02,249.79,233.54,-9.12,0.85,111.56,113.64,113.83,815.86,0.0,0.957,0.977,0.967,0.194,3,1.0,0.0,55623.727
2026-08-30T15:27:04.193Z,66.620565,-145.206303,2024.57,1535.28,2106.64,249.4,233.15,-8.4,0.28,110.73,112.77,112.99,776.96,0.0,0.958,0.981,0.971,0.524,3,1.0,0.0,55624.625
2026-08-30T15:27:05.351Z,66.620359,-145.207736,2037.97,1595.59,2121.75,249.35,233.09,-8.56,0.16,110.11,111.83,112.07,718.42,0.0,0.964,0.964,0.964,,1,1.0,0.0,55625.789
2026-08-30T15:27:06.262Z,66.620196,-145.208853,2048.33,1607.69,2132.12,249.33,233.05,-9.41,0.55,110.52,112.66,113.05,704.12,0.0,0.96,0.997,0.977,0.906,3,1.0,0.0,55626.688
2026-08-30T15:27:07.224Z,66.620019,-145.210042,2060.81,1625.53,2143.05,248.64,232.39,-7.49,0.97,110.51,112.64,112.49,756.51,0.0,0.988,1.033,1.011,1.913,2,1.0,0.0,55627.668
2026-08-30T15:27:08.317Z,66.619817,-145.211381,2072.33,1633.35,2155.88,247.72,231.48,-7.32,1.31,110.55,112.84,112.89,616.01,0.0,0.82,0.844,0.831,1.229,4,1.0,0.0,55628.75
2026-08-30T15:27:09.314Z,66.619629,-145.212601,2080.58,1640.74,2165.58,248.67,232.45,-8.42,-0.24,110.92,113.35,113.15,556.99,0.0,0.976,1.005,0.991,0.253,2,1.0,0.0,55629.738
2026-08-30T15:27:10.195Z,66.619461,-145.213687,2089.2,1645.62,2173.84,247.8,231.56,-8.34,-1.62,111.26,113.64,113.18,583.89,0.0,0.996,1.026,1.011,0.423,3,1.0,0.0,55630.621
2026-08-30T15:27:11.259Z,66.61926,-145.214994,2100.98,1662.66,2184.58,249.71,233.53,-9.3,-4.49,109.74,111.85,110.96,665.05,0.0,1.002,1.027,1.017,0.033,4,1.0,0.0,55631.691
2026-08-30T15:27:12.258Z,66.619082,-145.216194,2113.35,1679.02,2195.88,248.64,232.35,-8.32,1.33,109.86,112.3,110.91,706.46,0.0,0.943,0.968,0.956,0.218,2,1.0,0.0,55632.691
2026-08-30T15:27:13.152Z,66.618921,-145.217287,2123.52,1654.88,2206.38,247.29,231.03,-8.05,2.74,110.18,112.63,111.04,676.69,0.0,0.921,0.931,0.926,0.15,3,1.0,0.0,55633.582
2026-08-30T15:27:14.236Z,66.618723,-145.218594,2134.37,1692.29,2218.31,245.89,229.61,-8.19,1.92,111.87,114.64,112.92,619.59,0.0,0.953,0.995,0.973,0.714,4,1.0,0.0,55634.66
2026-08-30T15:27:15.394Z,66.618504,-145.220011,2146.91,1702.91,2230.42,246.62,230.4,-8.03,2.71,112.43,114.9,112.83,659.19,0.0,1.001,1.001,1.001,,1,1.0,0.0,55635.828
2026-08-30T15:27:16.298Z,66.618327,-145.221115,2157.35,1713.36,2239.81,246.27,230.01,-8.33,1.56,112.38,114.81,112.78,682.27,0.0,0.976,0.979,0.977,0.182,3,1.0,0.0,55636.734
2026-08-30T15:27:17.299Z,66.618128,-145.222332,2169.52,1731.98,2250.89,245.53,229.29,-8.56,1.08,112.27,114.77,112.62,723.47,0.0,0.994,0.994,0.994,0.033,2,1.0,0.0,55637.734
2026-08-30T15:27:18.204Z,66.617946,-145.223427,2181.17,1741.68,2262.13,245.47,229.23,-8.69,0.58,111.88,114.37,112.45,757.73,0.0,0.982,0.989,0.985,0.096,3,1.0,0.0,55638.633
2026-08-30T15:27:19.267Z,66.61773,-145.224707,2195.32,1756.13,2276.78,245.16,228.92,-8.93,-0.22,111.79,114.37,112.21,792.68,0.0,0.98,0.984,0.982,0.156,4,1.0,0.0,55639.703
2026-08-30T15:27:20.275Z,66.617526,-145.225903,2209.27,1767.3,2290.01,245.16,228.92,-9.29,-0.69,111.38,113.94,111.69,832.32,0.0,0.988,0.99,0.989,0.068,2,1.0,0.0,55640.691
2026-08-30T15:27:21.153Z,66.617346,-145.226963,2222.19,1783.13,2302.22,245.15,228.92,-9.55,-1.6,111.12,113.67,111.34,860.22,0.0,0.974,0.981,0.977,0.034,3,1.0,0.0,55641.602
2026-08-30T15:27:22.252Z,66.617124,-145.228266,2238.42,1794.93,2318.08,245.4,229.17,-9.71,-2.27,110.71,113.29,110.86,883.36,0.0,0.974,0.975,0.975,0.053,4,1.0,0.0,55642.684
2026-08-30T15:27:23.243Z,66.616925,-145.229448,2253.38,1809.12,2332.88,245.67,229.44,-9.79,-2.79,110.33,112.88,110.42,895.26,0.0,0.967,0.968,0.967,0.014,2,1.0,0.0,55643.668
2026-08-30T15:27:24.314Z,66.616714,-145.230719,2269.51,1825.62,2348.95,245.85,229.59,-9.9,-3.27,109.76,112.3,109.88,899.76,0.0,0.965,0.966,0.965,0.05,4,1.0,0.0,55644.746
2026-08-30T15:27:25.478Z,66.616491,-145.232089,2287.8,1797.96,2368.49,247.31,231.1,-10.73,-3.05,109.53,112.14,109.29,957.49,0.0,0.997,0.997,0.997,,1,1.0,0.0,55645.895
2026-08-30T15:27:26.135Z,66.616366,-145.232869,2299.09,1809.26,2378.61,247.56,231.33,-10.55,-3.77,109.23,111.83,108.87,993.94,0.0,0.988,0.995,0.991,0.24,2,1.0,0.0,55646.578
2026-08-30T15:27:27.244Z,66.616162,-145.234176,2318.03,1875.07,2397.47,247.3,231.06,-9.02,-1.98,108.88,111.58,108.33,996.13,0.0,0.943,0.964,0.958,1.314,4,1.0,0.0,55647.672
2026-08-30T15:27:28.246Z,66.61598,-145.235357,2331.79,1889.5,2412.33,247.35,231.12,-8.41,1.44,108.6,111.33,108.44,825.39,0.0,0.812,0.829,0.82,0.749,2,1.0,0.0,55648.684
2026-08-30T15:27:29.341Z,66.615779,-145.23664,2343.78,1901.25,2426.2,246.7,230.45,-8.83,0.85,108.65,111.48,108.41,713.64,0.0,0.903,0.956,0.932,0.228,4,1.0,0.0,55649.766
2026-08-30T15:27:30.341Z,66.615593,-145.237812,2354.85,1876.12,2437.76,246.08,229.84,-8.86,0.59,108.69,111.56,108.35,684.99,0.0,0.969,0.969,0.969,0.015,2,1.0,0.0,55650.762
2026-08-30T15:27:31.194Z,66.615432,-145.238815,2364.52,1920.75,2447.52,245.96,229.72,-8.87,0.28,108.79,111.87,108.5,684.99,0.0,0.971,0.972,0.971,0.083,3,1.0,0.0,55651.641
2026-08-30T15:27:32.286Z,66.615223,-145.240087,2377.55,1933.33,2460.07,245.86,229.62,-9.08,-0.13,109.22,112.11,108.65,712.31,0.0,0.95,0.959,0.953,0.273,4,1.0,0.0,55652.707
2026-08-30T15:27:33.276Z,66.615031,-145.24124,2389.64,1944.09,2472.11,245.67,229.43,-9.1,-0.18,109.17,112.15,108.45,732.05,0.0,0.974,0.976,0.975,0.033,2,1.0,0.0,55653.695
2026-08-30T15:27:34.141Z,66.614863,-145.24225,2400.03,1955.62,2482.97,245.42,229.18,-7.27,2.71,109.38,112.37,108.57,688.99,0.0,0.888,0.954,0.922,1.001,3,1.0,0.0,55654.57
2026-08-30T15:27:35.178Z,66.614656,-145.243456,2409.32,1917.21,2494.14,244.94,228.7,-8.01,2.34,109.48,112.5,108.82,574.93,0.0,0.898,0.927,0.913,0.352,2,1.0,0.0,55655.609
2026-08-30T15:27:36.154Z,66.614458,-145.244586,2417.9,1970.03,2503.04,244.22,227.97,-7.95,2.66,109.64,112.73,108.97,551.75,0.0,0.976,0.981,0.979,0.13,2,1.0,0.0,55656.578
2026-08-30T15:27:37.221Z,66.614234,-145.24582,2427.69,1938.4,2512.77,243.75,227.51,-7.71,3.56,109.89,113.01,109.16,549.06,0.0,0.965,0.975,0.971,0.339,4,1.0,0.0,55657.648
2026-08-30T15:27:38.206Z,66.614022,-145.246957,2436.57,1947.28,2521.16,243.07,226.82,-7.67,4.12,110.06,112.96,109.35,542.46,0.0,0.964,0.967,0.965,0.398,2,1.0,0.0,55658.637
2026-08-30T15:27:39.319Z,66.613776,-145.248222,2446.43,2003.66,2533.0,241.85,225.6,-7.94,3.32,109.95,112.96,109.53,538.51,0.0,0.965,0.969,0.967,0.185,4,1.0,0.0,55659.746
2026-08-30T15:27:40.325Z,66.613546,-145.249366,2455.82,2013.15,2542.64,240.85,224.62,-7.68,3.24,110.09,113.43,109.69,559.85,0.0,0.985,0.991,0.988,0.122,2,1.0,0.0,55660.762
2026-08-30T15:27:41.223Z,66.613334,-145.250389,2464.33,2021.57,2550.72,240.59,224.35,-8.05,1.26,110.4,113.59,109.8,558.65,0.0,0.955,0.964,0.958,0.286,3,1.0,0.0,55661.664
2026-08-30T15:27:42.321Z,66.613073,-145.251625,2474.74,2032.67,2560.14,240.22,224.0,-8.34,0.36,110.18,113.18,109.34,562.94,0.0,0.976,0.993,0.985,0.135,4,1.0,0.0,55662.746
2026-08-30T15:27:43.313Z,66.612836,-145.25274,2483.99,2041.92,2569.06,240.29,224.07,-8.09,-0.24,110.18,113.37,109.39,565.37,0.0,0.984,0.994,0.989,0.086,2,1.0,0.0,55663.738
2026-08-30T15:27:44.202Z,66.612624,-145.253735,2492.5,2048.3,2577.31,240.32,224.1,-8.33,-0.97,110.17,113.35,109.42,576.66,0.0,0.973,0.977,0.975,0.118,3,1.0,0.0,55664.629
2026-08-30T15:27:45.238Z,66.612373,-145.254901,2503.08,2058.92,2587.21,240.2,223.97,-8.53,-1.2,110.0,113.1,109.19,603.54,0.0,0.985,0.99,0.988,0.058,2,1.0,0.0,55665.684
2026-08-30T15:27:46.237Z,66.612134,-145.256014,2513.31,2065.69,2597.34,240.0,223.78,-8.63,-1.13,109.51,112.54,108.68,604.42,0.0,1.01,1.017,1.013,0.214,2,1.0,0.0,55666.664
2026-08-30T15:27:47.305Z,66.611879,-145.257207,2523.65,2076.02,2607.0,240.81,224.61,-8.24,-3.29,109.12,112.31,108.28,583.7,0.0,1.006,1.02,1.014,0.523,4,1.0,0.0,55667.734
2026-08-30T15:27:48.315Z,66.611643,-145.258326,2532.93,2087.77,2615.83,241.43,225.21,-8.47,-0.81,109.2,112.53,108.4,567.77,0.0,0.971,0.978,0.975,0.185,2,1.0,0.0,55668.773
2026-08-30T15:27:49.233Z,66.611428,-145.259351,2541.98,2096.92,2624.43,241.17,224.93,-8.15,-1.12,109.61,112.97,108.5,588.03,0.0,0.984,0.997,0.991,0.398,3,1.0,0.0,55669.695
2026-08-30T15:27:50.172Z,66.611208,-145.260406,2551.34,2107.33,2634.82,240.76,224.54,-8.13,-0.89,109.88,113.28,108.68,589.06,0.0,0.959,0.961,0.96,0.181,3,1.0,0.0,55670.625
2026-08-30T15:27:51.203Z,66.610967,-145.261554,2561.44,2117.45,2645.55,240.57,224.34,-8.22,-1.33,110.21,113.61,108.72,592.53,0.0,0.968,0.969,0.969,0.091,2,1.0,0.0,55671.637
2026-08-30T15:27:52.298Z,66.61071,-145.262779,2572.58,2129.06,2656.61,240.71,224.49,-8.42,-1.77,110.22,113.67,108.64,613.45,0.0,0.972,0.98,0.976,0.027,4,1.0,0.0,55672.734
2026-08-30T15:27:53.280Z,66.61048,-145.263885,2583.21,2139.69,2666.49,240.69,224.48,-7.99,-0.91,110.11,113.66,108.76,642.28,0.0,0.981,0.985,0.983,0.11,2,1.0,0.0,55673.723
2026-08-30T15:27:54.170Z,66.610272,-145.264881,2593.14,2151.81,2675.05,240.87,224.64,-7.75,-1.13,110.26,113.62,108.96,656.24,0.0,0.962,0.978,0.97,0.214,3,1.0,0.0,55674.602
2026-08-30T15:27:55.237Z,66.610022,-145.266078,2604.85,2163.51,2687.45,240.97,224.75,-7.95,-1.51,110.73,114.46,109.17,662.97,0.0,0.968,0.974,0.971,0.063,2,1.0,0.0,55675.668
2026-08-30T15:27:56.231Z,66.609788,-145.267213,2616.54,2175.79,2699.19,241.04,224.82,-8.08,-2.06,111.2,114.88,109.47,695.88,0.0,0.984,0.988,0.986,0.082,2,1.0,0.0,55676.68
2026-08-30T15:27:57.147Z,66.609573,-145.268236,2627.54,2186.75,2709.92,241.82,225.62,-8.24,-3.1,111.31,114.8,109.55,707.61,0.0,0.944,0.977,0.961,0.557,3,1.0,0.0,55677.578
2026-08-30T15:27:58.230Z,66.609324,-145.269456,2640.09,2200.72,2722.63,241.89,225.67,-8.66,-3.23,111.28,115.0,109.52,707.08,0.0,0.949,0.977,0.963,0.262,4,1.0,0.0,55678.648
2026-08-30T15:27:59.217Z,66.609096,-145.270587,2651.92,2212.55,2734.66,242.56,226.35,-8.43,-2.02,111.5,115.26,109.6,711.56,0.0,0.954,0.96,0.957,0.212,2,1.0,0.0,55679.648
2026-08-30T15:28:00.312Z,66.608848,-145.271829,2665.5,2226.61,2748.66,242.23,225.99,-8.29,-1.52,111.57,115.21,109.66,750.74,0.0,0.964,0.984,0.974,0.272,4,1.0,0.0,55680.738
2026-08-30T15:28:01.294Z,66.608624,-145.272952,2677.55,2238.61,2760.77,242.01,225.79,-7.56,0.21,112.01,115.86,110.64,709.71,0.0,0.921,0.924,0.922,0.584,2,1.0,0.0,55681.711
2026-08-30T15:28:02.153Z,66.608425,-145.273946,2686.89,2255.81,2770.33,241.69,225.45,-7.86,-0.67,112.28,116.05,110.77,681.94,0.0,0.967,0.983,0.975,0.127,3,1.0,0.0,55682.59
2026-08-30T15:28:03.254Z,66.608171,-145.275209,2699.7,2268.55,2782.57,241.42,225.21,-8.13,-1.14,112.44,116.27,110.81,703.06,0.0,0.989,0.992,0.991,0.193,4,1.0,0.0,55683.688
2026-08-30T15:28:04.245Z,66.60794,-145.276361,2712.02,2248.22,2797.77,241.99,225.77,-8.37,-0.93,112.58,116.38,110.74,733.86,0.0,0.984,0.986,0.985,0.061,2,1.0,0.0,55684.684
2026-08-30T15:28:05.296Z,66.607696,-145.277574,2725.56,2261.76,2810.19,241.74,225.51,-8.81,-2.91,112.54,116.44,110.86,763.7,0.0,0.983,0.985,0.984,0.045,2,1.0,0.0,55685.734
2026-08-30T15:28:06.283Z,66.607472,-145.278701,2738.78,2310.11,2821.71,242.27,226.08,-9.06,-3.67,112.75,116.63,110.56,809.19,0.0,1.011,1.014,1.013,0.079,2,1.0,0.0,55686.719
2026-08-30T15:28:07.157Z,66.607277,-145.279714,2751.52,2322.87,2832.59,243.42,227.23,-9.07,-4.43,112.64,116.35,110.37,854.5,0.0,1.005,1.013,1.01,0.565,3,1.0,0.0,55687.602
2026-08-30T15:28:08.250Z,66.607039,-145.280974,2767.48,2327.91,2847.7,244.22,228.01,-9.44,-5.55,112.14,115.93,109.97,866.54,0.0,0.969,0.981,0.974,0.441,4,1.0,0.0,55688.664
2026-08-30T15:28:09.256Z,66.606825,-145.282145,2781.38,2341.78,2861.93,244.73,228.55,-8.85,-6.76,111.77,115.6,109.64,815.2,0.0,0.977,0.984,0.981,0.107,2,1.0,0.0,55689.676
2026-08-30T15:28:10.321Z,66.606604,-145.283393,2793.64,2321.3,2875.13,245.51,229.32,-7.73,-3.58,111.38,115.35,109.7,710.01,0.0,0.974,0.985,0.981,0.545,4,1.0,0.0,55690.746
2026-08-30T15:28:11.307Z,66.606404,-145.284564,2803.45,2331.19,2885.32,246.0,229.78,-8.01,-1.56,111.41,115.37,109.92,615.19,0.0,0.933,0.942,0.938,0.398,2,1.0,0.0,55691.758
2026-08-30T15:28:12.213Z,66.606223,-145.285616,2811.91,2336.21,2895.47,245.33,229.09,-8.23,-1.91,111.55,115.61,110.01,597.08,0.0,0.987,1.004,0.997,0.113,3,1.0,0.0,55692.645
2026-08-30T15:28:13.293Z,66.606008,-145.286886,2822.95,2347.27,2907.31,245.14,228.94,-8.53,-0.22,111.68,115.76,110.01,622.16,0.0,1.002,1.015,1.008,0.225,4,1.0,0.0,55693.703
2026-08-30T15:28:14.248Z,66.605817,-145.288012,2833.63,2372.12,2917.38,245.03,228.82,-8.3,-1.16,111.75,115.79,109.89,656.53,0.0,0.999,1.006,1.002,0.093,2,1.0,0.0,55694.656
2026-08-30T15:28:15.240Z,66.605619,-145.289179,2844.83,2383.32,2928.11,245.16,228.96,-8.11,0.78,111.81,115.92,109.79,670.17,0.0,0.99,0.995,0.992,0.353,2,1.0,0.0,55695.645
2026-08-30T15:28:16.297Z,66.605406,-145.290419,2856.89,2428.7,2939.44,245.18,228.97,-8.35,0.84,111.96,116.04,109.85,685.3,0.0,0.989,0.997,0.992,0.319,4,1.0,0.0,55696.695
2026-08-30T15:28:17.226Z,66.605218,-145.291502,2867.94,2439.76,2950.23,244.81,228.59,-8.53,0.39,111.84,115.91,109.77,710.69,0.0,1.002,1.002,1.002,0.043,2,1.0,0.0,55697.625
2026-08-30T15:28:18.265Z,66.605005,-145.292723,2880.55,2453.03,2962.81,245.26,229.08,-9.06,-0.72,111.18,115.22,109.03,724.1,0.0,1.007,1.04,1.025,0.338,4,1.0,0.0,55698.672
2026-08-30T15:28:19.335Z,66.604789,-145.293961,2894.67,2467.18,2976.11,245.08,228.84,-8.49,-2.09,111.11,115.24,108.86,779.1,0.0,1.005,1.046,1.031,1.148,4,1.0,0.0,55699.727
2026-08-30T15:28:20.252Z,66.604604,-145.295027,2906.44,2477.26,2987.97,244.99,228.8,-8.6,-1.68,111.09,115.25,108.87,762.16,0.0,0.945,0.953,0.949,0.275,2,1.0,0.0,55700.641
2026-08-30T15:28:21.308Z,66.604392,-145.296252,2919.67,2490.51,3001.31,245.5,229.29,-8.79,-1.94,110.85,114.96,108.53,761.36,0.0,0.976,0.999,0.989,0.239,4,1.0,0.0,55701.695
2026-08-30T15:28:22.144Z,66.604226,-145.297221,2930.14,2503.38,3011.91,245.27,229.06,-8.66,-1.21,110.41,114.61,108.06,741.01,0.0,0.972,0.986,0.979,0.049,3,1.0,0.0,55702.535
2026-08-30T15:28:23.249Z,66.604008,-145.298498,2942.96,2516.22,3024.21,245.03,228.81,-8.8,-1.24,110.94,115.25,108.43,716.75,0.0,0.984,0.986,0.985,0.077,3,1.0,0.0,55703.652
2026-08-30T15:28:24.300Z,66.6038,-145.299719,2955.86,2528.41,3034.77,244.78,228.58,-8.84,-1.7,111.09,115.4,108.31,732.74,0.0,0.996,0.997,0.996,0.122,4,1.0,0.0,55704.695
2026-08-30T15:28:25.343Z,66.603595,-145.30093,2968.82,2541.38,3048.42,245.12,228.92,-8.71,-3.51,111.06,115.4,108.23,740.43,0.0,0.981,0.981,0.981,,1,1.0,0.0,55705.746
2026-08-30T15:28:26.207Z,66.603429,-145.301926,2979.15,2550.93,3060.34,245.54,229.34,-8.22,-2.27,111.06,115.42,108.26,719.63,0.0,0.953,0.969,0.961,0.215,3,1.0,0.0,55706.609
2026-08-30T15:28:27.249Z,66.603227,-145.303144,2990.65,2562.4,3073.23,245.86,229.65,-8.22,-3.3,111.06,115.44,108.37,670.44,0.0,0.946,0.959,0.953,0.191,4,1.0,0.0,55707.652
2026-08-30T15:28:28.208Z,66.603044,-145.304263,3000.89,2573.53,3084.08,245.93,229.74,-7.89,-3.04,111.34,115.87,108.47,652.5,0.0,0.991,0.992,0.991,0.584,2,1.0,0.0,55708.613
2026-08-30T15:28:29.264Z,66.602846,-145.305499,3011.15,2583.73,3095.33,246.66,230.46,-7.07,-3.83,111.64,116.12,108.82,578.4,0.0,0.918,0.948,0.93,0.096,4,1.0,0.0,55709.668
2026-08-30T15:28:30.201Z,66.602671,-145.306604,3018.43,2590.58,3104.22,246.91,230.71,-6.7,-4.4,111.89,116.43,109.19,492.45,0.0,0.933,0.936,0.935,0.009,2,1.0,0.0,55710.609
2026-08-30T15:28:31.244Z,66.60248,-145.307844,3024.7,2596.79,3112.84,247.44,231.24,-5.98,-1.49,112.45,117.11,109.86,378.05,0.0,0.916,0.93,0.921,0.25,4,1.0,0.0,55711.66
2026-08-30T15:28:32.307Z,66.602286,-145.309115,3029.33,2602.46,3118.66,247.42,231.21,-5.93,-1.99,113.1,117.83,110.61,294.88,0.0,0.938,0.966,0.954,0.235,4,1.0,0.0,55712.719
2026-08-30T15:28:33.258Z,66.602113,-145.310251,3032.96,2606.08,3123.09,247.53,231.33,-5.58,-3.07,113.84,118.6,111.3,245.61,0.0,0.957,0.962,0.96,0.057,2,1.0,0.0,55713.676
2026-08-30T15:28:34.333Z,66.601917,-145.311567,3036.36,2610.92,3126.98,247.97,231.77,-5.27,-4.07,114.34,119.01,111.66,203.2,0.0,0.966,0.973,0.969,0.398,3,1.0,0.0,55714.738
2026-08-30T15:28:35.428Z,66.601722,-145.312914,3038.95,2613.49,3130.27,248.86,232.67,-4.94,-3.58,116.86,122.12,114.81,152.0,0.0,0.979,0.979,0.979,,1,1.0,0.0,55715.836
2026-08-30T15:28:36.273Z,66.601573,-145.31398,3040.56,2613.5,3132.29,249.39,233.19,-5.11,-3.7,117.8,122.74,115.5,131.9,0.0,0.981,0.99,0.985,0.299,3,1.0,0.0,55716.684
2026-08-30T15:28:37.329Z,66.601391,-145.315315,3043.02,2615.98,3134.64,249.72,233.52,-5.23,-4.0,118.56,123.53,116.29,145.49,0.0,1.006,1.014,1.011,0.105,4,1.0,0.0,55717.727
2026-08-30T15:28:38.258Z,66.601231,-145.316519,3045.79,2618.21,3137.01,250.19,233.99,-5.5,-4.03,119.09,123.97,116.78,173.94,0.0,1.012,1.014,1.013,0.137,2,1.0,0.0,55718.656
2026-08-30T15:28:39.294Z,66.601057,-145.317855,3049.63,2622.08,3140.21,250.64,234.44,-5.67,-4.86,119.27,124.27,117.01,226.1,0.0,1.03,1.041,1.037,0.114,4,1.0,0.0,55719.695
2026-08-30T15:28:40.146Z,66.600918,-145.318966,3054.83,2625.77,3143.57,251.06,234.88,-6.3,-6.31,119.58,124.47,117.26,328.41,0.0,0.977,1.004,0.989,0.468,3,1.0,0.0,55720.543
2026-08-30T15:28:41.282Z,66.60074,-145.320445,3063.41,2634.4,3150.25,252.29,236.11,-6.72,-7.35,119.73,124.67,117.45,432.16,0.0,1.021,1.028,1.026,0.149,3,1.0,0.0,55721.668
2026-08-30T15:28:42.310Z,66.600587,-145.321802,3072.56,2641.8,3158.27,253.28,237.11,-7.15,-7.59,119.82,124.86,117.67,514.05,0.0,1.021,1.023,1.022,0.093,4,1.0,0.0,55722.707
2026-08-30T15:28:43.226Z,66.600461,-145.323013,3082.12,2651.38,3167.68,254.38,238.2,-7.43,-7.86,119.91,124.84,117.67,597.82,0.0,1.027,1.028,1.028,0.062,2,1.0,0.0,55723.617
2026-08-30T15:28:44.269Z,66.600326,-145.324405,3094.13,2661.97,3178.59,255.44,239.27,-7.54,-6.92,119.72,124.66,117.55,663.25,0.0,1.012,1.018,1.015,0.063,4,1.0,0.0,55724.676
2026-08-30T15:28:45.268Z,66.600208,-145.325732,3105.95,2673.8,3189.12,256.15,239.97,-7.5,-6.9,119.54,124.48,117.44,695.87,0.0,0.995,1.0,0.997,0.001,2,1.0,0.0,55725.672
2026-08-30T15:28:46.205Z,66.600104,-145.326989,3117.18,2686.79,3199.87,256.91,240.74,-7.74,-6.48,119.32,124.29,117.29,714.42,0.0,1.0,1.004,1.002,0.114,2,1.0,0.0,55726.613
2026-08-30T15:28:47.272Z,66.599994,-145.328416,3130.31,2699.87,3212.36,257.78,241.58,-7.48,-3.57,119.19,124.18,117.11,730.91,0.0,0.993,0.999,0.996,0.249,4,1.0,0.0,55727.684
2026-08-30T15:28:48.331Z,66.599891,-145.329839,3143.22,2709.41,3225.36,257.69,241.5,-7.57,-4.92,119.02,124.02,116.96,728.17,0.0,0.979,0.984,0.981,0.109,4,1.0,0.0,55728.73
2026-08-30T15:28:49.263Z,66.599805,-145.331086,3154.81,2721.02,3236.8,258.38,242.19,-7.54,-3.41,118.02,122.8,115.82,747.21,0.0,0.944,0.96,0.952,0.001,2,1.0,0.0,55729.664
2026-08-30T15:28:50.303Z,66.599712,-145.332464,3168.35,2685.69,3249.91,258.62,242.41,-7.74,-1.65,117.76,122.98,115.65,781.37,0.0,0.956,1.007,0.985,0.371,4,1.0,0.0,55730.703
2026-08-30T15:28:51.164Z,66.599637,-145.333604,3180.02,2697.31,3261.13,258.53,242.34,-7.49,-3.85,117.82,122.7,115.34,798.57,0.0,0.973,1.002,0.988,0.315,3,1.0,0.0,55731.562
2026-08-30T15:28:52.298Z,66.599541,-145.335111,3194.79,2753.94,3276.15,259.16,242.97,-7.55,-2.46,117.31,122.46,115.5,772.82,0.0,0.956,0.963,0.96,0.135,3,1.0,0.0,55732.711
2026-08-30T15:28:53.169Z,66.59947,-145.33626,3205.18,2764.31,3287.13,259.16,242.96,-7.1,-2.81,118.04,123.35,116.03,733.38,0.0,0.955,0.965,0.96,0.11,3,1.0,0.0,55733.559
2026-08-30T15:28:54.286Z,66.599379,-145.337757,3216.53,2782.24,3299.75,259.02,242.83,-5.76,-0.34,117.89,122.98,116.02,593.7,0.0,0.872,0.909,0.89,0.434,3,1.0,0.0,55734.684
2026-08-30T15:28:55.270Z,66.5993,-145.339065,3223.44,2789.14,3308.71,259.2,242.99,-6.36,-0.02,117.75,122.97,116.0,487.61,0.0,0.964,0.996,0.98,0.164,2,1.0,0.0,55735.672
2026-08-30T15:28:56.200Z,66.599222,-145.340322,3230.66,2799.46,3317.32,258.7,242.5,-5.34,-1.9,118.03,123.24,116.21,457.48,0.0,0.975,1.001,0.988,0.61,2,1.0,0.0,55736.613
2026-08-30T15:28:57.252Z,66.599133,-145.341722,3236.53,2805.31,3324.64,258.82,242.64,-5.29,-2.13,118.58,123.98,117.03,374.74,0.0,0.926,0.946,0.934,0.602,4,1.0,0.0,55737.66
2026-08-30T15:28:58.307Z,66.599048,-145.34314,3243.3,2808.83,3331.56,259.87,243.69,-5.67,-2.83,119.73,125.13,118.13,401.52,0.0,0.975,0.991,0.984,0.64,4,1.0,0.0,55738.723
2026-08-30T15:28:59.270Z,66.598974,-145.344451,3250.16,2815.71,3337.71,260.3,244.1,-6.12,-1.02,120.14,125.47,118.49,411.33,0.0,0.939,0.956,0.948,0.356,2,1.0,0.0,55739.676
2026-08-30T15:29:00.331Z,66.598893,-145.345906,3257.87,2787.48,3344.96,259.94,243.74,-6.44,-1.48,120.56,125.93,118.89,440.15,0.0,0.993,1.019,1.008,0.105,4,1.0,0.0,55740.734
2026-08-30T15:29:01.272Z,66.598822,-145.347195,3265.58,2795.21,3351.95,260.07,243.88,-6.58,-1.78,120.64,125.94,118.88,482.04,0.0,1.009,1.011,1.01,0.061,2,1.0,0.0,55741.672
2026-08-30T15:29:02.309Z,66.598745,-145.348613,3274.97,2843.59,3359.95,260.06,243.87,-6.73,-2.32,120.57,125.92,118.85,526.8,0.0,0.988,1.002,0.993,0.151,4,1.0,0.0,55742.711
2026-08-30T15:29:03.177Z,66.598681,-145.349809,3283.01,2851.57,3368.03,260.23,244.04,-5.63,-1.48,120.44,125.58,118.98,528.85,0.0,0.961,0.998,0.981,0.868,3,1.0,0.0,55743.582
2026-08-30T15:29:04.308Z,66.598597,-145.351358,3291.62,2863.62,3377.73,260.13,243.92,-5.93,-2.46,120.87,126.63,119.2,470.37,0.0,0.948,0.998,0.974,0.72,3,1.0,0.0,55744.688
2026-08-30T15:29:05.289Z,66.598527,-145.352706,3298.8,2870.8,3385.39,260.51,244.34,-6.09,-3.64,121.77,127.26,119.42,452.49,0.0,0.992,0.996,0.994,0.158,2,1.0,0.0,55745.695
2026-08-30T15:29:06.231Z,66.598462,-145.354012,3306.37,2874.77,3392.59,260.83,244.63,-5.93,-1.54,122.31,127.94,120.21,487.5,0.0,1.001,1.008,1.005,0.06,2,1.0,0.0,55746.637
2026-08-30T15:29:07.283Z,66.598391,-145.35547,3315.98,2884.41,3401.39,260.92,244.73,-6.39,-1.78,122.68,128.29,120.31,543.51,0.0,1.004,1.032,1.019,0.295,4,1.0,0.0,55747.684
2026-08-30T15:29:08.215Z,66.598331,-145.356758,3325.89,2893.5,3410.18,260.33,244.12,-7.2,-2.05,121.59,126.89,118.65,629.94,0.0,1.041,1.057,1.049,0.406,2,1.0,0.0,55748.617
2026-08-30T15:29:09.271Z,66.598266,-145.358212,3338.14,2905.67,3424.11,261.37,245.21,-5.41,-2.53,121.52,127.01,118.83,624.19,0.0,0.871,1.045,0.958,1.869,4,1.0,0.0,55749.68
2026-08-30T15:29:10.318Z,66.598204,-145.359649,3347.23,2912.58,3433.92,261.95,245.78,-6.62,-3.87,121.42,126.89,119.0,571.12,0.0,0.904,1.022,0.967,1.079,4,1.0,0.0,55750.719
2026-08-30T15:29:11.248Z,66.598152,-145.360942,3356.82,2922.19,3442.52,261.85,245.65,-6.07,-3.01,121.13,126.58,118.87,604.76,0.0,1.014,1.038,1.026,0.734,2,1.0,0.0,55751.648
2026-08-30T15:29:12.292Z,66.598097,-145.362369,3367.22,2935.07,3452.0,262.39,246.24,-6.73,-2.95,121.39,126.87,118.96,597.65,0.0,0.958,0.982,0.968,0.622,4,1.0,0.0,55752.695
2026-08-30T15:29:13.151Z,66.598054,-145.363553,3376.08,2943.95,3460.39,262.82,246.64,-7.37,-4.28,121.17,126.67,118.74,622.62,0.0,1.004,1.028,1.016,0.117,3,1.0,0.0,55753.551
2026-08-30T15:29:14.295Z,66.598003,-145.365128,3389.42,2955.72,3472.5,263.43,247.26,-7.58,-4.79,120.96,126.53,118.48,691.5,0.0,1.024,1.031,1.027,0.129,3,1.0,0.0,55754.688
2026-08-30T15:29:15.256Z,66.597965,-145.366447,3401.47,2967.78,3483.74,264.11,247.94,-7.5,-3.63,120.73,126.27,118.26,734.52,0.0,1.009,1.013,1.011,0.111,2,1.0,0.0,55755.656
2026-08-30T15:29:16.178Z,66.597933,-145.367713,3413.3,2977.69,3495.09,264.49,248.32,-7.83,-4.73,120.45,126.0,118.03,760.63,0.0,1.004,1.008,1.006,0.107,2,1.0,0.0,55756.57
2026-08-30T15:29:17.211Z,66.597903,-145.369128,3426.93,2991.31,3508.34,264.9,248.72,-6.95,-3.77,120.31,125.88,117.84,769.26,0.0,0.966,1.016,0.996,1.147,4,1.0,0.0,55757.598
2026-08-30T15:29:18.245Z,66.597877,-145.370543,3438.62,3006.95,3521.34,265.35,249.18,-7.09,-3.91,120.03,125.62,117.78,693.97,0.0,0.918,0.942,0.928,0.883,4,1.0,0.0,55758.637
2026-08-30T15:29:19.165Z,66.597858,-145.371798,3448.69,3017.05,3532.14,265.94,249.77,-7.34,-3.47,119.93,125.61,117.81,681.57,0.0,1.0,1.013,1.006,0.061,2,1.0,0.0,55759.574
2026-08-30T15:29:20.234Z,66.597839,-145.373271,3460.49,3004.05,3543.93,265.56,249.38,-6.65,-0.67,120.03,125.69,118.0,645.77,0.0,0.938,1.004,0.969,0.711,4,1.0,0.0,55760.609
2026-08-30T15:29:21.250Z,66.597821,-145.374664,3471.3,3014.9,3554.72,265.6,249.43,-8.02,-2.19,120.2,125.86,118.02,673.4,0.0,0.963,1.044,1.006,0.786,4,1.0,0.0,55761.621
2026-08-30T15:29:22.141Z,66.597806,-145.375885,3482.91,3012.04,3565.03,265.99,249.81,-8.06,-2.44,119.94,125.62,117.67,754.38,0.0,1.042,1.049,1.046,0.049,2,1.0,0.0,55762.527
2026-08-30T15:29:23.177Z,66.59779,-145.377308,3497.04,3026.16,3580.05,266.28,250.11,-7.78,-1.29,119.57,125.2,117.34,784.96,0.0,0.973,1.012,0.99,0.291,4,1.0,0.0,55763.555
2026-08-30T15:29:24.204Z,66.597776,-145.378704,3510.72,3078.52,3593.07,266.1,249.91,-8.19,-2.17,119.17,124.68,116.83,804.27,0.0,0.99,1.014,1.003,0.168,4,1.0,0.0,55764.578
2026-08-30T15:29:25.212Z,66.597763,-145.380073,3524.58,3092.38,3605.89,266.13,249.96,-8.15,-2.27,118.48,124.14,116.15,817.27,0.0,1.012,1.012,1.012,,1,1.0,0.0,55765.578
2026-08-30T15:29:26.231Z,66.597751,-145.381448,3538.64,3106.57,3619.49,266.63,250.45,-8.1,-1.37,118.18,123.88,115.85,820.65,0.0,0.991,1.0,0.995,0.064,4,1.0,0.0,55766.605
2026-08-30T15:29:27.324Z,66.597739,-145.382908,3552.75,3120.65,3634.11,267.03,250.84,-7.43,0.38,117.52,123.18,115.24,771.85,0.0,0.959,0.984,0.972,0.266,3,1.0,0.0,55767.695
2026-08-30T15:29:28.149Z,66.59773,-145.384027,3562.4,3135.14,3644.53,266.27,250.07,-7.67,-0.2,117.34,123.04,115.16,724.35,0.0,0.956,0.974,0.964,0.254,3,1.0,0.0,55768.52
2026-08-30T15:29:29.167Z,66.597718,-145.385384,3574.12,3146.86,3656.64,266.07,249.89,-7.72,-0.3,117.19,122.92,115.01,706.02,0.0,0.99,0.996,0.994,0.041,4,1.0,0.0,55769.535
2026-08-30T15:29:30.243Z,66.597703,-145.386825,3586.53,3150.93,3669.25,266.41,250.22,-7.48,-0.83,117.02,122.67,114.72,692.67,0.0,0.974,0.987,0.981,0.059,3,1.0,0.0,55770.613
2026-08-30T15:29:31.262Z,66.59769,-145.388184,3598.02,3162.41,3681.04,266.03,249.85,-7.68,-1.25,116.79,122.54,114.64,675.32,0.0,0.966,0.985,0.975,0.3,4,1.0,0.0,55771.648
2026-08-30T15:29:32.158Z,66.597678,-145.389378,3607.82,3172.57,3690.98,266.18,250.0,-7.58,-1.54,116.72,122.5,114.58,668.5,0.0,0.988,0.99,0.989,0.063,2,1.0,0.0,55772.539
2026-08-30T15:29:33.188Z,66.597665,-145.390747,3619.01,3183.77,3702.34,266.33,250.15,-7.54,-1.98,116.63,122.42,114.55,655.93,0.0,0.983,0.985,0.984,0.046,4,1.0,0.0,55773.559
2026-08-30T15:29:34.208Z,66.597653,-145.392113,3630.0,3196.2,3713.47,266.6,250.45,-7.44,-2.25,117.18,123.43,115.51,654.39,0.0,0.984,0.986,0.985,0.145,4,1.0,0.0,55774.594
2026-08-30T15:29:35.329Z,66.597645,-145.393622,3643.46,3209.71,3725.55,267.16,250.94,-8.06,-3.34,118.39,124.27,115.98,716.85,0.0,1.047,1.047,1.047,,1,1.0,0.0,55775.812
2026-08-30T15:29:36.265Z,66.597644,-145.394886,3655.59,3188.44,3737.01,267.11,250.96,-7.52,-3.09,118.7,124.79,115.8,753.34,0.0,1.006,1.041,1.024,0.565,3,1.0,0.0,55776.695
2026-08-30T15:29:37.352Z,66.597644,-145.396346,3669.39,3202.25,3750.99,267.9,251.73,-8.37,-4.42,118.14,124.05,115.14,766.32,0.0,0.978,1.0,0.989,0.362,2,1.0,0.0,55777.793
2026-08-30T15:29:38.252Z,66.597649,-145.397556,3681.54,3206.53,3762.96,268.43,252.26,-8.11,-4.81,117.86,123.79,114.86,795.94,0.0,1.006,1.023,1.015,0.356,3,1.0,0.0,55778.703
2026-08-30T15:29:39.158Z,66.597658,-145.398766,3693.7,3218.67,3774.84,268.96,252.8,-8.07,-5.17,117.6,123.49,114.65,795.47,0.0,0.982,0.986,0.984,0.085,3,1.0,0.0,55779.59
2026-08-30T15:29:40.142Z,66.597673,-145.400073,3706.69,3274.18,3787.79,269.48,253.33,-7.87,-4.58,117.26,123.38,114.48,800.59,0.0,1.004,1.007,1.005,0.068,2,1.0,0.0,55780.539
2026-08-30T15:29:41.200Z,66.597695,-145.401477,3720.58,3288.05,3801.81,270.18,254.02,-7.48,-2.97,117.15,123.1,114.41,780.49,0.0,0.963,0.99,0.976,0.137,4,1.0,0.0,55781.59
2026-08-30T15:29:42.328Z,66.597723,-145.402981,3734.19,3302.67,3816.21,270.02,253.83,-7.1,-0.25,117.13,123.21,114.42,726.34,0.0,0.963,0.965,0.964,0.537,3,1.0,0.0,55782.715
2026-08-30T15:29:43.164Z,66.597744,-145.40409,3743.08,3311.52,3826.12,269.73,253.55,-7.11,-1.4,116.71,122.61,113.88,654.89,0.0,0.932,0.939,0.936,0.444,3,1.0,0.0,55783.555
2026-08-30T15:29:44.203Z,66.597768,-145.40547,3752.29,3319.93,3836.9,269.24,253.08,-6.82,0.08,116.58,122.56,114.08,559.75,0.0,0.952,0.972,0.96,0.47,4,1.0,0.0,55784.594
2026-08-30T15:29:45.232Z,66.59779,-145.406841,3760.6,3328.22,3849.14,269.53,253.35,-6.31,0.5,116.64,122.82,114.09,498.17,0.0,0.962,0.962,0.962,,1,1.0,0.0,55785.621
2026-08-30T15:29:46.257Z,66.59781,-145.408194,3767.86,3335.86,3857.49,269.24,253.06,-6.6,0.14,116.82,122.93,114.37,458.83,0.0,0.956,1.01,0.979,0.969,4,1.0,0.0,55786.637
2026-08-30T15:29:47.172Z,66.597827,-145.409404,3774.81,3342.81,3862.6,269.06,252.89,-5.98,-0.87,117.19,123.42,114.67,450.98,0.0,0.974,0.994,0.984,0.122,2,1.0,0.0,55787.539
2026-08-30T15:29:48.187Z,66.597844,-145.410764,3781.06,3355.7,3869.13,268.57,252.4,-6.17,-1.05,117.62,123.91,115.43,376.54,0.0,0.92,0.951,0.934,1.286,4,1.0,0.0,55788.57
2026-08-30T15:29:49.219Z,66.597861,-145.412164,3788.12,3362.83,3875.51,269.29,253.13,-6.59,-1.7,118.28,124.63,115.8,438.07,0.0,1.01,1.029,1.019,0.878,4,1.0,0.0,55789.633
2026-08-30T15:29:50.141Z,66.597878,-145.413404,3796.12,3370.44,3882.39,269.46,253.29,-6.74,-2.57,118.47,124.75,115.89,489.06,0.0,0.985,0.991,0.988,0.186,2,1.0,0.0,55790.527
2026-08-30T15:29:51.175Z,66.597899,-145.414789,3804.34,3378.64,3890.76,269.55,253.39,-5.89,-2.82,118.67,124.93,116.22,450.54,0.0,0.913,0.982,0.943,0.566,4,1.0,0.0,55791.566
2026-08-30T15:29:52.220Z,66.597923,-145.416198,3810.9,3341.81,3898.29,270.04,253.88,-6.17,-3.41,118.9,125.23,116.55,405.91,0.0,0.948,0.997,0.976,0.257,4,1.0,0.0,55792.621
2026-08-30T15:29:53.135Z,66.597946,-145.417442,3816.77,3347.67,3904.39,270.24,254.07,-5.86,-2.61,119.03,125.32,116.64,390.48,0.0,0.982,0.988,0.985,0.169,2,1.0,0.0,55793.523
2026-08-30T15:29:54.164Z,66.597974,-145.41884,3822.71,3354.9,3910.86,269.9,253.74,-5.55,-0.3,119.37,125.79,117.12,346.81,0.0,0.963,0.977,0.968,0.445,4,1.0,0.0,55794.543
2026-08-30T15:29:55.315Z,66.598005,-145.420399,3828.42,3360.61,3917.2,269.77,253.61,-6.04,-1.34,119.44,125.84,117.26,321.83,0.0,0.986,1.02,1.004,0.23,3,1.0,0.0,55795.691
2026-08-30T15:29:56.225Z,66.59803,-145.421649,3833.79,3399.49,3922.26,270.27,254.11,-5.9,-1.79,119.74,126.11,117.38,346.56,0.0,1.014,1.02,1.017,0.104,2,1.0,0.0,55796.617
2026-08-30T15:29:57.271Z,66.598059,-145.423074,3840.43,3406.11,3928.41,271.48,255.32,-6.75,-2.7,119.84,126.26,117.62,385.21,0.0,0.998,1.039,1.013,0.978,4,1.0,0.0,55797.66
2026-08-30T15:29:58.311Z,66.598092,-145.424502,3848.85,3413.26,3934.66,270.78,254.6,-6.34,-2.29,119.97,126.38,117.65,456.68,0.0,1.018,1.062,1.043,0.797,4,1.0,0.0,55798.699
2026-08-30T15:29:59.223Z,66.598122,-145.425731,3855.62,3419.99,3942.01,271.21,255.06,-5.51,-2.45,119.95,126.38,117.74,433.56,0.0,0.939,0.961,0.95,0.02,2,1.0,0.0,55799.613
2026-08-30T15:30:00.252Z,66.598159,-145.427151,3862.36,3426.9,3950.53,271.64,255.48,-5.87,-2.89,120.32,126.93,118.31,410.58,0.0,0.949,1.009,0.981,0.475,4,1.0,0.0,55800.645
2026-08-30T15:30:01.278Z,66.598199,-145.428561,3869.02,3433.54,3957.37,271.83,255.65,-5.71,-3.51,120.88,127.41,118.9,386.06,0.0,0.987,1.007,0.994,0.191,4,1.0,0.0,55801.68
2026-08-30T15:30:02.199Z,66.598238,-145.42983,3874.74,3447.56,3963.4,271.97,255.82,-6.07,-3.76,121.06,127.61,119.14,389.31,0.0,1.01,1.016,1.013,0.03,2,1.0,0.0,55802.59
2026-08-30T15:30:03.234Z,66.598286,-145.431257,3881.87,3454.69,3969.66,272.48,256.32,-5.94,-4.15,121.19,127.91,119.49,396.54,0.0,1.02,1.022,1.021,0.057,4,1.0,0.0,55803.68
2026-08-30T15:30:04.332Z,66.598342,-145.432784,3888.87,3464.92,3976.68,273.13,256.96,-5.99,-4.82,121.64,128.21,119.87,389.37,0.0,1.016,1.027,1.022,0.196,4,1.0,0.0,55804.773
2026-08-30T15:30:05.510Z,66.598409,-145.43441,3897.69,3473.79,3984.53,273.4,257.24,-6.86,-4.28,121.68,128.25,119.92,466.19,0.0,1.057,1.057,1.057,,1,1.0,0.0,55805.934
2026-08-30T15:30:06.182Z,66.59845,-145.435348,3904.12,3480.71,3989.81,273.9,257.75,-6.98,-4.33,121.71,128.4,119.86,531.29,0.0,1.052,1.056,1.054,0.232,2,1.0,0.0,55806.602
2026-08-30T15:30:07.269Z,66.598522,-145.436855,3915.62,3492.22,3999.78,274.39,258.23,-7.16,-4.89,121.91,128.44,119.73,614.88,0.0,1.024,1.034,1.028,0.18,4,1.0,0.0,55807.699
2026-08-30T15:30:08.254Z,66.598593,-145.438216,3927.22,3504.1,4010.32,274.88,258.71,-7.4,-5.03,121.24,127.64,119.57,688.03,0.0,1.031,1.035,1.033,0.08,2,1.0,0.0,55808.672
2026-08-30T15:30:09.316Z,66.598676,-145.439674,3941.02,3517.92,4022.96,275.62,259.49,-7.61,-6.05,121.62,128.2,119.02,757.16,0.0,1.02,1.034,1.029,0.382,4,1.0,0.0,55809.723
2026-08-30T15:30:10.262Z,66.598757,-145.440978,3953.95,3494.53,4035.17,277.03,260.91,-8.54,-7.09,120.64,127.19,118.08,809.51,0.0,1.017,1.034,1.026,0.285,2,1.0,0.0,55810.684
2026-08-30T15:30:11.337Z,66.598861,-145.442422,3969.94,3510.53,4049.53,277.44,261.32,-8.29,-7.83,120.15,126.68,117.64,870.61,0.0,1.005,1.05,1.028,0.535,4,1.0,0.0,55811.754
2026-08-30T15:30:12.321Z,66.598964,-145.443747,3984.67,3551.93,4063.74,278.37,262.21,-8.5,-7.78,119.62,126.11,117.23,884.42,0.0,0.993,0.996,0.995,0.149,2,1.0,0.0,55812.805
2026-08-30T15:30:13.273Z,66.599072,-145.445029,3999.26,3566.52,4075.94,278.88,262.76,-8.52,-6.95,119.38,126.12,117.24,912.03,0.0,1.005,1.009,1.007,0.327,3,1.0,0.0,55813.773
2026-08-30T15:30:14.219Z,66.599187,-145.446272,4014.11,3579.97,4090.66,280.11,264.0,-8.94,-6.86,119.22,125.74,116.89,948.04,0.0,0.992,1.016,1.004,0.293,3,1.0,0.0,55814.68
2026-08-30T15:30:15.453Z,66.599345,-145.44788,4034.39,3600.45,4112.27,281.44,265.31,-8.54,-6.06,117.54,123.96,115.36,982.42,0.0,0.997,0.997,0.997,,1,1.0,0.0,55815.891
2026-08-30T15:30:16.154Z,66.599442,-145.448802,4045.95,3615.1,4123.94,282.16,266.02,-8.01,-6.5,116.84,123.22,114.66,963.39,0.0,0.968,0.98,0.974,0.524,2,1.0,0.0,55816.586
2026-08-30T15:30:17.255Z,66.599598,-145.450219,4062.01,3631.12,4141.4,282.12,265.98,-8.66,-5.86,116.43,123.22,114.21,893.22,0.0,0.937,0.981,0.954,1.116,4,1.0,0.0,55817.684
2026-08-30T15:30:18.241Z,66.599743,-145.451461,4076.57,3604.58,4156.66,283.11,266.98,-8.08,-4.77,116.54,122.95,113.72,899.87,0.0,0.985,1.001,0.993,0.418,2,1.0,0.0,55818.68
2026-08-30T15:30:19.331Z,66.59991,-145.452844,4092.4,3620.39,4173.34,283.58,267.43,-8.05,-6.85,115.59,122.15,113.61,861.44,0.0,0.962,0.967,0.963,0.172,4,1.0,0.0,55819.82
2026-08-30T15:30:20.211Z,66.60005,-145.45395,4104.08,3672.92,4185.2,284.12,268.0,-7.71,-7.85,115.52,122.13,113.68,808.34,0.0,0.961,0.961,0.961,,1,1.0,0.0,55820.66
2026-08-30T15:30:21.325Z,66.600237,-145.455349,4117.04,3685.82,4199.12,285.59,269.48,-7.19,-8.63,115.35,121.98,113.81,704.54,0.0,0.93,0.945,0.937,0.11,4,1.0,0.0,55821.75
2026-08-30T15:30:22.207Z,66.600393,-145.456454,4125.7,3700.96,4212.52,286.62,270.49,-7.03,-9.75,115.38,122.08,114.1,614.23,0.0,0.943,0.957,0.95,0.105,3,1.0,0.0,55822.715
2026-08-30T15:30:23.312Z,66.600601,-145.457822,4135.09,3710.14,4221.44,287.92,271.8,-6.58,-10.88,115.3,121.88,114.18,528.01,0.0,0.963,0.964,0.963,0.011,2,1.0,0.0,55823.75
2026-08-30T15:30:24.213Z,66.600783,-145.458936,4141.27,3718.38,4228.29,289.34,273.23,-6.04,-11.87,115.5,122.41,114.89,429.66,0.0,0.953,0.955,0.954,0.181,3,1.0,0.0,55824.648
2026-08-30T15:30:25.243Z,66.601004,-145.460198,4146.27,3723.37,4234.85,290.98,274.86,-5.4,-10.94,116.11,122.99,115.7,319.26,0.0,0.963,0.964,0.963,0.062,2,1.0,0.0,55825.672
2026-08-30T15:30:26.213Z,66.601226,-145.461378,4149.38,3726.35,4239.42,292.32,276.2,-4.91,-11.57,116.71,123.64,116.6,220.63,0.0,0.956,0.956,0.956,0.06,2,1.0,0.0,55826.637
2026-08-30T15:30:27.289Z,66.60149,-145.462685,4151.27,3728.21,4242.81,294.0,277.88,-4.67,-11.89,117.43,124.2,117.18,135.23,0.0,0.964,0.977,0.971,0.254,4,1.0,0.0,55827.711
2026-08-30T15:30:28.269Z,66.601742,-145.463847,4152.66,3729.16,4244.85,295.25,279.14,-4.6,-12.33,118.75,126.01,118.55,95.86,0.0,0.959,0.964,0.961,0.266,2,1.0,0.0,55828.688
2026-08-30T15:30:29.157Z,66.60199,-145.464915,4153.25,3729.74,4246.1,297.0,280.89,-4.4,-12.6,119.63,126.75,119.5,55.66,0.0,0.979,0.989,0.985,0.074,3,1.0,0.0,55829.574
2026-08-30T15:30:30.233Z,66.602307,-145.466191,4153.37,3729.83,4246.88,298.75,282.63,-4.28,-13.01,120.46,127.63,120.69,18.48,0.0,0.995,1.001,0.997,0.116,4,1.0,0.0,55830.652
2026-08-30T15:30:31.201Z,66.60261,-145.46733,4153.36,3729.83,4247.11,300.41,284.3,-4.44,-11.31,121.27,128.42,121.81,10.79,0.0,1.001,1.005,1.003,0.208,2,1.0,0.0,55831.633
2026-08-30T15:30:32.287Z,66.602961,-145.468578,4154.15,3690.67,4247.46,302.02,285.87,-4.9,-2.11,121.89,129.07,122.62,51.79,0.0,1.015,1.047,1.034,0.04,4,1.0,0.0,55832.695
2026-08-30T15:30:33.238Z,66.603282,-145.469686,4156.4,3692.94,4248.62,301.3,285.11,-5.28,5.61,122.29,129.47,122.98,125.46,0.0,1.044,1.045,1.045,0.042,2,1.0,0.0,55833.648
2026-08-30T15:30:34.298Z,66.603631,-145.470917,4160.63,3732.5,4251.34,299.57,283.37,-5.31,9.41,122.72,129.94,123.1,219.5,0.0,1.044,1.056,1.052,0.339,4,1.0,0.0,55834.703
2026-08-30T15:30:35.380Z,66.603975,-145.472194,4166.03,3737.91,4255.68,297.73,281.55,-5.45,8.61,123.01,130.24,123.14,280.43,0.0,1.026,1.026,1.026,,1,1.0,0.0,55835.77
2026-08-30T15:30:36.217Z,66.604234,-145.473215,4170.82,3735.27,4259.79,296.73,280.54,-5.65,7.93,123.21,130.45,123.11,323.21,0.0,1.031,1.035,1.033,0.063,3,1.0,0.0,55836.609
2026-08-30T15:30:37.258Z,66.604539,-145.474478,4177.28,3741.74,4264.58,295.03,278.84,-5.82,6.85,123.3,130.55,122.98,367.67,0.0,1.037,1.056,1.048,0.221,4,1.0,0.0,55837.652
2026-08-30T15:30:38.186Z,66.604804,-145.475642,4184.12,3758.31,4270.96,294.21,278.03,-5.96,6.29,123.42,130.69,122.9,426.61,0.0,1.028,1.034,1.031,0.141,2,1.0,0.0,55838.586
2026-08-30T15:30:39.237Z,66.605092,-145.476959,4192.63,3766.85,4279.08,292.57,276.42,-5.8,4.74,124.11,131.64,123.78,453.97,0.0,0.969,0.999,0.981,0.637,4,1.0,0.0,55839.641
2026-08-30T15:30:40.296Z,66.605372,-145.478297,4200.97,3763.48,4287.23,292.9,276.75,-6.38,3.81,124.35,131.65,123.59,487.06,0.0,1.015,1.041,1.03,0.073,4,1.0,0.0,55840.699
2026-08-30T15:30:41.233Z,66.605617,-145.47951,4209.87,3772.38,4295.22,292.07,275.9,-6.73,5.16,124.22,131.51,123.33,548.67,0.0,1.039,1.039,1.039,0.003,2,1.0,0.0,55841.633
2026-08-30T15:30:42.288Z,66.605882,-145.480863,4221.08,3786.48,4305.32,290.97,274.78,-7.09,7.69,123.96,131.23,122.85,627.39,0.0,1.041,1.041,1.041,0.036,4,1.0,0.0,55842.699
2026-08-30T15:30:43.146Z,66.60609,-145.48198,4231.29,3796.6,4314.56,290.06,273.88,-7.05,9.16,123.53,130.64,121.93,686.25,0.0,1.026,1.04,1.034,0.377,3,1.0,0.0,55843.57
2026-08-30T15:30:44.306Z,66.606352,-145.483482,4245.94,3766.68,4328.14,287.98,271.8,-7.81,8.22,122.75,129.96,121.14,751.85,0.0,1.01,1.029,1.02,0.168,3,1.0,0.0,55844.703
2026-08-30T15:30:45.263Z,66.606554,-145.484729,4260.08,3780.89,4340.59,286.79,270.61,-8.7,6.37,122.55,129.91,120.81,870.38,0.0,1.074,1.074,1.074,0.133,2,1.0,0.0,55845.648
2026-08-30T15:30:46.180Z,66.606736,-145.485931,4276.22,3797.81,4354.48,285.4,269.25,-9.03,6.16,122.22,129.48,120.17,1010.89,0.0,1.072,1.077,1.075,0.176,2,1.0,0.0,55846.562
2026-08-30T15:30:47.221Z,66.606929,-145.487292,4296.6,3818.22,4374.02,285.54,269.42,-8.46,5.1,120.94,127.66,117.95,1131.63,0.0,0.979,1.048,1.021,1.551,4,1.0,0.0,55847.598
2026-08-30T15:30:48.258Z,66.607113,-145.488638,4316.85,3886.58,4393.34,284.45,268.28,-9.16,3.86,118.92,125.85,116.17,1151.59,0.0,0.885,0.911,0.896,0.972,4,1.0,0.0,55848.641
2026-08-30T15:30:49.175Z,66.607266,-145.48981,4334.82,3904.54,4410.43,284.97,268.84,-9.0,1.63,117.69,124.71,114.75,1155.55,0.0,0.944,0.949,0.946,0.449,2,1.0,0.0,55849.559
2026-08-30T15:30:50.200Z,66.607434,-145.491113,4353.33,3932.6,4428.4,283.56,267.37,-9.08,0.31,116.83,123.74,113.91,1089.69,0.0,0.925,0.946,0.934,0.491,4,1.0,0.0,55850.605
2026-08-30T15:30:51.264Z,66.607603,-145.492453,4371.42,3950.66,4443.58,283.51,267.37,-8.56,-0.14,116.26,123.33,113.45,1032.17,0.0,0.946,0.966,0.959,0.636,4,1.0,0.0,55851.637
2026-08-30T15:30:52.161Z,66.607744,-145.493588,4385.34,3962.3,4458.56,283.38,267.21,-8.12,-0.11,116.27,123.59,113.75,947.83,0.0,0.935,0.943,0.939,0.029,2,1.0,0.0,55852.543
2026-08-30T15:30:53.178Z,66.607904,-145.49488,4397.87,3974.75,4476.17,283.09,266.97,-6.65,0.33,118.07,125.48,115.87,770.46,0.0,0.934,0.966,0.946,0.57,4,1.0,0.0,55853.547
2026-08-30T15:30:54.206Z,66.608065,-145.496206,4407.85,3976.32,4490.11,283.29,267.14,-6.59,-0.72,118.25,125.67,116.02,638.0,0.0,0.952,0.964,0.957,0.464,4,1.0,0.0,55854.574
2026-08-30T15:30:55.202Z,66.608221,-145.497496,4417.05,3985.5,4501.07,283.14,267.0,-6.61,-1.51,118.38,125.76,116.14,582.2,0.0,0.987,0.987,0.987,,1,1.0,0.0,55855.57
2026-08-30T15:30:56.212Z,66.60838,-145.498808,4425.93,3997.56,4510.92,283.36,267.22,-6.6,1.82,118.39,125.69,116.1,537.76,0.0,0.971,0.976,0.973,0.147,4,1.0,0.0,55856.578
2026-08-30T15:30:57.289Z,66.608544,-145.500197,4434.95,4006.58,4520.47,282.59,266.42,-6.79,6.2,118.34,125.77,116.1,522.54,0.0,0.994,1.011,1.003,0.126,3,1.0,0.0,55857.652
2026-08-30T15:30:58.309Z,66.608693,-145.501525,4443.85,4017.86,4529.64,280.98,264.79,-6.37,9.23,118.43,125.9,116.07,517.69,0.0,0.991,1.007,0.998,0.122,4,1.0,0.0,55858.699
2026-08-30T15:30:59.210Z,66.608813,-145.502704,4451.54,4025.55,4537.17,278.51,262.32,-6.68,8.65,118.12,125.45,115.6,525.35,0.0,0.994,1.007,1.0,0.318,2,1.0,0.0,55859.582
2026-08-30T15:31:00.231Z,66.608933,-145.504049,4461.04,4035.72,4546.29,278.14,262.0,-6.31,9.54,118.38,125.87,115.56,537.23,0.0,0.984,1.026,1.008,0.815,4,1.0,0.0,55860.609
2026-08-30T15:31:01.248Z,66.609037,-145.50538,4469.38,4044.04,4555.13,276.81,260.62,-6.15,8.97,118.52,126.08,115.65,498.72,0.0,0.97,0.979,0.974,0.161,4,1.0,0.0,55861.617
2026-08-30T15:31:02.327Z,66.609133,-145.506828,4477.2,4048.01,4563.9,275.25,259.1,-6.16,7.61,118.73,126.31,115.79,436.48,0.0,0.978,0.997,0.987,0.48,3,1.0,0.0,55862.746
2026-08-30T15:31:03.208Z,66.609199,-145.50799,4482.54,4053.32,4570.05,274.39,258.21,-5.33,6.16,119.05,126.66,115.99,383.92,0.0,0.985,1.01,0.999,0.671,3,1.0,0.0,55863.656
2026-08-30T15:31:04.313Z,66.609272,-145.509492,4487.93,4057.95,4576.76,273.33,257.17,-5.64,4.61,119.36,127.04,116.36,310.98,0.0,0.942,0.982,0.956,1.139,4,1.0,0.0,55864.848
2026-08-30T15:31:05.615Z,66.609344,-145.51123,4493.57,4063.53,4584.45,272.28,256.14,-4.94,1.63,119.44,127.12,116.33,252.74,0.0,0.957,0.957,0.957,,1,1.0,0.0,55866.07
2026-08-30T15:31:06.320Z,66.609378,-145.512182,4495.8,4065.79,4586.69,272.88,256.76,-5.18,-0.86,119.74,127.45,116.58,218.19,0.0,0.964,0.974,0.969,0.245,2,1.0,0.0,55866.77
2026-08-30T15:31:07.311Z,66.609427,-145.513517,4498.9,4068.9,4589.78,273.06,256.88,-5.37,-5.41,119.59,127.3,116.62,206.35,0.0,1.021,1.024,1.023,0.115,2,1.0,0.0,55867.707
2026-08-30T15:31:08.168Z,66.609472,-145.51468,4502.02,4035.1,4593.58,272.27,256.17,-5.11,-5.14,120.1,127.88,117.1,214.31,0.0,0.999,1.017,1.009,0.221,3,1.0,0.0,55868.566
2026-08-30T15:31:09.215Z,66.609531,-145.516099,4506.01,4039.11,4596.73,274.74,258.61,-4.73,-1.46,120.61,128.52,117.55,223.71,0.0,0.993,1.006,1.001,0.479,4,1.0,0.0,55869.609
2026-08-30T15:31:10.129Z,66.609586,-145.517346,4509.19,4079.38,4599.85,273.55,257.39,-5.03,4.48,121.48,129.49,117.99,212.7,0.0,0.979,0.988,0.984,0.305,2,1.0,0.0,55870.523
2026-08-30T15:31:11.165Z,66.609643,-145.518765,4512.99,4083.19,4603.44,272.33,256.16,-5.1,9.59,122.12,129.91,118.08,226.19,0.0,1.007,1.018,1.012,0.268,4,1.0,0.0,55871.562
2026-08-30T15:31:12.221Z,66.609685,-145.520208,4517.1,4087.62,4607.41,270.57,254.42,-4.59,10.56,122.17,130.04,118.03,217.64,0.0,0.979,1.005,0.992,0.208,4,1.0,0.0,55872.613
2026-08-30T15:31:13.148Z,66.609707,-145.521482,4519.46,4089.96,4610.51,268.97,252.79,-4.72,10.12,122.49,130.39,118.38,171.11,0.0,0.979,0.991,0.985,0.266,2,1.0,0.0,55873.535
2026-08-30T15:31:14.171Z,66.609716,-145.522892,4522.18,4093.38,4613.39,267.06,250.9,-4.54,7.66,122.93,130.9,118.77,170.36,0.0,1.02,1.032,1.027,0.477,4,1.0,0.0,55874.555
2026-08-30T15:31:15.331Z,66.609707,-145.52451,4525.44,4096.64,4616.68,265.28,249.13,-4.64,6.97,123.48,131.47,119.22,171.56,0.0,0.995,1.02,1.007,0.445,3,1.0,0.0,55875.734
2026-08-30T15:31:16.270Z,66.609686,-145.525801,4528.76,4061.73,4619.3,265.03,248.9,-5.26,5.78,124.09,132.07,119.74,212.46,0.0,1.036,1.042,1.039,0.448,2,1.0,0.0,55876.656
2026-08-30T15:31:17.318Z,66.60965,-145.527263,4534.32,4067.31,4623.63,264.04,247.87,-3.97,5.62,124.49,132.47,119.98,288.52,0.0,1.063,1.091,1.081,2.265,4,1.0,0.0,55877.754
2026-08-30T15:31:18.201Z,66.609612,-145.528489,4536.95,4111.56,4627.51,262.61,246.47,-3.52,6.13,124.58,132.76,120.58,169.23,0.0,0.846,0.882,0.86,1.726,3,1.0,0.0,55878.602
2026-08-30T15:31:19.327Z,66.609551,-145.530061,4538.46,4113.12,4629.71,262.16,246.01,-4.61,4.92,125.4,133.59,121.13,141.5,0.0,1.03,1.067,1.052,0.289,3,1.0,0.0,55879.719
2026-08-30T15:31:20.161Z,66.609497,-145.531234,4541.44,4112.58,4632.4,261.17,245.01,-4.92,4.45,125.83,134.01,121.4,200.89,0.0,1.059,1.063,1.061,0.019,3,1.0,0.0,55880.547
2026-08-30T15:31:21.199Z,66.609422,-145.532689,4547.08,4118.26,4637.78,260.61,244.47,-5.4,3.9,126.13,134.29,121.57,307.82,0.0,1.062,1.065,1.064,0.165,4,1.0,0.0,55881.582
2026-08-30T15:31:22.320Z,66.60933,-145.534265,4555.34,4126.86,4643.43,259.95,243.81,-5.77,2.81,126.04,134.15,121.56,411.35,0.0,1.027,1.045,1.035,0.144,3,1.0,0.0,55882.711
2026-08-30T15:31:23.158Z,66.609258,-145.535433,4562.1,4133.63,4649.39,259.52,243.38,-5.65,2.19,126.04,134.16,121.52,454.56,0.0,1.005,1.02,1.013,0.075,3,1.0,0.0,55883.535
2026-08-30T15:31:24.185Z,66.609164,-145.536865,4570.42,4141.79,4656.96,259.09,242.95,-5.5,-0.12,126.08,134.28,121.48,474.29,0.0,0.996,0.998,0.997,0.101,4,1.0,0.0,55884.566
2026-08-30T15:31:25.202Z,66.609068,-145.538285,4578.44,4149.86,4664.91,259.38,243.26,-5.44,-0.63,126.12,134.28,121.5,473.62,0.0,1.018,1.018,1.018,,1,1.0,0.0,55885.602
2026-08-30T15:31:26.252Z,66.60897,-145.539747,4586.59,4158.0,4673.05,259.31,243.18,-5.78,-2.09,126.04,134.22,121.51,467.99,0.0,0.985,0.994,0.989,0.494,4,1.0,0.0,55886.621
2026-08-30T15:31:27.155Z,66.608886,-145.541,4593.93,4165.36,4680.07,259.49,243.37,-5.95,-2.86,126.01,134.19,121.44,490.62,0.0,1.02,1.02,1.02,0.029,2,1.0,0.0,55887.523
2026-08-30T15:31:28.172Z,66.608794,-145.54242,4602.87,4177.88,4688.49,260.17,244.05,-5.12,-4.8,125.64,133.94,121.3,509.81,0.0,1.0,1.031,1.02,1.128,4,1.0,0.0,55888.535
2026-08-30T15:31:29.185Z,66.608706,-145.543833,4610.45,4185.42,4696.92,260.51,244.39,-5.3,-6.71,125.84,134.1,121.49,454.31,0.0,0.941,0.958,0.948,0.742,4,1.0,0.0,55889.57
2026-08-30T15:31:30.293Z,66.608619,-145.545383,4618.16,4155.31,4704.41,261.29,245.18,-4.95,-7.31,126.11,134.4,121.69,428.12,0.0,0.995,1.003,1.0,0.378,3,1.0,0.0,55890.688
2026-08-30T15:31:31.130Z,66.60856,-145.546561,4623.44,4160.54,4709.53,262.05,245.95,-4.49,-5.43,126.2,134.51,121.93,381.98,0.0,0.953,0.97,0.962,0.213,3,1.0,0.0,55891.535
2026-08-30T15:31:32.187Z,66.608491,-145.548055,4628.32,4203.43,4716.77,262.78,246.63,-3.83,-1.07,126.22,134.62,121.88,286.44,0.0,0.92,0.941,0.932,0.326,4,1.0,0.0,55892.582
2026-08-30T15:31:33.316Z,66.608422,-145.549655,4632.32,4207.43,4721.11,261.97,245.86,-4.2,-1.59,126.68,135.0,122.34,242.61,0.0,0.989,1.009,1.001,0.437,3,1.0,0.0,55893.711
2026-08-30T15:31:34.161Z,66.60837,-145.550837,4635.28,4210.96,4724.98,262.59,246.47,-3.94,-1.79,126.88,135.32,122.73,216.95,0.0,0.97,0.986,0.978,0.094,3,1.0,0.0,55894.555
2026-08-30T15:31:35.318Z,66.608299,-145.552492,4638.64,4214.31,4728.13,262.54,246.41,-3.89,-2.42,127.4,135.89,123.3,183.83,0.0,0.983,0.99,0.987,0.111,3,1.0,0.0,55895.711
2026-08-30T15:31:36.225Z,66.608245,-145.553788,4640.96,4212.98,4730.33,262.76,246.63,-3.88,-2.44,127.7,136.18,123.67,162.15,0.0,0.993,0.995,0.994,0.043,2,1.0,0.0,55896.613
2026-08-30T15:31:37.277Z,66.608185,-145.555287,4643.7,4215.74,4734.37,262.92,246.81,-3.88,-1.66,128.2,136.78,124.17,163.64,0.0,1.002,1.009,1.006,0.216,4,1.0,0.0,55897.664
2026-08-30T15:31:38.326Z,66.608126,-145.556801,4646.88,4219.35,4737.8,263.65,247.53,-3.69,-1.29,128.5,136.99,124.37,178.08,0.0,1.005,1.012,1.008,0.517,4,1.0,0.0,55898.711
2026-08-30T15:31:39.258Z,66.608076,-145.558149,4649.06,4221.49,4740.53,263.42,247.3,-3.77,-1.97,128.7,137.26,124.77,136.71,0.0,0.941,0.945,0.943,0.464,2,1.0,0.0,55899.648
2026-08-30T15:31:40.297Z,66.608021,-145.559656,4650.79,4225.8,4742.82,263.13,246.99,-3.92,0.81,128.58,137.12,124.43,118.65,0.0,0.979,1.014,0.999,0.26,4,1.0,0.0,55900.691
2026-08-30T15:31:41.137Z,66.607976,-145.560861,4652.43,4227.44,4744.5,262.34,246.23,-4.13,0.8,129.08,137.67,124.36,116.27,0.0,1.001,1.007,1.003,0.401,3,1.0,0.0,55901.527
2026-08-30T15:31:42.253Z,66.607912,-145.562463,4655.21,4225.84,4746.8,262.78,246.66,-4.39,0.63,129.33,137.98,124.38,164.38,0.0,1.072,1.081,1.076,0.713,3,1.0,0.0,55902.637
2026-08-30T15:31:43.299Z,66.607849,-145.563966,4659.49,4230.14,4749.99,262.38,246.26,-4.35,1.5,129.73,138.29,124.63,229.28,0.0,1.029,1.037,1.031,0.251,4,1.0,0.0,55903.676
2026-08-30T15:31:44.194Z,66.607792,-145.565265,4663.94,4235.59,4753.63,262.14,246.01,-4.48,1.53,129.82,138.43,124.81,276.13,0.0,1.017,1.019,1.018,0.038,2,1.0,0.0,55904.582
2026-08-30T15:31:45.164Z,66.607726,-145.566671,4669.47,4241.13,4758.34,261.54,245.4,-4.48,1.93,129.61,138.02,124.47,327.95,0.0,1.02,1.024,1.022,0.209,2,1.0,0.0,55905.547
2026-08-30T15:31:46.193Z,66.607653,-145.56815,4676.12,4252.84,4764.23,260.96,244.85,-5.0,2.78,128.93,137.54,123.91,373.31,0.0,0.977,0.991,0.983,0.83,4,1.0,0.0,55906.582
2026-08-30T15:31:47.295Z,66.607567,-145.569722,4684.3,4261.05,4770.45,260.63,244.5,-5.04,2.48,129.1,137.67,123.93,430.99,0.0,1.016,1.031,1.024,0.284,3,1.0,0.0,55907.68
2026-08-30T15:31:48.330Z,66.60748,-145.5712,4692.35,4270.65,4778.44,260.11,243.99,-5.32,2.09,129.05,137.65,123.89,456.12,0.0,1.001,1.003,1.002,0.107,4,1.0,0.0,55908.734
2026-08-30T15:31:49.272Z,66.607397,-145.572533,4699.96,4278.27,4785.26,259.82,243.7,-5.47,2.0,128.96,137.52,123.72,481.23,0.0,1.014,1.015,1.015,0.063,2,1.0,0.0,55909.652
2026-08-30T15:31:50.314Z,66.607301,-145.574012,4708.75,4283.43,4794.35,259.52,243.39,-5.55,2.42,128.77,137.46,123.43,504.59,0.0,1.016,1.024,1.02,0.225,4,1.0,0.0,55910.691
2026-08-30T15:31:51.139Z,66.607222,-145.575179,4716.2,4290.92,4801.61,258.96,242.84,-5.57,2.96,128.51,137.06,123.29,529.34,0.0,1.01,1.022,1.016,0.189,3,1.0,0.0,55911.516
2026-08-30T15:31:52.222Z,66.607112,-145.576713,4726.57,4307.78,4811.49,258.55,242.43,-5.75,3.05,128.27,136.64,122.84,568.57,0.0,1.02,1.023,1.021,0.177,3,1.0,0.0,55912.598
2026-08-30T15:31:53.238Z,66.607003,-145.578128,4737.19,4318.42,4821.37,258.53,242.39,-5.67,3.44,126.68,135.51,121.52,622.05,0.0,1.005,1.016,1.011,0.47,4,1.0,0.0,55913.609
2026-08-30T15:31:54.325Z,66.606878,-145.579632,4748.3,4328.7,4832.61,256.73,240.61,-5.65,3.48,126.7,135.25,121.43,593.76,0.0,0.92,0.949,0.932,1.016,3,1.0,0.0,55914.707
2026-08-30T15:31:55.256Z,66.606766,-145.580921,4756.94,4337.31,4842.77,256.44,240.32,-4.57,0.27,126.67,135.21,121.38,549.48,0.0,0.946,0.974,0.96,0.519,2,1.0,0.0,55915.648
2026-08-30T15:31:56.166Z,66.606653,-145.582166,4763.12,4317.19,4850.75,256.5,240.39,-4.48,0.22,126.7,135.36,121.56,441.06,0.0,0.911,0.923,0.917,0.189,2,1.0,0.0,55916.555
2026-08-30T15:31:57.210Z,66.606521,-145.583609,4768.42,4322.46,4858.07,256.46,240.34,-4.42,0.23,126.89,135.54,121.83,335.23,0.0,0.943,0.953,0.949,0.12,4,1.0,0.0,55917.602
2026-08-30T15:31:58.239Z,66.606389,-145.585033,4772.75,4348.66,4862.62,256.25,240.13,-4.38,1.19,127.13,135.81,122.05,279.46,0.0,0.973,0.988,0.982,0.111,4,1.0,0.0,55918.633
2026-08-30T15:31:59.179Z,66.606266,-145.586334,4776.29,4352.19,4866.5,255.84,239.72,-4.11,1.25,127.36,136.06,122.32,236.78,0.0,0.971,0.973,0.972,0.062,2,1.0,0.0,55919.562
2026-08-30T15:32:00.223Z,66.606126,-145.587775,4779.33,4353.32,4870.16,255.64,239.52,-4.07,1.16,127.64,136.38,122.65,189.35,0.0,0.971,0.976,0.972,0.261,4,1.0,0.0,55920.59
2026-08-30T15:32:01.241Z,66.605985,-145.589193,4781.98,4355.98,4873.2,255.35,239.23,-4.05,1.07,127.94,136.72,122.98,167.82,0.0,0.99,0.995,0.993,0.055,4,1.0,0.0,55921.602
2026-08-30T15:32:02.309Z,66.605835,-145.590674,4784.68,4356.2,4876.09,255.07,238.95,-3.99,0.98,128.25,137.04,123.32,155.79,0.0,0.993,0.993,0.993,0.016,3,1.0,0.0,55922.664
2026-08-30T15:32:03.313Z,66.605692,-145.592061,4787.09,4358.63,4878.66,254.85,238.73,-3.93,0.89,128.56,137.38,123.64,147.11,0.0,0.993,0.994,0.993,0.033,4,1.0,0.0,55923.703
2026-08-30T15:32:04.219Z,66.605558,-145.593325,4789.13,4361.28,4880.83,254.6,238.48,-3.82,0.84,128.83,137.67,123.94,136.73,0.0,0.989,0.989,0.989,0.076,2,1.0,0.0,55924.621
2026-08-30T15:32:05.209Z,66.605412,-145.59469,4791.12,4363.27,4883.0,254.4,238.28,-3.8,0.82,129.13,138.01,124.26,126.27,0.0,0.992,0.993,0.993,0.043,2,1.0,0.0,55925.594
2026-08-30T15:32:06.256Z,66.605251,-145.596161,4793.24,4366.21,4885.22,254.13,238.01,-3.64,0.13,129.29,138.07,124.57,126.72,0.0,0.996,1.001,0.998,0.061,4,1.0,0.0,55926.645
2026-08-30T15:32:07.165Z,66.60511,-145.597443,4795.04,4367.99,4887.14,254.14,238.03,-3.04,-3.79,129.73,138.68,124.9,103.16,0.0,0.925,0.945,0.935,0.178,2,1.0,0.0,55927.59
2026-08-30T15:32:08.246Z,66.604945,-145.598954,4795.54,4367.3,4888.64,254.51,238.41,-3.19,-3.89,130.02,139.01,125.18,46.23,0.0,0.918,0.95,0.931,0.692,4,1.0,0.0,55928.676
2026-08-30T15:32:09.326Z,66.604783,-145.600489,4795.83,4367.58,4889.36,254.31,238.2,-2.79,-2.92,130.54,139.54,125.8,16.47,0.0,0.941,0.972,0.96,0.671,4,1.0,0.0,55929.742
2026-08-30T15:32:10.284Z,66.60464,-145.601842,4795.32,4366.9,4889.47,255.05,238.97,-2.99,-2.29,131.01,140.05,126.27,-13.43,0.0,0.957,0.97,0.963,0.083,2,1.0,0.0,55930.746
2026-08-30T15:32:11.203Z,66.604505,-145.603146,4795.04,4366.62,4889.27,255.37,239.26,-2.98,-2.15,131.13,140.04,126.65,-11.6,0.0,0.977,0.982,0.979,0.197,3,1.0,0.0,55931.602
2026-08-30T15:32:12.264Z,66.604351,-145.604662,4795.52,4367.39,4889.26,255.25,239.16,-2.93,-2.07,131.76,141.0,127.14,25.55,0.0,0.993,1.004,1.0,0.368,4,1.0,0.0,55932.66
2026-08-30T15:32:13.186Z,66.604217,-145.605989,4796.62,4368.5,4889.79,255.55,239.46,-3.13,-2.26,132.24,141.23,127.46,60.88,0.0,0.99,0.993,0.991,0.086,2,1.0,0.0,55933.586
2026-08-30T15:32:14.229Z,66.604069,-145.607496,4798.45,4369.63,4891.05,256.07,239.99,-3.35,-2.54,132.43,141.63,127.69,100.28,0.0,0.999,1.012,1.006,0.194,4,1.0,0.0,55934.629
2026-08-30T15:32:15.192Z,66.603934,-145.608879,4801.01,4372.21,4892.87,256.15,240.05,-3.8,-1.22,132.56,141.61,127.85,141.94,0.0,0.975,0.983,0.979,0.238,2,1.0,0.0,55935.594
2026-08-30T15:32:16.317Z,66.603778,-145.610505,4805.22,4387.4,4898.51,256.03,239.93,-4.29,-0.43,132.58,141.64,127.83,223.22,0.0,1.019,1.024,1.022,0.238,3,1.0,0.0,55936.715
2026-08-30T15:32:17.158Z,66.603662,-145.61172,4809.73,4391.94,4900.88,255.96,239.86,-4.57,-0.21,132.53,141.57,127.74,291.86,0.0,1.013,1.014,1.013,0.02,3,1.0,0.0,55937.547
2026-08-30T15:32:18.193Z,66.603518,-145.613213,4816.55,4397.93,4906.39,255.87,239.77,-4.88,0.03,132.38,141.42,127.56,377.09,0.0,1.01,1.012,1.011,0.047,4,1.0,0.0,55938.59
2026-08-30T15:32:19.339Z,66.603357,-145.614868,4825.73,4407.11,4914.2,255.69,239.58,-5.16,0.49,132.52,141.81,127.83,462.32,0.0,1.008,1.018,1.012,0.342,3,1.0,0.0,55939.727
2026-08-30T15:32:20.170Z,66.603238,-145.616068,4833.3,4414.76,4920.39,255.05,238.95,-5.22,1.73,132.56,141.45,127.41,519.98,0.0,1.015,1.023,1.019,0.234,3,1.0,0.0,55940.559
2026-08-30T15:32:21.228Z,66.603085,-145.617583,4843.88,4425.37,4929.21,255.28,239.16,-5.44,-0.26,131.8,140.78,126.83,579.95,0.0,0.983,1.011,0.997,0.241,4,1.0,0.0,55941.617
2026-08-30T15:32:22.157Z,66.602948,-145.61891,4853.56,4430.55,4938.24,255.08,239.0,-5.78,0.13,131.35,140.34,126.37,615.03,0.0,0.981,0.989,0.985,0.017,2,1.0,0.0,55942.578
2026-08-30T15:32:23.218Z,66.602792,-145.62042,4865.45,4442.46,4949.24,255.26,239.15,-5.55,-0.44,131.06,140.21,126.2,651.52,0.0,0.974,0.991,0.984,0.482,4,1.0,0.0,55943.645
2026-08-30T15:32:24.197Z,66.602647,-145.621811,4876.15,4411.46,4959.75,253.42,237.31,-5.27,-0.24,130.76,139.71,125.87,649.44,0.0,0.928,0.938,0.933,0.277,2,1.0,0.0,55944.625
2026-08-30T15:32:25.240Z,66.602489,-145.623286,4887.49,4422.83,4970.2,255.02,238.95,-5.87,-0.22,130.32,139.28,125.34,669.7,0.0,0.995,1.01,1.003,0.164,2,1.0,0.0,55945.672
2026-08-30T15:32:26.214Z,66.602342,-145.624653,4898.6,4484.58,4980.22,254.13,237.99,-4.99,0.13,129.98,139.04,125.22,652.25,0.0,0.96,0.974,0.967,0.432,2,1.0,0.0,55946.648
2026-08-30T15:32:27.298Z,66.602177,-145.626181,4908.63,4494.58,4991.66,254.41,238.3,-4.97,1.67,130.43,139.61,125.57,575.59,0.0,0.934,0.964,0.947,0.603,4,1.0,0.0,55947.727
2026-08-30T15:32:28.267Z,66.602026,-145.627546,4916.98,4500.37,5002.13,253.09,236.97,-3.97,-0.13,130.64,139.87,126.07,514.21,0.0,0.905,0.938,0.922,0.572,2,1.0,0.0,55948.695
2026-08-30T15:32:29.136Z,66.601888,-145.628773,4921.93,4505.24,5009.17,253.41,237.32,-4.17,0.38,130.72,139.76,126.0,378.19,0.0,0.867,0.907,0.885,1.114,3,1.0,0.0,55949.555
2026-08-30T15:32:30.204Z,66.601715,-145.630282,4926.33,4505.03,5015.41,254.19,238.1,-4.1,-0.58,130.75,140.09,126.29,296.24,0.0,0.971,0.986,0.98,0.171,4,1.0,0.0,55950.613
2026-08-30T15:32:31.170Z,66.60156,-145.631643,4930.58,4509.29,5020.04,253.83,237.73,-3.94,-1.23,130.95,140.23,126.44,280.44,0.0,0.976,0.98,0.978,0.159,2,1.0,0.0,55951.574
2026-08-30T15:32:32.222Z,66.60139,-145.63313,4935.61,4515.88,5025.02,253.79,237.7,-3.94,-1.3,131.16,140.42,126.54,288.61,0.0,0.98,0.983,0.982,0.197,4,1.0,0.0,55952.641
2026-08-30T15:32:33.176Z,66.601235,-145.634484,4940.38,4520.6,5029.62,253.98,237.88,-4.02,-1.53,131.13,140.44,126.61,296.54,0.0,0.975,0.975,0.975,0.051,2,1.0,0.0,55953.594
2026-08-30T15:32:34.244Z,66.601063,-145.636,4945.33,4525.36,5034.56,254.31,238.22,-3.46,0.44,131.29,140.66,126.8,262.68,0.0,0.916,0.963,0.941,0.647,4,1.0,0.0,55954.652
2026-08-30T15:32:35.331Z,66.600889,-145.637534,4948.37,4528.35,5038.47,253.59,237.48,-3.88,0.59,132.26,141.75,128.01,193.68,0.0,0.956,0.956,0.956,,1,1.0,0.0,55955.723
2026-08-30T15:32:36.179Z,66.600748,-145.638757,4951.13,4530.81,5040.8,253.8,237.72,-4.04,0.48,132.41,141.76,127.97,205.96,0.0,1.002,1.005,1.004,0.077,3,1.0,0.0,55956.582
2026-08-30T15:32:37.227Z,66.600574,-145.640253,4954.87,4534.55,5044.81,253.55,237.43,-3.93,-0.87,132.2,141.57,127.76,209.49,0.0,0.999,1.004,1.002,0.129,4,1.0,0.0,55957.633
2026-08-30T15:32:38.192Z,66.600414,-145.641623,4958.59,4539.5,5048.17,253.5,237.41,-4.16,-0.62,132.13,141.42,127.77,234.65,0.0,0.993,0.997,0.995,0.211,2,1.0,0.0,55958.594
2026-08-30T15:32:39.240Z,66.600239,-145.643129,4963.68,4544.61,5052.8,253.61,237.52,-4.34,-0.76,132.15,141.5,127.69,279.38,0.0,0.987,1.005,0.996,0.216,4,1.0,0.0,55959.652
2026-08-30T15:32:40.182Z,66.600083,-145.64446,4969.06,4549.95,5057.7,253.42,237.35,-4.69,-0.79,131.82,141.28,127.49,331.74,0.0,0.986,0.987,0.987,0.152,2,1.0,0.0,55960.582
2026-08-30T15:32:41.235Z,66.599909,-145.645952,4975.96,4556.86,5063.93,254.0,237.91,-4.61,-0.37,132.12,141.52,127.69,374.33,0.0,1.0,1.005,1.003,0.172,4,1.0,0.0,55961.621
2026-08-30T15:32:42.272Z,66.599737,-145.647446,4982.69,4563.32,5070.51,253.22,237.11,-3.84,0.62,131.99,141.15,127.27,371.78,0.0,0.943,0.992,0.97,0.895,4,1.0,0.0,55962.672
2026-08-30T15:32:43.203Z,66.599584,-145.648766,4987.24,4567.84,5076.01,253.49,237.42,-4.11,-1.26,130.67,139.65,125.88,311.29,0.0,0.9,0.911,0.906,0.427,2,1.0,0.0,55963.609
2026-08-30T15:32:44.248Z,66.599412,-145.650238,4992.5,4572.22,5081.45,253.5,237.42,-3.98,-2.61,130.22,139.69,125.21,307.62,0.0,0.952,0.961,0.956,0.428,4,1.0,0.0,55964.648
2026-08-30T15:32:45.228Z,66.599253,-145.651595,4996.27,4575.92,5086.15,254.16,238.08,-2.78,-2.11,131.21,140.7,125.75,223.88,0.0,0.874,0.895,0.885,0.294,2,1.0,0.0,55965.625
2026-08-30T15:32:46.158Z,66.599102,-145.652908,4997.46,4579.92,5089.12,253.77,237.68,-2.75,-1.84,131.19,140.77,126.13,120.9,0.0,0.907,0.929,0.918,0.132,2,1.0,0.0,55966.562
2026-08-30T15:32:47.219Z,66.598931,-145.654403,4997.15,4579.56,5090.64,254.03,237.95,-2.05,-1.66,131.86,141.23,126.34,-2.51,0.0,0.887,0.921,0.902,0.14,4,1.0,0.0,55967.617
2026-08-30T15:32:48.279Z,66.598761,-145.6559,4994.46,4579.85,5089.93,254.26,238.18,-1.77,-1.46,132.27,141.85,126.95,-120.34,0.0,0.893,0.923,0.911,0.163,4,1.0,0.0,55968.684
2026-08-30T15:32:49.236Z,66.598608,-145.657261,4990.28,4575.6,5087.53,254.49,238.45,-1.12,-1.6,133.73,143.71,128.76,-249.66,0.0,0.915,0.925,0.92,0.561,2,1.0,0.0,55969.656
2026-08-30T15:32:50.301Z,66.598435,-145.658809,4982.28,4567.91,5082.2,254.85,238.75,-0.35,-2.83,135.04,145.02,130.03,-412.17,0.0,0.901,0.937,0.916,0.35,4,1.0,0.0,55970.719
2026-08-30T15:32:51.269Z,66.59828,-145.660223,4973.09,4558.7,5075.06,253.87,237.78,0.34,-1.07,136.34,146.14,131.11,-535.41,0.0,0.9,0.909,0.905,0.158,2,1.0,0.0,55971.688
2026-08-30T15:32:52.337Z,66.598106,-145.6618,4960.84,4546.27,5064.77,254.83,238.75,0.21,1.38,136.26,145.76,130.5,-626.71,0.0,0.891,0.923,0.909,0.352,4,1.0,0.0,55972.758
2026-08-30T15:32:53.298Z,66.597946,-145.663202,4950.88,4536.3,5054.22,253.25,237.13,0.01,1.79,135.75,145.52,130.58,-629.6,0.0,0.885,0.896,0.89,0.509,2,1.0,0.0,55973.711
2026-08-30T15:32:54.157Z,66.597798,-145.66445,4941.56,4527.7,5045.3,253.1,237.03,0.07,0.41,136.57,146.42,131.46,-646.22,0.0,0.943,0.96,0.953,0.227,3,1.0,0.0,55974.574
2026-08-30T15:32:55.163Z,66.597621,-145.665926,4930.29,4516.42,5034.66,253.24,237.15,0.03,-1.89,137.07,146.82,132.51,-665.68,0.0,0.962,0.966,0.964,0.012,2,1.0,0.0,55975.57
2026-08-30T15:32:56.307Z,66.597417,-145.667642,4917.63,4503.45,5022.36,252.84,236.75,-0.47,-1.98,138.58,148.52,134.68,-649.98,0.0,0.982,1.007,0.993,0.776,3,1.0,0.0,55976.719
2026-08-30T15:32:57.170Z,66.597264,-145.668918,4909.22,4495.08,5013.59,253.2,237.14,-0.77,-3.22,139.67,149.74,135.91,-599.65,0.0,1.039,1.042,1.041,0.072,3,1.0,0.0,55977.578
2026-08-30T15:32:58.332Z,66.597056,-145.670688,4899.57,4485.52,5000.42,254.32,238.23,-0.76,-3.17,140.9,150.86,136.99,-511.87,0.0,1.021,1.054,1.038,0.482,3,1.0,0.0,55978.75
2026-08-30T15:32:59.203Z,66.596904,-145.672029,4893.36,4479.34,4993.14,254.1,238.01,-1.34,-2.91,141.25,151.18,137.38,-441.72,0.0,1.008,1.016,1.012,0.24,3,1.0,0.0,55979.613
2026-08-30T15:33:00.160Z,66.596739,-145.673505,4888.43,4473.22,4986.24,254.37,238.3,-1.66,-2.29,141.64,151.56,137.75,-335.2,0.0,1.036,1.038,1.037,0.031,2,1.0,0.0,55980.574
2026-08-30T15:33:01.227Z,66.596558,-145.675146,4885.02,4469.86,4981.86,254.61,238.51,-2.3,-2.38,141.88,151.76,138.0,-213.87,0.0,1.028,1.03,1.029,0.19,4,1.0,0.0,55981.645
2026-08-30T15:33:02.188Z,66.596395,-145.676646,4884.41,4470.19,4979.2,254.84,238.78,-2.68,-1.91,142.32,152.38,138.64,-64.19,0.0,1.055,1.065,1.06,0.463,2,1.0,0.0,55982.605
2026-08-30T15:33:03.270Z,66.596218,-145.678327,4886.1,4471.89,4979.14,255.3,239.21,-2.96,-2.16,142.86,152.76,138.96,45.46,0.0,0.986,1.009,0.996,0.489,4,1.0,0.0,55983.672
2026-08-30T15:33:04.203Z,66.596065,-145.679792,4888.5,4475.45,4979.74,254.7,238.59,-3.55,-2.43,142.59,152.4,138.6,137.52,0.0,1.052,1.056,1.054,0.111,2,1.0,0.0,55984.609
2026-08-30T15:33:05.195Z,66.595906,-145.681327,4893.03,4480.01,4981.89,255.01,238.97,-3.84,-1.53,142.01,151.77,137.88,244.0,0.0,1.049,1.055,1.052,0.158,2,1.0,0.0,55985.598
2026-08-30T15:33:06.246Z,66.595739,-145.682961,4899.99,4487.43,4986.47,256.02,239.92,-4.59,-1.9,141.4,151.16,137.25,378.82,0.0,1.045,1.074,1.06,0.325,4,1.0,0.0,55986.656
2026-08-30T15:33:07.198Z,66.595592,-145.684439,4908.46,4495.93,4993.37,255.51,239.43,-4.66,-1.74,140.85,150.58,136.63,486.39,0.0,1.021,1.034,1.028,0.073,2,1.0,0.0,55987.598
2026-08-30T15:33:08.254Z,66.59543,-145.686071,4918.72,4506.03,5003.72,256.06,239.98,-4.73,-2.03,140.19,149.9,135.92,553.37,0.0,0.992,1.006,1.0,0.186,4,1.0,0.0,55988.672
2026-08-30T15:33:09.217Z,66.595287,-145.687533,4928.23,4515.53,5013.13,256.29,240.24,-5.08,-3.27,139.82,149.64,135.7,587.72,0.0,0.988,0.99,0.989,0.284,2,1.0,0.0,55989.621
2026-08-30T15:33:10.257Z,66.595135,-145.689132,4940.67,4528.78,5023.86,257.04,240.97,-5.93,-3.88,139.01,148.64,134.55,718.71,0.0,1.025,1.04,1.034,0.357,4,1.0,0.0,55990.664
2026-08-30T15:33:11.208Z,66.595004,-145.690585,4954.3,4542.36,5035.16,256.6,240.53,-5.33,-0.07,138.27,147.87,133.78,792.03,0.0,0.935,0.963,0.949,0.079,2,1.0,0.0,55991.613
2026-08-30T15:33:12.250Z,66.594862,-145.69216,4967.31,4557.14,5048.9,256.99,240.93,-4.99,0.69,136.53,145.91,131.88,733.77,0.0,0.921,0.947,0.936,0.308,4,1.0,0.0,55992.652
2026-08-30T15:33:13.308Z,66.594718,-145.693742,4978.06,4567.84,5061.45,256.43,240.35,-4.68,0.59,135.77,145.33,131.37,630.16,0.0,0.925,0.932,0.928,0.257,4,1.0,0.0,55993.707
2026-08-30T15:33:14.247Z,66.594588,-145.695138,4986.16,4569.34,5071.02,256.27,240.21,-4.32,-0.93,135.3,145.0,131.07,543.51,0.0,0.932,0.935,0.933,0.106,2,1.0,0.0,55994.66
2026-08-30T15:33:15.252Z,66.594449,-145.696623,4993.56,4576.71,5079.71,256.24,240.16,-4.28,-0.94,135.07,144.65,130.77,469.7,0.0,0.946,0.95,0.948,0.102,2,1.0,0.0,55995.668
2026-08-30T15:33:16.310Z,66.594301,-145.698188,5000.72,4579.1,5087.77,256.14,240.08,-4.03,-0.69,134.88,144.64,130.56,418.4,0.0,0.96,0.965,0.963,0.338,4,1.0,0.0,55996.723
2026-08-30T15:33:17.278Z,66.594166,-145.699617,5006.17,4584.5,5094.21,256.43,240.35,-2.93,-0.5,135.51,145.54,130.97,336.96,0.0,0.921,0.935,0.928,0.589,2,1.0,0.0,55997.695
2026-08-30T15:33:18.153Z,66.59404,-145.700927,5007.6,4586.54,5098.48,256.19,240.15,-2.62,0.63,137.06,146.98,132.24,135.67,0.0,0.855,0.87,0.863,1.152,3,1.0,0.0,55998.586
2026-08-30T15:33:19.242Z,66.593883,-145.702539,5008.23,4587.28,5100.6,257.33,241.25,-3.21,-0.76,136.88,146.53,131.63,113.18,0.0,1.014,1.116,1.081,1.517,4,1.0,0.0,55999.66
2026-08-30T15:33:20.226Z,66.593743,-145.704015,5010.1,4596.69,5102.44,256.24,240.15,-2.89,-2.72,136.54,146.41,131.71,103.12,0.0,0.968,0.974,0.971,0.139,2,1.0,0.0,56000.652
2026-08-30T15:33:21.306Z,66.59359,-145.705625,5011.73,4598.32,5104.22,256.57,240.51,-2.77,-2.52,137.08,146.86,131.7,96.81,0.0,0.976,0.983,0.98,0.023,4,1.0,0.0,56001.719
2026-08-30T15:33:22.297Z,66.593455,-145.707093,5013.0,4600.18,5105.74,257.06,240.99,-2.45,-2.91,136.94,146.8,131.84,70.68,0.0,0.943,0.947,0.945,0.248,2,1.0,0.0,56002.715
2026-08-30T15:33:23.182Z,66.593334,-145.708429,5013.48,4600.65,5106.64,257.23,241.17,-2.33,-3.04,137.03,146.87,131.8,45.18,0.0,0.961,0.973,0.968,0.244,3,1.0,0.0,56003.602
2026-08-30T15:33:24.264Z,66.593193,-145.710046,5013.45,4600.87,5106.99,257.72,241.65,-2.44,-3.92,136.98,146.81,131.96,2.15,0.0,0.954,0.957,0.955,0.156,4,1.0,0.0,56004.695
2026-08-30T15:33:25.427Z,66.593047,-145.71179,5012.74,4600.16,5106.72,258.03,241.97,-2.54,-4.29,137.15,147.04,132.21,-25.22,0.0,0.981,0.981,0.981,,1,1.0,0.0,56005.844
2026-08-30T15:33:26.287Z,66.592941,-145.713093,5012.24,4598.47,5106.61,258.51,242.45,-2.87,-2.87,137.29,147.17,132.37,-22.11,0.0,0.975,1.001,0.988,0.404,3,1.0,0.0,56006.715
2026-08-30T15:33:27.255Z,66.592827,-145.714551,5012.51,4598.75,5106.48,258.6,242.53,-2.64,-2.97,137.44,147.32,132.48,5.05,0.0,0.991,1.003,0.997,0.121,2,1.0,0.0,56007.691
2026-08-30T15:33:28.127Z,66.592726,-145.715886,5012.67,4597.87,5106.59,258.83,242.76,-2.72,-1.78,137.53,147.43,132.59,9.1,0.0,0.968,0.983,0.974,0.455,3,1.0,0.0,56008.559
2026-08-30T15:33:29.195Z,66.592604,-145.71749,5012.86,4598.06,5106.74,258.87,242.8,-2.43,-2.02,137.7,147.61,132.76,2.34,0.0,0.963,0.984,0.973,0.222,4,1.0,0.0,56009.625
2026-08-30T15:33:30.177Z,66.592493,-145.718978,5012.34,4596.82,5106.68,259.0,242.94,-2.31,-2.1,137.88,147.81,132.95,-26.88,0.0,0.959,0.961,0.96,0.004,2,1.0,0.0,56010.598
2026-08-30T15:33:31.181Z,66.59238,-145.720524,5011.14,4595.6,5106.03,258.9,242.82,-2.07,-1.91,137.99,147.85,132.91,-57.76,0.0,0.966,0.977,0.972,0.154,3,1.0,0.0,56011.617
2026-08-30T15:33:32.288Z,66.592258,-145.7222,5008.31,4592.47,5104.52,258.39,242.34,-0.97,-1.4,137.92,147.86,132.91,-185.3,0.0,0.861,0.929,0.889,0.549,4,1.0,0.0,56012.711
2026-08-30T15:33:33.284Z,66.592149,-145.723694,5002.18,4586.32,5100.82,259.15,243.08,-0.91,-1.57,138.31,148.28,133.26,-315.63,0.0,0.937,0.95,0.943,0.103,2,1.0,0.0,56013.695
2026-08-30T15:33:34.153Z,66.592052,-145.725038,4996.18,4538.43,5095.91,259.37,243.32,-1.38,-1.91,138.55,148.58,133.66,-362.3,0.0,0.958,0.992,0.973,0.956,3,1.0,0.0,56014.562
2026-08-30T15:33:35.154Z,66.591942,-145.726582,4990.21,4532.47,5089.86,259.4,243.32,-1.05,-2.36,139.11,149.15,134.2,-356.99,0.0,0.983,0.997,0.99,0.128,2,1.0,0.0,56015.57
2026-08-30T15:33:36.329Z,66.591816,-145.728382,4983.08,4566.42,5082.82,258.97,242.9,-1.37,-1.62,139.66,149.72,134.83,-356.55,0.0,0.974,0.998,0.985,0.389,3,1.0,0.0,56016.738
2026-08-30T15:33:37.204Z,66.591723,-145.729724,4978.09,4561.42,5077.66,259.57,243.53,-1.13,-1.12,140.28,150.38,135.46,-351.08,0.0,1.011,1.013,1.012,0.192,3,1.0,0.0,56017.629
2026-08-30T15:33:38.194Z,66.591618,-145.731256,4972.4,4554.87,5071.9,259.71,243.64,-1.14,-1.66,140.74,150.84,135.95,-346.71,0.0,0.985,0.986,0.986,0.106,2,1.0,0.0,56018.613
2026-08-30T15:33:39.268Z,66.591502,-145.732954,4966.48,4548.95,5065.72,259.74,243.7,-1.32,-1.79,141.12,151.17,136.31,-323.95,0.0,0.993,0.996,0.995,0.012,4,1.0,0.0,56019.695
2026-08-30T15:33:40.256Z,66.591398,-145.734506,4962.22,4547.81,5060.65,260.36,244.3,-1.58,-2.5,141.35,151.46,136.59,-266.4,0.0,1.021,1.022,1.022,0.312,2,1.0,0.0,56020.684
2026-08-30T15:33:41.321Z,66.59129,-145.736171,4958.47,4544.07,5055.67,260.08,244.04,-1.73,-2.75,141.64,151.72,136.88,-225.22,0.0,0.994,1.002,0.997,0.17,4,1.0,0.0,56021.746
2026-08-30T15:33:42.268Z,66.591195,-145.737659,4955.65,4542.38,5052.38,260.53,244.49,-1.85,-2.94,141.84,151.92,137.09,-189.01,0.0,1.002,1.003,1.003,0.037,2,1.0,0.0,56022.66
2026-08-30T15:33:43.321Z,66.591094,-145.73931,4953.23,4539.98,5049.19,260.69,244.64,-2.04,-3.13,142.02,152.1,137.31,-149.06,0.0,1.003,1.005,1.004,0.082,4,1.0,0.0,56023.73
2026-08-30T15:33:44.193Z,66.591013,-145.740689,4951.6,4540.06,5046.79,260.51,244.45,-1.96,-2.2,142.09,152.02,137.18,-120.17,0.0,1.014,1.015,1.014,0.161,3,1.0,0.0,56024.605
2026-08-30T15:33:45.300Z,66.590912,-145.742439,4950.05,4538.53,5045.03,261.3,245.28,-2.46,-0.99,141.1,151.05,136.29,-89.19,0.0,0.941,0.941,0.941,,1,1.0,0.0,56025.711
2026-08-30T15:33:46.159Z,66.590836,-145.743791,4949.84,4539.57,5044.0,261.43,245.36,-2.52,-1.73,141.15,151.16,136.33,-27.27,0.0,1.019,1.03,1.025,0.555,3,1.0,0.0,56026.578
2026-08-30T15:33:47.225Z,66.590743,-145.745467,4951.32,4541.1,5044.14,261.12,245.1,-3.64,-1.2,141.1,151.05,136.28,78.1,0.0,0.986,1.04,1.005,1.579,4,1.0,0.0,56027.637
2026-08-30T15:33:48.190Z,66.59066,-145.746975,4955.27,4546.59,5045.63,261.61,245.55,-3.65,-2.61,140.47,150.6,135.73,203.61,0.0,1.056,1.066,1.061,0.171,2,1.0,0.0,56028.621
2026-08-30T15:33:49.280Z,66.590569,-145.748674,4961.25,4552.58,5049.8,261.04,244.99,-3.73,-2.56,140.59,150.31,135.95,290.8,0.0,0.959,1.009,0.978,0.304,4,1.0,0.0,56029.703
2026-08-30T15:33:50.250Z,66.590489,-145.750208,4966.95,4558.05,5055.34,262.0,245.96,-3.91,-2.26,139.68,149.5,135.57,337.72,0.0,1.004,1.005,1.004,0.223,2,1.0,0.0,56030.672
2026-08-30T15:33:51.324Z,66.590404,-145.751885,4973.67,4564.76,5061.76,262.02,245.97,-3.8,-2.63,139.27,149.11,135.17,360.24,0.0,0.976,0.991,0.983,0.154,4,1.0,0.0,56031.742
2026-08-30T15:33:52.296Z,66.590329,-145.753403,4979.39,4570.61,5067.64,262.25,246.21,-3.66,-2.72,138.96,148.8,134.88,347.84,0.0,0.963,0.964,0.963,0.0,2,1.0,0.0,56032.719
2026-08-30T15:33:53.162Z,66.590265,-145.754745,4983.94,4575.15,5072.58,262.48,246.43,-3.53,-2.91,138.72,148.56,134.66,322.33,0.0,0.959,0.961,0.96,0.014,3,1.0,0.0,56033.578
2026-08-30T15:33:54.250Z,66.590189,-145.756422,4988.9,4579.7,5078.16,262.92,246.9,-3.79,-3.17,138.29,148.07,134.19,286.71,0.0,0.959,0.983,0.968,0.686,4,1.0,0.0,56034.656
2026-08-30T15:33:55.353Z,66.590113,-145.758152,4994.33,4585.15,5083.54,263.39,247.32,-3.58,-5.59,137.92,147.73,133.86,295.74,0.0,1.001,1.001,1.001,,1,1.0,0.0,56035.773
2026-08-30T15:33:56.221Z,66.59006,-145.759491,4998.33,4588.62,5087.75,263.49,247.45,-3.73,-1.7,137.68,147.5,133.67,280.1,0.0,0.959,0.968,0.962,0.403,3,1.0,0.0,56036.641
2026-08-30T15:33:57.276Z,66.589998,-145.761125,5003.28,4593.57,5092.72,263.55,247.49,-3.77,-0.95,137.41,147.17,133.36,289.14,0.0,0.985,0.988,0.987,0.104,4,1.0,0.0,56037.695
2026-08-30T15:33:58.256Z,66.589942,-145.762623,5008.33,4597.45,5097.54,263.63,247.58,-3.55,-0.85,137.18,146.98,133.15,298.76,0.0,0.971,0.979,0.975,0.241,2,1.0,0.0,56038.668
2026-08-30T15:33:59.316Z,66.589881,-145.764267,5012.94,4602.0,5102.62,263.62,247.57,-3.25,-0.95,137.01,146.83,133.04,254.46,0.0,0.943,0.95,0.946,0.124,4,1.0,0.0,56039.734
2026-08-30T15:34:00.290Z,66.589825,-145.765772,5015.73,4605.06,5106.35,263.56,247.51,-2.9,-1.01,137.36,147.41,133.05,184.38,0.0,0.953,0.953,0.953,0.026,2,1.0,0.0,56040.715
2026-08-30T15:34:01.165Z,66.589775,-145.767121,5017.08,4606.37,5108.84,263.56,247.51,-2.6,-1.0,137.94,147.92,133.13,114.65,0.0,0.953,0.955,0.954,0.034,3,1.0,0.0,56041.594
2026-08-30T15:34:02.235Z,66.589714,-145.768773,5017.19,4606.43,5110.42,263.57,247.51,-2.25,-0.93,138.15,148.13,133.33,23.78,0.0,0.957,0.968,0.962,0.207,4,1.0,0.0,56042.656
2026-08-30T15:34:03.214Z,66.589657,-145.770288,5015.99,4605.22,5110.45,263.56,247.51,-2.48,0.73,138.32,148.3,133.56,-42.0,0.0,0.966,0.983,0.974,0.366,2,1.0,0.0,56043.637
2026-08-30T15:34:04.285Z,66.589593,-145.771945,5015.15,4604.46,5109.71,263.29,247.23,-2.71,1.22,138.52,148.53,133.77,-30.78,0.0,1.02,1.03,1.027,0.131,4,1.0,0.0,56044.707
2026-08-30T15:34:05.403Z,66.589523,-145.773673,5015.53,4604.88,5109.39,262.96,246.9,-2.99,1.62,138.79,148.86,134.11,17.68,0.0,1.031,1.031,1.031,,1,1.0,0.0,56045.824
2026-08-30T15:34:06.278Z,66.589466,-145.775021,5016.58,4606.49,5109.79,262.87,246.82,-3.24,2.39,139.22,149.24,134.48,63.44,0.0,1.04,1.053,1.046,0.206,3,1.0,0.0,56046.688
2026-08-30T15:34:07.338Z,66.58939,-145.77668,5019.53,4609.49,5111.39,262.22,246.15,-3.4,1.96,139.12,149.1,134.29,151.18,0.0,1.027,1.044,1.034,0.075,4,1.0,0.0,56047.762
2026-08-30T15:34:08.294Z,66.589319,-145.778163,5023.14,4614.27,5114.05,261.91,245.85,-3.33,1.61,138.95,148.91,134.1,199.0,0.0,0.983,0.988,0.985,0.104,2,1.0,0.0,56048.719
2026-08-30T15:34:09.172Z,66.58925,-145.779517,5026.53,4617.67,5117.03,261.77,245.73,-3.39,1.24,138.78,148.73,133.92,220.53,0.0,0.981,0.981,0.981,0.009,3,1.0,0.0,56049.602
2026-08-30T15:34:10.265Z,66.589161,-145.7812,5030.91,4620.62,5121.15,261.44,245.4,-3.43,0.86,138.56,148.51,133.7,235.5,0.0,0.979,0.98,0.98,0.025,4,1.0,0.0,56050.684
2026-08-30T15:34:11.265Z,66.589078,-145.78273,5035.07,4624.78,5125.0,261.27,245.22,-3.49,0.49,138.85,148.97,133.48,248.31,0.0,0.984,0.985,0.984,0.003,2,1.0,0.0,56051.68
2026-08-30T15:34:12.344Z,66.588984,-145.784404,5039.89,4626.32,5129.23,261.1,245.06,-3.51,0.17,139.04,149.03,133.21,263.27,0.0,0.981,0.984,0.983,0.05,4,1.0,0.0,56052.773
2026-08-30T15:34:13.307Z,66.588899,-145.785877,5044.36,4630.81,5132.79,261.04,245.0,-4.21,2.91,138.72,148.68,132.9,286.17,0.0,0.983,1.001,0.992,0.596,2,1.0,0.0,56053.727
2026-08-30T15:34:14.178Z,66.588821,-145.787196,5049.92,4637.5,5136.53,260.46,244.4,-4.44,3.94,138.42,148.36,132.47,369.92,0.0,1.048,1.054,1.052,0.35,3,1.0,0.0,56054.59
2026-08-30T15:34:15.190Z,66.588722,-145.788745,5057.92,4645.52,5142.33,259.66,243.61,-4.46,3.87,137.97,147.88,131.96,441.98,0.0,0.996,1.001,0.999,0.019,2,1.0,0.0,56055.598
2026-08-30T15:34:16.151Z,66.588622,-145.7902,5065.94,4609.28,5148.95,259.2,243.15,-4.62,3.62,137.49,147.39,131.45,483.59,0.0,0.993,0.994,0.993,0.014,2,1.0,0.0,56056.566
2026-08-30T15:34:17.213Z,66.588505,-145.791789,5075.24,4618.62,5159.93,258.56,242.51,-4.59,2.92,136.98,146.87,130.88,516.01,0.0,0.989,0.992,0.99,0.086,4,1.0,0.0,56057.625
2026-08-30T15:34:18.187Z,66.588393,-145.793245,5083.49,4641.58,5168.94,258.1,242.06,-4.1,0.73,136.53,146.41,130.47,488.85,0.0,0.925,0.938,0.932,0.075,2,1.0,0.0,56058.602
2026-08-30T15:34:19.259Z,66.588266,-145.794841,5091.04,4649.12,5177.67,258.12,242.08,-4.15,-0.02,136.09,145.97,130.05,438.39,0.0,0.933,0.96,0.947,0.198,4,1.0,0.0,56059.688
2026-08-30T15:34:20.248Z,66.588148,-145.796305,5097.54,4683.72,5184.83,257.96,241.92,-3.98,-0.69,135.79,145.66,129.77,402.2,0.0,0.955,0.957,0.956,0.006,2,1.0,0.0,56060.668
2026-08-30T15:34:21.316Z,66.588019,-145.797889,5103.76,4689.93,5191.83,258.02,241.99,-3.72,-1.25,135.55,145.51,129.57,355.63,0.0,0.951,0.952,0.951,0.04,4,1.0,0.0,56061.742
2026-08-30T15:34:22.291Z,66.587902,-145.799331,5107.67,4649.94,5197.22,258.15,242.12,-2.22,-0.96,135.54,145.48,129.63,223.48,0.0,0.834,0.858,0.846,0.159,2,1.0,0.0,56062.727
2026-08-30T15:34:23.172Z,66.587796,-145.800627,5107.73,4649.96,5199.95,258.25,242.21,-2.65,-1.12,135.63,145.64,129.86,77.41,0.0,0.848,0.913,0.881,0.93,3,1.0,0.0,56063.625
2026-08-30T15:34:24.287Z,66.587663,-145.802268,5107.29,4660.71,5200.91,258.24,242.21,-2.49,-1.35,135.9,145.92,130.12,8.03,0.0,0.967,0.971,0.969,0.248,4,1.0,0.0,56064.719
2026-08-30T15:34:25.448Z,66.587525,-145.803995,5105.93,4659.28,5200.66,258.37,242.31,-2.06,-2.08,136.13,146.17,130.4,-70.04,0.0,0.907,0.907,0.907,,1,1.0,0.0,56065.895
2026-08-30T15:34:26.168Z,66.58744,-145.805055,5104.29,4690.06,5199.76,258.3,242.27,-2.13,0.2,136.4,146.5,130.71,-104.11,0.0,0.942,0.959,0.951,0.041,2,1.0,0.0,56066.594
2026-08-30T15:34:27.255Z,66.58731,-145.806681,5101.14,4686.83,5197.6,258.29,242.24,-0.48,0.33,136.94,147.06,131.19,-202.28,0.0,0.862,0.97,0.926,2.122,4,1.0,0.0,56067.684
2026-08-30T15:34:28.258Z,66.587189,-145.808183,5094.25,4681.65,5193.34,258.12,242.09,-0.98,0.35,137.49,147.69,131.88,-351.85,0.0,0.897,0.932,0.915,0.332,2,1.0,0.0,56068.691
2026-08-30T15:34:29.153Z,66.587078,-145.809536,5087.75,4675.23,5187.91,257.99,241.95,-0.81,0.29,138.07,148.3,132.48,-400.39,0.0,0.974,0.977,0.976,0.217,3,1.0,0.0,56069.602
2026-08-30T15:34:30.240Z,66.586941,-145.811185,5079.65,4667.05,5180.34,257.84,241.8,-0.78,0.28,138.88,149.27,133.45,-436.38,0.0,0.967,0.973,0.97,0.116,4,1.0,0.0,56070.699
2026-08-30T15:34:31.263Z,66.586811,-145.812733,5071.78,4659.17,5172.91,258.13,242.1,-0.99,0.42,139.86,150.15,134.36,-445.76,0.0,1.0,1.005,1.003,0.056,2,1.0,0.0,56071.711
2026-08-30T15:34:32.167Z,66.586695,-145.814115,5065.59,4653.57,5165.98,258.28,242.21,-0.81,0.37,140.34,150.66,134.81,-420.47,0.0,1.003,1.02,1.013,0.615,3,1.0,0.0,56072.617
2026-08-30T15:34:33.279Z,66.58655,-145.815828,5057.87,4645.85,5156.12,257.26,241.22,-1.01,0.42,140.89,151.21,135.36,-412.96,0.0,0.977,0.991,0.982,0.339,4,1.0,0.0,56073.719
2026-08-30T15:34:34.272Z,66.586418,-145.817359,5051.76,4639.81,5149.76,257.34,241.31,-1.45,0.35,141.27,151.57,135.76,-366.87,0.0,0.996,1.003,1.0,0.389,2,1.0,0.0,56074.711
2026-08-30T15:34:35.147Z,66.586301,-145.8187,5047.69,4635.76,5144.7,257.24,241.19,-0.52,0.24,141.67,151.99,136.05,-318.72,0.0,0.998,0.998,0.998,,1,1.0,0.0,56075.582
2026-08-30T15:34:36.231Z,66.586153,-145.820387,5040.42,4593.26,5139.35,257.49,241.47,-0.47,-2.3,142.09,152.45,136.59,-407.27,0.0,0.88,0.913,0.893,1.047,4,1.0,0.0,56076.688
2026-08-30T15:34:37.255Z,66.586015,-145.82197,5032.55,4585.4,5132.56,257.57,241.54,-0.92,-3.11,142.55,152.92,137.1,-429.93,0.0,0.993,1.003,0.998,0.033,2,1.0,0.0,56077.707
2026-08-30T15:34:38.167Z,66.585894,-145.823388,5026.54,4613.83,5126.47,257.8,241.78,-1.24,-3.15,142.89,153.25,137.47,-391.31,0.0,1.014,1.02,1.017,0.104,3,1.0,0.0,56078.625
2026-08-30T15:34:39.275Z,66.585751,-145.825133,5020.98,4608.5,5120.0,258.19,242.17,-1.63,-3.28,143.19,153.53,137.76,-304.16,0.0,1.028,1.031,1.03,0.035,4,1.0,0.0,56079.727
2026-08-30T15:34:40.328Z,66.585621,-145.826765,5017.4,4604.93,5115.26,258.32,242.3,-0.83,-2.87,143.26,153.56,137.68,-248.05,0.0,0.967,1.001,0.984,0.739,2,1.0,0.0,56080.766
2026-08-30T15:34:41.220Z,66.585509,-145.828193,5012.79,4605.34,5111.31,258.62,242.61,-0.9,-2.47,143.43,153.79,137.98,-304.08,0.0,0.896,0.918,0.905,0.895,3,1.0,0.0,56081.684
2026-08-30T15:34:42.335Z,66.585375,-145.829947,5006.15,4598.68,5105.57,258.78,242.76,-0.61,-1.87,143.8,154.17,138.35,-346.59,0.0,0.961,0.968,0.966,0.135,4,1.0,0.0,56082.777
2026-08-30T15:34:43.160Z,66.585276,-145.831267,5000.76,4589.8,5100.62,258.92,242.91,-0.51,-1.9,144.17,154.59,138.66,-374.85,0.0,0.962,0.962,0.962,,1,1.0,0.0,56083.609
2026-08-30T15:34:44.277Z,66.585145,-145.833021,4993.34,4582.38,5093.54,259.08,243.06,-0.66,-1.21,144.66,155.05,139.12,-391.73,0.0,0.971,0.982,0.977,0.089,4,1.0,0.0,56084.73
2026-08-30T15:34:45.167Z,66.585041,-145.834439,4987.56,4579.93,5087.72,259.12,243.1,-0.94,-0.31,144.85,155.25,139.4,-384.44,0.0,0.99,0.99,0.99,,1,1.0,0.0,56085.621
2026-08-30T15:34:46.190Z,66.58492,-145.836077,4981.57,4573.96,5081.27,258.9,242.87,-1.19,-0.38,145.51,155.94,140.07,-346.17,0.0,1.029,1.034,1.032,0.1,2,1.0,0.0,56086.648
2026-08-30T15:34:47.300Z,66.584788,-145.837857,4976.62,4572.57,5075.22,258.93,242.9,-1.11,-1.87,145.74,156.14,140.2,-279.26,0.0,1.015,1.025,1.021,0.39,4,1.0,0.0,56087.758
2026-08-30T15:34:48.333Z,66.584665,-145.83951,4972.29,4568.24,5070.49,258.87,242.84,-1.18,-2.15,145.98,156.39,140.46,-261.98,0.0,0.971,0.981,0.976,0.001,2,1.0,0.0,56088.801
2026-08-30T15:34:49.248Z,66.584558,-145.840978,4968.62,4564.15,5066.56,259.21,243.2,-1.49,-2.36,146.06,156.45,140.54,-240.92,0.0,0.983,0.997,0.989,0.32,3,1.0,0.0,56089.711
2026-08-30T15:34:50.162Z,66.584451,-145.842448,4965.83,4561.39,5063.07,259.36,243.34,-1.71,-2.93,146.08,156.45,140.54,-190.79,0.0,1.016,1.019,1.018,0.126,3,1.0,0.0,56090.625
2026-08-30T15:34:51.208Z,66.584333,-145.844137,4963.86,4558.88,5060.06,259.6,243.58,-2.19,-3.24,146.47,156.93,141.15,-120.6,0.0,1.023,1.027,1.025,0.108,2,1.0,0.0,56091.68
2026-08-30T15:34:52.338Z,66.58421,-145.845963,4965.17,4560.33,5058.77,259.73,243.73,-3.2,-2.38,146.83,157.19,141.25,75.76,0.0,1.06,1.075,1.067,0.145,4,1.0,0.0,56092.797
2026-08-30T15:34:53.187Z,66.584119,-145.847335,4968.7,4559.97,5060.23,260.16,244.14,-1.43,-2.15,146.63,156.99,140.93,147.66,0.0,0.955,0.955,0.955,,1,1.0,0.0,56093.652
2026-08-30T15:34:54.296Z,66.584001,-145.849134,4967.6,4558.62,5061.87,259.99,243.98,0.08,-1.41,146.56,157.02,140.97,-100.05,0.0,0.763,0.789,0.772,0.567,4,1.0,0.0,56094.762
2026-08-30T15:34:55.217Z,66.583904,-145.850628,4960.5,4555.75,5059.23,260.15,244.13,1.1,-1.35,146.91,157.44,141.32,-393.11,0.0,0.789,0.789,0.789,,1,1.0,0.0,56095.691
2026-08-30T15:34:56.294Z,66.583793,-145.852368,4946.89,4542.03,5049.78,260.99,245.03,1.13,-2.09,147.6,158.26,142.17,-678.99,0.0,0.849,0.872,0.861,0.936,2,1.0,0.0,56096.762
2026-08-30T15:34:57.207Z,66.583699,-145.853858,4934.33,4528.87,5039.95,261.11,245.04,0.49,-2.86,148.38,158.99,142.95,-746.6,0.0,0.974,1.009,0.992,0.361,3,1.0,0.0,56097.648
2026-08-30T15:34:58.254Z,66.583596,-145.855592,4921.88,4516.09,5027.1,260.72,244.72,0.79,-1.44,149.01,159.58,143.55,-706.33,0.0,1.02,1.046,1.033,0.775,2,1.0,0.0,56098.734
2026-08-30T15:34:59.199Z,66.583504,-145.857142,4910.89,4500.89,5017.0,260.96,244.92,0.58,-1.17,149.38,160.06,144.0,-703.62,0.0,0.957,0.981,0.968,0.592,3,1.0,0.0,56099.672
2026-08-30T15:35:00.325Z,66.583395,-145.859022,4897.41,4487.43,5002.51,261.03,245.02,0.54,-0.98,150.9,161.57,145.48,-721.24,0.0,0.999,1.04,1.018,0.616,4,1.0,0.0,56100.805
2026-08-30T15:35:01.202Z,66.58331,-145.860489,4886.95,4473.68,4992.17,261.5,245.48,0.82,-1.19,151.11,161.65,145.46,-719.78,0.0,1.025,1.025,1.025,,1,1.0,0.0,56101.688
2026-08-30T15:35:02.346Z,66.583202,-145.862403,4872.92,4459.65,4978.41,261.09,245.08,0.3,-0.28,151.3,161.91,145.9,-715.41,0.0,1.004,1.042,1.022,0.661,4,1.0,0.0,56102.82
2026-08-30T15:35:03.232Z,66.583117,-145.863884,4863.57,4451.67,4968.11,261.08,245.06,-0.02,0.53,151.22,161.62,146.16,-642.13,0.0,1.068,1.068,1.068,,1,1.0,0.0,56103.707
2026-08-30T15:35:04.174Z,66.583026,-145.865477,4855.26,4443.42,4958.57,260.96,244.94,-0.2,0.96,150.95,161.44,146.45,-549.5,0.0,1.059,1.061,1.06,0.185,3,1.0,0.0,56104.648
2026-08-30T15:35:05.287Z,66.582913,-145.867356,4845.67,4392.03,4948.32,260.53,244.51,0.35,1.98,151.26,161.75,146.74,-554.59,0.0,0.938,0.947,0.942,0.394,2,1.0,0.0,56105.77
2026-08-30T15:35:06.186Z,66.582821,-145.868873,4836.81,4383.16,4939.93,260.39,244.36,0.36,2.85,151.31,161.71,146.64,-582.99,0.0,1.005,1.005,1.005,,1,1.0,0.0,56106.664
2026-08-30T15:35:07.307Z,66.582699,-145.870755,4824.86,4417.89,4929.56,259.88,243.85,0.84,3.75,151.5,162.0,146.9,-644.87,0.0,0.951,1.0,0.973,0.596,4,1.0,0.0,56107.793
2026-08-30T15:35:08.209Z,66.582596,-145.872281,4813.78,4406.87,4919.59,259.44,243.4,1.14,2.72,152.13,162.62,147.57,-714.23,0.0,0.954,0.954,0.954,,1,1.0,0.0,56108.699
2026-08-30T15:35:09.150Z,66.582485,-145.87386,4801.71,4358.34,4909.01,258.9,242.88,0.95,0.58,152.56,163.07,148.03,-755.42,0.0,0.981,1.001,0.993,0.055,3,1.0,0.0,56109.637
2026-08-30T15:35:10.307Z,66.582342,-145.875828,4787.58,4344.4,4893.49,259.63,243.65,-0.24,-0.84,153.02,163.55,148.6,-677.72,0.0,1.027,1.138,1.08,1.479,4,1.0,0.0,56110.797
2026-08-30T15:35:11.198Z,66.582231,-145.877359,4779.83,4374.41,4883.78,259.8,243.79,0.48,-1.08,153.32,163.77,148.75,-580.47,0.0,1.056,1.056,1.056,,1,1.0,0.0,56111.66
2026-08-30T15:35:12.309Z,66.582097,-145.879243,4769.07,4363.57,4873.27,259.27,243.25,0.91,-0.62,153.99,164.61,149.48,-615.27,0.0,0.935,0.954,0.941,0.254,4,1.0,0.0,56112.801
2026-08-30T15:35:13.226Z,66.581985,-145.880798,4758.52,4314.73,4864.4,259.22,243.22,1.22,-0.1,154.51,165.03,149.92,-684.81,0.0,0.95,0.95,0.95,,1,1.0,0.0,56113.719
2026-08-30T15:35:14.165Z,66.581868,-145.882413,4746.32,4302.55,4853.13,259.46,243.44,0.73,-0.07,154.84,165.37,150.38,-739.89,0.0,0.952,0.982,0.965,1.072,3,1.0,0.0,56114.656
2026-08-30T15:35:15.319Z,66.581723,-145.884413,4733.68,4323.26,4838.45,259.03,243.01,0.13,-2.7,155.35,165.85,150.87,-619.49,0.0,1.089,1.09,1.089,0.649,2,1.0,0.0,56115.812
2026-08-30T15:35:16.225Z,66.581611,-145.885977,4725.84,4318.61,4829.1,258.62,242.61,-0.67,-4.86,155.35,165.76,150.91,-553.24,0.0,0.993,0.993,0.993,,1,1.0,0.0,56116.727
2026-08-30T15:35:17.173Z,66.581496,-145.887616,4720.44,4313.4,4821.0,259.85,243.89,-1.59,-5.22,155.24,165.6,150.72,-338.07,0.0,1.151,1.186,1.174,1.343,3,1.0,0.0,56117.672
2026-08-30T15:35:18.336Z,66.581365,-145.889623,4719.59,4314.93,4815.83,260.74,244.74,-1.97,-6.67,154.78,165.1,150.1,-82.56,0.0,1.107,1.116,1.111,0.389,4,1.0,0.0,56118.828
2026-08-30T15:35:19.265Z,66.581269,-145.89121,4719.85,4315.07,4814.7,260.91,244.92,-0.57,-6.44,154.39,164.67,149.71,-88.41,0.0,0.878,0.878,0.878,,1,1.0,0.0,56119.766
2026-08-30T15:35:20.229Z,66.581174,-145.892874,4715.63,4311.13,4812.66,262.05,246.07,0.15,-6.18,154.36,164.72,149.71,-250.17,0.0,0.866,0.9,0.883,0.386,3,1.0,0.0,56120.734
2026-08-30T15:35:21.195Z,66.581087,-145.894552,4707.32,4302.76,4807.73,261.8,245.8,0.79,-6.19,154.59,165.02,150.02,-478.66,0.0,0.842,0.876,0.855,0.95,3,1.0,0.0,56121.707
2026-08-30T15:35:22.340Z,66.580992,-145.896532,4693.4,4288.37,4797.16,262.81,246.84,2.02,-4.12,155.2,165.66,150.51,-714.11,0.0,0.889,0.914,0.902,0.383,2,1.0,0.0,56122.863
2026-08-30T15:35:23.338Z,66.580914,-145.898266,4677.19,4272.07,4783.15,262.39,246.39,1.45,-2.19,155.76,166.24,151.17,-895.84,0.0,0.869,0.951,0.906,1.793,3,1.0,0.0,56123.859
2026-08-30T15:35:24.306Z,66.580841,-145.899958,4661.89,4256.73,4769.3,263.38,247.39,1.1,-2.13,156.25,166.65,151.66,-892.51,0.0,1.062,1.062,1.062,,1,1.0,0.0,56124.828
2026-08-30T15:35:25.321Z,66.580766,-145.901754,4648.24,4243.16,4755.1,263.4,247.39,0.29,-2.63,156.58,166.96,152.05,-791.54,0.0,1.094,1.094,1.094,,1,1.0,0.0,56125.832
2026-08-30T15:35:26.294Z,66.580699,-145.903461,4638.15,4235.5,4741.79,263.68,247.71,-0.23,-3.27,156.69,166.92,152.09,-647.69,0.0,1.089,1.101,1.094,0.123,3,1.0,0.0,56126.797
2026-08-30T15:35:27.227Z,66.580638,-145.905107,4631.25,4228.68,4730.03,264.09,248.1,-0.71,-4.16,156.69,167.14,152.35,-482.79,0.0,1.105,1.105,1.105,,1,1.0,0.0,56127.734
2026-08-30T15:35:28.199Z,66.580583,-145.906821,4626.48,4221.13,4723.6,264.4,248.36,-0.86,-4.26,157.04,167.26,152.39,-333.29,0.0,1.093,1.1,1.096,0.556,3,1.0,0.0,56128.707
2026-08-30T15:35:29.173Z,66.580531,-145.908533,4622.18,4216.7,4719.35,263.68,247.71,0.65,-0.18,156.49,166.67,151.8,-359.11,0.0,0.847,0.978,0.911,1.092,3,1.0,0.0,56129.676
2026-08-30T15:35:30.290Z,66.58047,-145.910507,4612.85,4207.7,4712.33,264.79,248.77,-0.43,-0.59,156.4,166.61,151.78,-435.93,0.0,0.986,1.03,1.008,0.117,2,1.0,0.0,56130.801
2026-08-30T15:35:31.262Z,66.580417,-145.912217,4606.45,4201.34,4706.31,264.2,248.21,-0.72,-0.84,155.61,165.3,150.5,-384.46,0.0,1.064,1.067,1.066,0.282,3,1.0,0.0,56131.777
2026-08-30T15:35:32.214Z,66.580367,-145.913863,4601.74,4197.44,4700.88,264.29,248.24,0.0,-1.03,154.67,164.67,149.72,-355.76,0.0,1.053,1.053,1.053,,1,1.0,0.0,56132.723
2026-08-30T15:35:33.176Z,66.580317,-145.915531,4592.86,4188.32,4694.55,263.65,247.64,2.2,-0.35,155.56,165.97,151.06,-612.29,0.0,0.864,0.923,0.894,0.869,3,1.0,0.0,56133.695
2026-08-30T15:35:34.165Z,66.580264,-145.917276,4576.44,4172.82,4683.23,263.86,247.83,0.8,0.38,156.32,166.54,151.63,-839.93,0.0,0.862,0.994,0.925,2.415,3,1.0,0.0,56134.684
2026-08-30T15:35:35.549Z,66.580179,-145.919719,4558.12,4154.62,4665.22,262.31,246.25,0.64,2.69,158.57,168.68,154.2,-752.22,0.0,1.155,1.155,1.155,,1,1.0,0.0,56136.074
2026-08-30T15:35:36.331Z,66.580123,-145.921111,4549.76,4146.53,4656.26,261.07,245.01,-0.39,4.52,158.0,168.01,154.18,-650.22,0.0,1.091,1.103,1.097,0.824,2,1.0,0.0,56136.848
2026-08-30T15:35:37.287Z,66.580043,-145.922809,4543.68,4140.64,4646.98,260.84,244.86,-1.89,8.2,157.5,167.45,153.72,-387.85,0.0,1.211,1.211,1.211,,1,1.0,0.0,56137.793
2026-08-30T15:35:38.268Z,66.579944,-145.92455,4544.59,4141.97,4642.11,260.76,244.72,-3.08,7.03,156.4,166.13,152.24,3.6,0.0,1.223,1.235,1.23,0.97,3,1.0,0.0,56138.793
2026-08-30T15:35:39.259Z,66.579835,-145.926286,4551.26,4148.74,4643.5,259.14,243.16,-3.79,6.26,155.47,165.41,151.44,302.66,0.0,1.112,1.124,1.118,0.623,3,1.0,0.0,56139.781
2026-08-30T15:35:40.224Z,66.579719,-145.927948,4559.93,4156.53,4648.77,260.2,244.22,-3.11,4.92,154.35,164.04,150.08,436.76,0.0,1.019,1.019,1.019,,1,1.0,0.0,56140.742
2026-08-30T15:35:41.202Z,66.5796,-145.929629,4566.54,4163.07,4654.75,258.19,242.13,-1.7,2.83,154.46,164.58,150.54,357.89,0.0,0.943,0.976,0.958,0.805,3,1.0,0.0,56141.734
2026-08-30T15:35:42.196Z,66.579468,-145.931351,4566.28,4161.46,4658.92,257.07,241.07,2.1,2.76,154.96,165.11,151.13,-93.17,0.0,0.614,0.798,0.707,1.299,3,1.0,0.0,56142.746
2026-08-30T15:35:43.212Z,66.579329,-145.933098,4553.78,4148.71,4655.07,257.3,241.34,1.89,3.58,155.49,165.31,151.19,-588.55,0.0,0.741,0.741,0.741,,1,1.0,0.0,56143.758
2026-08-30T15:35:44.222Z,66.579183,-145.93483,4536.7,4127.5,4644.16,256.35,240.34,2.96,3.38,154.52,164.3,149.69,-939.74,0.0,0.886,0.896,0.891,0.16,3,1.0,0.0,56144.77
2026-08-30T15:35:45.692Z,66.578956,-145.937317,4504.42,4101.49,4617.46,257.11,241.08,2.64,1.75,153.23,162.89,148.66,-1235.1,0.0,0.968,0.968,0.968,,1,1.0,0.0,56146.246
2026-08-30T15:35:46.312Z,66.578856,-145.938364,4491.59,4088.74,4604.97,255.6,239.53,2.52,1.62,153.13,162.91,148.57,-1206.13,0.0,1.026,1.026,1.026,,1,1.0,0.0,56146.863
2026-08-30T15:35:47.330Z,66.578686,-145.940061,4471.67,4069.1,4584.55,254.2,238.23,2.64,4.17,153.26,163.2,148.96,-1211.44,0.0,0.905,0.905,0.905,,1,1.0,0.0,56147.883
2026-08-30T15:35:48.355Z,66.578501,-145.941791,4451.02,4048.63,4563.81,253.68,237.64,1.6,4.42,154.72,164.8,150.64,-1154.51,0.0,1.023,1.121,1.074,0.905,3,1.0,0.0,56148.914
2026-08-30T15:35:49.391Z,66.578301,-145.943523,4432.94,4030.79,4544.45,252.34,236.37,2.76,4.95,154.79,164.3,150.03,-1114.4,0.0,0.972,0.972,0.972,,1,1.0,0.0,56149.945
2026-08-30T15:35:50.218Z,66.578136,-145.944902,4416.77,4014.58,4528.84,253.42,237.43,2.68,4.35,154.32,163.71,149.45,-1154.55,0.0,0.923,0.93,0.927,0.16,2,1.0,0.0,56150.77
2026-08-30T15:35:51.245Z,66.577928,-145.94661,4397.88,3995.99,4509.22,252.63,236.65,0.97,2.93,153.35,162.92,148.93,-1039.91,0.0,0.953,1.027,0.99,0.881,3,1.0,0.0,56151.797
2026-08-30T15:35:52.272Z,66.577715,-145.948293,4383.57,3981.71,4492.15,251.78,235.79,1.15,1.86,152.82,162.17,148.2,-907.72,0.0,1.081,1.081,1.081,,1,1.0,0.0,56152.836
2026-08-30T15:35:53.298Z,66.577497,-145.949984,4369.24,3971.59,4475.84,251.53,235.5,0.19,1.68,153.0,162.53,148.66,-821.73,0.0,1.056,1.101,1.076,1.146,3,1.0,0.0,56153.859
2026-08-30T15:35:54.319Z,66.577272,-145.951669,4357.84,3960.27,4460.59,251.59,235.61,1.47,1.19,153.34,162.8,148.69,-723.54,0.0,1.03,1.03,1.03,,1,1.0,0.0,56154.875
2026-08-30T15:35:55.412Z,66.577033,-145.953446,4341.22,3940.85,4447.57,251.72,235.76,3.24,1.33,153.43,162.73,148.43,-994.08,0.0,0.791,0.791,0.791,,1,1.0,0.0,56155.969
2026-08-30T15:35:56.442Z,66.576807,-145.95514,4319.06,3918.61,4430.21,252.96,237.03,2.45,-0.78,154.87,164.1,149.91,-1193.64,0.0,0.902,0.902,0.902,,1,1.0,0.0,56156.988
2026-08-30T15:35:57.261Z,66.576629,-145.956499,4301.84,3900.29,4414.24,252.68,236.64,2.82,-1.46,156.41,166.4,152.0,-1220.93,0.0,1.05,1.079,1.064,0.542,2,1.0,0.0,56157.824
2026-08-30T15:35:58.289Z,66.576405,-145.95825,4278.71,3877.03,4393.07,252.13,236.2,3.47,-0.39,158.47,168.14,153.66,-1349.39,0.0,0.926,0.951,0.936,0.97,3,1.0,0.0,56158.844
2026-08-30T15:35:59.318Z,66.57618,-145.959999,4253.92,3852.13,4368.83,253.17,237.14,2.4,-1.44,159.94,170.02,156.31,-1383.2,0.0,1.038,1.038,1.038,,1,1.0,0.0,56159.875
2026-08-30T15:36:00.351Z,66.575954,-145.961786,4233.19,3831.62,4346.48,252.18,236.22,1.16,-0.83,161.82,171.79,158.88,-1159.5,0.0,1.15,1.153,1.151,0.174,3,1.0,0.0,56160.902
2026-08-30T15:36:01.375Z,66.575729,-145.963589,4219.32,3817.84,4328.29,252.59,236.59,1.18,0.41,162.84,172.44,159.26,-895.9,0.0,1.06,1.06,1.06,,1,1.0,0.0,56161.934
2026-08-30T15:36:02.203Z,66.575545,-145.965053,4209.09,3807.63,4316.18,252.42,236.46,1.08,0.98,162.71,172.29,159.11,-803.55,0.0,1.011,1.012,1.012,0.048,2,1.0,0.0,56162.754
2026-08-30T15:36:03.222Z,66.575321,-145.966864,4196.31,3794.98,4302.57,252.9,236.88,1.35,-0.26,162.13,171.39,158.25,-771.37,0.0,0.943,0.988,0.964,0.258,3,1.0,0.0,56163.77
2026-08-30T15:36:04.228Z,66.575101,-145.968622,4185.03,3783.81,4290.0,252.17,236.17,0.56,-0.01,160.89,169.96,156.82,-660.59,0.0,1.013,1.013,1.013,,1,1.0,0.0,56164.773
2026-08-30T15:36:05.295Z,66.574871,-145.970466,4174.41,3773.33,4278.55,252.81,236.87,2.33,-0.93,160.26,170.05,156.77,-706.91,0.0,0.788,0.788,0.788,,1,1.0,0.0,56165.836
2026-08-30T15:36:06.287Z,66.574654,-145.972206,4158.64,3757.13,4265.99,252.11,236.12,2.11,-1.53,160.76,170.19,156.9,-895.6,0.0,0.901,0.901,0.901,,1,1.0,0.0,56166.828
2026-08-30T15:36:07.276Z,66.57444,-145.973922,4141.83,3740.34,4251.13,253.52,237.59,1.64,-0.64,161.6,171.48,158.31,-964.55,0.0,0.955,0.982,0.967,0.83,3,1.0,0.0,56167.816
2026-08-30T15:36:08.262Z,66.574228,-145.975663,4127.35,3727.45,4236.88,253.09,237.07,-0.26,-0.09,163.08,172.59,159.72,-802.06,0.0,1.152,1.152,1.152,,1,1.0,0.0,56168.781
2026-08-30T15:36:09.254Z,66.574016,-145.977424,4121.58,3721.98,4225.9,252.45,236.43,-1.02,1.53,163.19,172.52,159.75,-391.98,0.0,1.17,1.22,1.199,1.99,3,1.0,0.0,56169.777
2026-08-30T15:36:10.250Z,66.573799,-145.979176,4121.16,3718.63,4220.77,251.62,235.68,-1.84,6.8,163.45,172.73,159.75,-129.15,0.0,0.98,0.999,0.989,1.319,3,1.0,0.0,56170.762
2026-08-30T15:36:11.199Z,66.573583,-145.980852,4123.4,3720.98,4218.48,251.54,235.55,-1.94,7.17,162.49,171.65,158.57,74.53,0.0,1.074,1.074,1.074,,1,1.0,0.0,56171.723
2026-08-30T15:36:12.169Z,66.573354,-145.982544,4126.44,3726.0,4220.75,250.38,234.36,-1.55,7.41,161.39,170.51,157.49,119.79,0.0,0.94,0.972,0.954,0.22,3,1.0,0.0,56172.688
2026-08-30T15:36:13.162Z,66.573112,-145.984252,4128.19,3727.72,4222.56,249.42,233.46,-1.89,8.48,160.36,169.41,156.48,107.48,0.0,0.954,0.966,0.959,0.591,3,1.0,0.0,56173.66
2026-08-30T15:36:14.264Z,66.572827,-145.98613,4132.27,3732.92,4225.08,247.99,231.95,-3.88,9.99,159.01,167.95,155.01,284.58,0.0,1.143,1.177,1.16,0.261,2,1.0,0.0,56174.75
2026-08-30T15:36:15.216Z,66.572566,-145.987722,4142.19,3743.01,4230.12,245.2,229.16,-4.85,13.77,157.76,166.57,153.62,574.32,0.0,1.206,1.206,1.206,,1,1.0,0.0,56175.699
2026-08-30T15:36:16.292Z,66.572249,-145.989455,4159.3,3760.79,4240.88,244.16,228.16,-5.11,18.16,156.9,166.06,152.97,866.17,0.0,1.144,1.186,1.165,1.012,2,1.0,0.0,56176.75
2026-08-30T15:36:17.224Z,66.57195,-145.990931,4174.88,3776.32,4254.13,241.99,225.93,-5.0,19.73,156.46,165.25,152.21,932.39,0.0,1.031,1.044,1.036,0.313,3,1.0,0.0,56177.688
2026-08-30T15:36:18.147Z,66.571634,-145.992364,4189.08,3790.49,4268.02,239.06,223.05,-5.53,23.15,154.6,163.43,150.56,956.43,0.0,1.094,1.173,1.134,0.957,3,1.0,0.0,56178.547
2026-08-30T15:36:19.306Z,66.571209,-145.99406,4208.14,3809.47,4286.94,236.88,220.83,-4.0,22.04,152.75,161.5,148.85,909.28,0.0,0.927,1.03,0.975,0.473,3,1.0,0.0,56179.762
2026-08-30T15:36:20.231Z,66.570848,-145.995368,4218.87,3820.86,4300.34,234.56,218.54,-2.94,16.43,151.52,160.3,147.83,716.57,0.0,0.892,0.899,0.896,0.616,3,1.0,0.0,56180.684
2026-08-30T15:36:21.267Z,66.570424,-145.996796,4225.68,3827.46,4311.91,233.15,217.16,-1.81,5.97,150.5,159.3,146.98,426.69,0.0,0.833,0.838,0.835,0.058,2,1.0,0.0,56181.73
2026-08-30T15:36:22.183Z,66.570041,-145.998024,4227.41,3829.98,4317.36,232.67,216.7,-1.94,0.03,149.84,158.65,146.43,210.22,0.0,0.844,0.893,0.868,0.851,3,1.0,0.0,56182.641
2026-08-30T15:36:23.301Z,66.56957,-145.999517,4228.24,3830.8,4320.42,232.85,216.89,-1.77,-2.45,149.27,158.06,145.81,91.68,0.0,0.948,0.963,0.958,0.247,4,1.0,0.0,56183.758
2026-08-30T15:36:24.333Z,66.569138,-146.000895,4227.63,3828.92,4321.48,232.86,216.9,-1.25,-2.19,148.65,157.45,145.18,-20.56,0.0,0.955,0.957,0.956,0.132,2,1.0,0.0,56184.793
2026-08-30T15:36:25.268Z,66.568753,-146.002135,4225.18,3826.42,4320.85,233.32,217.36,-0.77,-2.2,148.45,157.27,144.98,-132.51,0.0,0.915,0.915,0.915,,1,1.0,0.0,56185.758
2026-08-30T15:36:26.225Z,66.568357,-146.003411,4220.92,3818.81,4318.81,233.45,217.48,-0.51,-2.53,148.39,157.21,144.91,-234.11,0.0,0.919,0.926,0.923,0.088,3,1.0,0.0,56186.672
2026-08-30T15:36:27.247Z,66.567939,-146.004771,4215.98,3813.96,4314.13,233.84,217.88,-2.21,-3.26,148.2,157.05,144.71,-209.14,0.0,1.039,1.119,1.08,0.604,2,1.0,0.0,56187.68
2026-08-30T15:36:28.334Z,66.567498,-146.006222,4214.51,3816.78,4310.81,233.98,218.03,-1.41,-3.62,147.97,156.7,144.35,-147.69,0.0,0.913,1.093,0.994,1.214,4,1.0,0.0,56188.754
2026-08-30T15:36:29.328Z,66.567096,-146.007563,4212.61,3814.93,4308.45,234.54,218.57,-1.88,-4.12,147.67,156.39,143.96,-100.99,0.0,1.023,1.029,1.026,0.337,2,1.0,0.0,56189.75
2026-08-30T15:36:30.197Z,66.566753,-146.008724,4212.1,3814.48,4307.14,234.76,218.8,-1.85,-4.47,147.38,156.06,143.61,-61.6,0.0,0.984,1.005,0.994,0.122,3,1.0,0.0,56190.602
2026-08-30T15:36:31.248Z,66.566339,-146.010147,4211.61,3814.0,4306.19,235.24,219.28,-1.92,-4.74,146.96,155.63,143.17,-36.92,0.0,0.979,0.979,0.979,0.034,4,1.0,0.0,56191.645
2026-08-30T15:36:32.170Z,66.565984,-146.011386,4211.34,3812.2,4305.7,235.71,219.76,-1.94,-5.06,146.81,155.6,143.22,-28.87,0.0,0.977,0.978,0.977,0.248,2,1.0,0.0,56192.555
2026-08-30T15:36:33.201Z,66.565593,-146.012783,4210.55,3811.4,4305.13,236.34,220.39,-1.57,-5.42,146.84,155.51,143.09,-48.65,0.0,0.963,0.991,0.98,0.679,4,1.0,0.0,56193.57
2026-08-30T15:36:34.215Z,66.565213,-146.014184,4209.05,3806.76,4304.12,237.22,221.24,-1.71,-5.33,146.4,155.02,142.64,-78.18,0.0,0.95,0.962,0.957,0.233,4,1.0,0.0,56194.594
2026-08-30T15:36:35.198Z,66.56485,-146.015532,4208.47,3806.25,4303.01,237.16,221.23,-2.66,-5.04,145.99,154.63,142.18,-12.43,0.0,1.073,1.073,1.073,,1,1.0,0.0,56195.57
2026-08-30T15:36:36.207Z,66.564486,-146.016924,4210.27,3810.08,4303.3,238.15,222.19,-2.4,-5.38,145.61,154.2,141.7,65.59,0.0,0.978,1.042,1.007,0.447,4,1.0,0.0,56196.57
2026-08-30T15:36:37.267Z,66.564111,-146.018391,4212.32,3812.15,4304.67,238.58,222.63,-2.62,-5.79,144.94,153.26,140.72,109.09,0.0,0.974,0.977,0.976,0.314,3,1.0,0.0,56197.625
2026-08-30T15:36:38.268Z,66.563766,-146.019776,4216.0,3815.22,4306.94,239.15,223.17,-3.19,-6.09,144.67,153.34,140.67,211.98,0.0,0.964,0.991,0.978,0.631,4,1.0,0.0,56198.613
2026-08-30T15:36:39.320Z,66.563411,-146.021239,4220.34,3819.49,4310.85,239.39,223.46,-1.66,-3.97,144.22,152.71,139.97,187.8,0.0,0.815,0.899,0.854,0.31,3,1.0,0.0,56199.656
2026-08-30T15:36:40.309Z,66.563082,-146.02262,4220.0,3820.88,4313.1,239.98,224.04,-0.82,-4.3,144.09,152.83,140.21,11.62,0.0,0.806,0.816,0.811,0.182,4,1.0,0.0,56200.645
2026-08-30T15:36:41.141Z,66.562806,-146.023793,4216.75,3817.57,4312.57,240.02,224.06,-0.14,-4.27,144.43,153.17,140.43,-162.91,0.0,0.823,0.827,0.825,0.015,2,1.0,0.0,56201.477
2026-08-30T15:36:42.318Z,66.562421,-146.025446,4207.51,3808.04,4307.54,239.72,223.78,0.38,-0.93,145.32,154.02,141.27,-416.79,0.0,0.836,0.9,0.863,0.94,5,1.0,0.0,56202.645
2026-08-30T15:36:43.143Z,66.562148,-146.026621,4198.97,3799.46,4301.24,240.34,224.39,1.38,0.37,145.98,154.89,142.11,-556.48,0.0,0.87,0.893,0.881,0.562,2,1.0,0.0,56203.473
2026-08-30T15:36:44.323Z,66.561757,-146.028309,4182.73,3783.45,4288.65,240.13,224.17,1.48,-0.06,146.62,155.32,142.47,-777.92,0.0,0.835,0.907,0.866,1.359,5,1.0,0.0,56204.648
2026-08-30T15:36:45.219Z,66.561459,-146.029587,4168.35,3769.02,4276.5,240.21,224.28,2.47,0.59,146.56,155.14,142.14,-916.74,0.0,0.887,0.887,0.887,,1,1.0,0.0,56205.547
2026-08-30T15:36:46.204Z,66.561131,-146.030993,4149.48,3750.97,4260.49,240.36,224.39,2.93,0.09,146.91,155.67,142.59,-1096.73,0.0,0.849,0.866,0.855,0.445,4,1.0,0.0,56206.535
2026-08-30T15:36:47.174Z,66.560807,-146.032374,4128.59,3730.07,4242.44,240.03,224.07,3.11,-0.53,147.76,156.65,143.42,-1228.64,0.0,0.895,0.943,0.927,0.433,4,1.0,0.0,56207.496
2026-08-30T15:36:48.175Z,66.560467,-146.033821,4105.7,3707.43,4220.86,240.15,224.2,3.48,-0.71,149.04,157.9,144.56,-1335.99,0.0,0.915,0.925,0.919,0.137,3,1.0,0.0,56208.504
2026-08-30T15:36:49.153Z,66.560135,-146.035233,4082.02,3683.71,4198.63,239.91,223.97,3.83,-0.74,150.07,158.92,145.49,-1426.1,0.0,0.924,0.937,0.931,0.558,4,1.0,0.0,56209.473
2026-08-30T15:36:50.323Z,66.559733,-146.036954,4051.38,3652.95,4169.63,240.76,224.74,4.63,-1.57,152.05,161.11,147.52,-1567.26,0.0,0.879,0.921,0.901,0.733,5,1.0,0.0,56210.781
2026-08-30T15:36:51.166Z,66.559442,-146.038213,4026.59,3628.27,4147.07,239.69,223.77,4.55,-1.09,153.4,162.39,148.74,-1683.91,0.0,0.91,0.91,0.91,,1,1.0,0.0,56211.605
2026-08-30T15:36:52.281Z,66.559054,-146.039868,3993.84,3595.62,4113.89,241.07,225.12,4.76,-2.35,155.0,163.83,150.11,-1736.68,0.0,0.973,1.011,0.995,1.113,4,1.0,0.0,56212.715
2026-08-30T15:36:53.161Z,66.558748,-146.041196,3967.96,3569.66,4088.74,240.35,224.38,3.79,-2.34,155.79,164.66,151.2,-1755.04,0.0,0.924,0.957,0.938,2.094,3,1.0,0.0,56213.598
2026-08-30T15:36:54.148Z,66.5584,-146.042707,3941.75,3543.71,4061.02,240.02,224.09,2.27,0.1,156.89,165.8,152.66,-1552.42,0.0,1.163,1.186,1.174,0.351,2,1.0,0.0,56214.586
2026-08-30T15:36:55.193Z,66.558031,-146.044322,3920.2,3522.61,4035.68,240.59,224.62,2.33,-0.73,157.61,166.3,153.23,-1318.46,0.0,1.039,1.069,1.054,0.078,2,1.0,0.0,56215.641
2026-08-30T15:36:56.213Z,66.557674,-146.04588,3901.29,3503.72,4013.76,240.31,224.37,2.02,-2.13,157.96,166.68,153.61,-1166.06,0.0,1.081,1.082,1.082,0.738,2,1.0,0.0,56216.648
2026-08-30T15:36:57.286Z,66.55729,-146.047552,3881.96,3484.61,3993.24,240.67,224.74,2.3,-3.45,158.33,166.9,153.77,-1115.51,0.0,0.995,1.023,1.006,0.066,4,1.0,0.0,56217.738
2026-08-30T15:36:58.300Z,66.556935,-146.049122,3863.4,3466.13,3975.19,241.11,225.18,2.16,-4.05,158.59,167.17,154.0,-1099.46,0.0,1.007,1.011,1.009,0.126,2,1.0,0.0,56218.746
2026-08-30T15:36:59.207Z,66.556623,-146.050537,3847.31,3450.31,3958.12,242.15,226.22,1.49,-5.43,158.7,167.24,154.03,-1054.64,0.0,1.004,1.053,1.026,1.227,3,1.0,0.0,56219.648
2026-08-30T15:37:00.296Z,66.55625,-146.052255,3829.89,3432.88,3939.09,242.16,226.22,1.59,-3.25,158.72,167.37,154.28,-985.93,0.0,1.034,1.073,1.049,0.525,4,1.0,0.0,56220.738
2026-08-30T15:37:01.300Z,66.555911,-146.053853,3813.42,3416.58,3922.93,242.42,226.46,2.0,-3.71,159.51,168.07,154.98,-1006.69,0.0,0.978,0.995,0.986,0.202,2,1.0,0.0,56221.754
2026-08-30T15:37:02.207Z,66.55561,-146.055295,3797.67,3400.84,3907.9,242.23,226.28,2.37,-3.28,159.73,168.08,155.04,-1029.77,0.0,0.996,1.016,1.009,1.161,3,1.0,0.0,56222.656
2026-08-30T15:37:03.329Z,66.555238,-146.057076,3777.08,3380.5,3888.34,242.75,226.82,2.05,-1.81,159.24,167.59,155.35,-1092.96,0.0,0.952,0.989,0.967,0.907,4,1.0,0.0,56223.762
2026-08-30T15:37:04.317Z,66.554909,-146.05867,3759.16,3362.64,3872.89,242.56,226.6,1.93,-2.01,159.36,167.65,155.53,-1059.91,0.0,1.043,1.047,1.045,0.187,2,1.0,0.0,56224.762
2026-08-30T15:37:05.194Z,66.55462,-146.06008,3744.22,3346.84,3856.89,242.62,226.68,1.83,-1.45,159.1,167.46,155.38,-1043.39,0.0,1.006,1.006,1.006,,1,1.0,0.0,56225.641
2026-08-30T15:37:06.301Z,66.554256,-146.061857,3726.42,3327.51,3836.69,242.86,226.91,1.35,-0.35,159.41,167.73,155.65,-955.15,0.0,1.055,1.089,1.078,0.37,4,1.0,0.0,56226.762
2026-08-30T15:37:07.338Z,66.553916,-146.06352,3711.57,3312.66,3820.56,242.69,226.74,1.44,-0.99,159.54,167.81,155.71,-892.76,0.0,1.005,1.011,1.008,0.118,2,1.0,0.0,56227.797
2026-08-30T15:37:08.240Z,66.553618,-146.064979,3698.7,3299.43,3807.9,242.86,226.92,1.3,-1.64,159.53,167.82,155.73,-866.07,0.0,1.007,1.014,1.01,0.12,3,1.0,0.0,56228.699
2026-08-30T15:37:09.151Z,66.553322,-146.066433,3686.06,3286.68,3793.99,242.98,227.03,1.3,-2.81,159.88,168.13,156.05,-847.49,0.0,1.032,1.036,1.034,0.033,3,1.0,0.0,56229.605
2026-08-30T15:37:10.174Z,66.552986,-146.068113,3671.85,3272.58,3779.19,243.17,227.25,0.73,-1.78,159.87,168.03,156.06,-811.52,0.0,1.019,1.035,1.027,0.808,2,1.0,0.0,56230.637
2026-08-30T15:37:11.292Z,66.552625,-146.069893,3659.38,3260.18,3764.83,243.31,227.37,0.28,-2.54,159.73,167.81,155.89,-686.57,0.0,1.075,1.085,1.081,0.28,4,1.0,0.0,56231.73
2026-08-30T15:37:12.304Z,66.552297,-146.071547,3650.25,3250.8,3753.65,243.58,227.65,-0.16,-2.58,159.42,167.36,155.55,-563.63,0.0,1.064,1.064,1.064,0.015,2,1.0,0.0,56232.758
2026-08-30T15:37:13.198Z,66.55201,-146.073001,3644.01,3244.64,3744.25,243.6,227.65,-0.59,-0.72,159.06,167.3,155.4,-442.2,0.0,1.062,1.086,1.075,0.179,3,1.0,0.0,56233.66
2026-08-30T15:37:14.317Z,66.551655,-146.074814,3638.84,3240.37,3736.3,243.41,227.5,-0.76,-1.0,159.67,167.67,155.75,-318.47,0.0,1.0,1.053,1.021,0.488,4,1.0,0.0,56234.781
2026-08-30T15:37:15.566Z,66.55126,-146.076836,3634.59,3236.2,3730.38,243.73,227.79,-1.13,-1.95,158.99,166.9,154.91,-213.43,0.0,1.042,1.042,1.042,,1,1.0,0.0,56236.02
2026-08-30T15:37:16.273Z,66.551041,-146.077972,3633.07,3235.39,3727.5,243.74,227.81,-1.2,-2.26,158.51,166.39,154.39,-163.55,0.0,1.031,1.035,1.033,0.103,2,1.0,0.0,56236.723
2026-08-30T15:37:17.185Z,66.550756,-146.079436,3631.51,3233.83,3725.95,243.99,228.06,-1.24,-2.32,157.88,165.72,153.73,-125.17,0.0,1.009,1.017,1.013,0.076,3,1.0,0.0,56237.633
2026-08-30T15:37:18.202Z,66.55044,-146.081084,3629.95,3232.52,3724.11,244.15,228.22,-1.37,-2.08,157.16,164.95,152.99,-100.1,0.0,1.01,1.01,1.01,0.163,2,1.0,0.0,56238.656
2026-08-30T15:37:19.291Z,66.550108,-146.082829,3628.8,3231.39,3722.67,244.27,228.33,-1.45,-1.59,156.38,164.14,152.19,-66.48,0.0,1.015,1.026,1.021,0.388,4,1.0,0.0,56239.75
2026-08-30T15:37:20.328Z,66.549797,-146.08447,3627.95,3229.43,3720.93,244.3,228.37,-1.39,-1.98,155.69,163.43,151.49,-60.18,0.0,0.992,0.994,0.993,0.029,2,1.0,0.0,56240.777
2026-08-30T15:37:21.241Z,66.549523,-146.085922,3626.87,3228.33,3720.41,244.46,228.53,-1.29,-2.38,155.14,162.88,150.9,-72.97,0.0,0.986,0.989,0.988,0.061,3,1.0,0.0,56241.691
2026-08-30T15:37:22.337Z,66.549198,-146.087667,3624.91,3226.18,3719.24,244.65,228.72,-1.11,-2.81,154.56,162.28,150.28,-106.69,0.0,0.978,0.982,0.98,0.045,4,1.0,0.0,56242.793
2026-08-30T15:37:23.180Z,66.548953,-146.088992,3622.77,3224.02,3717.82,244.87,228.94,-0.92,-3.11,153.59,161.16,149.89,-144.19,0.0,0.972,0.972,0.972,,1,1.0,0.0,56243.625
2026-08-30T15:37:24.291Z,66.548631,-146.090739,3618.68,3220.77,3715.33,245.02,229.09,-0.6,-3.0,152.87,160.55,149.5,-217.27,0.0,0.956,0.965,0.96,0.076,4,1.0,0.0,56244.734
2026-08-30T15:37:25.173Z,66.548378,-146.092138,3614.17,3216.22,3712.11,245.09,229.14,-0.33,-3.07,152.69,160.37,149.28,-283.95,0.0,0.961,0.961,0.961,,1,1.0,0.0,56245.621
2026-08-30T15:37:26.201Z,66.548083,-146.093792,3607.31,3210.01,3706.82,244.91,228.99,-0.12,-2.13,152.64,160.39,149.39,-379.37,0.0,0.902,0.914,0.908,0.765,2,1.0,0.0,56246.676
2026-08-30T15:37:27.350Z,66.547757,-146.095603,3599.07,3201.74,3699.34,245.31,229.38,-0.24,-1.97,153.18,160.87,149.89,-405.71,0.0,0.979,0.994,0.988,0.371,4,1.0,0.0,56247.902
2026-08-30T15:37:28.350Z,66.547476,-146.097186,3592.17,3195.37,3690.87,245.49,229.57,-0.01,-2.17,153.11,160.76,149.74,-421.78,0.0,0.983,0.983,0.983,,1,1.0,0.0,56248.898
2026-08-30T15:37:29.159Z,66.547248,-146.098465,3585.98,3189.15,3684.13,245.63,229.7,0.15,-2.54,153.08,160.72,149.67,-456.99,0.0,0.967,0.968,0.967,0.025,2,1.0,0.0,56249.676
2026-08-30T15:37:30.347Z,66.546916,-146.100354,3575.66,3179.29,3673.97,245.86,229.93,0.37,-3.0,153.12,160.76,149.64,-516.96,0.0,0.97,0.972,0.971,0.059,4,1.0,0.0,56250.812
2026-08-30T15:37:31.206Z,66.546676,-146.10173,3567.32,3170.94,3667.59,246.07,230.14,0.62,-3.31,153.17,160.81,149.68,-566.14,0.0,0.967,0.967,0.967,,1,1.0,0.0,56251.664
2026-08-30T15:37:32.317Z,66.546371,-146.103507,3555.19,3158.25,3658.18,246.39,230.46,0.69,-1.65,153.31,160.96,149.8,-651.47,0.0,0.955,0.963,0.959,0.445,4,1.0,0.0,56252.781
2026-08-30T15:37:33.244Z,66.54612,-146.104984,3543.84,3146.92,3648.41,245.86,229.92,0.7,-0.36,152.9,160.35,149.26,-689.54,0.0,1.031,1.05,1.043,0.687,3,1.0,0.0,56253.758
2026-08-30T15:37:34.328Z,66.545826,-146.106714,3531.31,3136.61,3636.16,246.32,230.39,1.07,-0.03,152.93,160.49,149.47,-705.12,0.0,0.975,0.985,0.98,0.032,2,1.0,0.0,56254.789
2026-08-30T15:37:35.235Z,66.54558,-146.108153,3520.02,3125.29,3625.52,246.04,230.09,1.22,-0.64,153.22,160.81,149.74,-743.74,0.0,0.982,0.982,0.982,,1,1.0,0.0,56255.684
2026-08-30T15:37:36.351Z,66.545274,-146.109943,3505.2,3101.72,3612.27,246.19,230.26,0.89,-1.46,153.54,161.11,150.06,-769.56,0.0,0.972,1.024,0.993,1.234,4,1.0,0.0,56256.812
2026-08-30T15:37:37.204Z,66.545041,-146.111308,3494.65,3091.21,3601.63,246.35,230.41,0.26,-1.91,153.73,161.26,150.24,-726.68,0.0,1.063,1.063,1.063,,1,1.0,0.0,56257.676
2026-08-30T15:37:38.331Z,66.544736,-146.113102,3482.98,3088.89,3587.99,246.38,230.45,0.52,-2.3,153.83,161.24,150.13,-655.42,0.0,1.004,1.067,1.033,0.398,4,1.0,0.0,56258.797
2026-08-30T15:37:39.243Z,66.544487,-146.114585,3473.56,3079.5,3577.34,246.54,230.63,0.27,-2.57,153.58,160.99,150.0,-620.95,0.0,0.991,1.0,0.994,0.289,3,1.0,0.0,56259.719
2026-08-30T15:37:40.314Z,66.544202,-146.116293,3463.54,3068.66,3566.6,246.94,231.03,-0.5,-2.99,153.53,160.88,149.99,-556.83,0.0,1.036,1.051,1.044,0.338,2,1.0,0.0,56260.781
2026-08-30T15:37:41.237Z,66.543956,-146.117791,3457.31,3062.53,3558.52,247.22,231.31,-1.32,-3.53,153.26,160.54,149.67,-411.81,0.0,1.1,1.124,1.113,0.048,3,1.0,0.0,56261.715
2026-08-30T15:37:42.176Z,66.543713,-146.119296,3454.21,3059.3,3552.73,247.51,231.6,-1.81,-3.89,152.86,160.1,149.25,-244.36,0.0,1.095,1.111,1.103,0.064,3,1.0,0.0,56262.648
2026-08-30T15:37:43.258Z,66.543438,-146.121028,3453.59,3058.76,3549.7,247.95,232.04,-2.24,-3.61,152.25,159.42,148.58,-71.91,0.0,1.074,1.08,1.077,0.131,2,1.0,0.0,56263.73
2026-08-30T15:37:44.195Z,66.543205,-146.122533,3454.91,3060.9,3548.93,248.49,232.59,-2.38,-1.73,151.57,158.7,147.76,42.19,0.0,1.056,1.06,1.057,0.309,3,1.0,0.0,56264.66
2026-08-30T15:37:45.465Z,66.542892,-146.124581,3457.52,3063.8,3550.05,248.57,232.68,-2.11,-3.65,150.71,157.83,146.86,93.48,0.0,1.001,1.001,1.001,,1,1.0,0.0,56265.957
2026-08-30T15:37:46.215Z,66.542712,-146.125781,3458.56,3064.82,3551.14,249.04,233.12,-2.16,-4.79,150.18,157.26,146.42,78.61,0.0,0.969,0.97,0.969,0.416,2,1.0,0.0,56266.715
2026-08-30T15:37:47.330Z,66.542452,-146.127555,3460.19,3059.8,3552.61,249.08,233.18,-2.81,-2.48,149.4,156.49,145.69,113.96,0.0,1.035,1.056,1.045,0.227,2,1.0,0.0,56267.82
2026-08-30T15:37:48.295Z,66.542234,-146.129074,3463.06,3062.66,3554.65,249.4,233.49,-2.28,-2.24,148.78,155.79,145.08,139.66,0.0,0.97,1.053,1.013,1.291,3,1.0,0.0,56268.793
2026-08-30T15:37:49.215Z,66.542025,-146.130547,3465.19,3064.79,3556.82,249.47,233.54,-2.1,-2.44,148.36,155.52,144.77,135.02,0.0,1.021,1.021,1.021,,1,1.0,0.0,56269.727
2026-08-30T15:37:50.179Z,66.54181,-146.132074,3466.3,3065.93,3558.76,249.13,233.21,-0.86,-2.34,147.69,154.8,144.05,42.55,0.0,0.896,0.96,0.931,1.189,3,1.0,0.0,56270.699
2026-08-30T15:37:51.168Z,66.541593,-146.133621,3462.97,3062.45,3558.58,249.73,233.83,-0.61,-2.2,147.98,155.15,144.45,-174.8,0.0,0.834,0.875,0.852,1.099,3,1.0,0.0,56271.684
2026-08-30T15:37:52.304Z,66.541341,-146.135427,3456.97,3056.32,3554.68,249.97,234.05,-1.34,-1.26,147.93,155.04,144.36,-234.92,0.0,1.048,1.064,1.056,0.321,2,1.0,0.0,56272.832
2026-08-30T15:37:53.282Z,66.541129,-146.136972,3453.68,3053.04,3551.18,249.97,234.04,-1.59,-1.29,147.96,155.21,144.54,-204.62,0.0,1.034,1.044,1.038,0.321,3,1.0,0.0,56273.812
2026-08-30T15:37:54.260Z,66.540916,-146.13852,3451.26,3053.19,3547.37,250.05,234.14,-2.09,-1.9,148.36,155.45,144.73,-139.9,0.0,1.08,1.08,1.08,,1,1.0,0.0,56274.797
2026-08-30T15:37:55.315Z,66.540686,-146.140196,3450.94,3057.78,3540.46,250.15,234.23,-2.01,-2.56,148.0,154.98,144.24,-41.4,0.0,1.046,1.046,1.046,,1,1.0,0.0,56275.84
2026-08-30T15:37:56.313Z,66.540472,-146.141777,3451.13,3057.96,3537.85,250.26,234.34,-2.02,-2.71,147.55,154.52,143.8,-10.94,0.0,0.999,0.999,0.999,,1,1.0,0.0,56276.855
2026-08-30T15:37:57.314Z,66.54026,-146.143359,3451.19,3057.06,3536.93,250.66,234.75,-2.12,-3.05,147.13,154.08,143.39,0.57,0.0,0.996,1.002,0.999,0.067,3,1.0,0.0,56277.848
2026-08-30T15:37:58.298Z,66.540055,-146.144923,3451.62,3057.53,3536.7,250.78,234.87,-2.47,-2.89,146.7,153.63,142.93,31.62,0.0,1.024,1.024,1.024,,1,1.0,0.0,56278.836
2026-08-30T15:37:59.282Z,66.539852,-146.146484,3452.99,3050.37,3537.16,250.84,234.91,-2.77,-3.51,146.23,153.14,142.45,75.73,0.0,1.023,1.029,1.025,0.167,3,1.0,0.0,56279.828
2026-08-30T15:38:00.285Z,66.539652,-146.148048,3455.38,3052.81,3538.68,251.82,235.94,-3.19,-4.4,145.79,152.67,141.88,144.46,0.0,1.04,1.052,1.046,0.172,3,1.0,0.0,56280.82
2026-08-30T15:38:01.271Z,66.539459,-146.149613,3459.49,3056.98,3541.04,252.27,236.34,-3.7,-5.3,145.13,151.96,141.18,240.35,0.0,1.068,1.068,1.068,,1,1.0,0.0,56281.816
2026-08-30T15:38:02.260Z,66.539277,-146.151151,3465.61,3066.26,3545.29,252.32,236.44,-3.84,-4.76,144.39,151.11,140.29,345.13,0.0,1.062,1.07,1.067,0.448,3,1.0,0.0,56282.805
2026-08-30T15:38:03.259Z,66.539098,-146.15271,3472.08,3072.72,3551.03,252.98,237.07,-3.92,-3.09,143.21,149.95,139.15,363.07,0.0,1.002,1.009,1.005,0.392,3,1.0,0.0,56283.797
2026-08-30T15:38:04.258Z,66.538925,-146.154275,3478.69,3079.22,3556.89,253.42,237.49,-3.6,-0.98,142.56,149.34,138.4,388.03,0.0,1.018,1.018,1.018,,1,1.0,0.0,56284.809
2026-08-30T15:38:05.339Z,66.538742,-146.155937,3485.21,3085.66,3563.16,253.23,237.31,-3.31,-1.22,141.89,148.64,137.75,349.98,0.0,0.961,0.961,0.961,,1,1.0,0.0,56285.883
2026-08-30T15:38:06.344Z,66.538572,-146.157489,3490.15,3090.57,3568.94,253.36,237.44,-3.13,-1.4,141.37,148.14,137.24,298.52,0.0,0.974,0.974,0.974,,1,1.0,0.0,56286.895
2026-08-30T15:38:07.169Z,66.538435,-146.15877,3493.38,3093.77,3575.16,253.39,237.47,-2.81,-1.6,140.96,147.74,136.9,243.72,0.0,0.955,0.961,0.958,0.134,2,1.0,0.0,56287.723
2026-08-30T15:38:08.191Z,66.538264,-146.160324,3495.87,3098.0,3579.42,253.45,237.53,-2.49,-1.71,140.6,147.39,136.6,157.07,0.0,0.945,0.946,0.945,0.111,3,1.0,0.0,56288.738
2026-08-30T15:38:09.210Z,66.538098,-146.16187,3496.51,3098.56,3581.69,253.65,237.75,-2.11,-1.9,140.28,147.08,136.34,52.05,0.0,0.958,0.958,0.958,,1,1.0,0.0,56289.754
2026-08-30T15:38:10.217Z,66.537932,-146.163423,3495.37,3094.12,3581.48,253.72,237.84,-1.88,-2.15,140.14,146.87,136.25,-54.93,0.0,0.941,0.949,0.945,0.02,3,1.0,0.0,56290.754
2026-08-30T15:38:11.211Z,66.537772,-146.164931,3493.46,3092.27,3581.43,253.88,237.91,-2.1,-0.5,140.03,146.98,136.19,-54.79,0.0,1.044,1.044,1.044,,1,1.0,0.0,56291.738
2026-08-30T15:38:12.209Z,66.537611,-146.166464,3492.18,3090.32,3581.02,253.0,237.16,-1.35,1.6,140.1,146.92,136.26,-131.11,0.0,0.803,0.909,0.853,1.209,3,1.0,0.0,56292.715
2026-08-30T15:38:13.176Z,66.537452,-146.167949,3488.61,3086.79,3576.58,253.81,237.86,-2.14,1.64,139.99,146.83,136.14,-156.38,0.0,0.958,1.05,1.006,0.316,3,1.0,0.0,56293.695
2026-08-30T15:38:14.306Z,66.537265,-146.169661,3485.97,3040.86,3572.41,251.85,235.93,-1.97,0.48,139.53,146.11,135.63,-153.05,0.0,0.978,0.979,0.979,0.044,2,1.0,0.0,56294.805
2026-08-30T15:38:15.302Z,66.537095,-146.171169,3484.33,3039.32,3570.17,252.52,236.66,-3.64,-0.9,139.28,146.01,135.57,-56.33,0.0,1.089,1.089,1.089,,1,1.0,0.0,56295.816
2026-08-30T15:38:16.246Z,66.536931,-146.172604,3487.14,3087.28,3569.85,252.86,236.92,-3.17,-0.42,139.29,146.04,135.4,126.09,0.0,1.103,1.103,1.103,,1,1.0,0.0,56296.766
2026-08-30T15:38:17.209Z,66.536766,-146.174048,3490.46,3090.54,3572.05,251.74,235.83,-2.5,1.72,138.98,145.66,135.05,145.11,0.0,0.934,0.975,0.953,0.125,3,1.0,0.0,56297.727
2026-08-30T15:38:18.202Z,66.536592,-146.175543,3491.94,3093.44,3576.02,252.33,236.38,-2.34,1.29,138.29,144.76,134.23,82.33,0.0,0.898,0.915,0.907,0.091,3,1.0,0.0,56298.723
2026-08-30T15:38:19.165Z,66.536421,-146.176985,3492.7,3094.25,3578.48,250.88,234.97,-3.31,1.47,138.63,145.51,134.93,95.02,0.0,1.034,1.034,1.034,,1,1.0,0.0,56299.676
2026-08-30T15:38:20.338Z,66.536207,-146.178739,3495.57,3095.19,3580.33,251.69,235.79,-2.4,-1.24,139.21,146.08,135.41,100.46,0.0,0.946,1.043,0.996,1.068,4,1.0,0.0,56300.855
2026-08-30T15:38:21.307Z,66.536028,-146.180197,3495.85,3095.44,3581.55,251.5,235.63,-3.22,-1.22,140.2,147.33,136.73,52.58,0.0,1.026,1.026,1.026,,1,1.0,0.0,56301.824
2026-08-30T15:38:22.296Z,66.535844,-146.181701,3497.81,3108.67,3582.84,251.92,236.0,-3.07,-0.98,140.84,147.76,137.08,126.21,0.0,1.071,1.1,1.088,0.961,3,1.0,0.0,56302.809
2026-08-30T15:38:23.257Z,66.535666,-146.183162,3500.78,3111.65,3584.84,251.58,235.69,-3.15,-1.03,141.07,148.0,137.34,165.17,0.0,1.002,1.009,1.005,0.189,3,1.0,0.0,56303.773
2026-08-30T15:38:24.216Z,66.535487,-146.184626,3504.06,3114.3,3588.41,251.8,235.9,-3.25,-1.17,141.28,148.23,137.57,198.27,0.0,1.01,1.01,1.01,,1,1.0,0.0,56304.73
2026-08-30T15:38:25.243Z,66.535297,-146.186194,3508.18,3118.45,3591.54,251.8,235.9,-3.36,-1.42,141.48,148.44,137.77,233.5,0.0,1.01,1.01,1.01,,1,1.0,0.0,56305.762
2026-08-30T15:38:26.233Z,66.535112,-146.187714,3512.69,3121.91,3594.25,251.92,236.02,-3.52,-1.61,141.64,148.61,137.91,268.1,0.0,1.01,1.014,1.012,0.065,3,1.0,0.0,56306.754
2026-08-30T15:38:27.199Z,66.534935,-146.189188,3517.62,3126.86,3598.05,252.0,236.09,-3.54,-0.21,141.77,148.74,138.01,296.97,0.0,1.004,1.004,1.004,,1,1.0,0.0,56307.703
2026-08-30T15:38:28.160Z,66.534757,-146.190662,3522.94,3085.38,3602.65,251.94,236.04,-3.65,-0.77,142.22,149.31,138.42,336.49,0.0,1.002,1.005,1.004,0.089,3,1.0,0.0,56308.672
2026-08-30T15:38:29.329Z,66.53454,-146.192469,3529.57,3091.95,3609.13,252.02,236.11,-2.31,-1.01,142.47,149.53,138.64,285.1,0.0,0.902,0.971,0.935,0.729,4,1.0,0.0,56309.863
2026-08-30T15:38:30.298Z,66.53436,-146.193966,3531.26,3133.51,3613.13,251.98,236.08,-1.74,-1.03,142.81,149.94,139.09,114.76,0.0,0.868,0.868,0.868,,1,1.0,0.0,56310.82
2026-08-30T15:38:31.292Z,66.534177,-146.195494,3529.47,3131.61,3614.31,252.35,236.46,-0.61,-0.74,143.52,150.73,139.84,-85.94,0.0,0.928,0.941,0.933,1.005,3,1.0,0.0,56311.824
2026-08-30T15:38:32.275Z,66.533996,-146.19702,3523.93,3086.71,3612.13,252.27,236.36,-0.52,-1.03,144.28,151.55,140.71,-276.31,0.0,0.896,0.924,0.909,0.725,3,1.0,0.0,56312.801
2026-08-30T15:38:33.253Z,66.533814,-146.19856,3517.19,3079.96,3607.24,252.3,236.4,-0.43,-1.21,145.12,152.39,141.6,-364.17,0.0,0.985,0.985,0.985,,1,1.0,0.0,56313.77
2026-08-30T15:38:34.216Z,66.533635,-146.200079,3510.52,3110.49,3601.32,252.45,236.55,-1.86,-1.93,145.72,152.99,142.42,-358.15,0.0,0.985,1.039,1.009,1.874,3,1.0,0.0,56314.738
2026-08-30T15:38:35.238Z,66.533445,-146.2017,3507.59,3107.69,3596.66,252.53,236.63,-1.64,-2.34,146.43,153.74,143.05,-193.7,0.0,1.104,1.104,1.104,,1,1.0,0.0,56315.75
2026-08-30T15:38:36.200Z,66.533267,-146.203233,3505.89,3114.05,3594.89,252.04,236.12,-0.78,-1.84,146.94,154.2,143.49,-173.82,0.0,0.948,0.948,0.948,,1,1.0,0.0,56316.711
2026-08-30T15:38:37.185Z,66.533084,-146.20481,3501.71,3109.81,3591.07,253.33,237.48,-0.66,-1.3,147.59,154.92,144.15,-244.25,0.0,0.916,0.948,0.932,0.281,3,1.0,0.0,56317.688
2026-08-30T15:38:38.351Z,66.532867,-146.2067,3495.86,3062.83,3586.24,253.35,237.41,-2.04,-2.61,148.28,155.58,144.91,-248.69,0.0,0.961,1.042,0.991,2.07,4,1.0,0.0,56318.848
2026-08-30T15:38:39.264Z,66.532702,-146.20818,3494.81,3098.96,3583.86,253.03,237.17,-2.19,-2.74,148.67,155.97,145.16,-84.78,0.0,1.138,1.138,1.138,,1,1.0,0.0,56319.754
2026-08-30T15:38:40.215Z,66.532532,-146.209731,3495.63,3099.77,3583.55,253.94,238.05,-1.95,-4.24,148.8,156.1,145.41,-13.02,0.0,0.976,1.031,1.001,0.205,3,1.0,0.0,56320.695
2026-08-30T15:38:41.153Z,66.532369,-146.21125,3496.67,3100.88,3583.04,253.71,237.84,-2.9,-4.6,148.93,156.15,145.42,76.62,0.0,1.022,1.091,1.059,0.353,3,1.0,0.0,56321.621
2026-08-30T15:38:42.231Z,66.532189,-146.212988,3500.7,3107.96,3583.66,254.76,238.92,-3.3,-3.51,148.74,155.92,145.31,195.1,0.0,1.03,1.048,1.039,0.359,2,1.0,0.0,56322.703
2026-08-30T15:38:43.166Z,66.532035,-146.214538,3506.41,3113.76,3587.92,254.97,239.06,-4.25,-1.6,148.5,155.66,144.98,356.87,0.0,1.085,1.127,1.108,0.107,3,1.0,0.0,56323.645
2026-08-30T15:38:44.247Z,66.531862,-146.216289,3516.69,3123.03,3595.21,254.67,238.79,-3.51,-1.78,148.12,155.38,144.66,508.95,0.0,1.042,1.061,1.052,1.07,2,1.0,0.0,56324.711
2026-08-30T15:38:45.170Z,66.531715,-146.217797,3524.21,3130.43,3601.95,254.93,239.05,-2.6,-2.29,147.85,155.05,144.47,435.47,0.0,0.875,0.875,0.875,,1,1.0,0.0,56325.652
2026-08-30T15:38:46.258Z,66.531543,-146.219581,3529.28,3136.91,3608.67,255.16,239.28,-3.59,-2.87,147.67,154.9,144.41,338.74,0.0,0.955,1.004,0.98,0.448,2,1.0,0.0,56326.738
2026-08-30T15:38:47.208Z,66.531397,-146.221119,3535.26,3142.96,3614.03,255.44,239.56,-4.06,-2.21,147.55,154.77,144.16,396.92,0.0,1.064,1.068,1.066,0.045,3,1.0,0.0,56327.676
2026-08-30T15:38:48.277Z,66.531234,-146.222868,3544.02,3153.47,3621.51,255.36,239.47,-2.41,-1.38,147.4,154.65,143.96,424.42,0.0,0.936,1.0,0.969,1.017,2,1.0,0.0,56328.746
2026-08-30T15:38:49.198Z,66.531096,-146.224362,3547.8,3157.11,3627.34,255.46,239.57,-1.94,-0.5,147.43,154.78,144.2,260.66,0.0,0.83,0.851,0.839,0.882,3,1.0,0.0,56329.652
2026-08-30T15:38:50.228Z,66.530939,-146.226051,3548.07,3158.06,3630.92,255.52,239.63,-1.04,-0.8,148.21,155.61,144.91,52.88,0.0,0.904,0.913,0.909,0.285,2,1.0,0.0,56330.676
2026-08-30T15:38:51.313Z,66.530773,-146.227831,3545.45,3149.32,3630.98,255.57,239.68,-2.46,-1.46,148.54,155.92,145.34,-53.26,0.0,0.904,1.044,0.972,2.127,4,1.0,0.0,56331.766
2026-08-30T15:38:52.318Z,66.53062,-146.229486,3546.56,3150.55,3630.61,255.9,240.02,-3.15,-2.32,148.68,156.01,145.4,78.33,0.0,1.122,1.128,1.125,0.174,2,1.0,0.0,56332.758
2026-08-30T15:38:53.218Z,66.530487,-146.230955,3550.41,3154.43,3632.31,255.73,239.84,-2.0,-2.51,148.72,156.04,145.38,179.51,0.0,1.012,1.104,1.064,2.445,3,1.0,0.0,56333.664
2026-08-30T15:38:54.316Z,66.530325,-146.232774,3551.86,3156.09,3635.05,256.01,240.13,-1.0,-2.4,148.88,156.3,145.7,41.5,0.0,0.853,0.88,0.862,0.477,4,1.0,0.0,56334.773
2026-08-30T15:38:55.539Z,66.530146,-146.23478,3548.49,3154.98,3634.64,256.32,240.44,-1.75,-2.73,149.29,156.73,146.26,-106.61,0.0,0.996,0.996,0.996,,1,1.0,0.0,56335.992
2026-08-30T15:38:56.246Z,66.530045,-146.235948,3547.29,3153.83,3633.44,256.47,240.59,-2.24,-2.95,149.5,156.92,146.47,-77.17,0.0,1.06,1.07,1.065,0.221,2,1.0,0.0,56336.695
2026-08-30T15:38:57.137Z,66.529919,-146.23743,3547.88,3154.49,3632.63,256.73,240.85,-2.57,-1.54,149.36,156.55,145.89,27.54,0.0,1.085,1.089,1.087,0.563,3,1.0,0.0,56337.586
2026-08-30T15:38:58.162Z,66.529775,-146.23914,3551.15,3154.67,3633.72,256.15,240.26,-3.42,-0.15,148.52,155.84,145.33,169.6,0.0,1.057,1.076,1.067,0.211,2,1.0,0.0,56338.609
2026-08-30T15:38:59.260Z,66.529621,-146.240948,3557.52,3161.09,3637.65,256.6,240.71,-3.4,-0.3,148.38,155.71,145.02,309.65,0.0,1.038,1.078,1.057,0.362,4,1.0,0.0,56339.691
2026-08-30T15:39:00.270Z,66.529478,-146.242613,3562.96,3169.21,3642.68,256.3,240.41,-1.32,-0.9,148.42,155.8,145.15,240.69,0.0,0.818,0.873,0.846,0.092,2,1.0,0.0,56340.703
2026-08-30T15:39:01.153Z,66.529353,-146.244056,3562.55,3168.7,3645.56,256.38,240.5,-1.24,-1.08,148.63,156.06,145.48,38.85,0.0,0.805,0.862,0.832,0.863,3,1.0,0.0,56341.59
2026-08-30T15:39:02.237Z,66.529198,-146.245856,3560.12,3164.24,3645.55,256.46,240.58,-2.03,-1.69,148.98,156.41,145.89,-55.13,0.0,0.942,1.039,0.993,0.746,4,1.0,0.0,56342.684
2026-08-30T15:39:03.234Z,66.529057,-146.247506,3559.93,3164.11,3644.85,256.56,240.68,-2.43,-2.11,149.22,156.7,146.21,-1.7,0.0,1.063,1.064,1.064,0.048,2,1.0,0.0,56343.676
2026-08-30T15:39:04.335Z,66.528903,-146.249328,3561.85,3171.38,3645.23,256.74,240.86,-2.46,-2.94,149.38,156.79,146.3,86.88,0.0,1.039,1.07,1.059,0.812,4,1.0,0.0,56344.773
2026-08-30T15:39:05.515Z,66.528741,-146.251291,3564.98,3171.91,3647.01,257.07,241.19,-2.78,-2.18,149.41,156.81,146.33,149.43,0.0,1.026,1.026,1.026,,1,1.0,0.0,56345.969
2026-08-30T15:39:06.233Z,66.528644,-146.252489,3567.47,3174.42,3648.71,257.15,241.27,-2.91,-1.74,149.39,156.78,146.3,190.39,0.0,1.031,1.031,1.031,0.016,2,1.0,0.0,56346.672
2026-08-30T15:39:07.320Z,66.5285,-146.254286,3572.49,3177.85,3652.58,257.0,241.11,-3.27,-1.39,149.36,156.75,146.16,270.99,0.0,1.036,1.047,1.043,0.124,4,1.0,0.0,56347.742
2026-08-30T15:39:08.315Z,66.528367,-146.255947,3578.61,3183.99,3657.26,257.31,241.43,-3.41,-0.73,149.11,156.48,145.95,343.36,0.0,1.025,1.03,1.028,0.048,2,1.0,0.0,56348.742
2026-08-30T15:39:09.192Z,66.528252,-146.257394,3584.61,3190.02,3661.25,257.21,241.34,-3.61,-0.41,148.86,156.24,145.72,393.86,0.0,1.022,1.023,1.022,0.008,3,1.0,0.0,56349.605
2026-08-30T15:39:10.270Z,66.528108,-146.259191,3593.03,3199.07,3668.18,257.13,241.26,-3.81,0.1,148.58,155.94,145.37,453.1,0.0,1.021,1.024,1.023,0.042,4,1.0,0.0,56350.703
2026-08-30T15:39:11.249Z,66.527978,-146.260812,3601.45,3207.42,3676.83,257.09,241.22,-3.92,0.51,148.27,155.6,145.02,498.91,0.0,1.014,1.021,1.017,0.14,2,1.0,0.0,56351.672
2026-08-30T15:39:12.324Z,66.527834,-146.262571,3611.21,3216.8,3686.86,256.87,240.99,-4.15,0.74,147.89,155.25,144.58,541.47,0.0,1.011,1.019,1.015,0.122,4,1.0,0.0,56352.73
2026-08-30T15:39:13.291Z,66.527702,-146.264166,3620.85,3232.63,3696.13,256.7,240.83,-4.37,0.54,147.5,154.83,144.13,582.28,0.0,1.017,1.019,1.018,0.019,2,1.0,0.0,56353.707
2026-08-30T15:39:14.141Z,66.527584,-146.265561,3629.84,3241.64,3703.92,256.55,240.68,-4.61,0.36,147.08,154.41,143.68,621.33,0.0,1.019,1.025,1.022,0.053,3,1.0,0.0,56354.555
2026-08-30T15:39:15.150Z,66.527445,-146.267198,3641.25,3253.07,3714.09,256.45,240.59,-4.14,0.2,146.89,154.51,143.64,663.03,0.0,1.015,1.02,1.017,0.531,2,1.0,0.0,56355.602
2026-08-30T15:39:16.155Z,66.527304,-146.268832,3650.34,3256.82,3725.11,256.34,240.46,-2.89,0.08,146.75,154.2,143.55,504.81,0.0,0.797,0.813,0.805,1.141,2,1.0,0.0,56356.586
2026-08-30T15:39:17.240Z,66.527151,-146.27059,3654.9,3261.29,3733.72,256.19,240.31,-1.17,0.16,146.87,154.41,143.7,276.48,0.0,0.85,0.909,0.886,2.054,4,1.0,0.0,56357.664
2026-08-30T15:39:18.231Z,66.527008,-146.272219,3652.98,3218.96,3736.97,256.09,240.22,-0.35,0.35,147.24,154.84,144.2,-47.61,0.0,0.785,0.803,0.794,0.56,2,1.0,0.0,56358.664
2026-08-30T15:39:19.314Z,66.526851,-146.27399,3646.57,3252.69,3734.04,256.11,240.23,-1.11,-0.17,147.87,155.51,144.96,-250.61,0.0,0.872,0.988,0.928,1.507,4,1.0,0.0,56359.742
2026-08-30T15:39:20.311Z,66.526705,-146.275617,3642.04,3248.2,3729.18,255.95,240.08,-0.57,-0.4,148.58,156.22,145.54,-250.53,0.0,1.057,1.067,1.062,0.986,2,1.0,0.0,56360.734
2026-08-30T15:39:21.197Z,66.526574,-146.277084,3636.77,3242.77,3725.28,256.33,240.46,-0.27,-0.06,148.99,156.76,146.07,-362.56,0.0,0.861,0.919,0.883,1.566,3,1.0,0.0,56361.629
2026-08-30T15:39:22.270Z,66.526415,-146.278863,3629.35,3235.21,3719.39,255.92,240.04,-1.05,-0.6,150.43,158.35,146.76,-354.86,0.0,0.996,1.08,1.048,0.431,4,1.0,0.0,56362.695
2026-08-30T15:39:23.256Z,66.526267,-146.280505,3625.1,3230.11,3713.71,255.99,240.13,-0.83,-0.73,151.21,158.93,147.2,-281.63,0.0,1.036,1.053,1.044,0.531,2,1.0,0.0,56363.684
2026-08-30T15:39:24.348Z,66.526104,-146.282317,3620.26,3225.25,3708.85,256.01,240.14,-0.5,-1.1,151.7,159.43,147.73,-289.24,0.0,0.963,0.982,0.969,0.201,4,1.0,0.0,56364.773
2026-08-30T15:39:25.500Z,66.525931,-146.284246,3613.68,3220.5,3703.26,256.13,240.27,-0.27,-1.58,152.34,160.12,148.43,-331.14,0.0,0.969,0.969,0.969,,1,1.0,0.0,56365.953
2026-08-30T15:39:26.201Z,66.525827,-146.285424,3609.26,3216.07,3699.55,256.46,240.59,0.01,-2.5,152.52,160.24,148.64,-380.9,0.0,0.958,0.961,0.959,0.113,2,1.0,0.0,56366.629
2026-08-30T15:39:27.283Z,66.525666,-146.287257,3600.84,3202.3,3692.31,256.51,240.65,-0.25,-2.75,153.12,160.9,149.37,-433.62,0.0,0.965,1.004,0.982,0.852,4,1.0,0.0,56367.711
2026-08-30T15:39:28.291Z,66.52552,-146.288971,3593.86,3195.34,3684.94,256.8,240.94,-0.47,-2.61,153.71,161.5,149.97,-404.36,0.0,1.034,1.035,1.035,0.071,2,1.0,0.0,56368.734
2026-08-30T15:39:29.183Z,66.525393,-146.29048,3588.82,3204.25,3677.42,257.0,241.13,-0.73,-2.53,154.23,161.99,150.38,-352.24,0.0,1.037,1.038,1.037,0.039,3,1.0,0.0,56369.617
2026-08-30T15:39:30.281Z,66.52524,-146.292351,3584.06,3199.53,3671.29,257.23,241.37,-1.11,-2.52,154.61,162.36,150.76,-268.7,0.0,1.04,1.044,1.042,0.15,4,1.0,0.0,56370.711
2026-08-30T15:39:31.291Z,66.525101,-146.294082,3581.38,3186.63,3666.87,257.43,241.57,-1.47,-2.47,154.83,162.52,150.9,-179.83,0.0,1.046,1.046,1.046,0.046,2,1.0,0.0,56371.711
2026-08-30T15:39:32.177Z,66.524981,-146.295606,3580.18,3185.45,3664.99,258.08,242.25,-1.15,-1.37,154.28,161.78,150.83,-118.42,0.0,1.002,1.044,1.025,0.999,3,1.0,0.0,56372.66
2026-08-30T15:39:33.308Z,66.524832,-146.297544,3578.38,3191.6,3662.41,257.71,241.82,-2.18,-1.06,153.71,161.36,151.03,-78.67,0.0,0.962,1.037,0.995,1.421,4,1.0,0.0,56373.773
2026-08-30T15:39:34.335Z,66.524696,-146.299338,3579.75,3193.05,3661.52,257.87,242.01,-1.98,0.09,153.83,161.48,150.99,49.31,0.0,1.054,1.083,1.068,0.646,2,1.0,0.0,56374.77
2026-08-30T15:39:35.178Z,66.524587,-146.30078,3580.91,3193.57,3662.65,257.8,241.92,-1.28,0.24,153.88,161.61,151.06,35.57,0.0,0.915,0.915,0.915,,1,1.0,0.0,56375.605
2026-08-30T15:39:36.248Z,66.524445,-146.302624,3579.16,3191.71,3662.49,257.53,241.66,0.07,1.02,154.35,162.08,151.44,-113.98,0.0,0.846,0.917,0.885,1.264,4,1.0,0.0,56376.672
2026-08-30T15:39:37.241Z,66.524312,-146.304316,3572.73,3185.37,3659.08,257.37,241.49,0.42,1.78,154.82,162.62,151.94,-331.2,0.0,0.868,0.889,0.879,0.195,2,1.0,0.0,56377.672
2026-08-30T15:39:38.320Z,66.524162,-146.306183,3562.74,3175.32,3652.96,257.75,241.91,0.47,1.52,155.34,163.13,152.47,-503.78,0.0,0.918,0.945,0.929,0.695,4,1.0,0.0,56378.758
2026-08-30T15:39:39.320Z,66.524019,-146.307936,3553.08,3165.02,3645.41,256.95,241.06,-0.19,0.04,155.94,163.79,153.18,-516.08,0.0,1.039,1.058,1.049,0.094,2,1.0,0.0,56379.773
2026-08-30T15:39:40.239Z,66.523888,-146.309531,3546.25,3158.18,3638.2,257.22,241.38,0.16,-0.11,156.74,164.55,153.88,-471.53,0.0,1.02,1.06,1.041,0.774,3,1.0,0.0,56380.684
2026-08-30T15:39:41.342Z,66.523731,-146.311453,3537.13,3148.98,3629.66,257.35,241.48,0.53,-1.29,157.29,165.16,154.52,-518.67,0.0,0.933,0.972,0.949,0.402,4,1.0,0.0,56381.777
2026-08-30T15:39:42.161Z,66.523614,-146.312896,3528.97,3140.71,3622.36,257.14,241.3,0.74,-1.0,158.22,166.13,155.43,-574.7,0.0,1.01,1.01,1.01,,1,1.0,0.0,56382.605
2026-08-30T15:39:43.248Z,66.523457,-146.314837,3516.68,3129.08,3611.48,257.9,242.05,0.46,-0.5,158.64,166.55,155.97,-638.0,0.0,0.978,1.025,0.994,1.613,4,1.0,0.0,56383.691
2026-08-30T15:39:44.149Z,66.523331,-146.316426,3507.59,3120.03,3603.03,257.23,241.37,0.41,-0.8,159.2,167.02,156.44,-602.42,0.0,1.039,1.058,1.049,0.338,3,1.0,0.0,56384.59
2026-08-30T15:39:45.316Z,66.523166,-146.318506,3497.17,3109.31,3592.9,257.47,241.62,0.17,-0.84,159.73,167.53,156.95,-544.3,0.0,1.03,1.03,1.03,,1,1.0,0.0,56385.746
2026-08-30T15:39:46.197Z,66.523041,-146.320078,3490.23,3102.39,3584.51,257.42,241.56,-0.1,-1.15,160.04,167.82,157.26,-488.21,0.0,1.032,1.036,1.034,0.083,3,1.0,0.0,56386.625
2026-08-30T15:39:47.193Z,66.5229,-146.321862,3483.75,3096.19,3574.94,257.48,241.63,-0.49,-1.35,160.29,168.04,157.51,-403.13,0.0,1.049,1.051,1.05,0.003,2,1.0,0.0,56387.617
2026-08-30T15:39:48.250Z,66.522751,-146.323764,3478.85,3091.35,3568.23,257.61,241.76,-0.9,-1.65,160.39,168.08,157.62,-294.21,0.0,1.054,1.056,1.055,0.039,4,1.0,0.0,56388.684
2026-08-30T15:39:49.265Z,66.522609,-146.325583,3476.19,3089.08,3563.71,257.73,241.88,-1.28,-1.88,160.31,167.98,157.58,-181.19,0.0,1.058,1.058,1.058,0.025,2,1.0,0.0,56389.707
2026-08-30T15:39:50.159Z,66.522487,-146.327176,3475.35,3088.27,3561.28,257.85,242.01,-1.51,-2.03,160.18,167.82,157.45,-91.29,0.0,1.043,1.05,1.046,0.041,3,1.0,0.0,56390.602
2026-08-30T15:39:51.263Z,66.522336,-146.329166,3475.81,3088.06,3560.08,258.02,242.17,-1.71,-2.07,159.95,167.58,157.2,6.23,0.0,1.04,1.041,1.041,0.084,4,1.0,0.0,56391.707
2026-08-30T15:39:52.267Z,66.522202,-146.330967,3476.76,3088.97,3560.26,258.07,242.22,-0.88,-0.62,159.76,167.37,157.0,7.45,0.0,0.94,0.968,0.954,0.543,2,1.0,0.0,56392.711
2026-08-30T15:39:53.164Z,66.522083,-146.332558,3475.45,3088.43,3560.45,258.02,242.16,-0.78,1.64,159.66,167.3,156.96,-65.83,0.0,0.915,0.946,0.931,0.239,3,1.0,0.0,56393.602
2026-08-30T15:39:54.245Z,66.521936,-146.334498,3472.36,3085.31,3558.88,257.52,241.67,-1.05,2.18,159.65,167.33,156.99,-141.56,0.0,0.944,0.977,0.956,1.399,4,1.0,0.0,56394.688
2026-08-30T15:39:55.428Z,66.521769,-146.336626,3469.29,3082.99,3556.1,257.19,241.33,-0.55,2.17,159.78,167.46,157.01,-160.85,0.0,0.97,0.97,0.97,,1,1.0,0.0,56395.891
2026-08-30T15:39:56.161Z,66.521665,-146.337935,3466.76,3080.44,3554.17,256.96,241.1,-0.5,2.2,159.84,167.5,157.06,-192.72,0.0,0.969,0.972,0.971,0.034,2,1.0,0.0,56396.609
2026-08-30T15:39:57.283Z,66.521499,-146.339917,3462.08,3075.66,3550.36,256.62,240.76,-0.34,2.27,159.98,167.66,157.18,-243.49,0.0,0.974,0.978,0.976,0.046,4,1.0,0.0,56397.727
2026-08-30T15:39:58.285Z,66.521344,-146.341719,3456.83,3070.34,3546.01,256.29,240.43,0.51,2.32,160.2,167.9,157.35,-318.16,0.0,0.936,0.956,0.946,0.439,2,1.0,0.0,56398.727
2026-08-30T15:39:59.181Z,66.521204,-146.343315,3449.83,3014.96,3541.1,256.01,240.15,-0.28,1.94,160.37,168.05,157.52,-411.69,0.0,0.889,0.97,0.925,2.224,3,1.0,0.0,56399.617
2026-08-30T15:40:00.281Z,66.521029,-146.345266,3443.27,3008.5,3534.21,256.07,240.23,-0.87,0.59,159.67,167.21,156.77,-330.27,0.0,1.086,1.11,1.102,0.305,4,1.0,0.0,56400.711
2026-08-30T15:40:01.277Z,66.520868,-146.347039,3440.15,3048.2,3529.84,255.81,239.95,-1.14,1.93,159.68,167.26,156.77,-214.96,0.0,1.067,1.071,1.069,0.116,2,1.0,0.0,56401.715
2026-08-30T15:40:02.173Z,66.520721,-146.348629,3438.6,3046.67,3526.27,255.5,239.64,-1.31,2.71,159.66,167.15,156.73,-139.37,0.0,1.027,1.042,1.033,0.165,3,1.0,0.0,56402.609
2026-08-30T15:40:03.263Z,66.52054,-146.35054,3437.98,3050.04,3523.92,254.89,239.04,-1.41,2.07,159.76,167.29,156.73,-58.84,0.0,1.02,1.054,1.04,1.05,4,1.0,0.0,56403.68
2026-08-30T15:40:04.327Z,66.520355,-146.352434,3438.45,3050.6,3523.18,254.53,238.67,-2.09,1.82,159.49,166.98,156.42,29.7,0.0,1.051,1.052,1.052,,1,1.0,0.0,56404.789
2026-08-30T15:40:05.195Z,66.5202,-146.353967,3440.72,3006.27,3524.51,254.43,238.57,-2.24,1.46,159.18,166.65,156.06,121.85,0.0,1.063,1.063,1.063,,1,1.0,0.0,56405.621
2026-08-30T15:40:06.257Z,66.520011,-146.355817,3444.77,3010.34,3527.17,254.14,238.28,-2.39,0.99,158.7,166.14,155.57,202.36,0.0,1.025,1.037,1.03,0.026,4,1.0,0.0,56406.68
2026-08-30T15:40:07.251Z,66.519831,-146.357543,3448.56,3061.26,3530.45,253.88,238.02,-0.8,0.9,158.45,166.02,155.51,169.63,0.0,0.896,0.954,0.926,0.781,2,1.0,0.0,56407.68
2026-08-30T15:40:08.320Z,66.519632,-146.359419,3446.36,3058.89,3532.56,253.36,237.47,0.47,0.82,158.43,165.78,155.22,-107.71,0.0,0.802,0.824,0.812,0.697,4,1.0,0.0,56408.75
2026-08-30T15:40:09.301Z,66.519446,-146.36112,3438.96,3047.58,3529.68,253.28,237.46,0.15,0.96,158.51,166.12,155.59,-354.33,0.0,0.861,0.911,0.886,0.805,2,1.0,0.0,56409.73
2026-08-30T15:40:10.165Z,66.519279,-146.362624,3431.74,3040.36,3523.58,253.26,237.42,0.55,-0.81,158.88,166.42,155.74,-441.13,0.0,1.005,1.016,1.01,0.758,3,1.0,0.0,56410.582
2026-08-30T15:40:11.234Z,66.519074,-146.364476,3421.65,3030.76,3514.78,253.7,237.87,-0.13,-1.9,158.9,166.43,155.95,-526.45,0.0,0.958,1.015,0.979,1.752,4,1.0,0.0,56411.664
2026-08-30T15:40:12.233Z,66.518885,-146.366217,3415.21,3024.46,3506.56,253.81,237.97,-0.62,-3.42,159.47,167.03,156.47,-370.37,0.0,1.191,1.203,1.197,1.634,2,1.0,0.0,56412.664
2026-08-30T15:40:13.316Z,66.518683,-146.368119,3410.86,3020.53,3500.33,253.93,238.11,-1.12,-3.35,159.55,167.05,156.66,-281.13,0.0,0.981,1.034,1.002,1.771,4,1.0,0.0,56413.742
2026-08-30T15:40:14.287Z,66.518503,-146.369844,3408.61,3018.34,3496.28,254.29,238.46,-0.96,-2.97,159.64,167.12,156.64,-169.9,0.0,1.058,1.086,1.072,0.747,2,1.0,0.0,56414.715
2026-08-30T15:40:15.335Z,66.518316,-146.371676,3406.44,3016.01,3493.48,254.43,238.61,-0.77,-2.96,159.62,167.1,156.65,-156.32,0.0,0.966,0.97,0.968,0.099,2,1.0,0.0,56415.766
2026-08-30T15:40:16.330Z,66.51814,-146.373437,3403.46,3013.02,3490.78,254.83,239.0,-0.75,-2.78,159.64,167.14,156.71,-174.13,0.0,0.987,0.99,0.988,0.091,2,1.0,0.0,56416.773
2026-08-30T15:40:17.227Z,66.517985,-146.375008,3400.63,3011.25,3488.16,254.93,239.11,-0.72,-3.03,159.71,167.2,156.77,-186.22,0.0,0.994,0.995,0.994,0.057,3,1.0,0.0,56417.66
2026-08-30T15:40:18.318Z,66.517798,-146.376942,3396.95,3007.55,3484.68,255.24,239.41,-0.69,-3.3,159.83,167.32,156.85,-198.79,0.0,0.994,0.996,0.995,0.102,4,1.0,0.0,56418.758
2026-08-30T15:40:19.319Z,66.517631,-146.378712,3393.42,3005.96,3481.32,255.51,239.69,-0.65,-3.56,159.94,167.44,156.93,-210.06,0.0,0.993,0.994,0.994,0.051,2,1.0,0.0,56419.754
2026-08-30T15:40:20.220Z,66.517484,-146.380305,3389.88,3002.38,3478.13,255.64,239.79,-0.52,-2.31,160.14,167.67,157.18,-235.31,0.0,0.962,0.99,0.975,0.39,3,1.0,0.0,56420.648
2026-08-30T15:40:21.294Z,66.517311,-146.382214,3385.76,2998.4,3473.98,255.84,240.02,-0.74,-2.16,160.3,167.78,157.27,-215.36,0.0,1.0,1.039,1.025,0.403,4,1.0,0.0,56421.723
2026-08-30T15:40:22.291Z,66.517151,-146.384002,3382.28,2994.9,3470.61,255.98,240.16,-0.55,-2.47,160.36,167.83,157.35,-220.83,0.0,0.976,0.978,0.977,0.382,2,1.0,0.0,56422.723
2026-08-30T15:40:23.166Z,66.517014,-146.385555,3379.03,2990.94,3467.25,256.3,240.47,-0.68,-2.75,160.42,167.88,157.42,-215.72,0.0,1.002,1.015,1.009,0.064,3,1.0,0.0,56423.594
2026-08-30T15:40:24.237Z,66.516848,-146.387472,3375.58,2987.5,3463.42,256.34,240.51,-1.04,-2.79,160.44,167.87,157.47,-190.7,0.0,1.013,1.016,1.015,0.323,4,1.0,0.0,56424.668
2026-08-30T15:40:25.398Z,66.516672,-146.389547,3373.55,2951.81,3460.21,256.8,240.97,-1.06,-2.9,160.44,167.86,157.4,-114.77,0.0,1.03,1.03,1.03,,1,1.0,0.0,56425.84
2026-08-30T15:40:26.289Z,66.51654,-146.391137,3372.52,2950.78,3458.61,256.95,241.12,-1.2,-3.22,160.34,167.74,157.33,-83.9,0.0,1.007,1.012,1.009,0.143,3,1.0,0.0,56426.758
2026-08-30T15:40:27.313Z,66.516392,-146.392973,3371.81,2985.92,3457.34,257.25,241.42,-1.27,-3.51,160.24,167.65,157.24,-50.41,0.0,1.016,1.018,1.017,0.083,2,1.0,0.0,56427.754
2026-08-30T15:40:28.228Z,66.516263,-146.394601,3371.24,2985.34,3456.61,257.6,241.77,-1.08,-3.71,160.18,167.56,157.18,-53.19,0.0,0.976,1.004,0.991,0.37,3,1.0,0.0,56428.652
2026-08-30T15:40:29.296Z,66.516117,-146.396514,3370.01,2984.57,3455.59,257.91,242.08,-1.24,-3.96,160.06,167.45,157.09,-59.95,0.0,0.985,1.009,0.999,0.119,4,1.0,0.0,56429.746
2026-08-30T15:40:30.308Z,66.515985,-146.398315,3369.07,2983.63,3454.59,258.29,242.47,-1.46,-1.99,159.91,167.28,156.9,-53.89,0.0,1.0,1.005,1.002,0.351,2,1.0,0.0,56430.742
2026-08-30T15:40:31.193Z,66.515871,-146.399904,3368.56,2944.25,3453.86,258.11,242.27,-1.16,-0.23,159.43,166.66,156.33,-47.89,0.0,1.033,1.044,1.038,0.757,3,1.0,0.0,56431.625
2026-08-30T15:40:32.276Z,66.515731,-146.401843,3367.26,2942.94,3452.87,258.29,242.46,-1.16,-0.36,159.24,166.59,156.26,-66.22,0.0,0.999,1.0,1.0,0.079,4,1.0,0.0,56432.711
2026-08-30T15:40:33.261Z,66.515604,-146.403601,3365.93,2977.51,3451.73,258.16,242.32,-1.31,1.43,159.15,166.48,156.17,-75.58,0.0,0.992,0.995,0.994,0.333,2,1.0,0.0,56433.691
2026-08-30T15:40:34.150Z,66.515488,-146.405182,3365.09,2976.69,3450.68,257.91,242.07,-1.52,3.06,159.06,166.38,156.05,-51.66,0.0,1.021,1.032,1.027,0.043,3,1.0,0.0,56434.582
2026-08-30T15:40:35.193Z,66.515347,-146.407041,3365.16,2976.6,3450.01,257.38,241.53,-1.75,3.33,158.6,165.63,155.18,-14.21,0.0,1.036,1.037,1.037,0.308,2,1.0,0.0,56435.633
2026-08-30T15:40:36.218Z,66.515202,-146.408861,3366.08,2977.6,3450.05,257.24,241.41,-3.11,1.53,156.3,163.24,152.96,77.32,0.0,1.106,1.136,1.121,0.866,2,1.0,0.0,56436.664
2026-08-30T15:40:37.327Z,66.515044,-146.410753,3371.19,2979.85,3452.49,256.33,240.47,-2.17,3.48,155.67,162.81,152.4,219.74,0.0,1.019,1.192,1.116,2.818,4,1.0,0.0,56437.766
2026-08-30T15:40:38.324Z,66.514894,-146.412488,3374.87,2983.49,3456.11,255.96,240.11,-2.18,3.83,155.38,162.54,152.15,204.31,0.0,0.959,0.968,0.963,0.051,2,1.0,0.0,56438.766
2026-08-30T15:40:39.226Z,66.514756,-146.414031,3377.49,2986.19,3459.1,256.32,240.52,-1.77,3.9,155.05,162.25,151.81,168.87,0.0,0.983,0.993,0.99,0.627,3,1.0,0.0,56439.664
2026-08-30T15:40:40.327Z,66.514581,-146.415918,3378.4,2987.05,3461.61,254.94,239.09,-1.46,2.74,155.06,162.27,151.84,66.44,0.0,0.952,0.965,0.959,0.249,4,1.0,0.0,56440.762
2026-08-30T15:40:41.344Z,66.514416,-146.417651,3377.88,2988.51,3462.35,254.81,239.0,-1.37,2.81,154.75,161.95,151.49,-6.75,0.0,0.973,0.979,0.976,0.18,2,1.0,0.0,56441.789
2026-08-30T15:40:42.237Z,66.514264,-146.419189,3376.78,2987.39,3462.07,254.56,238.72,-1.03,2.19,154.85,162.07,151.59,-61.03,0.0,0.967,0.982,0.975,0.226,3,1.0,0.0,56442.688
2026-08-30T15:40:43.325Z,66.514077,-146.421057,3373.8,2986.18,3460.5,253.96,238.13,-0.93,1.69,155.37,162.77,152.28,-147.69,0.0,0.96,0.987,0.97,0.736,4,1.0,0.0,56443.77
2026-08-30T15:40:44.144Z,66.513932,-146.422437,3371.26,2983.64,3458.46,253.78,237.97,-0.75,1.42,155.8,163.07,152.54,-172.47,0.0,0.98,0.98,0.98,,1,1.0,0.0,56444.586
2026-08-30T15:40:45.237Z,66.513733,-146.424314,3367.09,2978.47,3455.05,253.58,237.76,-0.58,0.96,156.07,163.34,152.8,-221.28,0.0,0.974,0.975,0.975,0.1,2,1.0,0.0,56445.68
2026-08-30T15:40:46.329Z,66.513531,-146.426185,3362.07,2973.41,3451.07,253.42,237.62,-0.14,0.69,156.41,163.72,153.13,-278.43,0.0,0.961,0.979,0.972,0.525,4,1.0,0.0,56446.781
2026-08-30T15:40:47.164Z,66.513375,-146.427613,3356.77,2926.89,3447.33,253.51,237.69,0.01,-0.17,156.76,164.01,153.42,-351.9,0.0,0.965,0.965,0.965,,1,1.0,0.0,56447.609
2026-08-30T15:40:48.267Z,66.513169,-146.429496,3349.35,2919.48,3442.04,253.21,237.4,-0.25,-0.78,156.9,164.21,153.61,-377.39,0.0,0.977,1.009,0.991,0.548,4,1.0,0.0,56448.703
2026-08-30T15:40:49.160Z,66.513001,-146.431027,3343.7,2953.12,3436.94,253.37,237.57,-0.17,-1.17,157.07,164.32,153.73,-384.65,0.0,0.995,1.006,1.0,0.069,3,1.0,0.0,56449.594
2026-08-30T15:40:50.140Z,66.512815,-146.432723,3337.3,2946.73,3431.43,253.35,237.53,-0.09,-1.41,157.41,164.69,154.09,-387.13,0.0,1.004,1.009,1.006,0.115,2,1.0,0.0,56450.578
2026-08-30T15:40:51.227Z,66.51261,-146.4346,3329.93,2939.65,3422.56,253.35,237.53,-0.08,0.61,157.81,165.09,154.48,-402.02,0.0,0.982,0.997,0.988,0.391,4,1.0,0.0,56451.656
2026-08-30T15:40:52.236Z,66.512418,-146.436335,3323.19,2940.02,3414.84,253.12,237.3,-0.11,0.03,158.13,165.42,154.83,-399.45,0.0,1.005,1.008,1.007,0.076,2,1.0,0.0,56452.664
2026-08-30T15:40:53.315Z,66.51221,-146.438207,3316.23,2933.08,3407.26,253.14,237.34,-0.16,-0.48,158.78,166.18,155.51,-383.92,0.0,1.006,1.013,1.009,0.223,4,1.0,0.0,56453.75
2026-08-30T15:40:54.305Z,66.512019,-146.439921,3311.23,2883.33,3401.08,253.16,237.35,-1.84,-1.1,159.09,166.35,155.83,-268.33,0.0,1.087,1.147,1.117,0.563,2,1.0,0.0,56454.73
2026-08-30T15:40:55.163Z,66.511853,-146.441412,3311.28,2883.47,3397.94,253.14,237.33,-1.44,-1.27,159.1,166.28,155.67,-85.42,0.0,1.104,1.104,1.104,,1,1.0,0.0,56455.59
2026-08-30T15:40:56.244Z,66.511644,-146.443303,3311.7,2922.69,3396.81,253.25,237.44,-1.41,-1.68,158.85,166.0,155.52,-24.43,0.0,0.976,0.996,0.983,0.488,4,1.0,0.0,56456.688
2026-08-30T15:40:57.234Z,66.511454,-146.445024,3311.63,2922.62,3396.46,253.29,237.48,-1.77,0.22,158.69,165.85,155.36,-5.63,0.0,0.992,1.009,1.001,0.413,2,1.0,0.0,56457.668
2026-08-30T15:40:58.320Z,66.511248,-146.446894,3312.65,2922.17,3396.66,253.1,237.28,-1.73,-0.35,158.48,165.63,155.12,46.22,0.0,1.021,1.044,1.034,0.521,4,1.0,0.0,56458.742
2026-08-30T15:40:59.292Z,66.51106,-146.448586,3313.97,2923.51,3397.52,253.13,237.3,-1.98,-0.99,158.34,165.57,155.09,79.89,0.0,1.016,1.02,1.018,0.31,2,1.0,0.0,56459.73
2026-08-30T15:41:00.184Z,66.510888,-146.45014,3316.35,2925.44,3398.96,253.08,237.27,-2.25,-1.39,158.13,165.19,154.65,144.94,0.0,1.03,1.045,1.039,0.275,3,1.0,0.0,56460.645
2026-08-30T15:41:01.293Z,66.510678,-146.452035,3319.98,2929.06,3401.83,253.12,237.31,-2.17,-1.77,157.66,164.77,154.3,176.34,0.0,0.99,1.013,0.998,0.309,4,1.0,0.0,56461.73
2026-08-30T15:41:02.280Z,66.510488,-146.453755,3323.18,2937.2,3404.82,253.18,237.37,-1.99,-2.03,157.24,164.35,153.94,184.47,0.0,0.992,1.001,0.997,0.255,2,1.0,0.0,56462.723
2026-08-30T15:41:03.199Z,66.510318,-146.45532,3325.65,2939.65,3407.54,253.42,237.62,-2.07,-2.54,157.05,164.17,153.71,165.42,0.0,0.972,0.982,0.977,0.312,3,1.0,0.0,56463.645
2026-08-30T15:41:04.302Z,66.510113,-146.457228,3328.64,2900.47,3410.61,253.8,238.0,-2.11,-2.52,157.04,164.07,153.53,169.71,0.0,0.979,0.997,0.989,0.38,4,1.0,0.0,56464.738
2026-08-30T15:41:05.491Z,66.509898,-146.459265,3332.27,2904.09,3414.07,253.89,238.08,-2.03,-2.89,156.61,163.69,153.24,175.1,0.0,0.986,0.986,0.986,,1,1.0,0.0,56465.934
2026-08-30T15:41:06.187Z,66.509774,-146.460468,3334.07,2944.04,3417.54,254.03,238.22,-2.03,-3.11,156.52,163.82,153.36,163.97,0.0,0.979,0.982,0.98,0.126,2,1.0,0.0,56466.629
2026-08-30T15:41:07.277Z,66.509582,-146.462359,3336.75,2946.71,3421.62,254.49,238.69,-1.93,-3.17,156.88,164.02,153.53,142.42,0.0,0.955,0.972,0.961,0.551,4,1.0,0.0,56467.727
2026-08-30T15:41:08.289Z,66.509408,-146.4641,3338.72,2912.27,3424.1,254.64,238.81,-2.16,-3.4,156.58,163.52,153.06,128.36,0.0,0.989,0.994,0.992,0.282,2,1.0,0.0,56468.738
2026-08-30T15:41:09.196Z,66.509255,-146.46566,3340.79,2914.36,3426.37,254.66,238.89,-1.95,-2.96,155.99,163.11,152.61,136.92,0.0,1.024,1.037,1.032,0.86,3,1.0,0.0,56469.637
2026-08-30T15:41:10.287Z,66.509074,-146.467541,3342.79,2915.17,3427.55,255.26,239.46,-1.75,-3.39,155.82,162.95,152.48,102.12,0.0,0.964,0.977,0.969,0.3,4,1.0,0.0,56470.738
2026-08-30T15:41:11.323Z,66.508908,-146.469302,3343.67,2916.03,3429.82,255.33,239.54,-1.75,-3.81,155.84,162.98,152.56,61.95,0.0,0.98,0.981,0.981,0.133,2,1.0,0.0,56471.766
2026-08-30T15:41:12.209Z,66.508767,-146.470844,3344.43,2954.3,3430.71,255.12,239.35,-1.72,-3.51,155.79,162.93,152.47,62.43,0.0,1.011,1.024,1.019,0.559,3,1.0,0.0,56472.664
2026-08-30T15:41:13.305Z,66.508595,-146.472746,3344.94,2954.77,3431.92,256.17,240.38,-1.4,-3.99,155.73,162.87,152.46,18.91,0.0,0.96,0.976,0.965,0.24,4,1.0,0.0,56473.766
2026-08-30T15:41:14.155Z,66.508468,-146.474195,3344.41,2954.22,3431.45,256.2,240.41,-1.29,-4.38,155.73,162.88,152.5,-20.72,0.0,0.979,0.979,0.979,,1,1.0,0.0,56474.613
2026-08-30T15:41:15.247Z,66.508307,-146.476087,3342.97,2951.53,3430.34,256.75,240.97,-1.05,-4.77,155.81,162.98,152.62,-72.36,0.0,0.976,0.976,0.976,0.035,2,1.0,0.0,56475.707
2026-08-30T15:41:16.179Z,66.508175,-146.477693,3340.94,2949.49,3429.92,257.14,241.35,-0.87,-5.21,155.82,162.9,152.55,-117.72,0.0,0.973,0.975,0.974,0.137,3,1.0,0.0,56476.629
2026-08-30T15:41:17.220Z,66.508033,-146.479496,3337.25,2946.59,3427.95,257.64,241.86,-0.2,-4.05,155.82,163.03,152.72,-222.99,0.0,0.899,0.924,0.912,0.15,2,1.0,0.0,56477.668
2026-08-30T15:41:18.330Z,66.507885,-146.481451,3331.24,2949.65,3422.21,257.89,242.1,-0.81,-1.74,156.18,163.36,153.09,-268.72,0.0,0.958,1.041,1.003,0.369,4,1.0,0.0,56478.781
2026-08-30T15:41:19.177Z,66.507776,-146.482924,3328.0,2946.46,3417.41,257.94,242.15,-1.43,-1.21,156.32,163.48,153.25,-219.94,0.0,1.065,1.065,1.065,,1,1.0,0.0,56479.625
2026-08-30T15:41:20.283Z,66.507634,-146.484851,3326.56,2947.02,3413.45,257.95,242.15,-1.78,-0.29,156.39,163.5,153.25,-93.83,0.0,1.064,1.087,1.076,0.283,4,1.0,0.0,56480.738
2026-08-30T15:41:21.205Z,66.507515,-146.486464,3327.24,2947.76,3412.28,257.9,242.1,-2.18,-0.23,156.23,163.32,153.12,16.27,0.0,1.06,1.064,1.062,0.033,3,1.0,0.0,56481.672
2026-08-30T15:41:22.249Z,66.507379,-146.488305,3330.47,2948.16,3413.18,258.22,242.41,-2.82,-0.42,155.99,163.06,152.75,164.22,0.0,1.056,1.062,1.059,0.284,2,1.0,0.0,56482.719
2026-08-30T15:41:23.161Z,66.50726,-146.489885,3335.34,2953.06,3416.45,257.55,241.75,-2.71,0.45,155.7,162.74,152.36,267.86,0.0,1.033,1.068,1.051,0.616,3,1.0,0.0,56483.629
2026-08-30T15:41:24.268Z,66.507114,-146.491805,3341.64,2959.0,3424.21,257.8,242.0,-2.45,1.18,155.58,162.64,152.22,311.28,0.0,0.976,0.996,0.985,0.283,4,1.0,0.0,56484.738
2026-08-30T15:41:25.519Z,66.506946,-146.493974,3346.88,2964.16,3428.93,257.43,241.63,-1.43,2.31,155.67,162.79,152.38,216.98,0.0,0.899,0.899,0.899,,1,1.0,0.0,56485.992
2026-08-30T15:41:26.248Z,66.506847,-146.495225,3347.62,2965.72,3431.34,257.04,241.23,-1.87,2.51,155.53,162.66,152.32,126.95,0.0,0.888,0.929,0.909,1.149,2,1.0,0.0,56486.707
2026-08-30T15:41:27.152Z,66.506719,-146.496798,3348.8,2966.92,3435.2,256.4,240.6,-1.48,2.24,155.31,162.39,151.96,103.68,0.0,1.01,1.022,1.017,0.873,3,1.0,0.0,56487.613
2026-08-30T15:41:28.206Z,66.506566,-146.498607,3348.97,2969.88,3435.79,256.45,240.63,-1.25,1.2,155.31,162.44,152.0,8.15,0.0,0.911,0.924,0.917,0.594,2,1.0,0.0,56488.676
2026-08-30T15:41:29.337Z,66.506398,-146.500565,3347.56,2968.46,3435.49,256.29,240.5,-1.15,-0.18,155.33,162.47,151.95,-57.74,0.0,0.972,0.991,0.983,0.648,4,1.0,0.0,56489.809
2026-08-30T15:41:30.198Z,66.50627,-146.502056,3346.53,2968.33,3433.55,256.37,240.56,-1.66,-2.17,155.32,162.46,152.06,-41.83,0.0,1.023,1.023,1.023,,1,1.0,0.0,56490.676
2026-08-30T15:41:31.344Z,66.506101,-146.504001,3346.46,2968.26,3434.06,256.17,240.4,-1.39,-2.56,155.35,162.49,152.07,-21.5,0.0,0.988,1.022,1.004,0.282,4,1.0,0.0,56491.812
2026-08-30T15:41:32.232Z,66.505969,-146.505549,3345.94,2966.11,3433.63,256.96,241.21,-1.11,-3.55,156.12,163.4,153.06,-47.89,0.0,0.926,0.926,0.926,,1,1.0,0.0,56492.719
2026-08-30T15:41:33.189Z,66.505831,-146.507217,3344.82,2965.04,3431.98,257.23,241.4,-2.49,0.94,155.92,163.02,152.73,-17.95,0.0,0.982,1.081,1.034,1.015,3,1.0,0.0,56493.664
2026-08-30T15:41:34.326Z,66.50567,-146.509184,3348.04,2965.08,3433.37,256.33,240.52,-2.12,2.2,155.55,162.51,152.2,129.4,0.0,1.038,1.146,1.104,2.683,4,1.0,0.0,56494.805
2026-08-30T15:41:35.616Z,66.505482,-146.511404,3354.13,2971.32,3436.21,256.98,241.2,-4.46,1.12,155.48,162.57,152.24,347.36,0.0,1.108,1.108,1.108,,1,1.0,0.0,56496.094
2026-08-30T15:41:36.346Z,66.505375,-146.51267,3362.32,2978.04,3440.02,256.39,240.54,-4.07,1.81,155.09,162.08,151.54,553.06,0.0,1.16,1.186,1.173,1.677,2,1.0,0.0,56496.82
2026-08-30T15:41:37.223Z,66.505247,-146.51417,3372.65,2988.3,3447.95,255.77,239.98,-3.44,2.03,154.25,161.08,150.93,607.76,0.0,0.931,0.931,0.931,,1,1.0,0.0,56497.695
2026-08-30T15:41:38.164Z,66.505105,-146.515767,3381.45,3003.03,3457.03,255.91,240.11,-3.1,1.67,152.99,159.94,150.42,551.41,0.0,0.924,0.928,0.926,0.135,3,1.0,0.0,56498.637
2026-08-30T15:41:39.277Z,66.504933,-146.517705,3389.64,3011.17,3466.91,255.56,239.78,-2.91,0.82,152.46,159.49,150.0,444.33,0.0,0.934,0.946,0.939,0.273,4,1.0,0.0,56499.766
2026-08-30T15:41:40.155Z,66.504796,-146.519157,3394.69,3008.21,3472.99,255.41,239.63,-2.73,0.35,152.19,159.21,149.74,379.4,0.0,0.97,0.97,0.97,,1,1.0,0.0,56500.629
2026-08-30T15:41:41.277Z,66.504619,-146.521056,3400.56,3014.08,3479.76,255.29,239.51,-2.85,-0.72,151.83,158.88,149.43,336.59,0.0,0.974,1.005,0.992,0.18,4,1.0,0.0,56501.75
2026-08-30T15:41:42.212Z,66.504472,-146.522624,3405.36,3026.65,3484.88,255.32,239.55,-2.7,-0.94,151.64,158.68,149.21,310.39,0.0,0.979,0.994,0.986,0.149,3,1.0,0.0,56502.684
2026-08-30T15:41:43.282Z,66.504302,-146.524427,3410.07,3031.35,3490.22,255.33,239.55,-2.61,-1.38,151.42,158.49,149.02,271.39,0.0,0.979,0.98,0.98,0.043,2,1.0,0.0,56503.758
2026-08-30T15:41:44.201Z,66.504159,-146.525961,3413.61,2984.83,3494.24,255.38,239.61,-2.48,-1.48,151.31,158.4,148.9,238.87,0.0,0.979,0.983,0.981,0.097,3,1.0,0.0,56504.672
2026-08-30T15:41:45.341Z,66.503979,-146.527893,3417.31,2988.52,3498.59,255.47,239.69,-2.39,-0.62,151.22,158.31,148.81,200.9,0.0,0.985,0.986,0.985,0.016,2,1.0,0.0,56505.82
2026-08-30T15:41:46.237Z,66.503841,-146.529382,3419.78,3024.79,3501.47,255.4,239.62,-2.26,-0.12,151.16,158.26,148.76,174.87,0.0,0.984,0.984,0.984,,1,1.0,0.0,56506.707
2026-08-30T15:41:47.149Z,66.503696,-146.530929,3421.92,3026.91,3504.06,255.31,239.53,-2.11,-0.44,151.12,158.23,148.75,145.8,0.0,0.982,0.984,0.983,0.069,3,1.0,0.0,56507.633
2026-08-30T15:41:48.293Z,66.503516,-146.532849,3423.96,3028.4,3506.65,255.33,239.56,-2.09,-0.97,151.17,158.29,148.76,114.28,0.0,0.981,0.991,0.987,0.07,4,1.0,0.0,56508.797
2026-08-30T15:41:49.211Z,66.503371,-146.534391,3425.36,3029.8,3508.34,255.39,239.61,-2.07,-1.48,151.22,158.35,148.78,98.62,0.0,0.994,0.994,0.994,,1,1.0,0.0,56509.715
2026-08-30T15:41:50.166Z,66.503222,-146.535983,3426.68,3031.12,3509.86,255.49,239.72,-2.34,-1.87,151.25,158.36,148.82,88.73,0.0,0.993,0.995,0.994,0.175,3,1.0,0.0,56510.66
2026-08-30T15:41:51.315Z,66.503042,-146.537921,3429.8,3034.65,3512.0,255.67,239.88,-2.42,-1.45,151.26,158.36,148.69,171.31,0.0,1.057,1.085,1.072,1.495,4,1.0,0.0,56511.812
2026-08-30T15:41:52.230Z,66.502901,-146.539462,3432.84,3038.03,3514.64,255.62,239.84,-2.24,-1.51,151.18,158.28,148.64,172.09,0.0,0.969,0.969,0.969,,1,1.0,0.0,56512.738
2026-08-30T15:41:53.191Z,66.502753,-146.541073,3435.21,3040.39,3517.31,255.77,239.99,-2.15,-1.55,151.16,158.28,148.62,150.25,0.0,0.978,0.983,0.981,0.074,3,1.0,0.0,56513.695
2026-08-30T15:41:54.150Z,66.502606,-146.542686,3437.15,3042.32,3519.64,255.79,240.02,-1.96,-1.51,151.14,158.3,148.66,125.39,0.0,0.984,0.986,0.985,0.104,3,1.0,0.0,56514.652
2026-08-30T15:41:55.500Z,66.502401,-146.544947,3439.28,3044.72,3523.07,255.91,240.13,-2.33,0.07,151.21,158.36,148.69,115.04,0.0,1.032,1.032,1.032,,1,1.0,0.0,56516.0
2026-08-30T15:41:56.243Z,66.502289,-146.546198,3441.04,3061.35,3524.66,255.73,239.94,-2.33,1.04,151.2,158.31,148.65,132.07,0.0,1.013,1.018,1.015,0.065,2,1.0,0.0,56516.734
2026-08-30T15:41:57.159Z,66.502148,-146.547732,3443.3,3063.61,3527.01,255.5,239.72,-2.12,0.75,151.14,158.29,148.61,136.03,0.0,0.991,0.991,0.991,,1,1.0,0.0,56517.652
2026-08-30T15:41:58.303Z,66.501968,-146.549662,3445.44,3057.16,3529.22,255.34,239.55,-2.0,0.31,151.14,158.29,148.62,109.16,0.0,0.979,0.981,0.98,0.023,4,1.0,0.0,56518.801
2026-08-30T15:41:59.230Z,66.501823,-146.5512,3446.59,3058.3,3530.58,255.22,239.44,-1.87,-0.06,151.14,158.31,148.66,80.54,0.0,0.981,0.981,0.981,,1,1.0,0.0,56519.723
2026-08-30T15:42:00.172Z,66.501671,-146.552795,3447.21,3058.89,3532.0,255.16,239.38,-1.77,-0.38,151.19,158.37,148.74,47.22,0.0,0.978,0.979,0.979,0.031,3,1.0,0.0,56520.641
2026-08-30T15:42:01.301Z,66.501491,-146.554682,3447.24,3058.67,3532.06,255.13,239.35,-1.64,-0.8,151.34,158.55,148.89,7.35,0.0,0.981,0.982,0.981,0.076,4,1.0,0.0,56521.801
2026-08-30T15:42:02.236Z,66.501341,-146.556245,3446.77,3024.67,3532.33,255.14,239.36,-1.53,-0.75,151.52,158.75,149.04,-23.08,0.0,0.983,0.983,0.983,,1,1.0,0.0,56522.734
2026-08-30T15:42:03.201Z,66.501185,-146.557867,3446.05,3023.97,3531.81,255.13,239.35,-1.76,0.81,151.65,158.83,149.17,-26.6,0.0,0.993,1.02,1.007,0.025,3,1.0,0.0,56523.699
2026-08-30T15:42:04.164Z,66.501028,-146.559484,3445.74,3023.65,3531.83,254.78,239.0,-1.54,1.11,151.75,158.98,149.29,-28.58,0.0,0.99,1.007,0.998,0.118,3,1.0,0.0,56524.656
2026-08-30T15:42:05.495Z,66.500806,-146.561722,3444.6,3055.88,3530.7,254.54,238.75,-1.49,0.51,151.92,159.15,149.49,-51.36,0.0,0.99,0.99,0.99,,1,1.0,0.0,56525.988
2026-08-30T15:42:06.223Z,66.500682,-146.562962,3443.75,3057.73,3530.36,254.41,238.63,-1.45,0.15,152.02,159.22,149.61,-63.73,0.0,0.99,0.991,0.991,0.009,2,1.0,0.0,56526.723
2026-08-30T15:42:07.143Z,66.500525,-146.564499,3442.51,3056.48,3528.95,254.33,238.55,-1.41,-0.26,152.13,159.36,149.77,-76.43,0.0,0.994,0.994,0.994,,1,1.0,0.0,56527.633
2026-08-30T15:42:08.294Z,66.500328,-146.566428,3440.73,3052.09,3527.32,254.31,238.53,-1.36,-0.79,152.35,159.6,150.12,-90.84,0.0,0.993,0.994,0.993,0.022,4,1.0,0.0,56528.793
2026-08-30T15:42:09.222Z,66.500169,-146.567989,3439.11,3050.46,3526.43,254.66,238.91,-1.15,-1.4,153.05,160.33,150.69,-107.91,0.0,0.982,0.982,0.982,,1,1.0,0.0,56529.723
2026-08-30T15:42:10.178Z,66.500005,-146.569607,3437.01,3048.38,3524.03,254.49,238.73,-1.74,-0.12,153.16,160.31,150.79,-104.86,0.0,0.979,1.025,1.0,0.925,3,1.0,0.0,56530.672
2026-08-30T15:42:11.327Z,66.499807,-146.571552,3436.54,3048.94,3522.1,254.13,238.37,-1.54,0.28,153.05,160.19,150.66,-40.11,0.0,1.004,1.06,1.035,0.897,4,1.0,0.0,56531.828
2026-08-30T15:42:12.246Z,66.499647,-146.573108,3436.4,3059.9,3521.46,254.27,238.51,-1.71,0.01,153.16,160.44,150.72,-16.03,0.0,1.011,1.011,1.011,,1,1.0,0.0,56532.742
2026-08-30T15:42:13.191Z,66.499481,-146.574713,3436.68,3060.2,3521.27,253.81,238.04,-1.79,-0.22,153.31,160.51,150.75,11.1,0.0,1.014,1.017,1.015,0.163,3,1.0,0.0,56533.695
2026-08-30T15:42:14.149Z,66.499312,-146.576328,3437.4,3060.94,3521.54,254.04,238.29,-1.91,0.14,153.3,160.53,150.74,39.97,0.0,1.015,1.019,1.017,0.049,3,1.0,0.0,56534.656
2026-08-30T15:42:15.521Z,66.499065,-146.578658,3439.98,3055.0,3523.28,253.65,237.87,-2.57,2.05,152.96,160.15,150.54,135.45,0.0,1.072,1.072,1.072,,1,1.0,0.0,56536.039
2026-08-30T15:42:16.290Z,66.498928,-146.579947,3442.81,3055.99,3525.46,253.31,237.54,-2.45,1.54,152.84,160.02,150.37,181.57,0.0,1.017,1.032,1.025,0.127,2,1.0,0.0,56536.797
2026-08-30T15:42:17.231Z,66.498754,-146.581519,3446.16,3059.33,3528.72,253.14,237.37,-2.48,1.06,152.66,159.84,150.17,200.97,0.0,0.998,0.998,0.998,,1,1.0,0.0,56537.738
2026-08-30T15:42:18.195Z,66.498571,-146.583144,3449.48,3060.81,3531.85,252.8,237.05,-2.35,0.84,152.48,159.67,150.0,194.99,0.0,0.981,0.994,0.987,0.153,3,1.0,0.0,56538.711
2026-08-30T15:42:19.171Z,66.498387,-146.584771,3452.42,3063.75,3534.88,252.83,237.06,-2.37,0.26,152.39,159.6,149.85,186.3,0.0,0.993,0.997,0.995,0.004,3,1.0,0.0,56539.672
2026-08-30T15:42:20.293Z,66.498172,-146.586631,3455.72,3066.73,3537.78,252.65,236.89,-2.33,-0.35,152.29,159.49,149.69,178.26,0.0,0.996,0.996,0.996,0.045,2,1.0,0.0,56540.789
2026-08-30T15:42:21.256Z,66.497986,-146.58824,3458.31,3069.3,3540.39,252.71,236.95,-2.25,-0.94,152.17,159.37,149.59,160.96,0.0,0.984,0.988,0.985,0.175,3,1.0,0.0,56541.754
2026-08-30T15:42:22.202Z,66.497803,-146.589826,3460.48,3071.47,3542.8,252.5,236.71,-2.12,-1.18,151.93,159.06,149.31,136.1,0.0,0.998,0.998,0.998,,1,1.0,0.0,56542.715
2026-08-30T15:42:23.188Z,66.497615,-146.591452,3462.12,3073.31,3544.89,252.51,236.76,-2.2,-0.69,151.67,158.86,149.13,118.17,0.0,0.998,1.015,1.007,0.137,3,1.0,0.0,56543.699
2026-08-30T15:42:24.133Z,66.497432,-146.593036,3464.16,3075.36,3546.82,252.58,236.83,-2.11,-1.08,151.59,158.79,149.07,123.63,0.0,0.981,0.994,0.987,0.029,3,1.0,0.0,56544.66
2026-08-30T15:42:25.531Z,66.497164,-146.595352,3466.36,3077.49,3549.43,252.74,236.98,-1.99,-1.98,151.55,158.77,149.08,89.97,0.0,0.983,0.983,0.983,,1,1.0,0.0,56546.051
2026-08-30T15:42:26.303Z,66.497016,-146.596636,3467.05,3078.68,3550.52,252.92,237.16,-1.76,-2.53,151.57,158.78,149.13,56.9,0.0,0.966,0.974,0.97,0.132,2,1.0,0.0,56546.82
2026-08-30T15:42:27.267Z,66.496836,-146.598228,3467.26,3078.87,3551.31,253.16,237.42,-1.57,-2.98,151.52,158.78,149.06,24.71,0.0,0.989,0.989,0.989,,1,1.0,0.0,56547.789
2026-08-30T15:42:28.236Z,66.496656,-146.599847,3466.7,3035.68,3551.5,253.49,237.73,-1.54,-3.9,151.67,158.92,149.23,-27.9,0.0,0.957,0.963,0.96,0.46,3,1.0,0.0,56548.758
2026-08-30T15:42:29.209Z,66.496478,-146.601473,3465.53,3034.5,3550.93,254.05,238.32,-1.34,-4.42,151.73,158.94,149.26,-59.62,0.0,0.977,0.991,0.985,0.339,3,1.0,0.0,56549.738
2026-08-30T15:42:30.194Z,66.496307,-146.603112,3464.08,3033.06,3549.87,254.38,238.63,-1.47,-4.92,151.85,159.05,149.42,-78.83,0.0,0.998,0.998,0.998,,1,1.0,0.0,56550.719
2026-08-30T15:42:31.167Z,66.496141,-146.604744,3462.91,3075.63,3548.61,254.96,239.21,-2.58,1.77,151.79,158.98,149.43,-42.23,0.0,0.998,1.049,1.023,0.894,3,1.0,0.0,56551.664
2026-08-30T15:42:32.340Z,66.49594,-146.60671,3465.83,3048.1,3548.83,253.92,238.12,-2.12,4.47,151.14,158.3,148.63,134.24,0.0,1.097,1.143,1.127,2.134,4,1.0,0.0,56552.844
2026-08-30T15:42:33.285Z,66.495774,-146.608279,3468.0,3050.15,3550.84,253.33,237.56,-1.02,4.51,151.12,158.34,148.68,70.5,0.0,0.88,0.88,0.88,,1,1.0,0.0,56553.785
2026-08-30T15:42:34.253Z,66.495596,-146.609887,3466.08,3078.1,3551.34,252.98,237.21,-1.0,4.04,151.34,158.78,149.12,-75.75,0.0,0.867,0.922,0.892,1.245,3,1.0,0.0,56554.723
2026-08-30T15:42:35.211Z,66.495412,-146.611494,3463.15,3075.18,3549.79,252.17,236.41,-1.17,3.05,152.81,160.28,150.49,-137.68,0.0,0.974,0.974,0.974,,1,1.0,0.0,56555.711
2026-08-30T15:42:36.352Z,66.495184,-146.613396,3460.53,3078.98,3547.2,251.43,235.64,-1.48,1.64,152.01,159.16,149.35,-123.13,0.0,1.067,1.071,1.069,0.424,2,1.0,0.0,56556.84
2026-08-30T15:42:37.296Z,66.494991,-146.61495,3459.05,3077.49,3545.36,251.29,235.53,-1.35,1.51,152.14,159.42,149.53,-103.81,0.0,1.013,1.034,1.023,0.041,3,1.0,0.0,56557.797
2026-08-30T15:42:38.220Z,66.494798,-146.616476,3457.36,3073.67,3543.74,251.19,235.42,-1.02,1.03,152.33,159.6,149.73,-122.25,0.0,0.97,0.97,0.97,,1,1.0,0.0,56558.719
2026-08-30T15:42:39.175Z,66.494596,-146.618048,3454.56,3070.83,3541.63,250.91,235.17,-0.84,0.69,152.69,160.15,150.28,-171.94,0.0,0.963,0.966,0.964,0.042,3,1.0,0.0,56559.668
2026-08-30T15:42:40.319Z,66.494349,-146.619953,3450.14,3065.98,3538.29,251.01,235.26,-0.62,-0.14,153.4,160.71,150.84,-221.95,0.0,0.987,0.996,0.992,0.48,4,1.0,0.0,56560.816
2026-08-30T15:42:41.231Z,66.494151,-146.621475,3445.86,3061.67,3535.22,250.67,234.92,-0.65,1.74,153.37,160.63,150.78,-264.24,0.0,0.97,0.97,0.97,,1,1.0,0.0,56561.738
2026-08-30T15:42:42.195Z,66.493944,-146.623066,3440.73,3056.5,3531.22,250.51,234.78,0.5,2.12,153.47,160.79,150.85,-341.38,0.0,0.933,0.981,0.959,0.814,3,1.0,0.0,56562.703
2026-08-30T15:42:43.159Z,66.493732,-146.624657,3431.82,3047.08,3524.13,250.77,234.99,0.77,0.62,153.34,160.57,150.61,-533.3,0.0,0.871,0.915,0.89,1.179,3,1.0,0.0,56563.688
2026-08-30T15:42:44.314Z,66.493474,-146.626579,3419.26,3038.53,3513.29,250.2,234.47,-0.5,0.67,153.97,161.29,151.48,-558.34,0.0,1.062,1.101,1.081,0.163,2,1.0,0.0,56564.812
2026-08-30T15:42:45.293Z,66.493252,-146.628203,3412.68,3032.06,3504.65,249.93,234.15,-1.12,2.47,154.21,161.58,151.77,-407.94,0.0,1.143,1.143,1.143,,1,1.0,0.0,56565.789
2026-08-30T15:42:46.199Z,66.493042,-146.629722,3409.71,3028.74,3498.97,249.58,233.84,-1.61,2.61,154.7,161.84,152.0,-232.57,0.0,1.117,1.117,1.117,,1,1.0,0.0,56566.703
2026-08-30T15:42:47.140Z,66.492822,-146.631283,3408.38,3027.38,3495.66,251.01,235.35,-1.08,1.5,154.13,161.32,151.5,-157.87,0.0,1.032,1.076,1.052,0.533,3,1.0,0.0,56567.641
2026-08-30T15:42:48.296Z,66.492557,-146.633186,3405.07,2998.56,3492.51,250.23,234.4,-1.54,0.35,153.74,160.74,151.01,-178.28,0.0,0.976,1.019,0.991,1.449,4,1.0,0.0,56568.781
2026-08-30T15:42:49.201Z,66.492348,-146.634678,3403.42,2997.0,3490.07,249.86,234.17,-1.49,1.39,153.71,160.89,151.11,-102.18,0.0,1.111,1.111,1.111,,1,1.0,0.0,56569.684
2026-08-30T15:42:50.336Z,66.492081,-146.636565,3402.11,2976.95,3488.19,249.48,233.7,-1.89,3.78,153.68,160.83,151.11,-77.65,0.0,0.966,0.998,0.981,1.982,4,1.0,0.0,56570.844
2026-08-30T15:42:51.279Z,66.49186,-146.638101,3402.0,2976.88,3487.2,248.75,233.0,-1.67,5.22,153.85,161.02,151.25,-26.03,0.0,1.05,1.05,1.05,,1,1.0,0.0,56571.781
2026-08-30T15:42:52.241Z,66.491623,-146.639688,3402.41,3022.31,3486.93,247.97,232.21,-1.86,4.87,153.89,161.04,151.2,25.91,0.0,1.033,1.061,1.047,0.353,3,1.0,0.0,56572.746
2026-08-30T15:42:53.208Z,66.491379,-146.641266,3403.23,3023.07,3487.39,247.43,231.67,-1.31,4.27,153.91,161.11,151.26,9.81,0.0,0.957,1.002,0.979,0.21,3,1.0,0.0,56573.711
2026-08-30T15:42:54.334Z,66.491086,-146.643103,3401.56,3025.11,3487.1,246.86,231.1,-0.88,3.47,154.07,161.27,151.41,-86.61,0.0,0.947,0.947,0.947,0.17,2,1.0,0.0,56574.844
2026-08-30T15:42:55.345Z,66.490818,-146.644726,3398.37,3021.88,3485.31,246.31,230.55,-0.76,2.69,153.93,161.01,151.08,-171.01,0.0,0.965,0.965,0.965,,1,1.0,0.0,56575.844
2026-08-30T15:42:56.276Z,66.490566,-146.646229,3394.57,3018.99,3482.47,245.9,230.16,-0.47,2.66,153.74,160.91,151.07,-229.25,0.0,0.989,0.989,0.989,,1,1.0,0.0,56576.77
2026-08-30T15:42:57.228Z,66.490302,-146.647775,3389.8,3014.22,3478.62,245.78,230.03,-0.93,3.82,153.85,161.05,151.21,-260.05,0.0,0.983,1.048,1.015,0.614,3,1.0,0.0,56577.73
2026-08-30T15:42:58.185Z,66.490034,-146.649305,3386.01,3012.67,3474.57,245.02,229.26,-1.19,3.44,153.98,161.14,151.19,-235.22,0.0,1.035,1.042,1.038,0.402,3,1.0,0.0,56578.68
2026-08-30T15:42:59.309Z,66.489709,-146.651108,3382.5,3009.16,3470.82,244.81,229.05,-0.76,3.31,154.52,161.85,151.85,-206.16,0.0,1.019,1.034,1.026,0.264,2,1.0,0.0,56579.82
2026-08-30T15:43:00.268Z,66.489427,-146.652637,3378.85,2994.97,3467.36,243.99,228.22,-0.91,2.44,154.83,162.0,152.03,-225.04,0.0,0.982,0.998,0.988,0.661,3,1.0,0.0,56580.773
2026-08-30T15:43:01.201Z,66.489148,-146.654122,3375.3,2991.42,3463.63,243.55,227.81,-0.89,2.65,154.81,161.88,151.79,-224.26,0.0,1.03,1.03,1.03,,1,1.0,0.0,56581.703
2026-08-30T15:43:02.156Z,66.488856,-146.655625,3372.0,2945.27,3460.03,243.31,227.57,-1.24,1.66,154.44,161.54,151.59,-196.34,0.0,1.029,1.05,1.04,0.318,3,1.0,0.0,56582.648
2026-08-30T15:43:03.299Z,66.488501,-146.657433,3369.58,2942.87,3456.58,243.43,227.71,-1.88,1.41,154.4,161.44,151.57,-131.12,0.0,1.029,1.044,1.035,0.11,4,1.0,0.0,56583.797
2026-08-30T15:43:04.219Z,66.488216,-146.658875,3369.73,2985.83,3455.02,243.19,227.41,-2.25,2.44,154.18,161.25,151.24,4.51,0.0,1.132,1.132,1.132,,1,1.0,0.0,56584.719
2026-08-30T15:43:05.201Z,66.487907,-146.660423,3371.44,2987.52,3455.35,242.42,226.69,-2.04,2.1,154.18,161.27,151.24,54.12,0.0,1.033,1.033,1.033,,1,1.0,0.0,56585.707
2026-08-30T15:43:06.163Z,66.487605,-146.661915,3372.79,2941.97,3456.3,242.43,226.67,-1.82,1.52,154.11,161.14,151.11,69.87,0.0,0.998,1.025,1.012,0.246,3,1.0,0.0,56586.66
2026-08-30T15:43:07.253Z,66.487254,-146.663626,3374.13,2943.32,3457.58,242.01,226.26,-1.91,0.81,153.99,161.06,151.07,76.25,0.0,1.014,1.015,1.014,0.206,2,1.0,0.0,56587.75
2026-08-30T15:43:08.198Z,66.486949,-146.665097,3375.36,2995.55,3458.77,241.88,226.13,-1.79,0.34,153.87,160.96,151.12,73.03,0.0,0.989,0.997,0.992,0.125,3,1.0,0.0,56588.695
2026-08-30T15:43:09.289Z,66.486597,-146.666776,3376.06,2996.2,3459.95,241.43,225.71,-1.36,1.96,154.0,161.11,151.2,24.27,0.0,0.94,0.949,0.945,0.232,2,1.0,0.0,56589.777
2026-08-30T15:43:10.234Z,66.486287,-146.668243,3375.38,2996.57,3460.15,241.45,225.71,-1.56,1.56,154.03,161.15,151.27,-22.35,0.0,0.97,0.982,0.976,0.154,3,1.0,0.0,56590.723
2026-08-30T15:43:11.329Z,66.485925,-146.669928,3375.31,2996.57,3459.87,241.06,225.32,-2.14,1.89,154.14,161.23,151.23,26.09,0.0,1.064,1.068,1.066,0.172,2,1.0,0.0,56591.82
2026-08-30T15:43:12.273Z,66.485607,-146.671392,3376.7,2972.03,3460.47,240.56,224.82,-1.43,1.38,154.1,161.2,151.19,43.27,0.0,0.968,1.038,1.005,1.161,3,1.0,0.0,56592.773
2026-08-30T15:43:13.197Z,66.485295,-146.672808,3376.91,2972.25,3461.03,240.78,225.08,-2.43,0.76,154.08,161.15,151.14,46.62,0.0,1.026,1.026,1.026,,1,1.0,0.0,56593.695
2026-08-30T15:43:14.146Z,66.484972,-146.674265,3379.41,2993.41,3462.16,240.56,224.8,-2.4,0.94,153.99,161.16,151.17,146.02,0.0,1.07,1.095,1.085,0.827,3,1.0,0.0,56594.645
2026-08-30T15:43:15.327Z,66.484569,-146.676072,3384.58,2998.63,3466.08,240.41,224.68,-2.67,1.13,154.05,161.02,150.99,253.11,0.0,1.023,1.037,1.03,0.078,2,1.0,0.0,56595.824
2026-08-30T15:43:16.236Z,66.484259,-146.677444,3388.92,3006.11,3469.66,239.72,224.0,-1.72,1.22,153.31,160.23,150.1,233.25,0.0,0.916,0.916,0.916,,1,1.0,0.0,56596.723
2026-08-30T15:43:17.170Z,66.483938,-146.678858,3390.4,3007.5,3472.74,240.05,224.32,-1.44,1.37,152.71,159.8,149.66,111.61,0.0,0.888,0.913,0.9,0.505,3,1.0,0.0,56597.66
2026-08-30T15:43:18.332Z,66.483538,-146.680603,3389.82,3009.9,3474.15,239.94,224.28,-1.78,0.39,152.48,159.64,149.61,7.79,0.0,0.926,0.97,0.942,1.268,4,1.0,0.0,56598.848
2026-08-30T15:43:19.277Z,66.48321,-146.682024,3389.47,3009.54,3474.22,240.26,224.49,-1.03,-0.75,152.62,159.68,149.65,-27.98,0.0,0.967,0.967,0.967,,1,1.0,0.0,56599.766
2026-08-30T15:43:20.211Z,66.482889,-146.683422,3387.57,2968.73,3473.49,239.36,223.64,-1.05,-0.48,152.7,159.81,149.86,-98.69,0.0,0.937,0.967,0.952,0.144,3,1.0,0.0,56600.707
2026-08-30T15:43:21.160Z,66.482559,-146.684856,3384.68,2965.81,3472.12,239.84,224.12,-0.66,-0.65,152.94,160.07,150.11,-169.59,0.0,0.962,0.969,0.965,0.057,3,1.0,0.0,56601.66
2026-08-30T15:43:22.261Z,66.482178,-146.686511,3379.77,2963.26,3468.53,239.63,223.92,-0.61,-1.06,153.39,160.59,150.7,-251.02,0.0,0.959,0.963,0.961,0.057,2,1.0,0.0,56602.77
2026-08-30T15:43:23.225Z,66.481841,-146.687975,3375.14,2958.65,3464.15,239.96,224.21,-0.88,-1.68,153.49,160.51,150.61,-268.78,0.0,1.003,1.03,1.018,0.094,3,1.0,0.0,56603.73
2026-08-30T15:43:24.159Z,66.481521,-146.689373,3371.2,2985.46,3459.9,239.64,223.93,-0.8,-0.71,153.79,160.93,150.94,-251.31,0.0,1.027,1.027,1.027,,1,1.0,0.0,56604.66
2026-08-30T15:43:25.345Z,66.481108,-146.691194,3366.46,2980.72,3454.94,239.87,224.15,-0.99,-0.23,154.17,161.33,151.34,-235.95,0.0,1.006,1.014,1.01,0.063,2,1.0,0.0,56605.844
2026-08-30T15:43:26.260Z,66.480789,-146.692568,3363.17,2978.4,3451.7,240.04,224.29,-0.83,-0.21,154.79,162.14,152.12,-228.5,0.0,1.016,1.016,1.016,,1,1.0,0.0,56606.746
2026-08-30T15:43:27.190Z,66.480461,-146.693997,3359.47,2974.72,3448.75,239.22,,-1.16,-0.29,155.3,162.47,152.49,-219.14,0.0,0.997,1.015,1.005,0.962,3,1.0,0.0,56607.766
2026-08-30T15:43:28.216Z,66.480099,-146.695564,3356.42,2973.18,3445.81,239.63,223.9,-0.59,-0.51,155.42,162.54,152.55,-198.01,0.0,0.989,1.039,1.014,0.741,3,1.0,0.0,56608.707
2026-08-30T15:43:29.320Z,66.479709,-146.697252,3352.9,2969.69,3442.63,238.85,223.1,-1.63,-0.57,155.34,162.46,152.54,-167.74,0.0,0.966,1.001,0.983,0.643,2,1.0,0.0,56609.801
2026-08-30T15:43:30.270Z,66.47937,-146.698707,3352.01,2968.76,3440.12,238.52,222.82,-1.18,0.64,155.31,162.35,152.46,-86.41,0.0,1.034,1.073,1.056,1.201,3,1.0,0.0,56610.758
2026-08-30T15:43:31.177Z,66.479046,-146.700072,3351.47,2968.22,3439.44,238.77,223.06,-1.41,0.57,155.3,162.46,152.3,-52.81,0.0,0.994,0.994,0.994,,1,1.0,0.0,56611.656
2026-08-30T15:43:32.303Z,66.478639,-146.70178,3350.49,2967.86,3438.46,238.76,223.03,-0.99,-0.21,155.28,162.38,152.37,-77.33,0.0,0.95,0.99,0.969,0.414,4,1.0,0.0,56612.785
2026-08-30T15:43:33.201Z,66.478311,-146.703148,3348.3,2965.64,3436.62,238.63,222.91,-0.83,-0.52,155.37,162.49,152.49,-131.52,0.0,0.964,0.964,0.964,,1,1.0,0.0,56613.688
2026-08-30T15:43:34.336Z,66.477899,-146.704866,3344.35,2962.5,3433.63,238.64,222.91,-0.46,-0.84,155.54,162.7,152.74,-203.28,0.0,0.964,0.968,0.966,0.157,4,1.0,0.0,56614.828
2026-08-30T15:43:35.649Z,66.477424,-146.706847,3337.83,2955.94,3429.69,238.62,222.89,-0.16,-1.31,156.03,163.18,153.15,-294.05,0.0,0.968,0.968,0.968,,1,1.0,0.0,56616.133
2026-08-30T15:43:36.197Z,66.477222,-146.707685,3334.54,2905.63,3427.4,238.67,222.95,-0.17,-0.68,156.15,163.24,153.33,-332.34,0.0,0.963,0.963,0.963,,1,1.0,0.0,56616.68
2026-08-30T15:43:37.349Z,66.476801,-146.709444,3327.55,2898.68,3418.68,238.65,222.92,-0.32,-0.15,156.59,163.7,153.75,-341.66,0.0,1.004,1.028,1.02,0.716,4,1.0,0.0,56617.832
2026-08-30T15:43:38.246Z,66.476473,-146.710806,3323.29,2939.36,3413.14,237.94,222.2,-1.36,1.97,156.76,163.99,154.04,-255.58,0.0,1.081,1.081,1.081,,1,1.0,0.0,56618.73
2026-08-30T15:43:39.176Z,66.476127,-146.712224,3321.39,2937.45,3409.28,238.16,222.45,-0.59,1.91,157.02,164.13,154.19,-194.36,0.0,0.962,1.055,1.006,0.697,3,1.0,0.0,56619.664
2026-08-30T15:43:40.320Z,66.4757,-146.71396,3317.85,2933.53,3405.43,237.68,221.96,-1.62,1.01,157.06,164.17,154.26,-155.5,0.0,0.952,1.065,1.013,1.209,4,1.0,0.0,56620.797
2026-08-30T15:43:41.211Z,66.47536,-146.715312,3317.39,2933.13,3403.4,237.52,221.81,-1.81,0.33,157.02,164.09,154.15,-55.8,0.0,1.066,1.066,1.066,,1,1.0,0.0,56621.699
2026-08-30T15:43:42.173Z,66.474995,-146.716773,3318.49,2888.38,3402.88,237.46,221.75,-2.19,-0.52,156.83,163.87,153.92,45.65,0.0,1.053,1.055,1.054,0.058,3,1.0,0.0,56622.66
2026-08-30T15:43:43.309Z,66.474561,-146.718487,3321.86,2891.8,3404.38,237.47,221.77,-2.56,0.24,156.45,163.45,153.52,158.16,0.0,1.043,1.054,1.049,0.231,4,1.0,0.0,56623.805
2026-08-30T15:43:44.229Z,66.474215,-146.719854,3325.95,2940.45,3407.11,237.4,221.67,-2.59,1.19,155.98,162.9,152.93,243.38,0.0,1.051,1.051,1.051,,1,1.0,0.0,56624.715
2026-08-30T15:43:45.199Z,66.473845,-146.721308,3330.64,2945.11,3411.16,237.03,221.32,-2.48,1.07,155.54,162.51,152.59,259.94,0.0,0.976,0.976,0.976,,1,1.0,0.0,56625.688
2026-08-30T15:43:46.160Z,66.473478,-146.722736,3334.81,2950.2,3416.39,236.59,220.86,-2.41,1.27,155.22,162.17,152.27,255.93,0.0,0.99,0.995,0.994,0.244,3,1.0,0.0,56626.641
2026-08-30T15:43:47.264Z,66.473055,-146.724362,3339.67,2955.09,3422.17,236.71,221.0,-2.65,1.35,155.34,162.4,152.47,276.85,0.0,1.017,1.018,1.017,0.146,2,1.0,0.0,56627.738
2026-08-30T15:43:48.217Z,66.472685,-146.725772,3344.59,2968.28,3427.17,236.21,220.48,-2.5,0.64,155.02,162.05,152.13,294.78,0.0,0.999,1.011,1.006,0.276,3,1.0,0.0,56628.699
2026-08-30T15:43:49.280Z,66.472268,-146.727343,3349.63,2973.29,3432.18,236.12,220.41,-2.38,0.12,154.76,161.78,151.8,274.26,0.0,0.976,0.978,0.977,0.008,2,1.0,0.0,56629.777
2026-08-30T15:43:50.224Z,66.471904,-146.72871,3353.34,2968.31,3436.93,236.23,220.52,-2.34,-0.54,154.43,161.41,151.55,245.99,0.0,0.977,0.984,0.98,0.209,3,1.0,0.0,56630.719
2026-08-30T15:43:51.333Z,66.471469,-146.730343,3357.22,2972.17,3440.72,235.92,220.21,-2.11,-1.04,154.14,161.15,151.31,207.88,0.0,0.975,0.978,0.977,0.042,2,1.0,0.0,56631.836
2026-08-30T15:43:52.276Z,66.471104,-146.731713,3359.63,2975.55,3443.27,236.06,220.35,-1.89,-1.3,153.96,160.99,151.14,158.87,0.0,0.97,0.97,0.97,0.017,3,1.0,0.0,56632.781
2026-08-30T15:43:53.198Z,66.470748,-146.733053,3360.84,2976.69,3445.37,236.16,220.46,-1.53,-1.55,153.91,160.94,151.11,88.71,0.0,0.954,0.954,0.954,,1,1.0,0.0,56633.695
2026-08-30T15:43:54.169Z,66.470373,-146.734467,3360.86,2978.62,3446.73,236.28,220.57,-1.8,0.95,153.66,160.62,150.78,31.62,0.0,0.96,0.992,0.975,0.704,3,1.0,0.0,56634.664
2026-08-30T15:43:55.328Z,66.469925,-146.736141,3361.3,2979.1,3447.12,235.39,219.65,-1.92,1.55,153.57,160.83,150.96,43.91,0.0,1.024,1.031,1.027,0.002,2,1.0,0.0,56635.816
2026-08-30T15:43:56.228Z,66.469572,-146.737447,3362.67,2978.78,3447.86,235.39,219.68,-1.7,0.66,153.82,160.85,150.97,69.62,0.0,0.973,0.973,0.973,,1,1.0,0.0,56636.715
2026-08-30T15:43:57.190Z,66.469194,-146.738835,3363.56,2979.65,3448.53,235.34,219.62,-1.81,-1.11,153.92,161.09,151.28,57.92,0.0,0.962,0.986,0.973,0.45,3,1.0,0.0,56637.676
2026-08-30T15:43:58.337Z,66.468743,-146.740495,3365.35,2981.01,3444.59,235.33,219.66,-1.84,-2.44,154.43,161.5,151.6,95.86,0.0,1.004,1.013,1.01,0.322,4,1.0,0.0,56638.836
2026-08-30T15:43:59.276Z,66.468373,-146.741858,3366.84,2982.47,3442.81,236.12,220.39,-1.76,-3.43,154.19,161.21,151.34,83.81,0.0,0.996,0.996,0.996,,1,1.0,0.0,56639.777
2026-08-30T15:44:00.239Z,66.467998,-146.743259,3367.89,2984.81,3442.81,236.0,220.29,-2.05,-1.12,154.08,161.12,151.27,82.78,0.0,0.983,1.019,1.0,0.502,3,1.0,0.0,56640.742
2026-08-30T15:44:01.203Z,66.467622,-146.744664,3369.77,2986.7,3443.77,236.09,220.38,-2.07,-1.01,154.07,161.09,151.16,111.98,0.0,1.02,1.026,1.023,0.174,3,1.0,0.0,56641.707
2026-08-30T15:44:02.319Z,66.467188,-146.746288,3372.47,2987.47,3445.81,236.13,220.43,-2.24,-0.69,153.91,160.92,150.99,141.35,0.0,1.01,1.011,1.011,0.085,2,1.0,0.0,56642.832
2026-08-30T15:44:03.294Z,66.46681,-146.747708,3375.34,2990.34,3448.15,236.04,220.31,-2.24,-0.32,153.64,160.61,150.83,169.98,0.0,1.015,1.017,1.016,0.096,3,1.0,0.0,56643.805
2026-08-30T15:44:04.239Z,66.466444,-146.749082,3378.4,3002.73,3450.87,235.97,220.26,-2.31,-0.47,153.57,160.57,150.66,187.2,0.0,1.005,1.005,1.005,,1,1.0,0.0,56644.738
2026-08-30T15:44:05.230Z,66.466059,-146.750511,3381.89,3006.23,3454.16,236.01,220.3,-2.37,-1.04,153.38,160.37,150.47,207.77,0.0,1.013,1.013,1.013,,1,1.0,0.0,56645.727
2026-08-30T15:44:06.180Z,66.46569,-146.751891,3385.52,3004.05,3457.76,236.0,220.3,-2.53,-1.44,153.43,160.61,150.68,230.54,0.0,1.002,1.004,1.003,0.218,3,1.0,0.0,56646.672
2026-08-30T15:44:07.293Z,66.465259,-146.753505,3391.16,3009.74,3462.17,236.01,220.26,-2.88,-0.93,152.92,159.89,149.88,303.96,0.0,1.053,1.06,1.056,0.596,2,1.0,0.0,56647.789
2026-08-30T15:44:08.262Z,66.464887,-146.754895,3396.62,2977.79,3467.02,235.9,220.21,-2.7,-0.87,152.58,159.56,149.6,313.45,0.0,0.977,0.997,0.985,0.288,3,1.0,0.0,56648.746
2026-08-30T15:44:09.195Z,66.464526,-146.756246,3401.34,2982.51,3471.83,236.1,220.4,-2.56,-1.56,152.34,159.34,149.35,301.55,0.0,0.987,0.987,0.987,,1,1.0,0.0,56649.688
2026-08-30T15:44:10.330Z,66.464093,-146.757883,3405.53,3033.47,3477.16,236.0,220.31,-1.35,-2.54,152.17,159.19,149.27,178.9,0.0,0.871,0.964,0.924,1.55,4,1.0,0.0,56650.824
2026-08-30T15:44:11.246Z,66.463743,-146.759192,3405.6,3033.51,3479.43,236.34,220.66,-1.84,-2.63,152.19,159.27,149.35,73.01,0.0,0.974,0.974,0.974,,1,1.0,0.0,56651.742
2026-08-30T15:44:12.191Z,66.463383,-146.760555,3405.79,3032.53,3480.44,236.52,220.82,-1.45,-2.91,152.28,159.35,149.43,26.73,0.0,0.983,1.007,0.995,0.399,3,1.0,0.0,56652.676
2026-08-30T15:44:13.334Z,66.462951,-146.762216,3404.77,3031.47,3480.55,236.79,221.11,-1.31,-2.14,152.44,159.53,149.6,-48.89,0.0,0.962,0.964,0.963,0.243,4,1.0,0.0,56653.832
2026-08-30T15:44:14.249Z,66.462608,-146.763539,3403.13,3026.38,3479.67,236.95,221.25,-1.07,-2.16,152.65,159.76,149.78,-89.4,0.0,0.989,0.989,0.989,,1,1.0,0.0,56654.746
2026-08-30T15:44:15.224Z,66.46224,-146.764969,3400.45,3023.64,3477.95,236.99,221.31,-0.74,-2.49,152.89,160.01,150.04,-161.1,0.0,0.95,0.95,0.95,,1,1.0,0.0,56655.723
2026-08-30T15:44:16.192Z,66.461879,-146.766379,3396.37,3018.49,3475.06,237.24,221.55,-0.45,-2.82,153.19,160.32,150.37,-237.35,0.0,0.957,0.957,0.957,0.101,3,1.0,0.0,56656.676
2026-08-30T15:44:17.268Z,66.461477,-146.767959,3390.34,3012.48,3470.45,237.48,221.79,-0.31,-1.62,153.57,160.71,150.82,-315.53,0.0,0.962,0.974,0.968,0.09,2,1.0,0.0,56657.746
2026-08-30T15:44:18.193Z,66.461131,-146.769329,3384.52,3006.56,3465.84,237.48,221.79,0.04,-1.9,153.97,161.23,151.27,-365.68,0.0,0.972,0.984,0.979,0.271,3,1.0,0.0,56658.676
2026-08-30T15:44:19.294Z,66.460719,-146.770969,3376.39,2998.4,3458.6,237.67,221.99,0.18,-2.31,154.59,161.78,151.84,-432.13,0.0,0.969,0.97,0.97,0.14,2,1.0,0.0,56659.785
2026-08-30T15:44:20.257Z,66.46036,-146.772406,3368.42,2989.65,3451.29,237.83,222.15,0.25,-2.69,155.12,162.32,152.37,-478.99,0.0,0.974,0.982,0.979,0.055,3,1.0,0.0,56660.746
2026-08-30T15:44:21.173Z,66.460022,-146.77377,3360.45,2981.66,3444.28,238.03,222.34,0.33,-3.0,155.61,162.83,152.88,-512.16,0.0,0.984,0.984,0.984,,1,1.0,0.0,56661.668
2026-08-30T15:44:22.331Z,66.459594,-146.775514,3350.0,2972.37,3435.03,238.34,222.65,0.35,-3.43,156.19,163.39,153.52,-532.84,0.0,0.993,0.999,0.996,0.11,4,1.0,0.0,56662.828
2026-08-30T15:44:23.248Z,66.459255,-146.776926,3341.7,2964.07,3427.41,238.62,222.94,0.37,-3.2,156.76,163.96,154.01,-536.33,0.0,1.002,1.002,1.002,,1,1.0,0.0,56663.746
2026-08-30T15:44:24.192Z,66.458908,-146.778355,3333.3,2955.5,3419.68,238.93,223.24,0.16,-2.65,157.21,164.39,154.48,-534.44,0.0,1.0,1.008,1.004,0.133,3,1.0,0.0,56664.688
2026-08-30T15:44:25.327Z,66.458491,-146.780107,3324.21,2946.48,3408.12,239.12,223.42,-0.33,-1.06,157.65,164.83,154.93,-460.48,0.0,1.063,1.067,1.065,0.153,2,1.0,0.0,56665.82
2026-08-30T15:44:26.213Z,66.458168,-146.781474,3318.93,2943.95,3401.11,239.08,223.39,-0.55,-1.19,157.93,165.08,155.15,-384.22,0.0,1.046,1.046,1.046,,1,1.0,0.0,56666.691
2026-08-30T15:44:27.141Z,66.45783,-146.782905,3314.55,2939.61,3395.27,239.1,223.41,-0.8,-1.63,158.11,165.23,155.29,-305.83,0.0,1.044,1.045,1.044,0.074,3,1.0,0.0,56667.613
2026-08-30T15:44:28.286Z,66.457414,-146.784674,3310.77,2885.0,3389.87,239.25,223.56,-1.16,-2.11,158.18,165.27,155.34,-209.53,0.0,1.04,1.045,1.043,0.058,4,1.0,0.0,56668.754
2026-08-30T15:44:29.155Z,66.457099,-146.786024,3309.15,2883.41,3387.04,239.42,223.73,-1.41,-2.43,158.15,165.22,155.3,-136.19,0.0,1.044,1.044,1.044,,1,1.0,0.0,56669.621
2026-08-30T15:44:30.268Z,66.456695,-146.787764,3308.42,2937.46,3384.96,239.5,223.81,-0.96,-2.04,157.96,165.08,155.21,-71.67,0.0,1.004,1.042,1.029,1.167,4,1.0,0.0,56670.742
2026-08-30T15:44:31.341Z,66.45631,-146.789435,3306.57,2935.57,3383.48,239.69,224.0,-0.97,-2.04,158.12,165.22,155.22,-107.23,0.0,0.955,0.97,0.963,0.274,2,1.0,0.0,56671.812
2026-08-30T15:44:32.280Z,66.455975,-146.790897,3304.55,2929.01,3381.75,239.79,224.1,-0.92,-2.32,158.14,165.23,155.24,-121.03,0.0,0.997,0.999,0.998,0.118,3,1.0,0.0,56672.762
2026-08-30T15:44:33.177Z,66.455659,-146.792287,3302.49,2926.95,3379.9,239.97,224.28,-0.93,-2.59,158.14,165.21,155.26,-135.17,0.0,0.991,0.991,0.991,,1,1.0,0.0,56673.645
2026-08-30T15:44:34.306Z,66.455256,-146.794069,3299.29,2921.4,3377.15,240.23,224.54,-0.9,-3.09,158.21,165.28,155.34,-160.14,0.0,0.997,1.026,1.012,0.398,4,1.0,0.0,56674.797
2026-08-30T15:44:35.604Z,66.454805,-146.796091,3295.53,2918.43,3373.6,240.54,224.86,-0.77,-3.29,158.2,165.29,155.41,-176.32,0.0,0.994,0.994,0.994,,1,1.0,0.0,56676.074
2026-08-30T15:44:36.338Z,66.45455,-146.797244,3293.18,2916.07,3371.43,240.77,225.09,-0.72,-3.45,158.26,165.33,155.46,-190.0,0.0,0.989,0.991,0.99,0.014,2,1.0,0.0,56676.816
2026-08-30T15:44:37.216Z,66.454245,-146.798636,3290.1,2913.01,3368.58,241.03,225.34,-0.82,-1.75,158.28,165.3,155.51,-195.66,0.0,1.01,1.01,1.01,,1,1.0,0.0,56677.695
2026-08-30T15:44:38.146Z,66.453926,-146.800105,3287.15,2913.84,3365.58,241.05,225.36,-0.69,-2.16,158.24,165.31,155.4,-196.61,0.0,0.99,1.01,0.999,0.18,3,1.0,0.0,56678.617
2026-08-30T15:44:39.267Z,66.453542,-146.801885,3283.23,2909.92,3361.84,241.22,225.54,-0.53,-2.53,158.38,165.47,155.52,-211.89,0.0,0.985,0.995,0.991,0.22,4,1.0,0.0,56679.73
2026-08-30T15:44:40.330Z,66.453181,-146.803567,3278.88,2901.96,3357.41,241.36,225.69,-0.44,-3.03,158.51,165.56,155.67,-244.68,0.0,0.979,0.981,0.98,0.006,2,1.0,0.0,56680.801
2026-08-30T15:44:41.262Z,66.452867,-146.805052,3274.56,2897.63,3353.47,241.74,226.07,-0.59,-3.33,158.29,165.31,155.48,-263.64,0.0,0.981,0.99,0.984,0.376,3,1.0,0.0,56681.73
2026-08-30T15:44:42.187Z,66.452559,-146.806524,3270.43,2895.53,3349.07,241.93,226.26,-0.47,-3.69,158.36,165.39,155.61,-268.53,0.0,0.997,1.008,1.003,0.205,3,1.0,0.0,56682.648
2026-08-30T15:44:43.251Z,66.452209,-146.808225,3265.34,2890.43,3344.37,242.27,226.6,-0.38,-3.93,158.56,165.58,155.8,-286.79,0.0,0.989,0.989,0.989,0.018,2,1.0,0.0,56683.738
2026-08-30T15:44:44.207Z,66.451894,-146.809778,3260.41,2880.97,3339.8,242.58,226.9,-0.53,-4.09,158.71,165.67,155.89,-295.15,0.0,0.991,0.992,0.991,0.14,3,1.0,0.0,56684.723
2026-08-30T15:44:45.569Z,66.451461,-146.81196,3254.74,2879.77,3333.96,243.59,227.92,-1.07,-5.07,158.94,166.04,156.28,-234.54,0.0,1.034,1.034,1.034,,1,1.0,0.0,56686.051
2026-08-30T15:44:46.292Z,66.451229,-146.813147,3252.8,2877.86,3331.28,243.51,227.83,-1.15,-4.41,159.02,166.0,156.25,-184.13,0.0,1.038,1.055,1.046,0.019,2,1.0,0.0,56686.797
2026-08-30T15:44:47.219Z,66.450942,-146.814647,3250.92,2875.99,3328.68,244.73,229.08,-0.84,-2.75,158.95,165.93,156.27,-151.12,0.0,1.016,1.016,1.016,,1,1.0,0.0,56687.695
2026-08-30T15:44:48.142Z,66.450654,-146.816174,3248.89,2876.42,3326.39,244.18,228.48,-1.88,0.24,158.91,165.93,156.22,-104.78,0.0,0.991,1.061,1.024,1.734,3,1.0,0.0,56688.609
2026-08-30T15:44:49.269Z,66.45031,-146.81801,3249.88,2877.46,3325.26,243.94,228.27,-1.61,0.18,158.77,165.68,156.0,11.39,0.0,1.003,1.108,1.055,1.15,4,1.0,0.0,56689.723
2026-08-30T15:44:50.310Z,66.44999,-146.819705,3251.08,2881.92,3325.68,243.37,227.66,-2.32,0.63,158.36,165.17,155.52,67.16,0.0,1.033,1.061,1.047,0.427,2,1.0,0.0,56690.77
2026-08-30T15:44:51.238Z,66.449703,-146.82121,3254.17,2885.08,3327.16,243.23,227.58,-2.09,-0.18,157.8,164.67,154.84,172.19,0.0,1.094,1.125,1.114,1.621,3,1.0,0.0,56691.699
2026-08-30T15:44:52.149Z,66.44942,-146.822679,3257.16,2886.77,3329.78,243.66,227.98,-1.95,-2.97,157.61,164.56,154.76,159.15,0.0,0.945,0.968,0.954,0.953,3,1.0,0.0,56692.617
2026-08-30T15:44:53.221Z,66.449091,-146.824394,3259.42,2889.03,3332.49,243.82,228.15,-2.01,-2.82,157.39,164.28,154.35,140.06,0.0,0.998,1.002,1.0,0.287,2,1.0,0.0,56693.68
2026-08-30T15:44:54.140Z,66.448809,-146.825887,3261.29,2854.96,3334.59,244.13,228.46,-1.7,-3.35,157.0,163.89,154.08,119.3,0.0,0.993,1.014,1.004,0.396,3,1.0,0.0,56694.609
2026-08-30T15:44:55.262Z,66.448471,-146.827702,3262.57,2856.22,3336.3,244.38,228.72,-1.57,-3.9,156.79,163.68,153.91,72.4,0.0,0.975,0.977,0.976,0.001,2,1.0,0.0,56695.742
2026-08-30T15:44:56.339Z,66.448151,-146.829449,3262.92,2893.12,3337.2,244.78,229.13,-1.35,-4.11,156.26,163.01,153.25,24.52,0.0,0.973,0.977,0.975,0.008,2,1.0,0.0,56696.82
2026-08-30T15:44:57.286Z,66.447877,-146.830977,3262.49,2892.68,3337.39,245.21,229.54,-1.45,-4.05,155.65,162.57,152.96,-12.92,0.0,0.973,0.996,0.984,0.293,3,1.0,0.0,56697.84
2026-08-30T15:44:58.280Z,66.447594,-146.832586,3261.36,2892.43,3337.04,245.35,229.69,-1.02,-3.86,156.1,163.01,153.26,-67.58,0.0,0.99,0.99,0.99,,1,1.0,0.0,56698.84
2026-08-30T15:44:59.294Z,66.447306,-146.834251,3259.0,2890.04,3335.81,245.8,230.12,-0.82,-4.26,156.11,163.0,153.27,-129.68,0.0,0.971,0.973,0.972,0.137,3,1.0,0.0,56699.844
2026-08-30T15:45:00.298Z,66.447026,-146.835863,3255.59,2886.85,3333.57,245.84,230.17,-0.36,-4.17,156.22,163.12,153.46,-200.61,0.0,0.964,0.964,0.964,,1,1.0,0.0,56700.824
2026-08-30T15:45:01.277Z,66.446753,-146.837484,3250.26,2881.45,3329.98,246.85,231.19,0.44,-4.24,156.6,163.54,153.78,-321.74,0.0,0.9,0.931,0.916,0.231,3,1.0,0.0,56701.75
2026-08-30T15:45:02.205Z,66.446503,-146.839001,3242.94,2869.79,3324.64,246.78,231.1,0.08,-3.17,157.02,163.99,154.24,-420.42,0.0,0.923,0.938,0.931,1.024,3,1.0,0.0,56702.664
2026-08-30T15:45:03.240Z,66.446226,-146.840713,3234.74,2861.6,3317.61,247.44,231.77,0.18,-2.74,157.25,164.14,154.55,-467.41,0.0,0.984,0.996,0.99,0.362,2,1.0,0.0,56703.695
2026-08-30T15:45:04.144Z,66.445988,-146.842218,3228.26,2858.66,3311.01,247.53,231.85,-1.72,-1.71,157.5,164.49,154.83,-362.56,0.0,1.04,1.183,1.116,1.223,3,1.0,0.0,56704.598
2026-08-30T15:45:05.222Z,66.445704,-146.844013,3227.55,2858.1,3303.91,247.56,231.88,-2.43,-0.97,157.44,164.26,154.62,-82.65,0.0,1.146,1.159,1.153,0.108,2,1.0,0.0,56705.668
2026-08-30T15:45:06.241Z,66.445439,-146.845706,3230.96,2854.35,3305.39,247.49,231.81,-2.03,-1.59,157.18,163.98,154.23,112.85,0.0,1.043,1.085,1.064,0.799,2,1.0,0.0,56706.699
2026-08-30T15:45:07.138Z,66.445205,-146.847202,3233.59,2856.93,3307.29,247.64,231.96,-1.78,-2.04,156.94,163.74,154.0,129.08,0.0,0.952,0.962,0.956,0.226,3,1.0,0.0,56707.598
2026-08-30T15:45:08.259Z,66.444916,-146.849058,3235.24,2858.15,3309.74,248.0,232.34,-1.51,-2.74,156.67,163.47,153.74,82.73,0.0,0.956,0.958,0.957,0.137,4,1.0,0.0,56708.73
2026-08-30T15:45:09.321Z,66.444646,-146.850816,3235.37,2860.1,3310.84,248.03,232.37,-1.25,-3.3,156.56,163.38,153.68,12.68,0.0,0.958,0.959,0.959,0.045,2,1.0,0.0,56709.789
2026-08-30T15:45:10.244Z,66.444416,-146.85234,3234.55,2859.28,3311.03,248.41,232.76,-1.6,-2.95,156.53,163.35,153.67,-20.21,0.0,0.969,1.009,0.989,0.504,3,1.0,0.0,56710.699
2026-08-30T15:45:11.154Z,66.444187,-146.853871,3234.41,2859.16,3310.57,248.54,232.88,-1.79,-2.37,156.42,163.2,153.6,-5.38,0.0,1.018,1.029,1.024,0.198,3,1.0,0.0,56711.613
2026-08-30T15:45:12.196Z,66.443931,-146.8556,3235.78,2802.03,3310.94,248.77,233.12,-2.82,-2.35,156.2,162.96,153.34,99.87,0.0,1.089,1.106,1.098,0.027,2,1.0,0.0,56712.645
2026-08-30T15:45:13.302Z,66.443663,-146.857446,3241.65,2868.11,3313.95,248.98,233.33,-3.55,-2.47,155.72,162.43,152.75,296.6,0.0,1.105,1.117,1.111,0.15,4,1.0,0.0,56713.762
2026-08-30T15:45:14.155Z,66.443459,-146.858861,3248.84,2875.36,3318.45,249.15,233.49,-3.78,-2.54,155.22,161.91,152.11,444.84,0.0,1.085,1.085,1.085,,1,1.0,0.0,56714.609
2026-08-30T15:45:15.234Z,66.443205,-146.860649,3259.43,2885.97,3326.63,249.04,233.38,-3.64,-2.31,154.38,161.05,151.32,539.75,0.0,0.999,1.005,1.002,0.186,2,1.0,0.0,56715.695
2026-08-30T15:45:16.163Z,66.442989,-146.862177,3268.38,2895.62,3334.65,249.43,233.78,-3.68,-2.11,153.76,160.42,150.74,562.12,0.0,0.994,0.996,0.994,0.133,3,1.0,0.0,56716.617
2026-08-30T15:45:17.216Z,66.44275,-146.863888,3278.28,2905.49,3344.38,249.64,233.98,-3.63,-2.28,152.92,159.52,149.81,559.16,0.0,0.997,0.998,0.997,0.129,2,1.0,0.0,56717.664
2026-08-30T15:45:18.330Z,66.442496,-146.865722,3287.7,2919.28,3354.69,250.12,234.44,-3.05,-2.74,152.24,158.91,149.3,492.32,0.0,0.937,0.993,0.964,0.517,4,1.0,0.0,56718.793
2026-08-30T15:45:19.189Z,66.442304,-146.867133,3293.36,2924.91,3361.56,250.35,234.71,-2.68,-2.56,151.81,158.53,148.92,414.29,0.0,0.958,0.958,0.958,,1,1.0,0.0,56719.648
2026-08-30T15:45:20.321Z,66.442058,-146.868972,3298.89,2927.64,3368.8,250.35,234.69,-2.87,-1.9,151.51,158.24,148.68,324.22,0.0,0.941,0.987,0.962,0.764,4,1.0,0.0,56720.77
2026-08-30T15:45:21.233Z,66.441861,-146.870461,3303.43,2932.2,3373.71,250.43,234.77,-3.14,-0.49,151.12,157.68,148.04,323.85,0.0,1.008,1.021,1.015,0.076,3,1.0,0.0,56721.676
2026-08-30T15:45:22.225Z,66.441645,-146.872087,3309.67,2938.22,3379.31,250.26,234.59,-3.43,0.73,150.7,157.4,147.68,370.87,0.0,1.031,1.032,1.032,0.08,2,1.0,0.0,56722.672
2026-08-30T15:45:23.338Z,66.441406,-146.873872,3317.59,2948.26,3386.4,249.98,234.31,-3.55,2.08,150.3,156.99,147.24,418.68,0.0,1.017,1.025,1.021,0.029,4,1.0,0.0,56723.773
2026-08-30T15:45:24.336Z,66.441185,-146.875483,3325.31,2956.01,3393.58,249.58,233.91,-3.45,2.44,149.9,156.59,146.81,451.14,0.0,1.016,1.017,1.016,0.333,2,1.0,0.0,56724.777
2026-08-30T15:45:25.207Z,66.44099,-146.87689,3331.87,2962.53,3400.16,249.2,233.53,-3.18,0.99,149.57,156.25,146.5,434.55,0.0,0.964,0.964,0.964,,1,1.0,0.0,56725.645
2026-08-30T15:45:26.289Z,66.440747,-146.8786,3338.58,2966.79,3409.22,249.09,233.43,-2.95,-0.31,149.27,155.97,146.25,378.65,0.0,0.959,0.965,0.963,0.137,4,1.0,0.0,56726.719
2026-08-30T15:45:27.267Z,66.440522,-146.880174,3343.72,2971.91,3416.02,249.06,233.4,-2.81,-1.22,148.99,155.73,146.09,327.99,0.0,0.975,0.979,0.977,0.09,2,1.0,0.0,56727.711
2026-08-30T15:45:28.159Z,66.440321,-146.88159,3347.62,2983.44,3420.32,249.13,233.48,-2.5,-1.55,148.91,155.65,146.03,272.15,0.0,0.955,0.97,0.963,0.115,3,1.0,0.0,56728.602
2026-08-30T15:45:29.265Z,66.44007,-146.883351,3350.93,2986.71,3424.68,249.21,233.55,-2.26,-1.98,148.85,155.55,145.97,192.09,0.0,0.956,0.966,0.961,0.104,4,1.0,0.0,56729.703
2026-08-30T15:45:30.297Z,66.439841,-146.884979,3352.95,2979.89,3427.4,249.78,234.15,-2.52,-1.72,148.59,155.4,145.8,150.25,0.0,0.991,1.012,1.001,0.277,2,1.0,0.0,56730.738
2026-08-30T15:45:31.195Z,66.439642,-146.886409,3355.04,2981.97,3430.22,249.78,234.1,-2.05,-2.14,148.74,155.54,145.88,132.1,0.0,0.976,1.014,0.996,0.449,3,1.0,0.0,56731.629
2026-08-30T15:45:32.289Z,66.439401,-146.888162,3356.21,2975.04,3431.73,249.77,234.12,-1.82,-1.7,148.89,155.73,146.07,71.04,0.0,0.957,0.968,0.961,0.237,4,1.0,0.0,56732.723
2026-08-30T15:45:33.278Z,66.439184,-146.889749,3356.11,2974.9,3432.13,249.96,234.3,-1.48,-1.84,149.1,155.94,146.33,3.94,0.0,0.956,0.958,0.957,0.089,2,1.0,0.0,56733.719
2026-08-30T15:45:34.170Z,66.43899,-146.891174,3354.9,2977.19,3432.01,250.06,234.4,-1.71,-1.83,149.29,156.15,146.61,-53.29,0.0,0.959,0.967,0.962,0.606,3,1.0,0.0,56734.605
2026-08-30T15:45:35.215Z,66.438764,-146.892845,3354.02,2976.34,3431.79,250.19,234.53,-1.83,-1.11,149.57,156.43,146.85,-33.72,0.0,1.039,1.045,1.042,0.369,2,1.0,0.0,56735.645
2026-08-30T15:45:36.227Z,66.438544,-146.894476,3353.75,2937.2,3431.1,250.29,234.65,-1.96,-1.36,150.06,157.09,147.51,-26.48,0.0,1.002,1.017,1.01,0.64,2,1.0,0.0,56736.66
2026-08-30T15:45:37.320Z,66.438308,-146.896247,3353.3,2981.57,3430.57,251.29,235.66,-2.18,-2.25,150.92,158.06,148.49,-17.53,0.0,1.029,1.045,1.037,1.223,4,1.0,0.0,56737.754
2026-08-30T15:45:38.309Z,66.438095,-146.897877,3354.16,2982.48,3431.28,251.3,235.63,-2.63,-1.1,150.87,157.58,148.05,57.14,0.0,1.072,1.078,1.075,0.145,2,1.0,0.0,56738.75
2026-08-30T15:45:39.202Z,66.437909,-146.899324,3357.19,2985.59,3432.33,251.11,235.47,-3.1,-1.61,150.48,157.3,147.75,175.01,0.0,1.075,1.079,1.077,0.159,3,1.0,0.0,56739.637
2026-08-30T15:45:40.302Z,66.437682,-146.901104,3363.66,2985.5,3436.07,251.16,235.51,-4.16,2.63,150.14,156.91,147.29,341.63,0.0,1.072,1.099,1.081,0.767,4,1.0,0.0,56740.73
2026-08-30T15:45:41.281Z,66.437475,-146.902706,3373.24,2995.17,3441.49,250.44,234.78,-4.13,3.95,149.7,156.43,146.67,524.76,0.0,1.088,1.113,1.1,0.597,2,1.0,0.0,56741.727
2026-08-30T15:45:42.174Z,66.437286,-146.904128,3382.7,3003.08,3449.17,249.84,234.18,-4.0,2.42,149.19,155.92,146.16,581.57,0.0,0.974,1.02,0.997,0.362,3,1.0,0.0,56742.637
2026-08-30T15:45:43.299Z,66.43704,-146.905933,3394.69,3015.07,3460.4,249.57,233.93,-4.5,-0.36,148.39,155.07,145.17,640.6,0.0,0.999,1.024,1.015,0.106,4,1.0,0.0,56743.746
2026-08-30T15:45:44.298Z,66.436818,-146.907519,3406.33,3030.09,3471.07,249.6,233.96,-4.65,0.44,147.68,154.38,144.58,673.82,0.0,0.985,0.996,0.99,0.389,2,1.0,0.0,56744.734
2026-08-30T15:45:45.168Z,66.436628,-146.908878,3416.78,3040.61,3480.91,249.52,233.88,-4.99,1.67,146.6,153.11,143.24,722.93,0.0,1.028,1.028,1.028,,1,1.0,0.0,56745.613
2026-08-30T15:45:46.259Z,66.436385,-146.910584,3431.08,3050.89,3494.29,248.93,233.26,-4.77,1.35,145.74,152.42,142.52,762.6,0.0,0.998,1.012,1.007,0.432,4,1.0,0.0,56746.707
2026-08-30T15:45:47.260Z,66.436162,-146.912138,3443.21,3062.98,3507.42,248.28,232.62,-4.33,0.92,145.57,152.4,142.56,713.76,0.0,0.94,0.946,0.943,0.012,2,1.0,0.0,56747.703
2026-08-30T15:45:48.164Z,66.435956,-146.913531,3452.93,3072.65,3518.06,248.85,233.23,-4.12,1.05,145.49,152.27,142.4,665.44,0.0,0.963,0.971,0.968,0.319,3,1.0,0.0,56748.602
2026-08-30T15:45:49.253Z,66.435708,-146.91522,3463.41,3083.11,3529.42,248.68,233.06,-4.07,-0.35,145.17,151.97,142.12,592.07,0.0,0.949,0.971,0.957,0.677,4,1.0,0.0,56749.688
2026-08-30T15:45:50.237Z,66.435483,-146.916734,3472.21,3092.18,3538.75,248.75,233.08,-4.23,-1.33,145.13,151.98,142.17,549.55,0.0,0.945,0.951,0.948,1.153,2,1.0,0.0,56750.68
2026-08-30T15:45:51.335Z,66.435232,-146.918429,3482.53,3103.75,3548.43,248.53,232.89,-4.18,-1.4,144.87,151.67,141.76,572.5,0.0,1.021,1.04,1.031,0.916,4,1.0,0.0,56751.781
2026-08-30T15:45:52.157Z,66.435048,-146.919681,3490.35,3111.56,3556.01,248.76,233.12,-4.13,-1.56,144.55,151.39,141.5,567.49,0.0,0.983,0.983,0.983,,1,1.0,0.0,56752.598
2026-08-30T15:45:53.273Z,66.434797,-146.92139,3500.28,3121.52,3568.66,248.47,232.81,-2.38,-1.96,144.71,151.62,141.7,500.53,0.0,0.907,0.989,0.962,2.539,4,1.0,0.0,56753.723
2026-08-30T15:45:54.185Z,66.43459,-146.922802,3503.64,3129.9,3575.82,248.72,233.09,-1.86,-1.98,144.74,151.72,141.93,257.85,0.0,0.778,0.811,0.789,1.738,3,1.0,0.0,56754.641
2026-08-30T15:45:55.408Z,66.434315,-146.924694,3502.59,3128.98,3578.76,248.96,233.32,-1.46,-2.64,145.14,152.15,142.48,-2.92,0.0,0.923,0.923,0.923,,1,1.0,0.0,56755.867
2026-08-30T15:45:56.309Z,66.434114,-146.926088,3500.6,3127.02,3578.13,249.25,233.61,-2.69,-3.13,145.42,152.46,142.86,-47.21,0.0,0.975,1.056,1.015,1.142,3,1.0,0.0,56756.77
2026-08-30T15:45:57.168Z,66.433925,-146.927416,3501.17,3127.65,3577.99,249.41,233.76,-1.81,-2.47,145.76,152.8,143.07,15.44,0.0,1.061,1.061,1.061,,1,1.0,0.0,56757.625
2026-08-30T15:45:58.297Z,66.433678,-146.929179,3499.88,3081.51,3577.2,249.47,233.83,-0.26,-2.49,146.29,153.41,143.62,-121.21,0.0,0.843,0.932,0.884,0.392,4,1.0,0.0,56758.758
2026-08-30T15:45:59.258Z,66.433466,-146.930699,3493.83,3075.43,3574.94,249.81,234.17,-0.73,-2.61,146.89,154.08,144.35,-302.83,0.0,0.839,0.922,0.88,1.894,3,1.0,0.0,56759.719
2026-08-30T15:46:00.300Z,66.43324,-146.93236,3486.64,3118.88,3568.05,249.91,234.27,0.01,-2.75,147.69,154.71,144.88,-387.92,0.0,0.963,0.984,0.974,0.236,2,1.0,0.0,56760.77
2026-08-30T15:46:01.242Z,66.433037,-146.933834,3479.02,3111.24,3561.18,250.55,234.93,-0.12,-2.77,148.46,155.71,145.92,-457.47,0.0,0.934,0.965,0.948,0.768,3,1.0,0.0,56761.699
2026-08-30T15:46:02.153Z,66.43284,-146.935308,3471.12,3083.02,3554.03,250.61,234.97,-0.6,-1.77,149.17,156.34,146.73,-493.34,0.0,0.969,0.981,0.974,0.799,3,1.0,0.0,56762.609
2026-08-30T15:46:03.187Z,66.432621,-146.936958,3464.48,3076.51,3546.13,250.76,235.11,-1.55,0.32,149.77,156.92,147.3,-360.57,0.0,1.138,1.139,1.139,0.403,2,1.0,0.0,56763.629
2026-08-30T15:46:04.270Z,66.432387,-146.93873,3461.71,3069.78,3540.67,250.36,234.71,-1.44,-1.32,150.14,157.26,147.59,-203.12,0.0,1.038,1.114,1.078,1.047,4,1.0,0.0,56764.727
2026-08-30T15:46:05.489Z,66.432125,-146.940702,3459.76,3079.41,3537.16,250.69,235.05,-1.74,-1.25,150.44,157.57,147.88,-108.73,0.0,1.04,1.04,1.04,,1,1.0,0.0,56765.953
2026-08-30T15:46:06.203Z,66.431974,-146.941846,3459.34,3079.01,3535.96,250.65,235.01,-1.75,-1.29,150.61,157.73,148.01,-65.22,0.0,1.023,1.027,1.025,0.061,2,1.0,0.0,56766.676
2026-08-30T15:46:07.332Z,66.431733,-146.943686,3459.21,3088.6,3535.02,250.44,234.8,-1.46,-0.79,150.62,157.81,148.1,-28.09,0.0,1.004,1.021,1.015,0.667,4,1.0,0.0,56767.789
2026-08-30T15:46:08.174Z,66.431549,-146.945061,3458.5,3087.86,3534.56,250.91,235.3,-0.94,-0.67,151.34,158.69,149.01,-62.35,0.0,0.925,0.925,0.925,,1,1.0,0.0,56768.633
2026-08-30T15:46:09.293Z,66.431307,-146.94689,3455.16,3042.7,3532.81,250.62,234.99,-1.17,-2.05,151.84,159.05,149.4,-160.57,0.0,0.916,0.955,0.929,1.303,4,1.0,0.0,56769.758
2026-08-30T15:46:10.206Z,66.431111,-146.948406,3452.38,3039.94,3530.6,250.56,234.95,-1.25,-2.37,152.03,159.19,149.61,-159.54,0.0,1.029,1.037,1.033,0.341,3,1.0,0.0,56770.668
2026-08-30T15:46:11.261Z,66.430885,-146.950124,3450.0,3079.47,3528.37,251.04,235.41,-1.32,-2.81,152.19,159.42,149.87,-139.3,0.0,1.011,1.013,1.012,0.102,2,1.0,0.0,56771.73
2026-08-30T15:46:12.182Z,66.430689,-146.951653,3448.37,3077.87,3526.1,251.21,235.59,-1.88,-2.81,152.43,159.64,150.03,-97.53,0.0,1.013,1.041,1.026,0.718,3,1.0,0.0,56772.652
2026-08-30T15:46:13.313Z,66.430455,-146.953507,3448.49,3073.62,3524.92,251.42,235.81,-1.83,-3.31,152.55,159.73,150.09,-13.26,0.0,1.026,1.068,1.047,0.511,4,1.0,0.0,56773.781
2026-08-30T15:46:14.178Z,66.430275,-146.95495,3449.14,3074.29,3524.62,251.73,236.11,-2.07,-2.05,152.48,159.54,149.89,34.83,0.0,1.025,1.025,1.025,,1,1.0,0.0,56774.652
2026-08-30T15:46:15.288Z,66.43005,-146.956783,3451.12,3082.31,3525.69,251.89,236.26,-2.28,-1.72,152.18,159.32,149.7,89.88,0.0,1.001,1.005,1.003,0.244,2,1.0,0.0,56775.754
2026-08-30T15:46:16.219Z,66.429863,-146.958324,3453.06,3084.23,3527.25,251.48,235.85,-1.6,0.22,152.17,159.33,149.66,96.37,0.0,0.976,1.015,0.998,0.917,3,1.0,0.0,56776.695
2026-08-30T15:46:17.309Z,66.429643,-146.960121,3453.04,3081.69,3528.43,251.75,236.11,-1.33,1.38,152.22,159.49,149.89,-1.35,0.0,0.919,0.931,0.925,0.338,2,1.0,0.0,56777.785
2026-08-30T15:46:18.254Z,66.429448,-146.96169,3451.85,3080.5,3528.35,251.32,235.7,-1.4,0.7,152.89,160.14,150.51,-44.52,0.0,0.981,1.002,0.993,0.125,3,1.0,0.0,56778.734
2026-08-30T15:46:19.341Z,66.42922,-146.963493,3450.87,3080.76,3527.3,250.93,235.26,-1.75,2.27,152.95,160.06,150.52,-36.99,0.0,1.02,1.026,1.023,0.141,2,1.0,0.0,56779.82
2026-08-30T15:46:20.269Z,66.429022,-146.96503,3451.02,3080.94,3527.17,250.39,234.78,-1.98,3.62,152.7,159.91,150.31,6.85,0.0,1.031,1.033,1.032,0.172,3,1.0,0.0,56780.73
2026-08-30T15:46:21.325Z,66.42879,-146.966769,3452.31,3079.52,3527.47,250.11,234.43,-1.73,2.69,152.81,159.97,150.25,53.75,0.0,1.015,1.023,1.019,0.225,2,1.0,0.0,56781.789
2026-08-30T15:46:22.235Z,66.428585,-146.968269,3453.13,3080.32,3528.1,248.94,233.32,-1.84,3.78,152.84,160.05,150.34,49.19,0.0,0.962,0.967,0.965,0.39,3,1.0,0.0,56782.734
2026-08-30T15:46:23.194Z,66.428364,-146.969827,3454.21,3081.43,3528.85,249.42,233.78,-2.07,3.21,152.91,160.1,150.34,70.95,0.0,1.009,1.014,1.013,0.24,3,1.0,0.0,56783.672
2026-08-30T15:46:24.265Z,66.428109,-146.971583,3455.86,3081.75,3530.19,248.19,232.55,-1.69,2.51,152.85,160.02,150.22,77.3,0.0,0.991,0.998,0.995,0.143,2,1.0,0.0,56784.742
2026-08-30T15:46:25.197Z,66.427882,-146.9731,3456.13,3081.96,3531.0,248.17,232.57,-1.33,-2.03,152.92,160.13,150.35,15.36,0.0,0.942,0.942,0.942,,1,1.0,0.0,56785.668
2026-08-30T15:46:26.273Z,66.427621,-146.974846,3454.97,3089.77,3530.85,248.65,233.04,-2.15,-1.17,152.89,160.05,150.43,-30.11,0.0,0.981,1.001,0.991,0.663,2,1.0,0.0,56786.746
2026-08-30T15:46:27.204Z,66.427394,-146.97636,3455.91,3090.81,3530.71,248.61,232.97,-2.38,0.81,152.82,160.01,150.15,67.79,0.0,1.102,1.116,1.107,0.964,3,1.0,0.0,56787.668
2026-08-30T15:46:28.265Z,66.427135,-146.97809,3458.57,3088.44,3532.19,248.1,232.48,-2.11,0.84,152.66,159.84,150.14,113.11,0.0,0.986,0.993,0.99,0.246,2,1.0,0.0,56788.734
2026-08-30T15:46:29.194Z,66.426905,-146.979604,3460.48,3090.35,3533.97,248.22,232.6,-1.56,0.63,152.35,159.35,149.55,114.27,0.0,0.984,0.988,0.986,0.198,3,1.0,0.0,56789.672
2026-08-30T15:46:30.337Z,66.426623,-146.981441,3460.12,3092.29,3535.39,247.41,231.78,-1.26,-1.01,151.51,158.7,148.99,-31.36,0.0,0.833,0.875,0.854,2.417,4,1.0,0.0,56790.816
2026-08-30T15:46:31.209Z,66.426404,-146.982842,3457.99,3090.14,3534.68,247.76,232.14,-1.06,-2.03,151.74,158.94,149.21,-106.32,0.0,0.972,0.972,0.972,,1,1.0,0.0,56791.684
2026-08-30T15:46:32.142Z,66.42617,-146.98435,3455.18,3087.36,3532.81,247.88,232.25,-1.01,-2.96,152.0,159.21,149.47,-156.78,0.0,0.979,0.984,0.981,0.055,3,1.0,0.0,56792.625
2026-08-30T15:46:33.288Z,66.425888,-146.986183,3451.34,3043.87,3529.88,248.18,232.56,-0.95,-3.88,152.33,159.55,149.81,-192.4,0.0,0.989,0.992,0.99,0.028,4,1.0,0.0,56793.77
2026-08-30T15:46:34.185Z,66.425669,-146.987637,3448.07,3040.6,3527.13,248.53,232.92,-0.93,-4.62,152.57,159.78,150.04,-210.88,0.0,0.993,0.993,0.993,,1,1.0,0.0,56794.664
2026-08-30T15:46:35.346Z,66.42539,-146.989529,3443.71,3070.93,3523.13,249.08,233.45,-1.1,-2.76,152.79,159.99,150.25,-211.81,0.0,1.009,1.021,1.015,0.022,2,1.0,0.0,56795.82
2026-08-30T15:46:36.230Z,66.42518,-146.990975,3440.9,3068.13,3519.91,249.12,233.49,-1.01,-3.25,152.92,160.1,150.36,-198.48,0.0,1.006,1.006,1.006,,1,1.0,0.0,56796.711
2026-08-30T15:46:37.181Z,66.424957,-146.992527,3437.84,3035.16,3516.93,249.45,233.84,-1.1,-2.52,153.03,160.21,150.47,-196.08,0.0,0.997,0.997,0.997,0.164,3,1.0,0.0,56797.66
2026-08-30T15:46:38.303Z,66.424697,-146.994374,3434.49,3031.83,3512.93,249.67,234.05,-1.23,-2.52,153.12,160.26,150.54,-175.85,0.0,1.013,1.016,1.015,0.038,4,1.0,0.0,56798.793
2026-08-30T15:46:39.216Z,66.424489,-146.995865,3432.3,3061.19,3510.24,249.84,234.23,-1.5,0.16,153.09,160.23,150.54,-143.81,0.0,1.029,1.029,1.029,,1,1.0,0.0,56799.691
2026-08-30T15:46:40.140Z,66.424277,-146.997382,3431.0,3059.91,3508.14,249.61,233.99,-1.52,0.32,153.07,160.19,150.49,-99.54,0.0,1.022,1.036,1.029,0.213,3,1.0,0.0,56800.617
2026-08-30T15:46:41.262Z,66.424019,-146.999225,3430.0,3060.16,3506.47,249.48,233.87,-1.7,-0.04,152.97,160.08,150.38,-59.76,0.0,1.013,1.017,1.015,0.138,4,1.0,0.0,56801.738
2026-08-30T15:46:42.341Z,66.423767,-147.001007,3429.74,3059.91,3505.57,249.41,233.8,-1.79,-0.54,152.8,159.87,150.17,-21.79,0.0,1.017,1.017,1.017,0.085,2,1.0,0.0,56802.828
2026-08-30T15:46:43.286Z,66.423549,-147.002548,3429.91,3060.17,3505.33,249.39,233.78,-1.92,-0.95,152.76,159.83,150.13,4.62,0.0,1.01,1.015,1.012,0.167,3,1.0,0.0,56803.777
2026-08-30T15:46:44.182Z,66.423341,-147.004017,3430.45,3060.73,3505.47,249.5,233.89,-1.93,-1.36,152.62,159.88,150.18,34.91,0.0,1.006,1.006,1.006,,1,1.0,0.0,56804.68
2026-08-30T15:46:45.353Z,66.423071,-147.005934,3433.35,3072.1,3506.74,249.76,234.15,-2.63,-1.54,153.01,160.1,150.36,160.2,0.0,1.02,1.025,1.022,0.181,2,1.0,0.0,56805.852
2026-08-30T15:46:46.268Z,66.422864,-147.00743,3437.09,3075.79,3509.36,249.65,234.04,-2.03,-0.52,152.5,159.5,149.76,187.31,0.0,0.957,0.957,0.957,,1,1.0,0.0,56806.754
2026-08-30T15:46:47.197Z,66.422652,-147.008939,3438.93,3077.56,3512.55,249.68,234.07,-1.67,-0.51,151.99,159.0,149.29,113.26,0.0,0.922,0.924,0.923,0.176,3,1.0,0.0,56807.684
2026-08-30T15:46:48.328Z,66.422392,-147.010794,3438.62,3077.18,3514.35,249.6,233.99,-1.2,-0.61,151.56,158.59,148.88,-7.58,0.0,0.936,0.938,0.937,0.051,4,1.0,0.0,56808.824
2026-08-30T15:46:49.226Z,66.42219,-147.012245,3436.51,3075.16,3513.42,249.58,233.97,-0.8,-0.67,151.37,158.41,148.69,-116.92,0.0,0.936,0.936,0.936,,1,1.0,0.0,56809.766
2026-08-30T15:46:50.226Z,66.421963,-147.013864,3432.3,3070.9,3510.85,249.59,233.98,-0.57,-0.78,151.3,158.3,148.52,-226.13,0.0,0.937,0.945,0.941,0.124,3,1.0,0.0,56810.766
2026-08-30T15:46:51.229Z,66.421733,-147.015494,3426.81,3064.58,3506.69,249.46,233.85,-0.36,-0.95,151.18,158.24,148.42,-305.05,0.0,0.951,0.955,0.953,0.191,3,1.0,0.0,56811.703
2026-08-30T15:46:52.328Z,66.421482,-147.017276,3419.61,3057.34,3500.65,249.6,233.99,-0.14,-1.11,151.29,158.35,148.5,-378.53,0.0,0.972,0.972,0.972,0.007,2,1.0,0.0,56812.852
2026-08-30T15:46:53.316Z,66.421257,-147.018872,3412.25,3051.06,3494.22,249.59,233.99,0.05,-1.26,151.44,158.49,148.63,-434.72,0.0,0.972,0.972,0.972,0.017,3,1.0,0.0,56813.828
2026-08-30T15:46:54.250Z,66.421044,-147.020388,3404.44,3043.21,3487.24,249.66,234.05,0.24,-1.39,151.62,158.67,148.8,-486.99,0.0,0.971,0.971,0.971,,1,1.0,0.0,56814.746
2026-08-30T15:46:55.240Z,66.42082,-147.021995,3395.34,3034.25,3479.01,249.72,234.11,0.43,-1.55,151.81,158.85,149.03,-541.31,0.0,0.972,0.972,0.972,,1,1.0,0.0,56815.75
2026-08-30T15:46:56.211Z,66.4206,-147.023573,3385.6,3024.49,3470.15,249.8,234.19,0.56,-1.7,152.06,159.11,149.3,-589.12,0.0,0.975,0.977,0.976,0.032,3,1.0,0.0,56816.719
2026-08-30T15:46:57.335Z,66.420347,-147.025404,3373.5,3011.93,3458.94,249.82,234.2,1.0,-1.28,152.46,159.51,149.65,-646.43,0.0,0.972,0.976,0.974,0.183,2,1.0,0.0,56817.852
2026-08-30T15:46:58.323Z,66.420124,-147.027019,3361.43,2999.91,3448.33,249.91,234.31,0.8,-0.95,152.8,159.86,150.04,-712.33,0.0,0.943,0.969,0.954,0.772,3,1.0,0.0,56818.832
2026-08-30T15:46:59.272Z,66.419909,-147.028585,3349.9,2988.24,3437.89,250.21,234.63,0.23,-1.84,153.14,160.14,150.39,-696.8,0.0,1.036,1.036,1.036,,1,1.0,0.0,56819.793
2026-08-30T15:47:00.236Z,66.419693,-147.030153,3340.48,2978.86,3427.57,250.2,234.59,0.12,-2.93,153.38,160.38,150.56,-599.5,0.0,1.079,1.093,1.088,0.88,3,1.0,0.0,56820.746
2026-08-30T15:47:01.191Z,66.41948,-147.031733,3331.73,2970.0,3418.27,250.23,234.63,1.19,-3.74,153.48,160.36,150.39,-604.83,0.0,0.938,1.002,0.971,1.05,3,1.0,0.0,56821.711
2026-08-30T15:47:02.347Z,66.419228,-147.033631,3317.17,2955.5,3404.45,251.09,235.5,-0.26,-2.64,153.51,160.49,150.83,-696.94,0.0,0.91,0.994,0.953,1.727,2,1.0,0.0,56822.867
2026-08-30T15:47:03.349Z,66.419012,-147.035296,3307.8,2937.33,3393.0,251.0,235.38,-0.01,-2.89,153.65,160.54,150.95,-575.91,0.0,1.088,1.156,1.125,1.357,3,1.0,0.0,56823.871
2026-08-30T15:47:04.323Z,66.418806,-147.036932,3299.92,2929.48,3383.7,251.21,235.62,-0.35,-2.67,153.66,160.53,150.99,-503.21,0.0,1.031,1.031,1.031,,1,1.0,0.0,56824.844
2026-08-30T15:47:05.354Z,66.418588,-147.038634,3292.84,2923.79,3375.33,251.45,235.83,-0.7,0.94,153.56,160.41,150.88,-421.09,0.0,1.048,1.048,1.048,,1,1.0,0.0,56825.875
2026-08-30T15:47:06.316Z,66.418386,-147.040237,3287.42,2918.39,3368.71,250.98,235.36,-0.26,0.48,153.5,160.33,150.74,-374.64,0.0,0.998,0.998,0.998,,1,1.0,0.0,56826.84
2026-08-30T15:47:07.319Z,66.418174,-147.041894,3280.94,2908.66,3362.39,250.95,235.34,0.02,1.79,153.55,160.39,150.67,-403.59,0.0,0.961,0.965,0.963,0.221,3,1.0,0.0,56827.828
2026-08-30T15:47:08.301Z,66.417963,-147.043528,3273.09,2900.75,3354.78,250.59,234.97,0.64,1.32,153.65,160.47,150.7,-484.94,0.0,0.924,0.958,0.945,0.869,3,1.0,0.0,56828.809
2026-08-30T15:47:09.236Z,66.41776,-147.045068,3264.19,2893.39,3347.15,250.02,234.39,0.32,0.86,153.12,159.84,150.06,-527.01,0.0,0.961,0.961,0.961,,1,1.0,0.0,56829.738
2026-08-30T15:47:10.198Z,66.417546,-147.046653,3255.56,2884.76,3338.97,249.95,234.37,0.32,1.19,153.21,160.0,150.19,-533.61,0.0,0.986,0.999,0.994,0.239,3,1.0,0.0,56830.699
2026-08-30T15:47:11.161Z,66.41733,-147.048229,3246.75,2871.73,3330.59,249.8,234.2,0.34,0.56,153.34,160.09,150.33,-550.4,0.0,0.985,0.988,0.986,0.081,3,1.0,0.0,56831.66
2026-08-30T15:47:12.263Z,66.417079,-147.050041,3236.37,2861.34,3320.64,249.57,233.97,0.4,0.67,153.51,160.24,150.49,-561.49,0.0,0.999,1.0,1.0,0.037,2,1.0,0.0,56832.762
2026-08-30T15:47:13.216Z,66.416859,-147.051612,3227.28,2860.23,3311.55,249.44,233.83,0.2,1.16,153.62,160.35,150.62,-561.83,0.0,0.996,1.009,1.003,0.129,3,1.0,0.0,56833.723
2026-08-30T15:47:14.353Z,66.416596,-147.053467,3217.05,2850.01,3299.84,249.08,233.48,0.09,0.43,153.68,160.37,150.72,-541.16,0.0,1.014,1.015,1.014,0.062,2,1.0,0.0,56834.863
2026-08-30T15:47:15.349Z,66.416362,-147.055094,3208.56,2845.71,3290.68,248.92,233.33,-0.0,-0.27,153.77,160.44,150.78,-516.01,0.0,1.016,1.016,1.016,,1,1.0,0.0,56835.852
2026-08-30T15:47:16.272Z,66.416141,-147.056626,3200.94,2838.11,3283.09,248.99,233.4,-0.11,-0.42,153.58,160.13,150.45,-498.07,0.0,1.027,1.027,1.027,,1,1.0,0.0,56836.781
2026-08-30T15:47:17.245Z,66.415915,-147.058202,3192.91,2823.9,3275.8,248.84,233.25,0.52,-0.12,153.37,159.98,150.25,-523.04,0.0,0.966,1.025,0.995,0.505,3,1.0,0.0,56837.734
2026-08-30T15:47:18.199Z,66.415691,-147.059762,3183.54,2814.52,3267.53,248.8,233.19,0.37,-0.7,153.49,160.21,150.55,-564.04,0.0,0.965,0.984,0.975,0.348,3,1.0,0.0,56838.699
2026-08-30T15:47:19.289Z,66.415432,-147.061559,3173.1,2799.52,3257.64,248.28,232.66,0.15,0.02,153.64,160.12,150.52,-562.92,0.0,0.976,0.981,0.978,0.308,2,1.0,0.0,56839.793
2026-08-30T15:47:20.241Z,66.415206,-147.063101,3164.94,2791.39,3248.95,248.61,233.04,0.34,0.42,153.46,160.0,150.35,-531.63,0.0,1.004,1.025,1.017,0.848,3,1.0,0.0,56840.73
2026-08-30T15:47:21.330Z,66.414946,-147.06487,3155.01,2787.41,3239.07,249.23,233.63,0.35,-0.4,152.91,159.23,149.62,-555.44,0.0,0.945,0.954,0.949,0.137,2,1.0,0.0,56841.816
2026-08-30T15:47:22.272Z,66.414722,-147.066401,3145.85,2775.63,3230.25,249.27,233.68,1.29,-0.21,152.15,158.47,148.84,-600.6,0.0,0.917,0.969,0.949,2.041,3,1.0,0.0,56842.77
2026-08-30T15:47:23.192Z,66.414505,-147.067892,3134.03,2763.68,3220.46,249.12,233.5,0.71,1.2,152.06,158.48,148.8,-730.9,0.0,0.895,0.895,0.895,,1,1.0,0.0,56843.691
2026-08-30T15:47:24.147Z,66.414279,-147.069434,3121.19,2750.85,3208.71,248.35,232.77,2.56,3.22,152.12,158.5,148.53,-816.26,0.0,0.994,1.048,1.027,2.504,3,1.0,0.0,56844.652
2026-08-30T15:47:25.174Z,66.414034,-147.071074,3102.12,2728.01,3193.16,248.18,232.55,2.12,2.86,151.43,157.48,148.19,-1079.54,0.0,0.825,0.825,0.825,,1,1.0,0.0,56845.828
2026-08-30T15:47:26.371Z,66.413738,-147.072993,3080.22,2695.71,3173.27,247.5,231.9,1.51,0.97,150.57,156.72,147.91,-1020.77,0.0,1.097,1.097,1.097,,1,1.0,0.0,56846.883
2026-08-30T15:47:27.341Z,66.413495,-147.074537,3065.0,2680.53,3156.74,247.47,231.88,1.23,0.21,150.19,156.26,147.49,-959.14,0.0,1.001,1.01,1.004,0.497,3,1.0,0.0,56847.848
2026-08-30T15:47:28.274Z,66.413262,-147.076012,3051.72,2667.31,3141.49,247.38,231.79,0.57,-0.56,149.72,155.73,147.01,-858.0,0.0,1.052,1.052,1.052,,1,1.0,0.0,56848.777
2026-08-30T15:47:29.264Z,66.413016,-147.07757,3039.94,2655.58,3127.6,247.37,231.77,0.18,-0.86,149.1,155.04,146.37,-742.46,0.0,1.015,1.04,1.026,0.903,3,1.0,0.0,56849.773
2026-08-30T15:47:30.230Z,66.412776,-147.079092,3029.81,2603.61,3116.15,246.73,231.17,0.4,-1.33,148.67,154.68,146.01,-675.56,0.0,0.977,1.024,1.001,0.429,3,1.0,0.0,56850.73
2026-08-30T15:47:31.336Z,66.412502,-147.080826,3018.6,2592.42,3104.75,247.87,232.24,-0.09,-2.71,147.77,153.57,144.98,-600.12,0.0,1.025,1.025,1.025,0.213,2,1.0,0.0,56851.844
2026-08-30T15:47:32.298Z,66.412269,-147.08232,3010.45,2629.74,3094.86,247.55,231.98,-0.32,-3.12,147.0,152.76,144.23,-530.09,0.0,1.007,1.013,1.01,0.127,3,1.0,0.0,56852.793
2026-08-30T15:47:33.219Z,66.412047,-147.083762,3003.39,2622.71,3086.65,248.14,232.56,-0.53,-2.63,146.26,151.95,143.47,-476.63,0.0,0.995,0.995,0.995,,1,1.0,0.0,56853.715
2026-08-30T15:47:34.172Z,66.411825,-147.085232,2997.09,2625.24,3079.29,248.3,232.7,-0.96,-1.55,145.39,151.06,142.63,-401.83,0.0,1.006,1.03,1.019,0.185,3,1.0,0.0,56854.66
2026-08-30T15:47:35.334Z,66.411556,-147.087027,2990.86,2619.01,3071.84,248.3,232.71,-0.73,-1.58,144.34,149.91,141.49,-353.46,0.0,0.961,0.972,0.967,0.019,2,1.0,0.0,56855.816
2026-08-30T15:47:36.225Z,66.411353,-147.088386,2985.4,2623.68,3066.5,248.11,232.48,-0.33,-1.06,143.31,148.8,140.57,-381.52,0.0,0.94,0.94,0.94,,1,1.0,0.0,56856.707
2026-08-30T15:47:37.171Z,66.411137,-147.089834,2978.85,2617.17,3060.39,247.74,232.16,-1.63,-0.86,142.74,148.34,140.23,-366.77,0.0,0.954,1.048,1.0,1.396,3,1.0,0.0,56857.648
2026-08-30T15:47:38.312Z,66.41088,-147.091546,2974.02,2613.02,3054.09,248.04,232.44,-0.71,-1.38,141.98,147.47,139.26,-298.05,0.0,0.958,1.073,1.018,1.56,4,1.0,0.0,56858.785
2026-08-30T15:47:39.185Z,66.410682,-147.09287,2969.12,2608.07,3049.6,248.0,232.44,-0.56,-1.64,141.34,146.85,138.63,-338.81,0.0,0.921,0.921,0.921,,1,1.0,0.0,56859.664
2026-08-30T15:47:40.320Z,66.410429,-147.094563,2961.31,2601.03,3041.26,248.35,232.79,-1.15,-1.0,140.65,146.1,137.96,-391.42,0.0,0.922,0.959,0.934,1.41,4,1.0,0.0,56860.773
2026-08-30T15:47:41.153Z,66.410243,-147.095821,2956.4,2596.18,3035.4,248.31,232.72,-1.32,-0.07,140.17,145.61,137.38,-342.64,0.0,1.035,1.035,1.035,,1,1.0,0.0,56861.602
2026-08-30T15:47:42.263Z,66.409999,-147.097467,2951.46,2591.37,3029.39,248.07,232.49,-1.31,0.85,139.27,144.53,136.29,-272.89,0.0,0.989,1.006,0.996,0.827,4,1.0,0.0,56862.699
2026-08-30T15:47:43.159Z,66.409804,-147.098778,2949.84,2589.87,3025.96,247.98,232.4,-2.54,1.33,137.91,142.97,134.65,-96.13,0.0,1.068,1.124,1.097,0.732,3,1.0,0.0,56863.652
2026-08-30T15:47:44.254Z,66.409563,-147.100357,2955.26,2595.11,3025.33,247.61,232.03,-3.34,0.24,135.71,140.6,132.02,259.14,0.0,1.18,1.199,1.19,0.724,2,1.0,0.0,56864.727
2026-08-30T15:47:45.189Z,66.40936,-147.101691,2963.37,2603.22,3030.35,247.41,231.84,-3.27,-1.41,133.52,138.39,129.81,412.11,0.0,0.979,0.979,0.979,,1,1.0,0.0,56865.664
2026-08-30T15:47:46.266Z,66.409131,-147.103191,2971.73,2612.09,3039.67,247.51,231.94,-1.75,-1.68,131.31,136.16,127.65,395.52,0.0,0.871,0.911,0.891,0.596,2,1.0,0.0,56866.75
2026-08-30T15:47:47.217Z,66.408933,-147.104489,2974.7,2614.93,3045.53,247.73,232.17,-2.23,-1.38,129.66,134.53,126.16,226.0,0.0,0.801,0.835,0.814,2.225,3,1.0,0.0,56867.691
2026-08-30T15:47:48.290Z,66.40871,-147.105967,2976.16,2616.37,3049.27,247.52,231.93,-0.1,2.89,128.19,133.03,124.6,66.83,0.0,0.837,0.898,0.868,0.721,2,1.0,0.0,56868.785
2026-08-30T15:47:49.231Z,66.408519,-147.107214,2973.07,2613.2,3049.56,247.16,231.57,-0.15,5.3,127.27,132.19,123.64,-121.7,0.0,0.815,0.898,0.858,0.892,3,1.0,0.0,56869.719
2026-08-30T15:47:50.345Z,66.408283,-147.108689,2966.21,2611.31,3046.19,246.1,230.5,1.83,6.78,126.52,131.42,122.77,-379.6,0.0,0.805,0.827,0.816,0.012,2,1.0,0.0,56870.84
2026-08-30T15:47:51.296Z,66.408076,-147.109933,2955.54,2600.58,3038.15,245.23,229.63,0.62,6.05,125.97,130.81,122.25,-565.44,0.0,0.827,0.94,0.882,1.779,3,1.0,0.0,56871.789
2026-08-30T15:47:52.212Z,66.407869,-147.111121,2946.33,2589.53,3027.84,244.41,228.81,0.66,5.07,125.42,130.19,121.52,-563.08,0.0,1.037,1.037,1.037,,1,1.0,0.0,56872.699
2026-08-30T15:47:53.154Z,66.407652,-147.112324,2937.81,2581.02,3019.14,243.6,228.01,0.18,4.06,124.74,129.68,121.0,-542.02,0.0,0.989,1.0,0.994,0.41,3,1.0,0.0,56873.637
2026-08-30T15:47:54.296Z,66.407379,-147.113768,2928.25,2570.37,3010.34,242.88,227.28,0.18,2.27,124.28,128.96,120.29,-506.0,0.0,1.001,1.024,1.015,0.559,4,1.0,0.0,56874.785
2026-08-30T15:47:55.633Z,66.407057,-147.115427,2917.8,2559.94,3000.34,242.72,227.16,0.47,0.56,123.02,127.58,118.89,-480.45,0.0,0.963,0.963,0.963,,1,1.0,0.0,56876.137
2026-08-30T15:47:56.203Z,66.406919,-147.11613,2913.19,2555.32,2996.0,242.69,227.1,0.12,0.18,121.73,125.95,117.1,-485.0,0.0,0.926,0.926,0.926,,1,1.0,0.0,56876.684
2026-08-30T15:47:57.332Z,66.406646,-147.117492,2904.5,2546.66,2987.16,242.31,226.73,-0.24,-1.37,119.6,124.09,115.55,-453.85,0.0,0.969,0.984,0.977,0.162,4,1.0,0.0,56877.816
2026-08-30T15:47:58.226Z,66.406432,-147.118562,2898.02,2540.86,2980.4,242.34,226.77,0.1,-2.17,118.86,123.15,114.64,-450.58,0.0,0.949,0.949,0.949,,1,1.0,0.0,56878.715
2026-08-30T15:47:59.162Z,66.406212,-147.11967,2890.55,2533.35,2973.26,241.95,226.38,0.34,-2.38,117.87,122.08,113.57,-488.26,0.0,0.902,0.919,0.91,0.208,3,1.0,0.0,56879.656
2026-08-30T15:48:00.327Z,66.405942,-147.121043,2879.97,2523.13,2963.59,243.15,227.61,0.78,-3.41,116.6,120.94,112.41,-536.88,0.0,0.907,0.926,0.919,0.513,4,1.0,0.0,56880.812
2026-08-30T15:48:01.237Z,66.405739,-147.122105,2870.47,2513.58,2955.2,243.68,228.11,0.71,-2.82,116.27,120.63,112.23,-613.73,0.0,0.91,0.91,0.91,,1,1.0,0.0,56881.727
2026-08-30T15:48:02.199Z,66.405527,-147.123236,2859.73,2503.11,2945.11,243.66,228.09,0.2,-2.48,115.61,120.12,111.76,-636.62,0.0,0.958,0.989,0.975,0.29,3,1.0,0.0,56882.691
2026-08-30T15:48:03.338Z,66.405284,-147.124564,2847.58,2491.0,2932.76,243.93,228.37,0.95,-0.96,115.85,120.33,111.95,-657.93,0.0,0.948,0.999,0.973,0.448,4,1.0,0.0,56883.82
2026-08-30T15:48:04.223Z,66.405093,-147.125617,2836.74,2480.12,2922.7,243.68,228.06,1.3,-1.11,116.32,120.76,112.47,-717.03,0.0,0.957,0.957,0.957,,1,1.0,0.0,56884.715
2026-08-30T15:48:05.180Z,66.404888,-147.126748,2824.38,2467.73,2911.4,242.97,227.45,1.43,0.28,116.83,121.24,112.87,-759.06,0.0,0.946,0.946,0.946,,1,1.0,0.0,56885.668
2026-08-30T15:48:06.340Z,66.404638,-147.128113,2808.84,2452.17,2897.15,243.9,228.3,1.54,-0.48,117.09,121.46,113.1,-801.25,0.0,0.949,0.954,0.952,0.05,4,1.0,0.0,56886.824
2026-08-30T15:48:07.231Z,66.404441,-147.12918,2796.25,2439.61,2883.99,243.83,228.28,1.85,1.45,117.52,122.02,113.66,-828.95,0.0,0.985,0.985,0.985,,1,1.0,0.0,56887.727
2026-08-30T15:48:08.169Z,66.404235,-147.130297,2781.9,2424.95,2870.31,244.7,229.11,2.59,1.66,118.02,122.37,114.0,-928.2,0.0,0.883,0.923,0.898,0.543,3,1.0,0.0,56888.672
2026-08-30T15:48:09.320Z,66.40398,-147.131674,2762.49,2406.45,2852.88,242.7,227.12,1.31,1.4,118.18,122.47,114.27,-950.92,0.0,0.952,1.058,1.009,0.833,4,1.0,0.0,56889.809
2026-08-30T15:48:10.222Z,66.403779,-147.132738,2749.57,2393.51,2839.37,242.71,227.15,1.15,0.93,118.39,122.61,114.46,-883.36,0.0,1.049,1.049,1.049,,1,1.0,0.0,56890.695
2026-08-30T15:48:11.128Z,66.40357,-147.133828,2737.21,2381.09,2826.06,242.66,227.09,1.0,0.79,118.09,122.23,114.09,-833.99,0.0,1.04,1.044,1.043,0.193,3,1.0,0.0,56891.602
2026-08-30T15:48:12.275Z,66.403308,-147.135178,2722.48,2366.37,2810.43,242.15,226.59,0.39,0.55,118.01,122.13,114.2,-774.81,0.0,1.022,1.033,1.027,0.597,4,1.0,0.0,56892.738
2026-08-30T15:48:13.331Z,66.40306,-147.136441,2710.91,2353.81,2798.82,242.3,226.75,-0.41,-0.67,117.82,121.87,114.05,-657.26,0.0,1.074,1.075,1.074,0.049,2,1.0,0.0,56893.805
2026-08-30T15:48:14.257Z,66.402846,-147.137533,2703.15,2346.13,2789.73,242.59,227.03,-1.27,0.29,117.47,121.47,113.74,-529.11,0.0,1.078,1.084,1.08,0.279,3,1.0,0.0,56894.734
2026-08-30T15:48:15.590Z,66.402537,-147.139097,2695.71,2337.8,2777.75,242.25,226.67,-1.52,3.22,116.73,120.66,112.89,-349.14,0.0,1.05,1.05,1.05,,1,1.0,0.0,56896.215
2026-08-30T15:48:16.281Z,66.402376,-147.139902,2692.71,2334.83,2773.46,241.66,226.08,-1.68,4.83,116.41,120.4,112.67,-292.25,0.0,1.024,1.024,1.024,,1,1.0,0.0,56896.859
2026-08-30T15:48:17.278Z,66.402139,-147.141052,2689.27,2332.3,2768.59,240.82,225.22,-1.86,4.59,115.99,119.87,112.08,-225.97,0.0,1.03,1.03,1.03,,1,1.0,0.0,56897.762
2026-08-30T15:48:18.237Z,66.401906,-147.142151,2686.38,2329.4,2765.03,239.89,224.34,-1.79,3.82,115.13,118.7,111.45,-206.89,0.0,0.986,1.004,0.994,0.133,3,1.0,0.0,56898.723
2026-08-30T15:48:19.184Z,66.40167,-147.143221,2683.48,2327.24,2761.83,239.85,224.26,-1.61,2.37,114.09,117.78,110.75,-187.46,0.0,1.013,1.026,1.018,0.961,3,1.0,0.0,56899.656
2026-08-30T15:48:20.252Z,66.401404,-147.144408,2679.07,2322.73,2758.19,238.96,223.38,-0.5,1.43,113.28,117.04,109.99,-276.52,0.0,0.895,0.907,0.901,0.195,2,1.0,0.0,56900.73
2026-08-30T15:48:21.195Z,66.401167,-147.14545,2672.31,2316.05,2753.39,238.53,222.91,-0.05,0.65,113.18,116.97,109.88,-398.55,0.0,0.908,0.924,0.916,0.067,3,1.0,0.0,56901.664
2026-08-30T15:48:22.263Z,66.400896,-147.146626,2662.65,2306.36,2746.48,236.89,221.34,-0.9,1.08,113.02,116.81,109.81,-490.59,0.0,0.962,0.999,0.981,0.456,2,1.0,0.0,56902.742
2026-08-30T15:48:23.203Z,66.400654,-147.14765,2655.33,2298.69,2739.99,236.39,220.83,-1.48,1.27,112.95,116.69,109.64,-447.46,0.0,1.048,1.062,1.055,0.091,3,1.0,0.0,56903.68
2026-08-30T15:48:24.283Z,66.400371,-147.148826,2648.57,2291.93,2731.2,236.12,220.54,-0.78,0.5,113.17,116.93,109.83,-405.98,0.0,0.99,1.009,1.0,0.194,2,1.0,0.0,56904.754
2026-08-30T15:48:25.204Z,66.400127,-147.149825,2642.13,2285.97,2724.4,235.59,220.02,-0.96,-0.28,112.96,116.64,109.63,-418.13,0.0,0.982,0.982,0.982,,1,1.0,0.0,56905.676
2026-08-30T15:48:26.272Z,66.399846,-147.150961,2634.58,2278.42,2716.77,235.6,220.08,-1.03,0.56,112.71,116.4,109.44,-426.23,0.0,0.988,0.991,0.989,0.152,2,1.0,0.0,56906.738
2026-08-30T15:48:27.210Z,66.399592,-147.151967,2627.99,2271.38,2709.97,235.51,219.92,-0.29,2.14,112.69,116.4,109.28,-424.28,0.0,1.001,1.011,1.006,0.715,3,1.0,0.0,56907.688
2026-08-30T15:48:28.137Z,66.399338,-147.152959,2619.99,2263.31,2703.08,234.64,219.08,0.64,2.5,112.73,116.46,109.29,-528.59,0.0,0.877,0.922,0.898,0.23,3,1.0,0.0,56908.617
2026-08-30T15:48:29.214Z,66.39904,-147.154094,2607.65,2251.45,2692.95,234.79,219.23,1.52,2.34,113.15,116.92,109.56,-664.29,0.0,0.937,0.938,0.938,0.322,2,1.0,0.0,56909.684
2026-08-30T15:48:30.141Z,66.398777,-147.155073,2594.21,2237.82,2681.12,,218.32,1.58,1.13,113.6,117.32,110.09,-857.47,0.0,0.863,0.892,0.877,0.701,3,1.0,0.0,56910.77
2026-08-30T15:48:31.159Z,66.398484,-147.156142,2578.16,2220.74,2666.41,233.29,217.73,0.96,-0.05,114.03,117.78,110.58,-872.37,0.0,1.068,1.068,1.068,,1,1.0,0.0,56911.617
2026-08-30T15:48:32.267Z,66.398162,-147.1573,2562.15,2200.26,2650.86,233.25,217.69,2.22,-0.09,114.5,118.19,111.04,-901.06,0.0,0.935,1.027,0.977,0.525,4,1.0,0.0,56912.711
2026-08-30T15:48:33.170Z,66.397896,-147.15825,2547.08,2185.09,2637.34,232.92,217.35,2.45,0.12,114.96,118.69,111.56,-979.67,0.0,0.944,0.944,0.944,,1,1.0,0.0,56913.641
2026-08-30T15:48:34.317Z,66.397556,-147.159457,2526.29,2158.02,2617.29,232.6,217.05,2.49,-0.53,115.74,119.43,112.26,-1073.05,0.0,0.949,0.952,0.951,0.132,4,1.0,0.0,56914.793
2026-08-30T15:48:35.600Z,66.397169,-147.16081,2503.66,2135.6,2594.37,232.91,217.35,1.11,-3.12,116.33,119.98,112.97,-1010.19,0.0,1.087,1.087,1.087,,1,1.0,0.0,56916.074
2026-08-30T15:48:36.337Z,66.396944,-147.161598,2492.74,2091.17,2582.65,233.19,217.65,0.86,-3.5,116.55,120.11,113.15,-925.8,0.0,1.066,1.075,1.071,0.133,2,1.0,0.0,56916.816
2026-08-30T15:48:37.221Z,66.396678,-147.162548,2480.89,2079.23,2569.47,233.76,218.22,-0.26,-3.19,116.47,119.95,113.24,-821.01,0.0,1.048,1.048,1.048,,1,1.0,0.0,56917.711
2026-08-30T15:48:38.169Z,66.396395,-147.163568,2470.92,2098.07,2557.41,234.11,218.54,0.16,-2.32,116.35,119.78,113.06,-674.48,0.0,1.084,1.113,1.103,1.499,3,1.0,0.0,56918.648
2026-08-30T15:48:39.310Z,66.396059,-147.164794,2460.06,2087.22,2544.14,234.13,218.59,-0.69,-3.25,115.96,119.32,112.77,-591.39,0.0,0.99,1.032,1.01,0.718,4,1.0,0.0,56919.781
2026-08-30T15:48:40.183Z,66.395803,-147.16574,2452.82,2039.57,2532.27,234.51,218.98,-0.74,-2.95,115.7,119.0,112.41,-518.12,0.0,1.036,1.036,1.036,,1,1.0,0.0,56920.668
2026-08-30T15:48:41.323Z,66.395475,-147.166967,2444.08,2030.81,2520.66,234.64,219.11,-0.42,-2.77,115.09,118.29,111.52,-486.16,0.0,0.983,1.008,0.992,0.298,4,1.0,0.0,56921.801
2026-08-30T15:48:42.208Z,66.395225,-147.167913,2436.62,2026.46,2511.48,234.96,219.43,0.09,-2.99,114.74,117.9,111.11,-520.68,0.0,0.946,0.946,0.946,,1,1.0,0.0,56922.676
2026-08-30T15:48:43.337Z,66.394907,-147.169123,2425.66,2015.51,2500.16,235.87,220.35,-0.58,-2.73,114.17,117.28,110.65,-556.03,0.0,0.953,1.009,0.98,0.685,4,1.0,0.0,56923.801
2026-08-30T15:48:44.209Z,66.394664,-147.170061,2417.79,2047.37,2492.33,236.36,220.82,-0.58,-2.57,113.69,116.77,110.24,-539.56,0.0,1.015,1.015,1.015,,1,1.0,0.0,56924.68
2026-08-30T15:48:45.345Z,66.394357,-147.171267,2407.64,2037.19,2482.32,236.61,221.06,0.05,-1.07,112.82,115.88,109.33,-554.96,0.0,0.981,0.993,0.987,0.446,2,1.0,0.0,56925.805
2026-08-30T15:48:46.258Z,66.394108,-147.172249,2398.33,2026.5,2473.91,236.41,220.86,0.1,-0.97,112.48,115.56,109.02,-597.55,0.0,0.95,0.964,0.956,0.406,3,1.0,0.0,56926.727
2026-08-30T15:48:47.316Z,66.393823,-147.173375,2386.98,2015.15,2463.3,236.46,220.92,0.38,-1.13,112.28,115.32,108.73,-635.14,0.0,0.977,0.98,0.979,0.076,2,1.0,0.0,56927.777
2026-08-30T15:48:48.224Z,66.393579,-147.174341,2376.62,2008.58,2453.33,236.61,221.07,0.53,-1.51,112.08,115.1,108.54,-674.93,0.0,0.968,0.97,0.969,0.055,3,1.0,0.0,56928.68
2026-08-30T15:48:49.348Z,66.393282,-147.175533,2362.91,1994.85,2440.34,236.8,221.25,0.78,-0.76,111.92,114.94,108.38,-725.49,0.0,0.97,0.972,0.972,0.059,4,1.0,0.0,56929.809
2026-08-30T15:48:50.204Z,66.393055,-147.176434,2351.88,1981.12,2429.86,236.79,221.24,0.92,-0.38,111.89,114.87,108.33,-765.48,0.0,0.97,0.97,0.97,,1,1.0,0.0,56930.652
2026-08-30T15:48:51.313Z,66.39276,-147.177618,2336.47,1965.87,2415.33,236.65,221.1,0.86,0.2,111.98,114.92,108.39,-814.24,0.0,0.977,1.002,0.99,0.166,4,1.0,0.0,56931.77
2026-08-30T15:48:52.220Z,66.392518,-147.178588,2323.72,1952.72,2403.0,236.69,221.14,1.23,-0.22,112.01,114.94,108.39,-833.03,0.0,0.987,1.005,0.996,0.253,3,1.0,0.0,56932.688
2026-08-30T15:48:53.272Z,66.392238,-147.179706,2308.43,1939.87,2388.34,236.52,220.97,1.39,-0.73,112.13,115.07,108.47,-864.22,0.0,0.977,0.98,0.978,0.038,2,1.0,0.0,56933.746
2026-08-30T15:48:54.195Z,66.391992,-147.180685,2294.64,1923.27,2376.52,236.55,221.0,1.52,-1.32,112.29,115.17,108.56,-891.2,0.0,0.978,0.981,0.98,0.094,3,1.0,0.0,56934.672
2026-08-30T15:48:55.327Z,66.391694,-147.181877,2277.67,1905.83,2358.67,236.71,221.17,1.21,-2.21,112.11,114.8,108.38,-880.38,0.0,1.014,1.031,1.022,0.332,2,1.0,0.0,56935.805
2026-08-30T15:48:56.208Z,66.391461,-147.182816,2266.38,1894.61,2345.61,237.06,221.53,0.35,-2.62,111.32,113.89,107.53,-758.82,0.0,1.121,1.121,1.121,,1,1.0,0.0,56936.68
2026-08-30T15:48:57.343Z,66.39117,-147.184013,2257.12,1886.0,2332.38,237.51,221.97,-0.07,-1.42,109.35,111.62,105.29,-512.24,0.0,1.122,1.142,1.135,0.751,4,1.0,0.0,56937.809
2026-08-30T15:48:58.211Z,66.390953,-147.184915,2253.18,1883.15,2325.45,237.73,222.19,-0.56,-1.63,106.73,108.75,102.37,-333.36,0.0,1.107,1.107,1.107,,1,1.0,0.0,56938.672
2026-08-30T15:48:59.320Z,66.390686,-147.186035,2250.03,1883.0,2319.97,237.46,221.91,0.37,-0.86,103.57,105.47,99.2,-245.02,0.0,0.956,1.053,0.999,0.492,4,1.0,0.0,56939.789
2026-08-30T15:49:00.242Z,66.390471,-147.186941,2245.33,1883.59,2315.99,237.52,221.98,0.39,-0.74,100.82,102.77,97.05,-317.35,0.0,0.89,0.918,0.901,0.647,3,1.0,0.0,56940.703
2026-08-30T15:49:01.300Z,66.390233,-147.187948,2239.28,1875.57,2310.39,237.65,222.1,0.45,-1.52,98.53,100.42,94.68,-321.75,0.0,1.025,1.05,1.038,0.869,2,1.0,0.0,56941.754
2026-08-30T15:49:02.221Z,66.390029,-147.188818,2233.42,1860.27,2305.23,237.73,222.2,0.68,-2.92,96.64,98.63,92.97,-383.28,0.0,0.933,0.944,0.938,0.529,3,1.0,0.0,56942.68
2026-08-30T15:49:03.320Z,66.389792,-147.18984,2223.7,1849.26,2297.26,238.43,222.89,1.0,-4.27,95.25,97.2,91.67,-518.68,0.0,0.923,0.943,0.934,0.619,4,1.0,0.0,56943.785
2026-08-30T15:49:04.177Z,66.389616,-147.190622,2215.4,1791.18,2289.38,239.01,223.48,0.12,-4.53,94.02,95.95,90.38,-527.42,0.0,1.05,1.05,1.05,,1,1.0,0.0,56944.637
2026-08-30T15:49:05.289Z,66.389394,-147.191643,2205.97,1783.17,2279.99,239.26,223.73,1.45,-6.02,92.32,94.26,88.77,-546.05,0.0,0.905,0.93,0.917,0.174,2,1.0,0.0,56945.754
2026-08-30T15:49:06.211Z,66.389218,-147.192469,2196.1,1782.75,2271.5,240.38,224.88,0.6,-6.04,91.35,93.29,87.93,-606.85,0.0,0.919,0.978,0.949,0.794,3,1.0,0.0,56946.676
2026-08-30T15:49:07.277Z,66.389022,-147.19344,2185.27,1816.01,2261.0,241.83,226.32,0.67,-5.85,90.4,92.32,87.0,-596.45,0.0,1.01,1.019,1.015,0.211,2,1.0,0.0,56947.75
2026-08-30T15:49:08.216Z,66.388862,-147.194282,2176.23,1808.89,2251.12,242.86,227.35,0.72,-4.65,89.55,91.4,86.02,-589.61,0.0,0.972,0.984,0.978,0.335,3,1.0,0.0,56948.68
2026-08-30T15:49:09.274Z,66.388687,-147.195241,2165.76,1795.75,2240.19,243.83,228.3,0.65,-3.51,88.36,90.24,84.95,-587.3,0.0,0.99,0.991,0.99,0.392,2,1.0,0.0,56949.742
2026-08-30T15:49:10.191Z,66.388543,-147.196062,2156.5,1781.7,2230.66,244.01,228.48,1.34,-2.93,87.84,89.72,84.43,-619.1,0.0,0.93,0.955,0.942,0.172,3,1.0,0.0,56950.648
2026-08-30T15:49:11.300Z,66.388373,-147.197051,2143.55,1771.1,2219.54,244.45,228.92,1.63,-2.51,87.44,89.29,84.03,-696.48,0.0,0.925,0.927,0.926,0.103,4,1.0,0.0,56951.77
2026-08-30T15:49:12.158Z,66.388243,-147.197827,2132.55,1757.93,2209.83,244.8,229.27,1.44,-2.78,87.18,89.03,83.79,-733.08,0.0,0.966,0.966,0.966,,1,1.0,0.0,56952.633
2026-08-30T15:49:13.283Z,66.388079,-147.198825,2118.5,1748.97,2196.26,245.16,229.63,1.56,-2.93,86.94,88.79,83.52,-749.3,0.0,0.971,0.974,0.973,0.116,4,1.0,0.0,56953.746
2026-08-30T15:49:14.199Z,66.387946,-147.199651,2106.63,1701.36,2184.77,245.52,230.0,1.56,-3.25,86.66,88.47,83.32,-766.77,0.0,0.959,0.961,0.96,0.191,3,1.0,0.0,56954.66
2026-08-30T15:49:15.435Z,66.387774,-147.20075,2090.44,1724.13,2168.87,246.06,230.54,1.7,-3.46,86.36,88.15,83.15,-788.53,0.0,0.961,0.961,0.961,,1,1.0,0.0,56955.895
2026-08-30T15:49:16.142Z,66.387677,-147.201387,2080.92,1715.15,2159.57,246.4,230.88,1.87,-3.29,86.23,88.08,83.16,-796.99,0.0,0.967,0.968,0.968,0.01,2,1.0,0.0,56956.609
2026-08-30T15:49:17.257Z,66.387528,-147.202389,2065.86,1700.59,2144.6,247.2,231.68,1.77,-2.76,86.27,88.07,83.18,-808.82,0.0,0.963,0.967,0.964,0.257,4,1.0,0.0,56957.723
2026-08-30T15:49:18.310Z,66.387389,-147.203343,2051.53,1691.57,2130.43,248.02,232.49,1.52,1.16,86.26,88.09,83.18,-805.81,0.0,0.974,0.981,0.977,0.125,2,1.0,0.0,56958.773
2026-08-30T15:49:19.223Z,66.387271,-147.204158,2039.68,1680.1,2119.36,247.54,231.96,1.98,0.67,86.34,88.14,83.18,-794.39,0.0,0.972,0.991,0.982,0.408,3,1.0,0.0,56959.688
2026-08-30T15:49:20.148Z,66.387148,-147.205,2027.18,1667.43,2106.92,246.44,230.87,1.83,-1.85,86.35,88.1,83.23,-806.05,0.0,0.956,0.958,0.957,0.116,3,1.0,0.0,56960.617
2026-08-30T15:49:21.202Z,66.387007,-147.205956,2012.88,1659.12,2091.71,246.53,231.01,1.8,-1.69,86.44,88.15,83.29,-806.52,0.0,0.974,0.977,0.976,0.077,2,1.0,0.0,56961.672
2026-08-30T15:49:22.320Z,66.386858,-147.20696,1997.82,1639.03,2076.5,247.28,231.76,1.86,-1.41,86.56,88.23,83.36,-812.81,0.0,0.965,0.97,0.967,0.067,4,1.0,0.0,56962.789
2026-08-30T15:49:23.196Z,66.386744,-147.207748,1985.97,1625.24,2064.86,247.58,232.04,1.75,-0.67,86.7,88.42,83.5,-814.41,0.0,0.982,0.982,0.982,,1,1.0,0.0,56963.652
2026-08-30T15:49:24.295Z,66.386598,-147.208747,1970.52,1609.67,2050.46,247.3,231.74,2.22,-0.08,86.78,88.31,83.34,-842.27,0.0,0.974,0.983,0.98,0.296,4,1.0,0.0,56964.758
2026-08-30T15:49:25.212Z,66.386475,-147.209571,1957.42,1595.49,2037.29,246.24,230.68,1.88,-0.53,86.66,88.27,83.45,-846.94,0.0,0.981,0.981,0.981,,1,1.0,0.0,56965.676
2026-08-30T15:49:26.267Z,66.386333,-147.210527,1942.75,1579.98,2022.18,245.84,230.32,0.87,-3.83,86.58,88.13,83.56,-819.9,0.0,0.983,0.996,0.989,0.256,2,1.0,0.0,56966.738
2026-08-30T15:49:27.188Z,66.386211,-147.211357,1931.52,1568.08,2009.82,246.82,231.33,0.83,-3.39,86.45,87.96,83.42,-752.86,0.0,1.017,1.03,1.025,0.489,3,1.0,0.0,56967.652
2026-08-30T15:49:28.313Z,66.386065,-147.212378,1918.42,1555.93,1995.94,248.03,232.5,1.14,-1.6,86.25,87.78,83.2,-715.62,0.0,0.973,0.986,0.978,0.168,4,1.0,0.0,56968.777
2026-08-30T15:49:29.163Z,66.385958,-147.213149,1908.27,1541.26,1984.46,248.16,232.6,0.25,-2.87,86.09,87.61,83.24,-719.29,0.0,0.952,0.952,0.952,,1,1.0,0.0,56969.633
2026-08-30T15:49:30.295Z,66.385816,-147.214179,1896.2,1530.93,1971.67,247.73,232.2,-0.52,-3.28,86.08,87.47,83.2,-623.29,0.0,1.049,1.088,1.072,1.013,4,1.0,0.0,56970.77
2026-08-30T15:49:31.215Z,66.385703,-147.215016,1888.34,1523.89,1962.53,248.11,232.6,-0.84,-4.13,85.57,86.92,82.8,-541.69,0.0,1.014,1.026,1.019,0.054,3,1.0,0.0,56971.68
2026-08-30T15:49:32.150Z,66.385593,-147.215866,1881.37,1476.43,1954.6,249.19,233.69,-0.89,-2.96,85.2,86.56,82.34,-469.27,0.0,1.013,1.013,1.013,,1,1.0,0.0,56972.609
2026-08-30T15:49:33.255Z,66.385467,-147.216857,1873.07,1506.01,1946.36,249.88,234.36,0.09,-2.66,84.65,85.95,81.76,-481.53,0.0,0.918,0.98,0.949,0.654,4,1.0,0.0,56973.715
2026-08-30T15:49:34.299Z,66.38535,-147.217796,1864.32,1497.79,1938.02,249.6,234.06,-0.81,-1.44,84.12,85.48,81.14,-477.38,0.0,0.997,1.014,1.006,0.354,2,1.0,0.0,56974.766
2026-08-30T15:49:35.204Z,66.385249,-147.218608,1857.37,1493.14,1930.92,249.48,233.94,0.06,-2.3,83.9,85.16,80.83,-484.55,0.0,0.941,0.941,0.941,,1,1.0,0.0,56975.66
2026-08-30T15:49:36.314Z,66.385129,-147.219595,1847.02,1425.98,1921.58,249.8,234.29,0.1,-0.92,83.61,84.93,80.66,-552.7,0.0,0.917,0.933,0.922,0.598,4,1.0,0.0,56976.762
2026-08-30T15:49:37.332Z,66.385018,-147.220502,1836.68,1472.18,1911.99,250.14,234.6,0.53,-0.36,83.53,84.82,80.48,-599.0,0.0,0.948,0.951,0.95,0.132,2,1.0,0.0,56977.777
2026-08-30T15:49:38.215Z,66.384923,-147.221288,1826.96,1462.6,1902.99,249.49,233.91,0.66,-0.27,83.11,84.34,80.03,-633.05,0.0,0.956,0.978,0.968,0.272,3,1.0,0.0,56978.664
2026-08-30T15:49:39.315Z,66.384805,-147.222259,1814.41,1452.52,1891.1,248.87,233.35,0.22,-2.52,82.97,84.27,80.11,-680.49,0.0,0.921,0.942,0.93,1.168,4,1.0,0.0,56979.773
2026-08-30T15:49:40.167Z,66.384714,-147.223006,1804.88,1442.71,1880.89,249.66,234.17,0.02,-1.14,83.09,84.41,80.15,-662.56,0.0,1.01,1.01,1.01,,1,1.0,0.0,56980.617
2026-08-30T15:49:41.272Z,66.384595,-147.223989,1793.37,1429.26,1869.18,250.43,234.91,-0.02,-0.09,83.08,84.22,80.14,-629.5,0.0,0.983,0.995,0.989,0.029,4,1.0,0.0,56981.723
2026-08-30T15:49:42.187Z,66.384498,-147.224797,1784.12,1417.81,1859.83,250.04,234.49,0.17,-1.36,82.74,83.85,80.06,-620.79,0.0,0.988,0.994,0.991,0.45,3,1.0,0.0,56982.645
2026-08-30T15:49:43.228Z,66.384386,-147.225721,1773.52,1377.95,1849.05,249.72,234.19,-0.65,-0.99,82.43,83.63,80.01,-590.83,0.0,0.998,1.022,1.01,0.141,2,1.0,0.0,56983.703
2026-08-30T15:49:44.178Z,66.384285,-147.226554,1764.75,1372.34,1840.23,249.76,234.23,0.41,-0.61,82.46,83.63,79.96,-589.15,0.0,0.934,0.989,0.96,0.179,3,1.0,0.0,56984.625
2026-08-30T15:49:45.262Z,66.384168,-147.227512,1753.34,1385.24,1829.24,249.74,234.21,0.2,-0.59,82.57,83.73,80.09,-621.91,0.0,0.949,0.956,0.952,0.166,2,1.0,0.0,56985.711
2026-08-30T15:49:46.287Z,66.384057,-147.228425,1742.48,1384.67,1817.55,249.8,234.3,-0.34,-0.01,82.49,83.6,79.99,-622.64,0.0,0.986,0.999,0.992,0.292,2,1.0,0.0,56986.77
2026-08-30T15:49:47.236Z,66.383954,-147.229254,1732.76,1381.17,1807.57,251.46,236.0,0.4,0.84,81.7,82.73,79.04,-629.6,0.0,0.989,1.024,1.009,0.712,3,1.0,0.0,56987.691
2026-08-30T15:49:48.170Z,66.383853,-147.230063,1722.9,1370.5,1798.52,251.9,236.32,-1.05,0.37,81.78,82.76,79.29,-619.71,0.0,0.943,0.973,0.954,1.32,3,1.0,0.0,56988.609
2026-08-30T15:49:49.178Z,66.383742,-147.23095,1713.99,1361.48,1788.63,248.09,232.43,-1.44,-1.57,80.92,81.91,78.42,-527.97,0.0,1.013,1.026,1.02,0.219,2,1.0,0.0,56989.637
2026-08-30T15:49:50.309Z,66.383621,-147.231919,1704.91,1352.41,1779.18,244.74,229.23,-1.41,-3.23,80.26,81.2,78.18,-523.56,0.0,0.894,0.964,0.92,1.091,4,1.0,0.0,56990.758
2026-08-30T15:49:51.338Z,66.383508,-147.232809,1696.34,1343.63,1770.31,248.75,233.31,-2.52,-1.33,79.68,80.5,77.4,-477.08,0.0,1.026,1.032,1.029,0.217,2,1.0,0.0,56991.789
2026-08-30T15:49:52.252Z,66.383414,-147.233592,1690.91,1338.33,1763.36,250.44,234.92,-2.72,-1.61,79.14,80.03,76.9,-375.86,0.0,1.047,1.066,1.058,1.093,3,1.0,0.0,56992.707
2026-08-30T15:49:53.218Z,66.383319,-147.234404,1686.03,1333.07,1757.58,250.45,234.91,-2.55,-1.45,78.7,79.59,76.52,-343.75,0.0,0.957,0.977,0.966,0.094,3,1.0,0.0,56993.656
2026-08-30T15:49:54.227Z,66.38322,-147.235265,1680.03,1326.93,1751.67,249.6,234.06,-2.24,-4.06,78.32,79.18,76.18,-364.8,0.0,0.939,0.944,0.942,0.103,2,1.0,0.0,56994.688
2026-08-30T15:49:55.318Z,66.383117,-147.236184,1672.57,1319.25,1745.05,249.8,234.28,-1.55,-0.31,78.09,79.08,75.94,-405.91,0.0,0.947,0.948,0.948,0.066,2,1.0,0.0,56995.77
2026-08-30T15:49:56.340Z,66.38302,-147.237051,1664.12,1310.72,1739.13,249.98,234.44,-0.23,0.06,78.32,79.34,76.26,-502.29,0.0,0.896,0.905,0.901,0.003,2,1.0,0.0,56996.789
2026-08-30T15:49:57.261Z,66.382933,-147.237829,1654.19,1300.67,1730.85,250.34,234.81,0.09,-1.66,78.94,79.75,76.56,-609.83,0.0,0.926,0.947,0.939,0.747,3,1.0,0.0,56997.707
2026-08-30T15:49:58.155Z,66.382848,-147.238585,1643.3,1289.94,1720.64,250.17,234.62,-0.41,-0.11,78.09,79.05,75.83,-692.92,0.0,0.969,1.024,0.998,0.25,3,1.0,0.0,56998.602
2026-08-30T15:49:59.179Z,66.382748,-147.239454,1630.74,1277.2,1708.26,249.53,233.99,-0.71,-1.72,78.47,79.4,76.29,-708.35,0.0,0.988,0.999,0.994,0.272,2,1.0,0.0,56999.629
2026-08-30T15:50:00.284Z,66.38264,-147.24039,1618.91,1265.58,1696.24,249.59,234.09,-2.07,-2.64,78.67,79.61,76.5,-621.92,0.0,1.017,1.06,1.041,0.229,4,1.0,0.0,57000.742
2026-08-30T15:50:01.320Z,66.382541,-147.241262,1610.51,1257.46,1686.05,250.89,235.38,-2.47,-0.63,78.67,79.51,76.38,-513.86,0.0,1.022,1.027,1.025,0.015,2,1.0,0.0,57001.766
2026-08-30T15:50:02.223Z,66.382454,-147.242033,1604.05,1251.81,1678.11,250.79,235.24,-2.4,-2.73,78.5,79.24,76.23,-467.57,0.0,0.984,1.013,0.998,0.242,3,1.0,0.0,57002.688
2026-08-30T15:50:03.343Z,66.382349,-147.242981,1596.12,1244.75,1669.4,250.71,235.19,-2.52,-1.74,78.27,79.08,76.05,-430.12,0.0,1.006,1.023,1.017,0.352,4,1.0,0.0,57003.789
2026-08-30T15:50:04.171Z,66.382272,-147.243685,1590.21,1239.86,1663.21,250.79,235.26,-2.45,-0.92,78.31,79.11,76.11,-433.71,0.0,0.994,0.994,0.994,,1,1.0,0.0,57004.621
2026-08-30T15:50:05.262Z,66.382171,-147.244608,1582.11,1225.34,1655.22,250.7,235.17,-2.53,-1.78,78.13,78.89,75.96,-444.69,0.0,0.986,0.99,0.988,0.197,2,1.0,0.0,57005.711
2026-08-30T15:50:06.146Z,66.38209,-147.245357,1575.64,1210.97,1648.67,250.74,235.22,-2.68,-1.94,78.01,78.77,75.82,-434.65,0.0,1.009,1.019,1.014,0.063,3,1.0,0.0,57006.594
2026-08-30T15:50:07.162Z,66.381997,-147.246212,1568.58,1201.57,1641.35,251.23,235.72,-2.57,-0.75,77.93,78.7,75.7,-423.15,0.0,1.004,1.006,1.005,0.126,2,1.0,0.0,57007.609
2026-08-30T15:50:08.264Z,66.381897,-147.247144,1560.78,1193.14,1633.55,251.28,235.75,-2.36,0.23,77.9,78.67,75.64,-429.43,0.0,0.987,0.995,0.992,0.152,4,1.0,0.0,57008.719
2026-08-30T15:50:09.305Z,66.381802,-147.248017,1553.07,1148.18,1626.08,250.67,235.13,-2.24,-0.38,77.91,78.68,75.64,-442.15,0.0,0.992,0.992,0.992,0.02,2,1.0,0.0,57009.75
2026-08-30T15:50:10.188Z,66.38172,-147.248763,1546.4,1141.21,1619.52,249.91,234.38,-2.6,-1.91,77.88,78.61,75.67,-446.47,0.0,0.996,1.001,0.998,0.336,3,1.0,0.0,57010.645
2026-08-30T15:50:11.313Z,66.381616,-147.249706,1538.65,1140.35,1610.69,250.47,234.97,-3.34,-0.4,77.85,78.58,75.54,-403.05,0.0,1.015,1.045,1.032,0.226,4,1.0,0.0,57011.758
2026-08-30T15:50:12.149Z,66.381537,-147.250412,1533.7,1115.59,1604.26,250.67,235.15,-2.96,-0.62,77.8,78.45,75.39,-377.18,0.0,0.997,0.997,0.997,,1,1.0,0.0,57012.609
2026-08-30T15:50:13.272Z,66.381433,-147.251348,1526.9,1117.12,1597.66,250.34,234.82,-3.42,-0.91,77.71,78.6,75.61,-362.96,0.0,0.989,1.009,0.998,0.326,4,1.0,0.0,57013.73
2026-08-30T15:50:14.166Z,66.38135,-147.252103,1522.02,1112.95,1592.97,250.99,235.51,-2.15,-2.15,78.05,78.67,75.47,-345.45,0.0,0.983,1.013,1.0,1.041,3,1.0,0.0,57014.625
2026-08-30T15:50:15.404Z,66.381236,-147.253139,1513.17,1113.7,1585.64,251.99,236.49,-2.67,-0.27,76.91,77.37,74.38,-430.8,0.0,0.987,0.987,0.987,,1,1.0,0.0,57015.867
2026-08-30T15:50:16.328Z,66.381151,-147.253905,1505.85,1103.26,1578.95,251.33,235.77,-2.39,-0.92,76.84,77.54,74.44,-454.44,0.0,1.008,1.03,1.018,0.277,3,1.0,0.0,57016.785
2026-08-30T15:50:17.181Z,66.381074,-147.254604,1499.45,1099.77,1572.61,250.23,234.69,-3.09,-2.26,76.97,77.6,74.51,-442.05,0.0,1.025,1.025,1.025,,1,1.0,0.0,57017.629
2026-08-30T15:50:18.290Z,66.380972,-147.255529,1492.09,1093.2,1564.3,250.04,234.54,-3.92,-2.98,76.84,77.46,74.61,-399.13,0.0,1.033,1.053,1.042,0.362,4,1.0,0.0,57018.746
2026-08-30T15:50:19.201Z,66.380892,-147.256278,1487.1,1082.69,1557.74,251.07,235.59,-3.8,-1.82,76.73,77.31,74.44,-348.25,0.0,1.033,1.053,1.043,0.447,3,1.0,0.0,57019.645
2026-08-30T15:50:20.220Z,66.380803,-147.257128,1481.84,1086.39,1552.09,252.05,236.54,-3.07,-0.07,76.64,77.25,74.29,-331.0,0.0,0.985,0.997,0.991,0.298,2,1.0,0.0,57020.668
2026-08-30T15:50:21.310Z,66.380708,-147.258037,1475.19,1071.25,1545.66,251.43,235.88,-3.67,-1.74,76.5,77.08,74.25,-356.93,0.0,0.966,0.983,0.971,0.838,4,1.0,0.0,57021.773
2026-08-30T15:50:22.165Z,66.380635,-147.258743,1470.29,1062.45,1541.0,250.78,235.25,-2.74,-1.5,76.58,77.18,74.2,-346.61,0.0,1.011,1.011,1.011,,1,1.0,0.0,57022.621
2026-08-30T15:50:23.285Z,66.380538,-147.259673,1462.83,1050.04,1533.75,250.9,235.4,-2.26,-0.66,76.76,77.37,74.43,-411.04,0.0,0.937,0.962,0.947,0.465,4,1.0,0.0,57023.738
2026-08-30T15:50:24.219Z,66.380456,-147.260445,1455.58,1042.32,1528.03,251.44,235.93,-2.74,-0.02,77.01,77.61,74.7,-440.31,0.0,0.98,1.001,0.992,0.072,3,1.0,0.0,57024.66
2026-08-30T15:50:25.430Z,66.380349,-147.261456,1447.08,1037.22,1519.64,251.12,235.58,-2.73,0.24,77.35,77.95,74.96,-414.48,0.0,1.02,1.02,1.02,,1,1.0,0.0,57025.883
2026-08-30T15:50:26.359Z,66.380265,-147.262225,1440.93,1038.0,1513.36,250.22,234.67,-2.37,1.33,77.18,77.77,74.73,-410.01,0.0,1.01,1.016,1.013,0.026,3,1.0,0.0,57026.812
2026-08-30T15:50:27.199Z,66.380187,-147.262932,1434.96,1033.33,1507.58,249.52,233.99,-2.3,-1.06,77.43,78.0,75.03,-423.38,0.0,0.982,0.982,0.982,,1,1.0,0.0,57027.66
2026-08-30T15:50:28.326Z,66.38008,-147.263879,1427.09,1031.86,1499.65,250.11,234.62,-3.69,-0.79,78.77,79.38,76.28,-386.24,0.0,1.012,1.094,1.058,0.511,4,1.0,0.0,57028.785
2026-08-30T15:50:29.252Z,66.37999,-147.264657,1423.0,1024.34,1494.02,250.8,235.29,-3.44,-0.67,78.89,79.36,76.35,-296.85,0.0,1.05,1.084,1.069,1.044,3,1.0,0.0,57029.711
2026-08-30T15:50:30.294Z,66.379887,-147.265542,1419.41,1022.61,1489.27,249.76,234.2,-4.66,-0.12,79.02,79.66,76.65,-223.77,0.0,1.043,1.06,1.052,0.474,2,1.0,0.0,57030.75
2026-08-30T15:50:31.226Z,66.379795,-147.26633,1417.13,1014.4,1486.04,248.97,233.45,-4.2,0.41,78.91,79.33,76.27,-172.24,0.0,1.021,1.069,1.043,0.442,3,1.0,0.0,57031.676
2026-08-30T15:50:32.334Z,66.379683,-147.267269,1414.78,1006.15,1483.04,248.45,232.92,-4.63,-0.46,78.45,78.85,75.8,-132.6,0.0,1.007,1.009,1.008,0.085,4,1.0,0.0,57032.793
2026-08-30T15:50:33.168Z,66.379598,-147.267964,1413.49,1012.83,1481.28,248.35,232.83,-4.77,-1.26,78.07,78.47,75.42,-105.31,0.0,1.011,1.011,1.011,,1,1.0,0.0,57033.637
2026-08-30T15:50:34.293Z,66.379481,-147.268902,1412.44,1018.99,1480.37,248.0,232.46,-5.64,-2.28,78.13,78.53,75.51,-51.49,0.0,0.995,1.006,0.999,0.227,4,1.0,0.0,57034.758
2026-08-30T15:50:35.246Z,66.379384,-147.26969,1412.82,1027.38,1479.28,247.95,232.43,-6.12,-2.39,77.39,77.71,74.53,8.77,0.0,1.041,1.041,1.041,,1,1.0,0.0,57035.719
2026-08-30T15:50:36.334Z,66.379273,-147.270581,1413.04,1030.44,1479.85,247.43,231.93,-4.22,-0.51,76.73,77.06,74.08,-34.72,0.0,0.899,0.93,0.914,0.276,2,1.0,0.0,57036.812
2026-08-30T15:50:37.270Z,66.379178,-147.271341,1410.86,1018.89,1479.52,248.1,232.63,-5.06,-0.97,75.94,76.29,73.29,-106.35,0.0,0.934,0.989,0.962,0.551,3,1.0,0.0,57037.746
2026-08-30T15:50:38.157Z,66.379088,-147.272057,1408.38,1016.28,1477.12,249.5,234.01,-4.71,-3.22,75.33,75.76,72.79,-155.33,0.0,1.005,1.005,1.005,,1,1.0,0.0,57038.656
2026-08-30T15:50:39.307Z,66.378974,-147.272978,1404.54,1004.87,1474.08,249.36,233.84,-4.14,-3.47,75.38,75.88,72.8,-185.2,0.0,1.002,1.008,1.004,0.244,4,1.0,0.0,57039.793
2026-08-30T15:50:40.209Z,66.378887,-147.273707,1400.96,1007.65,1472.2,249.04,233.53,-3.28,-2.15,75.49,75.94,72.87,-240.75,0.0,0.943,0.943,0.943,,1,1.0,0.0,57040.695
2026-08-30T15:50:41.141Z,66.378799,-147.274461,1395.92,986.33,1468.25,248.88,233.37,-3.74,-2.33,75.23,75.51,72.65,-302.63,0.0,0.934,0.948,0.941,0.461,3,1.0,0.0,57041.629
2026-08-30T15:50:42.283Z,66.378694,-147.275374,1389.07,972.28,1461.18,249.28,233.78,-3.36,-0.93,74.91,75.42,72.68,-346.59,0.0,0.985,0.995,0.992,0.188,4,1.0,0.0,57042.758
2026-08-30T15:50:43.183Z,66.378611,-147.276094,1383.36,987.35,1454.75,249.86,234.34,-2.72,-1.86,75.36,75.9,73.1,-384.37,0.0,0.956,0.956,0.956,,1,1.0,0.0,57043.648
2026-08-30T15:50:44.301Z,66.378506,-147.277016,1376.03,966.25,1447.66,249.41,233.91,-4.02,-2.24,76.38,76.89,74.06,-351.28,0.0,0.965,1.04,1.006,0.623,4,1.0,0.0,57044.785
2026-08-30T15:50:45.598Z,66.378387,-147.278081,1369.75,966.74,1440.47,249.8,234.3,-2.81,-1.44,77.23,77.78,74.66,-316.71,0.0,0.956,0.956,0.956,,1,1.0,0.0,57046.082
2026-08-30T15:50:46.341Z,66.378317,-147.278699,1365.43,964.46,1436.61,250.14,234.64,-2.96,-0.82,77.96,78.55,75.46,-348.71,0.0,0.953,0.975,0.964,0.384,2,1.0,0.0,57046.812
2026-08-30T15:50:47.215Z,66.378233,-147.279436,1359.9,958.72,1431.55,250.48,234.97,-3.27,0.0,78.17,78.55,75.56,-355.78,0.0,1.019,1.019,1.019,,1,1.0,0.0,57047.695
2026-08-30T15:50:48.151Z,66.378144,-147.280214,1355.39,951.88,1426.28,248.89,233.36,-4.52,-0.38,77.77,78.02,75.2,-274.73,0.0,1.036,1.053,1.045,0.527,3,1.0,0.0,57048.625
2026-08-30T15:50:49.275Z,66.378036,-147.281156,1352.92,958.49,1422.47,250.17,234.71,-4.63,-1.04,77.25,77.58,74.65,-161.66,0.0,1.018,1.03,1.026,0.471,4,1.0,0.0,57049.75
2026-08-30T15:50:50.347Z,66.377934,-147.282041,1350.62,966.46,1419.38,250.54,235.01,-3.42,-0.83,77.11,77.51,74.47,-163.77,0.0,0.956,0.963,0.959,0.229,2,1.0,0.0,57050.82
2026-08-30T15:50:51.279Z,66.377846,-147.282809,1346.75,938.73,1416.8,249.75,234.22,-2.84,-0.33,77.21,77.61,74.55,-245.66,0.0,0.923,0.926,0.925,0.229,3,1.0,0.0,57051.754
2026-08-30T15:50:52.199Z,66.377759,-147.283574,1341.27,942.3,1412.62,249.19,233.67,-2.63,-1.27,77.32,77.72,74.73,-326.11,0.0,0.944,0.958,0.951,0.243,3,1.0,0.0,57052.66
2026-08-30T15:50:53.232Z,66.377659,-147.284426,1334.15,927.14,1406.46,249.35,233.85,-2.49,-1.01,77.54,77.93,75.04,-391.47,0.0,0.965,0.977,0.971,0.392,2,1.0,0.0,57053.688
2026-08-30T15:50:54.349Z,66.37755,-147.285357,1325.79,919.27,1398.69,249.77,234.29,-2.14,-0.91,77.83,78.18,75.38,-441.32,0.0,0.976,0.988,0.98,0.215,4,1.0,0.0,57054.816
2026-08-30T15:50:55.589Z,66.377428,-147.286392,1316.09,895.46,1389.37,250.09,234.57,-2.07,-0.93,78.29,78.7,75.83,-458.88,0.0,1.005,1.005,1.005,,1,1.0,0.0,57056.055
2026-08-30T15:50:56.300Z,66.377358,-147.286989,1310.58,893.51,1383.83,249.8,234.28,-2.41,-1.17,78.56,78.97,76.06,-456.71,0.0,0.996,1.008,1.002,0.085,2,1.0,0.0,57056.77
2026-08-30T15:50:57.217Z,66.377267,-147.28776,1303.93,889.15,1376.99,249.5,233.99,-2.1,-1.0,78.92,79.32,76.28,-439.07,0.0,1.011,1.019,1.015,0.228,3,1.0,0.0,57057.684
2026-08-30T15:50:58.272Z,66.377162,-147.28865,1296.42,885.56,1369.33,249.52,234.02,-1.97,-1.04,79.22,79.56,76.5,-435.6,0.0,0.993,0.995,0.994,0.24,2,1.0,0.0,57058.734
2026-08-30T15:50:59.180Z,66.377071,-147.28942,1289.74,880.36,1362.65,249.63,234.13,-1.96,-0.84,79.39,79.73,76.66,-437.3,0.0,0.991,1.001,0.996,0.367,3,1.0,0.0,57059.648
2026-08-30T15:51:00.317Z,66.376957,-147.290383,1281.29,889.49,1354.97,248.43,232.89,-0.62,0.28,79.86,80.18,77.05,-464.23,0.0,0.978,1.005,0.996,0.974,4,1.0,0.0,57060.805
2026-08-30T15:51:01.204Z,66.376865,-147.291141,1273.28,881.06,1347.69,247.04,231.48,-0.93,-2.13,79.92,80.19,77.09,-516.37,0.0,0.971,0.971,0.971,,1,1.0,0.0,57061.668
2026-08-30T15:51:02.342Z,66.376746,-147.292111,1262.55,867.66,1337.32,247.26,231.83,-2.09,-3.4,80.03,80.35,77.36,-541.64,0.0,0.967,1.01,0.985,0.925,4,1.0,0.0,57062.82
2026-08-30T15:51:03.254Z,66.376651,-147.292885,1255.11,838.63,1329.27,249.92,234.49,-2.29,-0.89,80.22,80.47,77.4,-490.65,0.0,1.049,1.049,1.049,,1,1.0,0.0,57063.719
2026-08-30T15:51:04.160Z,66.376557,-147.293664,1248.75,843.39,1322.77,250.81,235.29,-1.74,-0.67,80.24,80.42,77.39,-446.02,0.0,1.01,1.041,1.025,0.33,3,1.0,0.0,57064.625
2026-08-30T15:51:05.269Z,66.376444,-147.294617,1240.61,837.42,1315.48,249.84,234.31,-1.62,-0.79,80.18,80.4,77.46,-449.26,0.0,0.983,0.985,0.984,0.029,2,1.0,0.0,57065.738
2026-08-30T15:51:06.329Z,66.376336,-147.295518,1232.29,829.69,1306.35,248.9,233.37,-1.55,-0.61,80.5,80.74,77.81,-468.73,0.0,1.011,1.017,1.014,0.157,2,1.0,0.0,57066.785
2026-08-30T15:51:07.257Z,66.376239,-147.29632,1224.78,820.62,1298.64,248.69,233.19,-1.65,-0.47,80.61,80.81,77.9,-479.66,0.0,0.989,0.996,0.992,0.406,3,1.0,0.0,57067.727
2026-08-30T15:51:08.188Z,66.376141,-147.297114,1217.43,813.24,1291.12,249.15,233.65,-1.83,-0.6,80.64,80.83,77.89,-472.33,0.0,1.008,1.013,1.01,0.088,3,1.0,0.0,57068.648
2026-08-30T15:51:09.244Z,66.376029,-147.298023,1209.35,801.78,1282.74,249.2,233.7,-1.99,-0.88,80.57,80.73,77.78,-461.03,0.0,1.004,1.004,1.004,0.005,2,1.0,0.0,57069.703
2026-08-30T15:51:10.148Z,66.375932,-147.298798,1202.65,791.49,1275.83,249.11,233.61,-2.07,-1.15,80.49,80.64,77.64,-445.48,0.0,1.008,1.015,1.012,0.109,3,1.0,0.0,57070.605
2026-08-30T15:51:11.255Z,66.375815,-147.29974,1194.77,782.6,1267.72,249.1,233.61,-1.82,-1.02,80.38,80.51,77.42,-437.89,0.0,0.991,1.007,1.0,0.311,4,1.0,0.0,57071.719
2026-08-30T15:51:12.309Z,66.375704,-147.300641,1186.77,778.92,1259.92,249.78,234.31,-1.48,0.35,80.48,80.56,77.53,-461.13,0.0,0.962,0.98,0.971,0.245,2,1.0,0.0,57072.789
2026-08-30T15:51:13.249Z,66.375603,-147.301446,1179.32,765.25,1252.66,249.66,234.12,-2.17,-0.61,80.41,80.5,77.47,-456.79,0.0,0.996,1.027,1.013,0.152,3,1.0,0.0,57073.719
2026-08-30T15:51:14.174Z,66.375504,-147.302234,1172.73,770.72,1245.71,248.58,233.06,-2.02,-0.41,80.23,80.26,77.23,-433.96,0.0,1.016,1.028,1.022,0.178,3,1.0,0.0,57074.641
2026-08-30T15:51:15.437Z,66.37537,-147.303299,1163.96,754.32,1236.53,248.19,232.69,-1.99,-0.09,79.83,79.84,76.72,-426.92,0.0,1.005,1.005,1.005,,1,1.0,0.0,57075.902
2026-08-30T15:51:16.162Z,66.375292,-147.303911,1158.79,749.53,1231.01,248.28,232.79,-1.78,0.37,79.72,79.73,76.59,-425.78,0.0,0.985,0.996,0.99,0.19,2,1.0,0.0,57076.629
2026-08-30T15:51:17.295Z,66.375167,-147.304869,1151.01,742.41,1223.37,248.49,233.0,-2.83,-0.91,79.34,79.33,76.28,-402.34,0.0,0.976,1.015,0.997,0.284,4,1.0,0.0,57077.77
2026-08-30T15:51:18.167Z,66.375073,-147.305596,1145.7,732.6,1217.73,248.46,232.95,-2.94,-0.87,79.01,79.01,76.02,-379.62,0.0,1.012,1.012,1.012,,1,1.0,0.0,57078.637
2026-08-30T15:51:19.297Z,66.374951,-147.306533,1138.78,732.86,1210.89,248.49,232.99,-2.68,-1.19,78.93,78.9,75.97,-377.75,0.0,0.986,1.004,0.994,0.2,4,1.0,0.0,57079.762
2026-08-30T15:51:20.167Z,66.374857,-147.307258,1133.23,732.19,1205.94,248.6,233.11,-2.98,-0.74,78.72,78.71,75.68,-377.16,0.0,1.006,1.006,1.006,,1,1.0,0.0,57080.66
2026-08-30T15:51:21.302Z,66.374734,-147.308207,1126.37,730.49,1196.85,248.71,233.21,-3.09,-0.64,78.4,78.34,75.29,-361.51,0.0,1.007,1.013,1.011,0.176,4,1.0,0.0,57081.77
2026-08-30T15:51:22.160Z,66.374642,-147.308912,1121.53,716.95,1192.26,248.5,232.99,-3.08,-0.41,78.2,78.17,75.11,-342.57,0.0,1.005,1.005,1.005,,1,1.0,0.0,57082.621
2026-08-30T15:51:23.297Z,66.37452,-147.309844,1115.08,702.84,1186.32,247.36,231.84,-2.14,-0.04,77.9,77.82,74.87,-357.26,0.0,0.974,0.991,0.982,0.291,4,1.0,0.0,57083.762
2026-08-30T15:51:24.221Z,66.374418,-147.310605,1108.78,703.95,1179.65,247.16,231.67,-2.18,-0.86,77.81,77.77,74.82,-398.39,0.0,0.965,0.975,0.97,0.323,3,1.0,0.0,57084.688
2026-08-30T15:51:25.472Z,66.374279,-147.311629,1100.32,711.73,1171.39,247.53,231.99,-2.48,0.3,78.02,77.98,74.99,-380.35,0.0,0.98,0.98,0.98,,1,1.0,0.0,57085.949
2026-08-30T15:51:26.206Z,66.374194,-147.312227,1095.86,709.49,1167.34,245.7,230.11,-3.74,-0.49,78.44,78.46,75.88,-379.1,0.0,0.981,1.009,0.995,0.728,2,1.0,0.0,57086.672
2026-08-30T15:51:27.313Z,66.374063,-147.31314,1090.35,701.77,1161.11,242.33,226.84,-4.7,2.8,78.43,78.3,75.38,-269.86,0.0,1.109,1.154,1.138,0.63,4,1.0,0.0,57087.789
2026-08-30T15:51:28.190Z,66.373954,-147.313857,1088.2,698.13,1157.52,244.79,229.37,-4.57,2.51,77.89,77.69,74.64,-202.88,0.0,1.002,1.002,1.002,,1,1.0,0.0,57088.68
2026-08-30T15:51:29.326Z,66.37381,-147.314758,1085.08,675.7,1153.95,247.62,232.15,-3.46,-1.92,77.22,77.05,73.99,-191.71,0.0,0.974,1.018,0.996,0.434,4,1.0,0.0,57089.836
2026-08-30T15:51:30.254Z,66.373694,-147.315491,1081.43,686.35,1150.89,247.4,231.88,-3.85,-4.42,76.83,76.78,73.79,-228.89,0.0,0.976,0.976,0.976,,1,1.0,0.0,57090.723
2026-08-30T15:51:31.182Z,66.373582,-147.316233,1077.43,684.19,1147.27,247.89,232.45,-4.03,-5.02,76.73,76.6,73.57,-244.59,0.0,1.002,1.01,1.007,0.244,3,1.0,0.0,57091.672
2026-08-30T15:51:32.345Z,66.373452,-147.317155,1072.65,683.46,1143.36,248.86,233.38,-3.85,-3.86,76.37,76.25,73.2,-246.45,0.0,1.005,1.006,1.006,0.074,4,1.0,0.0,57092.816
2026-08-30T15:51:33.228Z,66.373357,-147.317866,1068.65,675.51,1139.38,249.84,234.38,-3.17,-2.75,76.21,76.05,73.06,-277.56,0.0,0.965,0.965,0.965,,1,1.0,0.0,57093.707
2026-08-30T15:51:34.166Z,66.373259,-147.31862,1063.38,670.87,1134.52,250.7,235.22,-3.39,-1.41,75.96,75.82,72.98,-320.69,0.0,0.963,0.979,0.971,0.312,3,1.0,0.0,57094.641
2026-08-30T15:51:35.318Z,66.373145,-147.319535,1056.38,663.46,1127.77,250.97,235.45,-2.93,-0.67,75.85,75.74,72.93,-355.35,0.0,0.987,0.988,0.987,0.029,2,1.0,0.0,57095.832
2026-08-30T15:51:36.223Z,66.373052,-147.320277,1050.53,652.15,1122.5,250.13,234.6,-3.54,-2.34,75.74,75.6,72.94,-377.94,0.0,0.991,0.991,0.991,,1,1.0,0.0,57096.688
2026-08-30T15:51:37.142Z,66.372963,-147.321012,1044.96,651.83,1116.79,249.85,234.35,-3.3,-1.58,75.97,75.96,73.2,-362.36,0.0,1.02,1.035,1.029,0.273,3,1.0,0.0,57097.621
2026-08-30T15:51:38.272Z,66.372851,-147.321926,1038.35,640.6,1109.99,249.62,234.13,-3.39,-1.67,76.09,75.96,73.15,-353.3,0.0,0.999,1.019,1.011,0.257,4,1.0,0.0,57098.734
2026-08-30T15:51:39.326Z,66.372748,-147.322773,1032.43,640.04,1103.88,250.29,234.83,-2.91,-1.61,76.02,75.88,73.11,-344.8,0.0,0.996,1.005,1.001,0.007,2,1.0,0.0,57099.801
2026-08-30T15:51:40.250Z,66.372659,-147.323522,1026.69,626.97,1098.45,251.12,235.65,-3.46,-0.53,75.86,75.68,73.13,-370.72,0.0,0.965,0.974,0.969,0.57,3,1.0,0.0,57100.719
2026-08-30T15:51:41.166Z,66.37257,-147.324265,1021.09,635.25,1092.84,251.07,235.56,-4.23,0.73,75.29,75.02,72.5,-351.95,0.0,1.011,1.028,1.019,0.447,3,1.0,0.0,57101.633
2026-08-30T15:51:42.219Z,66.372471,-147.325107,1015.35,598.33,1086.74,249.5,233.99,-4.24,-1.74,74.94,74.75,72.3,-338.49,0.0,0.986,0.99,0.988,0.828,2,1.0,0.0,57102.688
2026-08-30T15:51:43.142Z,66.372384,-147.325844,1010.44,594.4,1081.62,249.59,234.12,-4.22,-1.66,74.9,74.71,72.13,-323.58,0.0,1.008,1.012,1.01,0.071,3,1.0,0.0,57103.609
2026-08-30T15:51:44.270Z,66.372279,-147.326747,1004.26,596.83,1075.48,251.19,235.73,-4.19,-1.69,74.6,74.15,71.6,-328.54,0.0,0.982,0.998,0.988,0.164,4,1.0,0.0,57104.75
2026-08-30T15:51:45.539Z,66.372163,-147.327742,998.52,602.63,1068.92,250.88,235.35,-5.17,-2.06,73.28,73.08,70.42,-261.43,0.0,1.046,1.046,1.046,,1,1.0,0.0,57106.016
2026-08-30T15:51:46.272Z,66.372098,-147.328315,995.66,598.22,1065.74,250.1,234.59,-3.96,-2.36,73.15,72.87,70.3,-270.36,0.0,0.952,0.984,0.968,0.066,2,1.0,0.0,57106.75
2026-08-30T15:51:47.356Z,66.372003,-147.329158,989.67,594.52,1061.45,250.38,234.93,-4.56,-1.83,72.97,72.8,70.29,-315.46,0.0,0.97,0.985,0.978,0.382,2,1.0,0.0,57107.836
2026-08-30T15:51:48.296Z,66.371921,-147.329894,984.3,579.13,1056.0,251.38,235.91,-3.73,-1.3,73.02,72.69,70.14,-338.63,0.0,0.977,0.993,0.984,0.237,3,1.0,0.0,57108.773
2026-08-30T15:51:49.183Z,66.371846,-147.330588,978.85,570.11,1051.38,251.73,236.24,-4.39,-1.1,72.91,72.74,70.19,-358.03,0.0,0.977,0.977,0.977,,1,1.0,0.0,57109.664
2026-08-30T15:51:50.322Z,66.371749,-147.33148,972.02,560.56,1043.94,251.51,236.02,-3.73,-0.72,72.38,72.05,69.55,-355.61,0.0,0.987,1.002,0.996,0.476,4,1.0,0.0,57110.801
2026-08-30T15:51:51.232Z,66.371674,-147.332188,966.01,554.06,1037.48,252.22,236.76,-4.1,-0.17,72.76,72.54,70.13,-393.94,0.0,0.969,0.969,0.969,,1,1.0,0.0,57111.711
2026-08-30T15:51:52.176Z,66.371596,-147.332916,960.08,552.58,1031.7,252.78,237.27,-4.1,0.31,72.98,72.79,70.3,-363.12,0.0,1.032,1.05,1.044,0.535,3,1.0,0.0,57112.641
2026-08-30T15:51:53.315Z,66.3715,-147.333808,954.18,549.46,1024.93,251.06,235.52,-3.66,-1.11,73.34,73.06,70.57,-332.59,0.0,0.988,1.029,1.012,0.84,4,1.0,0.0,57113.789
2026-08-30T15:51:54.200Z,66.371424,-147.334512,949.39,548.48,1020.28,250.27,234.78,-4.66,-0.78,73.44,73.26,70.83,-308.88,0.0,1.033,1.033,1.033,,1,1.0,0.0,57114.676
2026-08-30T15:51:55.326Z,66.371326,-147.3354,944.87,568.19,1014.97,249.4,233.81,-3.71,-1.18,73.98,73.73,71.15,-257.61,0.0,1.012,1.03,1.021,0.451,2,1.0,0.0,57115.805
2026-08-30T15:51:56.206Z,66.371248,-147.336095,941.13,574.28,1011.2,245.62,230.06,-3.37,-1.9,73.4,73.06,70.82,-269.45,0.0,0.937,0.937,0.937,,1,1.0,0.0,57116.676
2026-08-30T15:51:57.357Z,66.371143,-147.336993,934.51,564.8,1005.65,249.96,234.66,-4.02,-1.79,73.96,73.91,71.36,-332.45,0.0,0.924,0.977,0.943,1.568,4,1.0,0.0,57117.836
2026-08-30T15:51:58.253Z,66.37106,-147.337704,929.18,555.88,1000.62,253.2,237.74,-3.97,-5.14,74.49,74.17,71.74,-350.27,0.0,0.979,0.979,0.979,,1,1.0,0.0,57118.742
2026-08-30T15:51:59.208Z,66.370976,-147.338466,923.32,526.1,995.59,253.81,238.33,-4.45,-3.94,73.83,73.57,71.3,-356.06,0.0,1.02,1.063,1.042,0.274,3,1.0,0.0,57119.699
2026-08-30T15:52:00.166Z,66.3709,-147.339229,918.09,544.25,989.88,253.84,238.34,-4.92,-1.82,74.18,73.93,71.74,-323.99,0.0,1.024,1.047,1.034,0.443,3,1.0,0.0,57120.648
2026-08-30T15:52:01.256Z,66.370816,-147.340101,913.89,527.19,984.16,252.08,236.55,-5.56,0.79,74.34,74.01,71.69,-238.77,0.0,1.042,1.044,1.043,0.35,2,1.0,0.0,57121.727
2026-08-30T15:52:02.183Z,66.370742,-147.340854,911.04,508.08,980.47,250.75,235.24,-5.48,-0.1,74.6,74.36,72.17,-207.52,0.0,1.013,1.02,1.018,0.213,3,1.0,0.0,57122.66
2026-08-30T15:52:03.262Z,66.370654,-147.341724,907.92,516.26,976.86,251.06,235.6,-5.08,0.71,74.73,74.38,72.04,-180.41,0.0,1.013,1.023,1.018,0.196,2,1.0,0.0,57123.738
2026-08-30T15:52:04.197Z,66.370576,-147.342477,905.33,505.59,974.07,251.91,236.43,-5.22,2.11,74.66,74.25,71.89,-170.18,0.0,0.998,1.0,0.999,0.159,3,1.0,0.0,57124.688
2026-08-30T15:52:05.495Z,66.370462,-147.343517,902.24,507.45,970.55,251.0,235.46,-4.8,2.0,74.48,74.13,71.73,-140.07,0.0,1.015,1.015,1.015,,1,1.0,0.0,57125.988
2026-08-30T15:52:06.257Z,66.370393,-147.344116,900.63,521.23,968.8,249.53,233.98,-4.73,1.17,74.43,74.05,71.68,-142.86,0.0,0.982,0.994,0.988,0.16,2,1.0,0.0,57126.734
2026-08-30T15:52:07.338Z,66.37029,-147.344974,897.72,498.53,966.11,248.83,233.38,-4.81,0.87,74.46,74.16,71.59,-157.52,0.0,1.001,1.004,1.003,0.504,2,1.0,0.0,57127.82
2026-08-30T15:52:08.293Z,66.370197,-147.345726,894.98,509.28,963.58,249.88,234.39,-5.29,1.99,74.54,74.17,71.5,-163.94,0.0,0.994,1.0,0.996,0.331,3,1.0,0.0,57128.777
2026-08-30T15:52:09.183Z,66.370107,-147.346429,892.74,495.28,961.18,249.16,233.63,-4.38,1.81,74.51,74.13,71.4,-156.71,0.0,1.002,1.002,1.002,,1,1.0,0.0,57129.676
2026-08-30T15:52:10.327Z,66.369989,-147.347319,888.89,499.95,957.95,247.05,231.52,-4.46,-0.06,74.35,73.97,71.28,-208.4,0.0,0.951,0.963,0.957,0.381,4,1.0,0.0,57130.816
2026-08-30T15:52:11.226Z,66.369893,-147.348019,885.29,476.28,954.76,246.46,230.98,-4.15,0.4,74.26,73.91,71.16,-223.66,0.0,1.004,1.004,1.004,,1,1.0,0.0,57131.715
2026-08-30T15:52:12.198Z,66.369787,-147.348767,881.02,476.35,950.98,246.7,231.22,-3.9,1.67,74.23,73.93,71.12,-265.87,0.0,0.959,0.967,0.963,0.562,3,1.0,0.0,57132.695
2026-08-30T15:52:13.146Z,66.369681,-147.349502,876.09,491.07,946.65,246.46,230.96,-3.53,1.16,74.3,73.91,71.08,-300.58,0.0,0.984,0.987,0.986,0.153,3,1.0,0.0,57133.652
2026-08-30T15:52:14.257Z,66.369554,-147.350357,869.28,462.1,940.72,245.23,229.74,-4.5,-1.18,74.06,73.66,71.09,-352.62,0.0,0.959,0.975,0.967,0.835,2,1.0,0.0,57134.762
2026-08-30T15:52:15.247Z,66.369439,-147.351112,863.84,480.03,934.2,245.42,229.97,-4.42,0.04,74.0,73.59,70.92,-320.13,0.0,1.034,1.034,1.034,,1,1.0,0.0,57135.746
2026-08-30T15:52:16.171Z,66.369332,-147.351815,859.2,472.35,929.2,245.92,230.43,-3.38,-0.51,73.98,73.54,70.86,-328.3,0.0,0.968,0.968,0.968,,1,1.0,0.0,57136.668
2026-08-30T15:52:17.341Z,66.369194,-147.352716,851.38,444.11,922.3,245.52,230.03,-3.16,-2.31,74.05,73.68,71.06,-394.23,0.0,0.952,0.958,0.955,0.343,4,1.0,0.0,57137.84
2026-08-30T15:52:18.281Z,66.369084,-147.353432,844.49,453.64,915.38,245.55,230.08,-3.03,-3.57,74.25,73.8,71.29,-431.74,0.0,0.986,0.986,0.986,,1,1.0,0.0,57138.789
2026-08-30T15:52:19.260Z,66.368971,-147.354189,836.89,437.11,908.32,246.31,230.86,-4.09,-3.96,74.26,73.85,71.43,-439.13,0.0,0.986,1.017,1.0,0.509,3,1.0,0.0,57139.789
2026-08-30T15:52:20.231Z,66.368864,-147.354942,830.48,429.35,902.37,247.27,231.82,-4.46,-4.56,74.36,73.93,71.4,-396.37,0.0,1.034,1.037,1.036,0.025,3,1.0,0.0,57140.758
2026-08-30T15:52:21.199Z,66.36876,-147.355698,825.12,413.45,896.55,248.53,233.09,-4.31,-3.67,74.31,73.86,71.32,-342.64,0.0,1.031,1.031,1.031,,1,1.0,0.0,57141.73
2026-08-30T15:52:22.181Z,66.36866,-147.356461,820.32,418.76,891.21,249.54,234.08,-4.43,-2.91,74.22,73.73,71.27,-305.58,0.0,1.012,1.015,1.013,0.107,3,1.0,0.0,57142.703
2026-08-30T15:52:23.174Z,66.368562,-147.357235,815.95,418.38,886.35,250.02,234.55,-4.21,-1.29,74.18,73.71,71.17,-273.09,0.0,1.011,1.016,1.013,0.195,3,1.0,0.0,57143.684
2026-08-30T15:52:24.312Z,66.368451,-147.358135,810.84,416.82,881.23,251.19,235.83,-2.88,-2.05,74.18,73.37,70.78,-295.52,0.0,0.951,0.969,0.96,0.015,2,1.0,0.0,57144.836
2026-08-30T15:52:25.345Z,66.368354,-147.358935,804.64,400.83,875.89,253.4,237.89,-4.42,-1.44,72.7,72.18,69.87,-340.28,0.0,0.96,0.96,0.96,,1,1.0,0.0,57145.859
2026-08-30T15:52:26.303Z,66.368267,-147.359675,799.19,394.97,870.48,250.85,235.25,-3.39,-1.42,72.98,72.56,70.01,-339.2,0.0,1.007,1.007,1.007,,1,1.0,0.0,57146.824
2026-08-30T15:52:27.300Z,66.368176,-147.360455,792.59,389.38,864.61,248.41,232.9,-2.11,-0.99,73.38,72.93,70.43,-411.55,0.0,0.928,0.953,0.94,0.135,3,1.0,0.0,57147.824
2026-08-30T15:52:28.294Z,66.368083,-147.361225,784.08,380.44,857.48,249.0,233.56,-1.93,0.46,73.99,73.62,71.03,-484.35,0.0,0.937,0.983,0.961,0.386,3,1.0,0.0,57148.812
2026-08-30T15:52:29.263Z,66.367991,-147.361983,775.28,375.95,849.43,249.45,233.98,-1.77,-0.68,74.97,74.83,72.25,-516.2,0.0,0.979,0.979,0.979,,1,1.0,0.0,57149.781
2026-08-30T15:52:30.256Z,66.367893,-147.362776,767.09,363.61,841.01,248.84,233.34,-1.57,0.47,75.63,75.17,72.64,-501.99,0.0,0.973,0.976,0.975,0.234,3,1.0,0.0,57150.773
2026-08-30T15:52:31.222Z,66.367797,-147.363546,758.85,365.88,832.41,248.64,233.15,-1.98,-0.76,76.04,75.59,73.14,-508.44,0.0,0.97,0.995,0.982,0.188,3,1.0,0.0,57151.734
2026-08-30T15:52:32.180Z,66.367699,-147.364315,751.02,367.8,824.52,248.54,233.06,-2.24,0.2,76.48,75.99,73.54,-489.18,0.0,1.015,1.015,1.015,,1,1.0,0.0,57152.684
2026-08-30T15:52:33.155Z,66.367597,-147.365111,743.5,368.69,816.71,248.53,233.05,-1.6,1.46,76.98,76.47,73.86,-473.07,0.0,0.999,1.022,1.012,0.571,3,1.0,0.0,57153.672
2026-08-30T15:52:34.332Z,66.367468,-147.366063,733.68,358.49,807.24,247.95,232.45,-1.36,1.92,77.48,76.96,74.31,-502.5,0.0,0.97,0.983,0.976,0.234,4,1.0,0.0,57154.879
2026-08-30T15:52:35.797Z,66.367302,-147.367246,720.75,343.19,794.91,246.4,230.88,-1.33,0.69,78.0,77.42,74.77,-529.08,0.0,0.996,0.996,0.996,,1,1.0,0.0,57156.355
2026-08-30T15:52:36.427Z,66.367228,-147.367756,715.04,337.81,789.92,245.78,230.27,-1.35,-1.18,78.15,77.57,74.94,-536.73,0.0,0.991,0.991,0.991,,1,1.0,0.0,57156.988
2026-08-30T15:52:37.498Z,66.367099,-147.368631,705.21,332.02,779.94,245.63,230.17,-2.08,-3.28,78.4,77.72,75.23,-541.16,0.0,0.988,0.988,0.988,,1,1.0,0.0,57158.094
2026-08-30T15:52:38.177Z,66.367019,-147.369171,699.47,326.14,772.34,246.31,230.87,-2.01,-2.48,78.56,77.93,75.29,-507.6,0.0,1.045,1.045,1.045,,1,1.0,0.0,57158.766
2026-08-30T15:52:39.251Z,66.36689,-147.370057,690.94,314.25,763.28,247.69,232.24,-0.17,-1.65,78.97,78.33,75.51,-511.28,0.0,0.969,1.014,0.992,0.538,3,1.0,0.0,57159.875
2026-08-30T15:52:40.402Z,66.366757,-147.371005,679.44,294.49,753.16,247.42,231.93,-0.41,-2.95,79.38,78.7,76.09,-592.9,0.0,0.953,0.953,0.953,,1,1.0,0.0,57161.035
2026-08-30T15:52:41.307Z,66.366651,-147.371753,669.95,281.1,744.91,247.31,231.86,-0.81,-4.31,79.58,78.86,76.37,-607.92,0.0,1.001,1.006,1.004,0.03,2,1.0,0.0,57161.934
2026-08-30T15:52:42.473Z,66.36652,-147.372722,658.21,270.14,733.53,249.09,233.69,-0.82,-2.53,79.67,78.91,76.42,-609.18,0.0,1.01,1.01,1.01,,1,1.0,0.0,57163.113
2026-08-30T15:52:43.196Z,66.36644,-147.373332,650.64,262.44,726.68,249.76,234.3,-0.46,-1.88,79.83,79.14,76.65,-615.66,0.0,1.001,1.001,1.001,,1,1.0,0.0,57163.848
2026-08-30T15:52:44.329Z,66.36632,-147.374286,639.01,247.19,714.83,249.11,233.62,-0.29,-2.49,80.21,79.48,77.04,-612.31,0.0,0.999,1.003,1.001,0.056,3,1.0,0.0,57164.973
2026-08-30T15:52:46.076Z,66.366134,-147.375771,621.77,215.5,697.4,249.95,234.53,-1.01,-0.68,80.32,79.56,77.27,-583.36,0.0,1.011,1.011,1.011,,1,1.0,0.0,57166.723
2026-08-30T15:52:46.801Z,66.366057,-147.376391,614.98,206.61,690.71,250.39,234.91,-0.14,0.54,80.51,79.62,77.37,-579.11,0.0,1.013,1.013,1.013,,1,1.0,0.0,57167.438
2026-08-30T15:52:47.976Z,66.365934,-147.377392,603.62,204.23,679.25,249.82,234.32,-0.95,-0.65,80.69,79.85,77.55,-566.03,0.0,1.032,1.032,1.032,,1,1.0,0.0,57168.625
2026-08-30T15:52:48.706Z,66.365855,-147.378021,596.95,203.34,672.0,249.53,234.05,-0.74,-0.36,80.81,79.95,77.59,-552.02,0.0,1.008,1.008,1.008,,1,1.0,0.0,57169.383
2026-08-30T15:52:49.469Z,66.365775,-147.378665,590.05,206.22,664.73,249.39,233.91,0.02,-0.71,80.92,80.12,77.7,-560.9,0.0,0.985,0.985,0.985,,1,1.0,0.0,57170.16
2026-08-30T15:52:50.736Z,66.365637,-147.379751,577.46,191.62,652.55,249.52,234.06,-0.12,-0.94,80.9,79.84,77.58,-612.15,0.0,0.973,0.973,0.973,,1,1.0,0.0,57171.434
2026-08-30T15:52:51.523Z,66.365552,-147.380417,568.94,183.51,644.98,249.51,234.02,-0.32,0.47,80.57,79.52,77.27,-623.37,0.0,1.025,1.025,1.025,,1,1.0,0.0,57172.23
2026-08-30T15:52:52.811Z,66.365411,-147.381514,555.35,168.85,631.86,248.86,233.35,-0.24,1.55,80.54,79.69,77.37,-622.65,0.0,1.027,1.027,1.027,,1,1.0,0.0,57173.52
2026-08-30T15:52:53.610Z,66.365323,-147.382183,547.12,158.66,623.98,248.3,232.8,-0.26,-1.66,80.7,79.74,77.46,-621.08,0.0,1.002,1.002,1.002,,1,1.0,0.0,57174.289
2026-08-30T15:52:54.877Z,66.365179,-147.383259,534.48,141.15,610.04,247.99,232.55,-1.52,-1.96,80.61,79.63,77.55,-578.98,0.0,1.037,1.037,1.037,,1,1.0,0.0,57175.555
2026-08-30T15:52:56.181Z,66.365033,-147.384368,524.38,136.33,598.08,249.37,233.89,-1.68,0.66,80.46,79.45,77.23,-449.99,0.0,1.067,1.067,1.067,,1,1.0,0.0,57176.809
2026-08-30T15:52:57.337Z,66.364902,-147.385349,516.48,149.83,589.39,248.28,232.75,-0.11,-0.35,80.43,79.42,77.02,-466.27,0.0,0.945,0.945,0.945,,1,1.0,0.0,57177.984
2026-08-30T15:52:58.068Z,66.364819,-147.385961,509.84,145.58,583.59,247.48,231.99,-0.09,-1.55,80.39,79.38,77.08,-535.43,0.0,0.916,0.916,0.916,,1,1.0,0.0,57178.73
2026-08-30T15:52:58.814Z,66.364734,-147.386589,502.22,136.2,576.93,247.44,231.98,0.08,-3.01,80.43,79.19,77.11,-591.45,0.0,0.97,0.97,0.97,,1,1.0,0.0,57179.477
2026-08-30T15:53:00.025Z,66.364596,-147.387613,488.77,119.46,563.91,248.41,232.99,-0.29,-3.24,80.46,79.39,77.15,-638.17,0.0,1.004,1.004,1.004,,1,1.0,0.0,57180.68
2026-08-30T15:53:00.761Z,66.364514,-147.388237,480.83,108.94,555.44,249.4,233.98,0.05,-2.7,80.41,79.26,77.12,-649.66,0.0,1.001,1.001,1.001,,1,1.0,0.0,57181.406
2026-08-30T15:53:01.487Z,66.364435,-147.388848,472.68,96.14,548.06,250.16,234.71,-0.46,-2.74,80.44,79.35,77.25,-664.69,0.0,0.973,0.973,0.973,,1,1.0,0.0,57182.113
2026-08-30T15:53:02.640Z,66.364311,-147.389829,460.15,80.77,535.84,250.52,235.05,-0.74,-2.15,80.33,79.15,77.17,-644.54,0.0,1.012,1.012,1.012,,1,1.0,0.0,57183.246
2026-08-30T15:53:03.331Z,66.364239,-147.390415,453.01,73.06,528.71,250.73,235.27,-1.45,-1.97,80.1,78.89,77.03,-621.92,0.0,1.02,1.02,1.02,,1,1.0,0.0,57183.93
2026-08-30T15:53:04.189Z,66.364151,-147.391147,444.95,62.79,517.55,251.07,235.62,-2.16,-1.25,79.7,78.45,76.67,-561.94,0.0,1.049,1.052,1.051,0.056,2,1.0,0.0,57184.781
2026-08-30T15:53:05.768Z,66.363992,-147.392486,432.96,49.52,504.38,251.3,235.83,-2.79,0.01,78.7,77.42,75.78,-451.48,0.0,1.03,1.03,1.03,,1,1.0,0.0,57186.352
2026-08-30T15:53:06.428Z,66.363926,-147.393034,428.64,45.95,498.94,251.22,235.74,-3.42,0.13,78.2,76.91,75.32,-412.11,0.0,1.027,1.027,1.027,,1,1.0,0.0,57187.0
2026-08-30T15:53:07.480Z,66.363822,-147.393908,422.74,40.19,493.25,250.77,235.28,-3.05,-0.38,77.38,76.03,74.43,-360.94,0.0,1.017,1.017,1.017,,1,1.0,0.0,57188.047
2026-08-30T15:53:08.321Z,66.363739,-147.394595,417.91,35.06,488.16,250.51,235.04,-3.91,-0.43,76.47,75.14,73.62,-345.34,0.0,0.99,1.007,0.998,0.271,2,1.0,0.0,57188.875
2026-08-30T15:53:09.333Z,66.363639,-147.395421,412.63,30.25,482.29,250.82,235.36,-3.5,0.37,75.43,74.05,72.52,-325.3,0.0,0.999,1.024,1.012,0.355,3,1.0,0.0,57189.883
2026-08-30T15:53:10.350Z,66.363541,-147.396218,407.31,26.58,477.8,250.87,235.4,-4.06,-0.53,74.25,72.87,71.41,-316.14,0.0,1.011,1.011,1.011,,1,1.0,0.0,57190.906
2026-08-30T15:53:11.183Z,66.363461,-147.396872,403.12,23.6,473.75,250.51,235.04,-4.3,-1.35,73.25,71.84,70.48,-309.55,0.0,1.004,1.008,1.006,0.16,2,1.0,0.0,57191.727
2026-08-30T15:53:12.203Z,66.363364,-147.397669,398.06,19.05,468.65,250.8,235.36,-5.01,-0.53,71.95,70.58,69.26,-289.92,0.0,1.009,1.021,1.015,0.06,3,1.0,0.0,57192.762
2026-08-30T15:53:13.234Z,66.363269,-147.398451,393.59,14.7,463.84,251.32,235.86,-5.02,0.15,70.71,69.36,68.05,-269.01,0.0,1.009,1.009,1.009,,1,1.0,0.0,57193.785
2026-08-30T15:53:14.251Z,66.363177,-147.399214,389.19,11.41,459.32,251.36,235.89,-4.81,1.3,69.57,68.28,66.95,-264.72,0.0,0.999,1.001,1.0,0.073,3,1.0,0.0,57194.797
2026-08-30T15:53:15.696Z,66.363045,-147.400281,382.58,7.91,452.76,250.5,235.13,-5.78,-0.5,67.8,66.4,64.96,-212.01,0.0,1.032,1.032,1.032,,1,1.0,0.0,57196.238
2026-08-30T15:53:16.317Z,66.362989,-147.400714,381.71,8.0,450.61,252.13,236.86,-5.21,-1.55,66.68,65.16,63.58,-151.92,1.0,1.027,1.027,1.027,,1,1.0,0.0,57196.863
2026-08-30T15:53:17.525Z,66.362885,-147.401551,381.01,7.8,447.98,252.49,237.45,-2.1,-1.67,60.82,58.73,56.61,-30.38,1.0,1.22,1.22,1.22,,1,1.0,0.0,57198.223
2026-08-30T15:53:18.306Z,66.362824,-147.402035,381.28,7.65,447.55,252.64,237.33,0.39,-1.2,57.02,54.91,53.0,-2.81,1.0,0.946,0.946,0.946,,1,1.0,0.0,57198.906
2026-08-30T15:53:19.162Z,66.362763,-147.402536,381.83,7.65,447.59,253.71,238.41,-0.1,0.24,52.05,50.11,48.16,18.31,1.0,0.932,1.038,0.986,2.86,2,1.0,0.0,57199.77
2026-08-30T15:53:20.266Z,66.362694,-147.403107,382.14,7.69,447.89,252.93,237.47,0.26,-0.79,46.01,44.16,42.23,10.82,1.0,0.99,0.99,0.99,,1,1.0,0.0,57200.863
2026-08-30T15:53:21.317Z,66.362637,-147.403587,382.12,7.62,448.02,254.37,238.94,0.55,1.42,40.42,38.58,36.67,1.58,1.0,0.968,1.012,0.991,2.565,3,1.0,0.0,57201.898
2026-08-30T15:53:22.375Z,66.362587,-147.40401,382.17,7.56,448.06,253.92,238.45,-2.08,0.01,36.84,36.22,34.57,11.5,1.0,0.982,0.982,0.982,,1,1.0,0.0,57202.957
2026-08-30T15:53:23.239Z,66.362549,-147.404337,382.39,7.71,448.2,253.7,238.27,0.62,0.49,35.51,33.83,32.11,14.54,1.0,0.959,0.997,0.979,0.321,2,1.0,0.0,57203.809
2026-08-30T15:53:24.296Z,66.362507,-147.404699,382.87,7.66,448.5,253.54,238.18,0.35,0.24,29.09,27.36,25.38,23.99,1.0,0.972,1.038,0.998,3.339,3,1.0,0.0,57204.961
2026-08-30T15:53:25.976Z,66.362457,-147.40512,383.9,7.58,449.32,253.82,238.38,0.2,-0.16,18.52,16.84,14.86,32.08,1.0,0.99,0.99,0.99,,1,1.0,0.0,57206.633
2026-08-30T15:53:26.747Z,66.362442,-147.405244,384.24,7.62,449.73,253.92,238.45,0.22,-0.07,13.18,11.57,9.54,26.76,1.0,0.982,0.982,0.982,,1,1.0,0.0,57207.395
2026-08-30T15:53:27.987Z,66.362428,-147.405361,384.64,7.61,450.26,253.76,238.28,-2.1,-0.23,7.89,7.6,5.85,18.11,1.0,0.992,0.992,0.992,,1,1.0,0.0,57208.656
2026-08-30T15:53:28.746Z,66.362422,-147.405411,384.83,7.67,450.5,252.77,237.21,-0.92,-0.1,7.38,7.12,5.41,13.53,1.0,1.023,1.023,1.023,,1,1.0,0.0,57209.418
2026-08-30T15:53:29.973Z,66.362412,-147.405481,385.04,7.62,450.79,245.5,229.36,-1.07,-0.14,6.84,6.65,4.67,9.94,1.0,1.011,1.011,1.011,,1,1.0,0.0,57210.66
2026-08-30T15:53:30.745Z,66.362403,-147.405516,385.12,7.59,450.92,232.4,216.26,-1.56,-0.05,6.98,6.94,4.68,9.33,1.0,0.996,0.996,0.996,,1,1.0,0.0,57211.43
2026-08-30T15:53:31.987Z,66.362383,-147.405556,385.33,7.66,451.11,205.93,189.28,-0.94,0.24,6.29,5.99,3.53,8.23,1.0,1.013,1.013,1.013,,1,1.0,0.0,57212.66
2026-08-30T15:53:32.749Z,66.362371,-147.405561,385.37,7.65,451.23,183.26,166.58,-1.15,0.2,5.88,5.7,3.52,4.68,1.0,0.994,0.994,0.994,,1,1.0,0.0,57213.406
2026-08-30T15:53:33.489Z,66.362359,-147.405554,385.39,7.62,451.29,162.25,145.69,-0.87,0.28,5.32,5.04,3.49,1.34,1.0,1.001,1.001,1.001,,1,1.0,0.0,57214.184
2026-08-30T15:53:34.732Z,66.362344,-147.40552,385.3,7.63,451.29,126.18,109.55,-0.62,0.79,4.22,3.89,3.73,-4.63,1.0,1.014,1.014,1.014,,1,1.0,0.0,57215.371
2026-08-30T15:53:35.985Z,66.362339,-147.405465,385.15,7.64,451.19,91.73,75.66,-0.95,0.57,3.68,3.73,4.89,-8.15,1.0,1.02,1.02,1.02,,1,1.0,0.0,57216.602
2026-08-30T15:53:37.121Z,66.362341,-147.405398,384.94,7.67,451.03,85.13,69.64,-0.48,0.37,4.52,4.64,6.0,-11.88,1.0,1.007,1.007,1.007,,1,1.0,0.0,57217.727
2026-08-30T15:53:37.805Z,66.362343,-147.405352,384.84,7.66,450.92,84.99,69.52,-0.61,0.21,5.17,5.3,6.62,-12.43,1.0,1.02,1.02,1.02,,1,1.0,0.0,57218.406
2026-08-30T15:53:38.479Z,66.362344,-147.4053,384.62,7.57,450.79,84.99,69.54,-0.42,0.3,5.8,5.95,7.29,-14.5,1.0,0.974,0.974,0.974,,1,1.0,0.0,57219.082
2026-08-30T15:53:39.598Z,66.362348,-147.405205,384.33,7.64,450.52,84.87,69.4,-0.37,0.28,6.95,7.05,8.38,-15.84,1.0,1.019,1.019,1.019,,1,1.0,0.0,57220.188
2026-08-30T15:53:40.266Z,66.36235,-147.40514,384.12,7.61,450.33,84.79,69.32,-0.19,0.3,7.59,7.7,9.07,-15.64,1.0,0.974,0.974,0.974,,1,1.0,0.0,57220.852
2026-08-30T15:53:41.166Z,66.362354,-147.405045,383.82,7.57,450.07,84.57,69.09,-0.59,0.07,8.6,8.71,10.06,-21.02,1.0,0.98,1.015,0.998,5.956,2,1.0,0.0,57221.746
2026-08-30T15:53:42.231Z,66.362359,-147.404921,383.46,7.62,449.72,82.23,66.54,-0.53,-0.36,9.65,9.71,11.23,-24.02,1.0,0.984,0.984,0.984,,1,1.0,0.0,57222.805
2026-08-30T15:53:43.268Z,66.362369,-147.404787,383.07,7.63,449.35,75.64,60.13,-0.7,-0.04,10.6,10.64,12.35,-21.09,1.0,0.992,1.053,1.018,1.748,3,1.0,0.0,57223.859
2026-08-30T15:53:44.347Z,66.362385,-147.404636,382.71,7.65,448.98,75.24,59.78,-0.44,0.08,11.79,11.8,13.53,-16.74,1.0,1.001,1.001,1.001,,1,1.0,0.0,57224.938
2026-08-30T15:53:45.490Z,66.362404,-147.40446,382.39,7.66,448.63,75.04,59.56,-0.83,-0.15,13.04,13.04,14.73,-19.23,1.0,0.994,0.994,0.994,,1,1.0,0.0,57226.086
2026-08-30T15:53:46.579Z,66.362423,-147.404281,382.18,7.71,448.33,74.83,59.36,-0.46,-0.14,14.1,14.05,15.76,-16.17,1.0,1.032,1.032,1.032,,1,1.0,0.0,57227.16
2026-08-30T15:53:47.233Z,66.362436,-147.404165,382.08,7.72,448.19,75.64,60.35,-1.04,-0.15,14.39,14.32,16.15,-14.53,1.0,1.057,1.057,1.057,,1,1.0,0.0,57227.797
2026-08-30T15:53:48.270Z,66.362452,-147.403975,381.89,7.67,447.97,82.56,67.38,-0.73,0.44,15.19,15.11,16.73,-8.68,1.0,0.985,1.049,1.011,6.973,3,1.0,0.0,57228.82
2026-08-30T15:53:49.283Z,66.362458,-147.403779,381.8,7.72,447.84,90.64,75.43,-0.49,-0.01,15.95,15.85,17.16,-6.6,1.0,1.001,1.001,1.001,,1,1.0,0.0,57229.824
2026-08-30T15:53:50.278Z,66.362452,-147.403583,381.75,7.61,447.76,98.35,83.13,-1.32,0.2,16.68,16.58,17.47,-3.47,1.0,0.968,1.01,0.994,1.693,3,1.0,0.0,57230.812
2026-08-30T15:53:51.278Z,66.362436,-147.403386,381.81,7.64,447.74,105.82,90.61,-0.75,0.34,17.35,17.18,17.61,4.53,1.0,1.006,1.006,1.006,,1,1.0,0.0,57231.816
2026-08-30T15:53:52.285Z,66.36241,-147.403194,382.1,7.63,447.86,113.62,98.4,-1.57,0.95,17.77,17.55,17.6,16.84,1.0,0.996,1.03,1.013,0.674,3,1.0,0.0,57232.828
2026-08-30T15:53:53.296Z,66.362374,-147.403011,382.61,7.64,448.19,120.56,105.19,-1.81,1.39,17.95,17.65,17.44,27.2,1.0,0.973,1.017,1.002,3.176,3,1.0,0.0,57233.844
2026-08-30T15:53:54.311Z,66.362331,-147.402836,382.95,7.65,448.64,121.2,105.77,-0.95,0.12,17.86,17.45,17.34,25.7,1.0,0.928,0.928,0.928,,1,1.0,0.0,57234.855
2026-08-30T15:53:55.388Z,66.362286,-147.402653,383.91,7.69,449.24,121.52,106.06,-1.44,2.06,17.55,17.15,16.89,42.87,1.0,0.964,0.964,0.964,,1,1.0,0.0,57235.93
2026-08-30T15:53:56.405Z,66.362246,-147.402484,384.37,7.63,449.85,121.13,105.65,-2.05,2.18,17.29,16.93,16.71,32.38,1.0,1.027,1.027,1.027,,1,1.0,0.0,57236.953
2026-08-30T15:53:57.222Z,66.362213,-147.402348,384.51,7.65,450.23,120.48,105.01,-0.45,1.99,17.33,17.12,16.87,0.86,1.0,0.914,0.948,0.931,6.418,2,1.0,0.0,57237.77
2026-08-30T15:53:58.234Z,66.362173,-147.402181,384.7,7.67,450.33,120.34,104.85,-2.64,0.93,16.65,16.24,15.92,32.95,1.0,1.014,1.139,1.066,4.091,3,1.0,0.0,57238.781
2026-08-30T15:53:59.258Z,66.362136,-147.40202,385.12,7.72,450.78,119.9,104.4,-0.54,-0.92,15.51,14.88,14.83,23.08,1.0,0.938,0.938,0.938,,1,1.0,0.0,57239.887
2026-08-30T15:54:00.362Z,66.362098,-147.401859,385.76,7.58,451.26,120.42,105.02,0.05,-1.7,14.16,13.61,13.39,21.87,1.0,0.953,1.026,0.992,6.889,3,1.0,0.0,57240.961
2026-08-30T15:54:01.469Z,66.362063,-147.401716,385.79,7.64,451.55,121.25,105.89,-2.61,1.35,12.62,12.21,11.94,24.13,1.0,1.021,1.021,1.021,,1,1.0,0.0,57242.074
2026-08-30T15:54:02.330Z,66.362039,-147.401615,386.26,7.57,451.88,121.86,106.42,0.35,-0.05,11.76,11.32,11.01,14.1,1.0,0.998,1.016,1.007,3.367,2,1.0,0.0,57242.926
2026-08-30T15:54:03.181Z,66.362016,-147.401524,386.12,7.64,452.02,123.69,108.39,-2.36,1.23,10.87,10.52,10.11,13.89,1.0,0.965,0.983,0.974,7.758,2,1.0,0.0,57243.777
2026-08-30T15:54:04.281Z,66.361987,-147.401422,386.73,7.59,452.31,129.39,114.11,-3.1,1.65,9.57,9.21,8.49,24.2,1.0,1.041,1.041,1.041,,1,1.0,0.0,57244.879
2026-08-30T15:54:05.462Z,66.361957,-147.40134,387.13,7.55,452.77,134.59,119.26,-2.3,2.57,8.35,8.03,7.06,17.48,1.0,0.989,0.989,0.989,,1,1.0,0.0,57246.102
2026-08-30T15:54:06.654Z,66.361928,-147.401276,387.0,7.56,453.0,142.3,127.2,0.04,2.89,7.8,7.69,6.47,-7.2,1.0,0.947,0.947,0.947,,1,1.0,0.0,57247.301
2026-08-30T15:54:07.386Z,66.36191,-147.401246,386.75,7.65,452.9,148.76,133.66,0.18,1.11,7.7,7.53,6.23,-13.83,1.0,0.979,0.979,0.979,,1,1.0,0.0,57248.039
2026-08-30T15:54:08.313Z,66.361886,-147.401217,386.68,7.76,452.73,155.21,140.02,-3.41,0.13,7.45,7.31,5.65,-2.83,1.0,1.023,1.037,1.03,1.596,2,1.0,0.0,57248.961
2026-08-30T15:54:09.516Z,66.361857,-147.401189,386.89,7.44,452.74,163.18,147.97,-0.01,1.57,7.06,6.77,4.8,10.44,1.0,1.031,1.031,1.031,,1,1.0,0.0,57250.188
2026-08-30T15:54:10.275Z,66.361841,-147.401179,387.01,7.65,452.84,166.51,151.19,-0.65,0.84,6.7,6.65,4.85,4.08,1.0,0.978,0.978,0.978,,1,1.0,0.0,57250.926
2026-08-30T15:54:11.202Z,66.36182,-147.401169,386.99,7.72,452.91,170.63,155.4,-3.14,0.14,7.32,7.35,5.25,0.98,1.0,0.998,1.0,0.999,0.965,2,1.0,0.0,57251.871
2026-08-30T15:54:12.446Z,66.361791,-147.401162,387.29,7.64,453.05,177.68,162.45,-1.36,0.19,7.28,7.18,4.97,9.18,1.0,0.991,0.991,0.991,,1,1.0,0.0,57253.121
2026-08-30T15:54:13.205Z,66.361773,-147.401163,387.37,7.6,453.18,182.22,167.0,-1.03,0.16,7.42,7.36,5.0,9.07,1.0,1.008,1.008,1.008,,1,1.0,0.0,57253.887
2026-08-30T15:54:14.372Z,66.361746,-147.401171,387.4,7.61,453.31,189.44,174.19,0.39,-0.05,7.82,7.81,5.41,0.24,1.0,0.991,0.995,0.993,0.335,3,1.0,0.0,57255.055
2026-08-30T15:54:16.190Z,66.361699,-147.401193,387.12,7.64,453.2,188.04,172.11,-1.67,-0.48,8.69,8.33,5.98,-1.59,1.0,1.008,1.008,1.008,,1,1.0,0.0,57256.887
2026-08-30T15:54:16.984Z,66.361677,-147.401195,387.28,7.7,453.18,174.1,157.81,-4.44,-0.15,8.01,7.86,5.89,3.63,1.0,1.011,1.011,1.011,,1,1.0,0.0,57257.672
2026-08-30T15:54:18.240Z,66.361645,-147.401171,387.76,7.51,453.42,156.23,140.35,-1.25,0.54,6.84,6.42,4.92,22.19,1.0,0.996,0.996,0.996,,1,1.0,0.0,57258.906
2026-08-30T15:54:18.990Z,66.36163,-147.40115,387.99,7.65,453.67,146.26,130.31,-2.18,0.27,6.23,6.09,4.83,13.11,1.0,0.981,0.981,0.981,,1,1.0,0.0,57259.637
2026-08-30T15:54:20.193Z,66.36161,-147.401105,388.0,7.47,453.89,131.28,115.31,0.2,0.17,5.63,5.52,5.02,1.89,1.0,0.978,0.978,0.978,,1,1.0,0.0,57260.832
2026-08-30T15:54:20.917Z,66.3616,-147.401071,387.92,7.59,453.91,121.64,105.62,0.31,-1.12,5.64,5.53,5.4,-5.31,1.0,1.0,1.0,1.0,,1,1.0,0.0,57261.57
2026-08-30T15:54:21.659Z,66.361592,-147.401029,387.73,7.58,453.83,109.02,92.87,0.27,-2.07,5.52,5.43,5.96,-13.95,1.0,0.994,0.994,0.994,,1,1.0,0.0,57262.332
2026-08-30T15:54:22.902Z,66.361588,-147.400944,387.39,7.5,453.57,86.38,70.22,-1.05,-2.04,5.36,5.23,6.56,-10.9,1.0,0.995,0.995,0.995,,1,1.0,0.0,57263.566
2026-08-30T15:54:23.646Z,66.361592,-147.400888,387.4,7.72,453.44,73.1,56.95,-1.6,-2.2,4.82,4.52,6.43,-3.76,1.0,1.043,1.043,1.043,,1,1.0,0.0,57264.297
2026-08-30T15:54:24.379Z,66.3616,-147.400839,387.52,7.58,453.42,59.92,43.82,-2.65,-2.7,4.23,4.01,6.0,3.75,1.0,1.005,1.005,1.005,,1,1.0,0.0,57265.008
2026-08-30T15:54:26.086Z,66.361628,-147.400745,387.3,7.69,453.38,54.45,38.98,-0.53,-0.37,3.74,3.74,5.91,-13.72,1.0,1.021,1.021,1.021,,1,1.0,0.0,57266.719
2026-08-30T15:54:26.806Z,66.361639,-147.400705,386.93,7.58,453.2,54.46,38.98,1.64,-0.16,3.97,3.95,6.15,-24.05,1.0,0.954,0.954,0.954,,1,1.0,0.0,57267.426
2026-08-30T15:54:27.953Z,66.361659,-147.400638,386.28,7.67,452.7,52.55,37.03,-0.34,0.63,4.37,4.29,6.54,-27.46,1.0,0.988,0.988,0.988,,1,1.0,0.0,57268.625
2026-08-30T15:54:28.718Z,66.361673,-147.400596,386.2,7.6,452.41,50.26,34.66,-0.59,-0.16,2.79,1.63,3.46,-8.84,1.0,1.035,1.035,1.035,,1,1.0,0.0,57269.316
2026-08-30T15:54:29.390Z,66.361681,-147.400573,386.21,7.63,452.29,48.8,33.33,0.07,-0.12,0.12,0.0,0.08,-5.03,1.0,0.972,0.972,0.972,,1,1.0,0.0,57270.0
2026-08-30T15:54:30.504Z,66.361681,-147.400573,386.29,7.7,452.25,48.67,33.2,-1.91,-0.27,0.0,0.0,0.09,-1.48,1.0,0.999,0.999,0.999,,1,1.0,0.0,57271.098
2026-08-30T15:54:31.179Z,66.361682,-147.400572,386.27,7.68,452.24,48.66,33.2,-1.66,-0.18,0.0,0.0,0.06,-0.78,1.0,0.999,0.999,0.999,,1,1.0,0.0,57271.758
2026-08-30T15:54:32.247Z,66.361681,-147.400573,386.28,7.68,452.23,48.66,33.2,-1.7,-0.17,0.0,0.0,0.02,-0.28,1.0,0.999,1.0,0.999,0.008,3,1.0,0.0,57272.816
2026-08-30T15:54:33.296Z,66.361681,-147.400573,386.28,7.68,452.23,48.66,33.2,-1.79,-0.22,0.0,0.0,0.01,-0.09,1.0,1.0,1.0,1.0,,1,1.0,0.0,57273.852
2026-08-30T15:54:34.321Z,66.361681,-147.400573,386.27,7.68,452.23,48.66,33.2,-1.72,-0.23,0.0,0.0,0.01,-0.06,1.0,0.999,1.0,0.999,0.009,3,1.0,0.0,57274.867
2026-08-30T15:54:35.810Z,66.361681,-147.400573,386.27,7.68,452.23,48.66,33.2,-1.7,-0.24,0.0,0.0,0.0,-0.02,1.0,0.999,0.999,0.999,,1,1.0,0.0,57276.363
2026-08-30T15:54:36.440Z,66.361681,-147.400573,386.27,7.68,452.23,48.66,33.2,-1.71,-0.2,0.0,0.0,0.0,-0.02,1.0,0.999,0.999,0.999,,1,1.0,0.0,57276.992
2026-08-30T15:54:37.458Z,66.361681,-147.400573,386.27,7.68,452.23,48.66,33.2,-1.73,-0.23,0.0,0.0,0.0,0.01,1.0,0.999,0.999,0.999,,1,1.0,0.0,57278.012
2026-08-30T15:54:38.283Z,66.361681,-147.400573,386.27,7.68,452.23,48.66,33.2,-1.7,-0.19,0.0,0.0,0.01,-0.0,1.0,0.999,0.999,0.999,0.002,2,1.0,0.0,57278.844
2026-08-30T15:54:39.313Z,66.361681,-147.400573,386.27,7.68,452.23,48.66,33.2,-1.7,-0.21,0.0,0.0,0.01,-0.03,1.0,1.0,1.0,1.0,0.003,3,1.0,0.0,57279.871
2026-08-30T15:54:40.337Z,66.361681,-147.400573,386.28,7.68,452.23,48.66,33.2,-1.73,-0.14,0.0,0.0,0.01,0.01,1.0,1.0,1.0,1.0,,1,1.0,0.0,57280.898
2026-08-30T15:54:41.172Z,66.361681,-147.400573,386.27,7.68,452.23,48.66,33.2,-1.71,-0.24,0.0,0.0,0.0,-0.0,1.0,0.999,1.0,0.999,0.004,2,1.0,0.0,57281.727
2026-08-30T15:54:42.196Z,66.361681,-147.400573,386.27,7.68,452.23,48.66,33.2,-1.68,-0.22,0.0,0.0,0.01,-0.01,1.0,0.999,1.0,0.999,0.014,3,1.0,0.0,57282.75
2026-08-30T15:54:43.216Z,66.361681,-147.400573,386.28,7.68,452.23,48.66,33.2,-1.7,-0.21,0.0,0.0,0.01,-0.02,1.0,1.0,1.0,1.0,,1,1.0,0.0,57283.77
2026-08-30T15:54:44.242Z,66.361681,-147.400573,386.27,7.68,452.23,48.65,33.19,-1.66,-0.17,0.0,0.0,0.02,-0.01,1.0,1.0,1.0,1.0,0.01,3,1.0,0.0,57284.793
2026-08-30T15:54:45.722Z,66.361682,-147.400572,386.26,7.67,452.22,48.42,32.96,-1.74,-0.2,0.0,0.0,0.29,0.08,1.0,0.999,0.999,0.999,,1,1.0,0.0,57286.277
2026-08-30T15:54:46.352Z,66.361682,-147.40057,386.27,7.69,452.22,48.41,32.95,-1.57,-0.2,0.0,0.0,0.47,0.29,1.0,0.997,0.997,0.997,,1,1.0,0.0,57286.914
2026-08-30T15:54:47.393Z,66.361684,-147.400565,386.29,7.7,452.23,48.21,32.73,-1.66,-0.46,0.0,0.0,0.95,0.29,1.0,0.996,0.996,0.996,,1,1.0,0.0,57287.957
2026-08-30T15:54:48.237Z,66.361687,-147.400558,386.3,7.67,452.24,47.15,31.62,-1.69,-0.75,0.0,0.0,1.58,1.65,1.0,0.993,1.003,0.998,0.275,2,1.0,0.0,57288.805
2026-08-30T15:54:49.260Z,66.361692,-147.400544,386.37,7.65,452.28,44.03,28.42,-1.76,-0.97,0.0,0.0,2.4,3.67,1.0,0.992,1.005,1.0,0.421,3,1.0,0.0,57289.844
2026-08-30T15:54:50.331Z,66.361702,-147.400525,386.47,7.62,452.35,36.45,20.66,-2.32,-0.51,0.47,0.56,3.06,4.3,1.0,1.004,1.004,1.004,,1,1.0,0.0,57290.926
2026-08-30T15:54:51.175Z,66.361712,-147.400509,386.57,7.71,452.43,29.32,13.58,-2.09,-0.69,0.75,0.76,3.28,5.65,1.0,0.986,1.011,0.998,1.85,2,1.0,0.0,57291.766
2026-08-30T15:54:52.219Z,66.361727,-147.400494,386.7,7.72,452.54,20.69,4.95,-2.38,-0.75,0.67,0.63,3.15,3.93,1.0,0.968,1.029,1.004,2.313,3,1.0,0.0,57292.793
2026-08-30T15:54:53.277Z,66.361741,-147.400485,386.76,7.56,452.64,12.43,356.77,-2.33,-0.99,0.17,0.0,2.26,7.41,1.0,0.994,0.994,0.994,,1,1.0,0.0,57293.832
2026-08-30T15:54:54.299Z,66.361751,-147.400482,386.9,7.6,452.75,7.56,352.01,-1.83,-0.48,0.0,0.0,1.11,5.88,1.0,0.988,1.003,0.998,0.124,3,1.0,0.0,57294.859
2026-08-30T15:54:55.785Z,66.361756,-147.400481,386.94,7.57,452.86,6.35,350.9,-1.63,-0.47,0.0,0.0,0.04,2.0,1.0,0.998,0.998,0.998,,1,1.0,0.0,57296.32
2026-08-30T15:54:56.389Z,66.361756,-147.400481,386.95,7.57,452.88,6.36,350.9,-1.86,-0.48,0.0,0.0,0.02,1.15,1.0,0.999,0.999,0.999,,1,1.0,0.0,57296.926
2026-08-30T15:54:57.395Z,66.361756,-147.400481,386.95,7.57,452.89,6.35,350.89,-1.73,-0.48,0.0,0.0,0.01,0.4,1.0,1.0,1.0,1.0,,1,1.0,0.0,57297.953
2026-08-30T15:54:58.215Z,66.361756,-147.400481,386.95,7.57,452.9,6.35,350.89,-1.74,-0.48,0.0,0.0,0.0,0.16,1.0,0.999,0.999,0.999,0.033,2,1.0,0.0,57298.754
2026-08-30T15:54:59.223Z,66.361756,-147.400481,386.95,7.57,452.9,6.35,350.89,-1.76,-0.48,0.0,0.0,0.0,0.06,1.0,0.999,1.0,1.0,0.035,3,1.0,0.0,57299.758
2026-08-30T15:55:00.216Z,66.361756,-147.400481,386.95,7.57,452.9,6.35,350.89,-1.75,-0.48,0.0,0.0,0.0,0.03,1.0,0.999,0.999,0.999,,1,1.0,0.0,57300.762
2026-08-30T15:55:01.206Z,66.361756,-147.400481,386.95,7.57,452.91,6.35,350.89,-1.75,-0.48,0.0,0.0,0.0,0.03,1.0,0.999,1.0,0.999,0.036,3,1.0,0.0,57301.73
2026-08-30T15:55:02.170Z,66.361756,-147.400481,386.95,7.57,452.9,6.35,350.89,-1.75,-0.48,0.0,0.0,0.0,0.02,1.0,0.999,0.999,0.999,,1,1.0,0.0,57302.668
2026-08-30T15:55:03.323Z,66.361756,-147.400481,386.95,7.57,452.9,6.35,350.89,-1.75,-0.48,0.0,0.0,0.0,0.02,1.0,0.999,1.0,0.999,0.034,4,1.0,0.0,57303.797
2026-08-30T15:55:04.193Z,66.361756,-147.400481,386.95,7.57,452.9,6.35,350.89,-1.74,-0.48,0.0,0.0,0.0,-0.01,1.0,1.0,1.0,1.0,,1,1.0,0.0,57304.688
2026-08-30T15:55:05.151Z,66.361756,-147.400481,386.95,7.57,452.91,6.35,350.89,-1.74,-0.48,0.0,0.0,0.0,-0.02,1.0,1.0,1.0,1.0,,1,1.0,0.0,57305.602
2026-08-30T15:55:06.262Z,66.361756,-147.400481,386.95,7.57,452.91,6.35,350.89,-1.74,-0.48,0.0,0.0,0.0,-0.02,1.0,0.999,1.0,1.0,0.035,4,1.0,0.0,57306.688
2026-08-30T15:55:07.251Z,66.361756,-147.400481,386.95,7.57,452.9,6.35,350.89,-1.74,-0.48,0.0,0.0,0.0,-0.02,1.0,0.999,1.0,1.0,0.032,2,1.0,0.0,57307.668
2026-08-30T15:55:08.336Z,66.361756,-147.400481,386.95,7.57,452.9,6.35,350.89,-1.74,-0.48,0.0,0.0,0.0,-0.02,1.0,0.999,1.0,1.0,0.036,4,1.0,0.0,57308.738
2026-08-30T15:55:09.266Z,66.361756,-147.400481,386.95,7.57,452.9,6.35,350.89,-1.74,-0.48,0.0,0.0,0.0,-0.01,1.0,0.999,1.0,0.999,0.0,2,1.0,0.0,57309.66
2026-08-30T15:55:10.298Z,66.361756,-147.400481,386.95,7.57,452.9,6.35,350.89,-1.74,-0.48,0.0,0.0,0.0,0.0,1.0,0.999,1.0,1.0,0.031,4,1.0,0.0,57310.684
2026-08-30T15:55:11.402Z,,-147.400481,,7.57,452.9,6.35,350.89,-1.74,-0.48,0.0,0.0,0.0,0.0,1.0,0.999,1.0,1.0,0.029,4,1.0,0.0,57312.285
2026-08-30T15:55:12.774Z,66.361756,-147.400481,386.95,7.57,452.91,6.35,350.89,-1.74,-0.48,0.0,0.0,0.0,0.0,1.0,1.0,1.0,1.0,,1,1.0,0.0,57313.355
2026-08-30T15:55:13.440Z,66.361756,-147.400481,386.95,7.57,452.9,6.35,350.89,-1.74,-0.48,0.0,0.0,0.0,0.0,1.0,1.0,1.0,1.0,,1,1.0,0.0,57314.113
2026-08-30T15:55:14.649Z,66.361756,-147.400481,386.95,7.57,452.9,6.35,350.89,-1.74,-0.48,0.0,0.0,0.0,0.0,1.0,1.0,1.0,1.0,,1,1.0,0.0,57315.277
2026-08-30T15:55:15.869Z,66.361756,-147.400481,386.95,7.57,452.9,6.35,350.89,-1.74,-0.48,0.0,0.0,0.0,0.0,1.0,1.0,1.0,1.0,,1,1.0,0.0,57316.469
2026-08-30T15:55:17.003Z,66.361756,-147.400481,386.95,7.57,452.9,6.35,350.89,-1.74,-0.48,0.0,0.0,0.0,0.0,1.0,1.0,1.0,1.0,,1,1.0,0.0,57317.602
2026-08-30T15:55:17.679Z,66.361756,-147.400481,386.95,7.57,452.9,6.35,350.89,-1.74,-0.48,0.0,0.0,0.0,0.0,1.0,1.0,1.0,1.0,,1,1.0,0.0,57318.27
2026-08-30T15:55:18.346Z,66.361756,-147.400481,386.95,7.57,452.91,6.35,350.89,-1.74,-0.48,0.0,0.0,0.0,0.0,1.0,1.0,1.0,1.0,,1,1.0,0.0,57318.949
2026-08-30T15:55:19.458Z,66.361756,-147.400481,386.95,7.57,452.9,6.35,350.89,-1.74,-0.48,0.0,0.0,0.0,0.0,1.0,1.0,1.0,1.0,,1,1.0,0.0,57320.016
2026-08-30T15:55:20.284Z,66.361756,-147.400481,386.95,7.57,452.91,6.35,350.89,-1.74,-0.48,0.0,0.0,0.0,0.0,1.0,1.0,1.0,1.0,0.0,2,1.0,0.0,57320.969
2026-08-30T15:55:21.249Z,66.361756,-147.400481,386.95,7.57,452.9,6.35,350.89,-1.74,-0.48,0.0,0.0,0.0,0.0,1.0,1.0,1.0,1.0,0.0,2,1.0,0.0,57321.992
2026-08-30T15:55:22.548Z,66.361756,-147.400481,386.95,7.57,452.9,6.35,350.89,-1.74,-0.48,0.0,0.0,0.0,-0.0,1.0,1.0,1.0,1.0,,1,1.0,0.0,57323.172
2026-08-30T15:55:23.252Z,66.361756,-147.400481,386.95,7.57,452.9,6.35,350.89,-1.74,-0.48,0.0,0.0,0.0,-0.0,1.0,1.0,1.0,1.0,,1,1.0,0.0,57323.871
2026-08-30T15:55:24.355Z,66.361756,-147.400481,386.95,7.57,452.91,6.35,350.89,-1.74,-0.48,0.0,0.0,0.0,-0.0,1.0,1.0,1.0,1.0,0.0,3,1.0,0.0,57324.977
2026-08-30T15:55:26.013Z,66.361756,-147.400481,386.95,7.57,452.91,6.35,350.89,-1.74,-0.48,0.0,0.0,0.0,0.0,1.0,1.0,1.0,1.0,,1,1.0,0.0,57326.641
2026-08-30T15:55:26.720Z,66.361756,-147.400481,386.95,7.57,452.9,6.35,350.89,-1.74,-0.48,0.0,0.0,0.0,-0.0,1.0,1.0,1.0,1.0,,1,1.0,0.0,57327.352
2026-08-30T15:55:27.892Z,66.361756,-147.400481,386.95,7.57,452.91,6.35,350.89,-1.75,-0.48,0.0,0.0,0.0,0.01,1.0,1.0,1.0,1.0,,1,1.0,0.0,57328.457
2026-08-30T15:55:28.530Z,66.361756,-147.400481,386.95,7.57,452.91,6.35,350.89,-1.75,-0.48,0.0,0.0,0.0,-0.01,1.0,0.999,0.999,0.999,,1,1.0,0.0,57329.078
2026-08-30T15:55:29.339Z,66.361756,-147.400481,386.95,7.57,452.91,6.35,350.89,-1.74,-0.48,0.0,0.0,0.0,0.01,1.0,1.0,1.0,1.0,0.04,2,1.0,0.0,57329.871
2026-08-30T15:55:30.313Z,66.361756,-147.400481,386.95,7.57,452.91,6.35,350.89,-1.74,-0.48,0.0,0.0,0.0,-0.01,1.0,1.0,1.0,1.0,,1,1.0,0.0,57330.824
2026-08-30T15:55:31.282Z,66.361756,-147.400481,386.95,7.57,452.9,6.35,350.89,-1.74,-0.48,0.0,0.0,0.0,-0.02,1.0,0.999,1.0,1.0,0.029,3,1.0,0.0,57331.738
2026-08-30T15:55:32.209Z,66.361756,-147.400481,386.95,7.57,452.91,6.35,350.89,-1.75,-0.48,0.0,0.0,0.0,0.0,1.0,0.999,1.0,1.0,0.036,3,1.0,0.0,57332.684
2026-08-30T15:55:33.271Z,66.361756,-147.400481,386.95,7.57,452.91,6.35,350.89,-1.75,-0.48,0.0,0.0,0.0,0.0,1.0,0.999,0.999,0.999,0.038,2,1.0,0.0,57333.73
2026-08-30T15:55:34.193Z,66.361756,-147.400481,386.95,7.57,452.9,6.35,350.89,-1.75,-0.48,0.0,0.0,0.0,0.02,1.0,0.999,1.0,0.999,0.033,3,1.0,0.0,57334.637
2026-08-30T15:55:35.262Z,66.361756,-147.400481,386.95,7.57,452.9,6.35,350.89,-1.75,-0.48,0.0,0.0,0.0,0.02,1.0,0.999,1.0,0.999,0.033,2,1.0,0.0,57335.691
2026-08-30T15:55:36.248Z,66.361756,-147.400481,386.95,7.57,452.9,6.35,350.89,-1.75,-0.48,0.0,0.0,0.0,0.01,1.0,0.999,1.0,1.0,0.003,2,1.0,0.0,57336.66
2026-08-30T15:55:37.322Z,66.361756,-147.400481,386.95,7.57,452.9,6.35,350.89,-1.75,-0.48,0.0,0.0,0.0,0.02,1.0,0.999,1.0,0.999,0.033,4,1.0,0.0,57337.723
2026-08-30T15:55:38.274Z,66.361756,-147.400481,386.95,7.57,452.9,6.35,350.89,-1.74,-0.48,0.0,0.0,0.0,-0.01,1.0,0.999,1.0,1.0,0.032,2,1.0,0.0,57338.664
2026-08-30T15:55:39.312Z,66.361756,-147.400481,386.95,7.57,452.9,6.35,350.89,-1.74,-0.48,0.0,0.0,0.0,-0.01,1.0,0.999,1.0,1.0,0.03,4,1.0,0.0,57339.691
2026-08-30T15:55:40.143Z,66.361756,-147.400481,386.95,7.57,452.9,6.35,350.89,-1.75,-0.48,0.0,0.0,0.0,0.0,1.0,0.999,1.0,1.0,0.028,3,1.0,0.0,57340.523
2026-08-30T15:55:41.231Z,66.361756,-147.400481,386.95,7.57,452.9,6.35,350.89,-1.74,-0.48,0.0,0.0,0.0,-0.01,1.0,0.999,1.0,1.0,0.033,3,1.0,0.0,57341.598
2026-08-30T15:55:42.242Z,66.361756,-147.400481,386.95,7.57,452.9,6.35,350.89,-1.75,-0.48,0.0,0.0,0.0,0.0,1.0,0.999,1.0,1.0,0.032,4,1.0,0.0,57342.594
2026-08-30T15:55:43.300Z,66.361756,-147.400481,386.95,7.57,452.9,6.35,350.89,-1.74,-0.48,0.0,0.0,0.0,0.0,1.0,0.999,1.0,1.0,0.028,3,1.0,0.0,57343.645
2026-08-30T15:55:44.296Z,66.361756,-147.400481,386.95,7.57,452.91,6.35,350.89,-1.75,-0.48,0.0,0.0,0.0,0.01,1.0,0.999,1.0,1.0,0.03,4,1.0,0.0,57344.641
2026-08-30T15:55:45.240Z,66.361756,-147.400481,386.95,7.57,452.9,6.35,350.89,-1.75,-0.48,0.0,0.0,0.0,0.02,1.0,0.999,0.999,0.999,,1,1.0,0.0,57345.574
2026-08-30T15:55:46.217Z,66.361756,-147.400481,386.95,7.57,452.9,6.35,350.89,-1.75,-0.48,0.0,0.0,0.0,0.01,1.0,0.999,1.0,0.999,0.035,4,1.0,0.0,57346.574
2026-08-30T15:55:47.225Z,66.361756,-147.400481,386.95,7.57,452.9,6.35,350.89,-1.74,-0.48,0.0,0.0,0.0,-0.01,1.0,0.999,1.0,0.999,0.033,4,1.0,0.0,57347.559
2026-08-30T15:55:48.248Z,66.361756,-147.400481,386.95,7.57,452.9,6.35,350.89,-1.74,-0.48,0.0,0.0,0.0,-0.01,1.0,0.999,1.0,0.999,0.028,3,1.0,0.0,57348.586
2026-08-30T15:55:49.238Z,66.361756,-147.400481,386.95,7.57,452.9,6.35,350.89,-1.74,-0.48,0.0,0.0,0.0,-0.02,1.0,0.999,1.0,1.0,0.032,4,1.0,0.0,57349.594
2026-08-30T15:55:50.287Z,66.361756,-147.400481,386.95,7.57,452.9,6.35,350.89,,,0.0,0.0,0.0,0.0,1.0,0.999,1.0,0.999,0.032,3,1.0,0.0,57350.855
2026-08-30T15:55:51.310Z,66.361756,-147.400481,386.95,7.57,452.9,6.35,350.89,-1.73,-0.48,0.0,0.0,0.0,-0.02,1.0,0.999,1.0,1.0,0.036,3,1.0,0.0,57351.68
2026-08-30T15:55:52.174Z,66.361756,-147.400481,386.95,7.57,452.9,6.35,350.89,-1.75,-0.48,0.0,0.0,0.0,0.01,1.0,0.999,1.0,0.999,0.019,2,1.0,0.0,57352.504
2026-08-30T15:55:53.145Z,66.361756,-147.400481,386.95,7.57,452.9,6.35,350.89,-1.75,-0.48,0.0,0.0,0.0,0.02,1.0,0.999,1.0,0.999,0.033,4,1.0,0.0,57353.469
2026-08-30T15:55:54.325Z,66.361756,-147.400481,386.95,7.57,452.9,6.35,350.89,-1.74,-0.48,0.0,0.0,0.0,-0.0,1.0,0.999,1.0,0.999,0.031,5,1.0,0.0,57354.648
2026-08-30T15:55:55.213Z,66.361756,-147.400481,386.95,7.57,452.9,6.35,350.89,-1.75,-0.48,0.0,0.0,0.0,0.02,1.0,0.999,0.999,0.999,,1,1.0,0.0,57355.535
2026-08-30T15:55:56.182Z,66.361756,-147.400481,386.95,7.57,452.9,6.35,350.89,-1.75,-0.48,0.0,0.0,0.0,0.0,1.0,0.999,1.0,0.999,0.035,4,1.0,0.0,57356.492
2026-08-30T15:55:57.130Z,66.361756,-147.400481,386.95,7.57,452.9,6.35,350.89,-1.74,-0.48,0.0,0.0,0.0,-0.02,1.0,0.999,1.0,0.999,0.033,4,1.0,0.0,57357.465
2026-08-30T15:55:58.139Z,66.361756,-147.400481,386.95,7.57,452.9,6.35,350.89,-1.74,-0.48,0.0,0.0,0.0,-0.02,1.0,0.999,1.0,0.999,0.033,3,1.0,0.0,57358.473
2026-08-30T15:55:59.310Z,66.361756,-147.400481,386.95,7.57,452.9,6.35,350.89,-1.75,-0.48,0.0,0.0,0.0,0.01,1.0,0.999,1.0,1.0,0.031,5,1.0,0.0,57359.645
2026-08-30T15:56:00.336Z,66.361756,-147.400481,386.95,7.57,452.9,6.35,350.89,-1.74,-0.48,0.0,0.0,0.0,0.0,1.0,0.999,1.0,0.999,0.032,3,1.0,0.0,57360.676
2026-08-30T15:56:01.327Z,66.361756,-147.400481,386.95,7.57,452.9,6.35,350.89,-1.74,-0.48,0.0,0.0,0.0,-0.01,1.0,0.999,1.0,0.999,0.031,4,1.0,0.0,57361.656
2026-08-30T15:56:02.140Z,66.361756,-147.400481,386.95,7.57,452.9,6.35,350.89,-1.75,-0.48,0.0,0.0,0.0,0.01,1.0,0.999,1.0,0.999,0.005,2,1.0,0.0,57362.488
2026-08-30T15:56:03.329Z,66.361756,-147.400481,386.95,7.57,452.9,6.35,350.89,-1.74,-0.48,0.0,0.0,0.0,-0.02,1.0,0.999,1.0,1.0,0.035,5,1.0,0.0,57363.68
2026-08-30T15:56:04.185Z,66.361756,-147.400481,386.95,7.57,452.9,6.35,350.89,-1.75,-0.48,0.0,0.0,0.0,0.02,1.0,0.999,1.0,0.999,0.034,2,1.0,0.0,57364.516
2026-08-30T15:56:05.236Z,66.361756,-147.400481,386.95,7.57,452.9,6.35,350.89,-1.75,-0.48,0.0,0.0,0.0,0.02,1.0,0.999,1.0,1.0,0.028,3,1.0,0.0,57365.566
2026-08-30T15:56:06.203Z,66.361756,-147.400481,386.95,7.57,452.9,6.35,350.89,-1.75,-0.48,0.0,0.0,0.0,0.02,1.0,0.999,1.0,0.999,0.034,4,1.0,0.0,57366.547
2026-08-30T15:56:07.223Z,66.361756,-147.400481,386.95,7.57,452.9,6.35,350.89,-1.75,-0.48,0.0,0.0,0.0,-0.01,1.0,0.999,1.0,0.999,0.038,3,1.0,0.0,57367.863
2026-08-30T15:56:08.340Z,66.361756,-147.400481,386.95,7.57,452.9,6.35,350.89,-1.74,-0.48,0.0,0.0,0.0,-0.0,1.0,0.999,1.0,1.0,0.032,3,1.0,0.0,57368.859
2026-08-30T15:56:09.307Z,66.361756,-147.400481,386.95,7.57,452.9,6.35,350.89,-1.75,-0.48,0.0,0.0,0.0,0.01,1.0,0.999,0.999,0.999,,1,1.0,0.0,57369.84
2026-08-30T15:56:10.307Z,66.361756,-147.400481,386.95,7.57,452.9,6.35,350.89,-1.75,-0.48,0.0,0.0,0.0,0.01,1.0,0.999,1.0,0.999,0.024,3,1.0,0.0,57370.848
2026-08-30T15:56:11.306Z,66.361756,-147.400481,386.95,7.57,452.9,6.35,350.89,-1.75,-0.48,0.0,0.0,0.0,0.01,1.0,0.999,1.0,0.999,0.019,3,1.0,0.0,57371.875
2026-08-30T15:56:12.282Z,66.361756,-147.400481,386.95,7.57,452.9,6.35,350.89,-1.74,-0.48,0.0,0.0,0.0,0.01,1.0,1.0,1.0,1.0,,1,1.0,0.0,57372.828
2026-08-30T15:56:13.288Z,66.361756,-147.400481,386.95,7.57,452.9,6.35,350.89,-1.74,-0.48,0.0,0.0,0.0,-0.0,1.0,0.999,1.0,0.999,0.025,3,1.0,0.0,57373.82
2026-08-30T15:56:14.309Z,66.361756,-147.400481,386.95,7.57,452.9,6.35,350.89,-1.74,-0.48,0.0,0.0,0.0,-0.01,1.0,0.999,1.0,1.0,0.027,3,1.0,0.0,57374.816
2026-08-30T15:56:15.591Z,66.361756,-147.400481,386.95,7.57,452.9,6.35,350.89,-1.75,-0.48,0.0,0.0,0.0,0.01,1.0,0.999,0.999,0.999,,1,1.0,0.0,57376.027
2026-08-30T15:56:16.276Z,66.361756,-147.400481,386.95,7.57,452.9,6.35,350.89,-1.74,-0.48,0.0,0.0,0.0,-0.01,1.0,0.999,1.0,0.999,0.006,2,1.0,0.0,57376.715
2026-08-30T15:56:17.160Z,66.361756,-147.400481,386.95,7.57,452.9,6.35,350.89,-1.75,-0.48,0.0,0.0,0.0,0.01,1.0,0.999,1.0,0.999,0.027,3,1.0,0.0,57377.59
2026-08-30T15:56:18.146Z,66.361756,-147.400481,386.95,7.57,452.9,6.35,350.89,-1.75,-0.48,0.0,0.0,0.0,0.01,1.0,0.999,1.0,0.999,0.008,2,1.0,0.0,57378.566
2026-08-30T15:56:19.205Z,66.361756,-147.400481,386.95,7.57,452.9,6.35,350.89,-1.75,-0.48,0.0,0.0,0.0,0.01,1.0,0.999,1.0,0.999,0.024,4,1.0,0.0,57379.609
2026-08-30T15:56:20.139Z,66.361756,-147.400481,386.95,7.57,452.9,6.35,350.89,-1.74,-0.48,0.0,0.0,0.0,-0.01,1.0,0.999,1.0,1.0,0.024,2,1.0,0.0,57380.535
2026-08-30T15:56:21.190Z,66.361756,-147.400481,386.95,7.57,452.9,6.35,350.89,-1.74,-0.48,0.0,0.0,0.0,-0.01,1.0,0.999,1.0,1.0,0.021,4,1.0,0.0,57381.578
2026-08-30T15:56:22.224Z,66.361756,-147.400481,386.95,7.57,452.9,6.35,350.89,-1.74,-0.48,0.0,0.0,0.0,-0.01,1.0,0.999,1.0,1.0,0.024,4,1.0,0.0,57382.598
2026-08-30T15:56:23.309Z,66.361756,-147.400481,386.95,7.57,452.9,6.35,350.89,-1.75,-0.48,0.0,0.0,0.0,0.01,1.0,0.999,1.0,0.999,0.019,3,1.0,0.0,57383.984
2026-08-30T15:56:24.257Z,66.361756,-147.400481,386.95,7.57,452.9,6.35,350.89,-1.74,-0.48,0.0,0.0,0.0,0.0,1.0,0.999,1.0,1.0,0.028,2,1.0,0.0,57384.859
2026-08-30T15:56:26.049Z,66.361756,-147.400481,386.95,7.57,452.9,6.35,350.89,-1.75,-0.48,0.0,0.0,0.0,0.0,1.0,0.999,0.999,0.999,,1,1.0,0.0,57386.652
2026-08-30T15:56:26.732Z,66.361756,-147.400481,386.95,7.57,452.9,6.35,350.89,-1.75,-0.48,0.0,0.0,0.0,-0.0,1.0,1.0,1.0,1.0,,1,1.0,0.0,57387.289
2026-08-30T15:56:27.759Z,66.361756,-147.400481,386.95,7.57,452.9,6.35,350.89,-1.75,-0.48,0.0,0.0,0.0,-0.0,1.0,1.0,1.0,1.0,,1,1.0,0.0,57388.262
2026-08-30T15:56:28.325Z,66.361756,-147.400481,386.95,7.57,452.9,6.35,350.89,-1.75,-0.48,0.0,0.0,0.0,-0.0,1.0,1.0,1.0,1.0,,1,1.0,0.0,57388.77
2026-08-30T15:56:29.218Z,66.361756,-147.400481,386.95,7.57,452.9,6.35,350.89,-1.75,-0.48,0.0,0.0,0.0,-0.0,1.0,0.999,1.0,0.999,0.0,3,1.0,0.0,57389.629
2026-08-30T15:56:30.190Z,66.361756,-147.400481,386.95,7.57,452.9,6.35,350.89,-1.75,-0.48,0.0,0.0,0.0,-0.0,1.0,0.999,0.999,0.999,0.0,2,1.0,0.0,57390.586
2026-08-30T15:56:31.232Z,66.361756,-147.400481,386.95,7.57,452.9,6.35,350.89,-1.75,-0.48,0.0,0.0,0.0,-0.0,1.0,0.999,0.999,0.999,0.0,4,1.0,0.0,57391.633
2026-08-30T15:56:32.161Z,66.361756,-147.400481,386.95,7.57,452.9,6.35,350.89,-1.75,-0.48,0.0,0.0,0.0,0.0,1.0,0.999,0.999,0.999,0.0,2,1.0,0.0,57392.555
2026-08-30T15:56:33.207Z,66.361756,-147.400481,386.95,7.57,452.9,6.35,350.89,-1.75,-0.48,0.0,0.0,0.0,0.0,1.0,0.999,0.999,0.999,0.0,4,1.0,0.0,57393.594
2026-08-30T15:56:34.228Z,66.361756,-147.400481,386.95,7.57,452.9,6.35,350.89,-1.75,-0.48,0.0,0.0,0.0,0.0,1.0,0.999,0.999,0.999,0.0,4,1.0,0.0,57394.605
2026-08-30T15:56:35.236Z,66.361756,-147.400481,386.95,7.57,452.9,6.35,350.89,-1.75,-0.48,0.0,0.0,0.0,-0.0,1.0,0.999,0.999,0.999,,1,1.0,0.0,57395.613
2026-08-30T15:56:36.265Z,66.361756,-147.400481,386.95,7.57,452.9,6.35,350.89,-1.75,-0.48,0.0,0.0,0.0,-0.0,1.0,0.999,1.0,0.999,0.0,4,1.0,0.0,57396.645
2026-08-30T15:56:37.169Z,66.361756,-147.400481,386.95,7.57,452.9,6.35,350.89,-1.75,-0.48,0.0,0.0,0.0,0.0,1.0,0.999,0.999,0.999,0.0,2,1.0,0.0,57397.523
2026-08-30T15:56:38.165Z,66.361756,-147.400481,386.95,7.57,452.9,6.35,350.89,-1.75,-0.48,0.0,0.0,0.0,0.0,1.0,0.999,1.0,0.999,0.0,4,1.0,0.0,57398.543
2026-08-30T15:56:39.176Z,66.361756,-147.400481,386.95,7.57,452.91,6.35,350.89,-1.75,-0.48,0.0,0.0,0.0,0.0,1.0,0.999,0.999,0.999,0.0,4,1.0,0.0,57399.82
2026-08-30T15:56:40.294Z,66.361756,-147.400481,386.95,7.57,452.91,6.35,350.89,-1.75,-0.48,0.0,0.0,0.0,-0.0,1.0,1.0,1.0,1.0,,1,1.0,0.0,57400.855
2026-08-30T15:56:41.330Z,66.361756,-147.400481,386.95,7.57,452.9,6.35,350.89,-1.75,-0.48,0.0,0.0,0.0,0.0,1.0,0.999,0.999,0.999,0.0,3,1.0,0.0,57401.883
2026-08-30T15:56:42.576Z,66.361756,-147.400481,386.95,7.57,452.9,6.35,350.89,-1.75,-0.48,0.0,0.0,0.0,0.0,1.0,0.999,0.999,0.999,,1,1.0,0.0,57403.109
2026-08-30T15:56:43.182Z,66.361756,-147.400481,386.95,7.57,452.9,6.35,350.89,-1.75,-0.48,0.0,0.0,0.0,-0.0,1.0,0.999,0.999,0.999,,1,1.0,0.0,57403.762
2026-08-30T15:56:44.228Z,66.361756,-147.400481,386.95,7.57,452.9,6.35,350.89,-1.75,-0.48,0.0,0.0,0.0,0.0,1.0,0.999,0.999,0.999,0.0,3,1.0,0.0,57404.762
2026-08-30T15:56:45.790Z,66.361756,-147.400481,386.95,7.57,452.91,6.35,350.89,-1.75,-0.48,0.0,0.0,0.0,-0.0,1.0,0.999,0.999,0.999,,1,1.0,0.0,57406.363
2026-08-30T15:56:46.443Z,66.361756,-147.400481,386.95,7.57,452.9,6.35,350.89,-1.75,-0.48,0.0,0.0,0.0,0.0,1.0,0.999,0.999,0.999,,1,1.0,0.0,57407.047
2026-08-30T15:56:47.549Z,66.361756,-147.400481,386.95,7.57,452.91,6.35,350.89,-1.75,-0.48,0.0,0.0,0.0,-0.0,1.0,0.999,0.999,0.999,,1,1.0,0.0,57408.113
2026-08-30T15:56:48.185Z,66.361756,-147.400481,386.95,7.57,452.91,6.35,350.89,-1.75,-0.48,0.0,0.0,0.0,0.0,1.0,0.999,0.999,0.999,,1,1.0,0.0,57408.754
2026-08-30T15:56:49.204Z,66.361756,-147.400481,386.95,7.57,452.91,6.35,350.89,-1.75,-0.48,0.0,0.0,0.0,0.0,1.0,0.999,0.999,0.999,0.0,3,1.0,0.0,57409.781
2026-08-30T15:56:50.272Z,66.361756,-147.400481,386.95,7.57,452.9,6.35,350.89,-1.75,-0.48,0.0,0.0,0.0,-0.0,1.0,0.999,0.999,0.999,,1,1.0,0.0,57410.84
2026-08-30T15:56:51.315Z,66.361756,-147.400481,386.95,7.57,452.9,6.35,350.89,-1.75,-0.48,0.0,0.0,0.0,0.0,1.0,0.999,1.0,0.999,0.0,3,1.0,0.0,57411.875
2026-08-30T15:56:52.341Z,66.361756,-147.400481,386.95,7.57,452.9,6.35,350.89,-1.75,-0.48,0.0,0.0,0.0,0.0,1.0,0.999,0.999,0.999,,1,1.0,0.0,57412.918
2026-08-30T15:56:53.173Z,66.361756,-147.400481,386.95,7.57,452.9,6.35,350.89,-1.75,-0.48,0.0,0.0,0.0,0.0,1.0,0.999,0.999,0.999,0.0,2,1.0,0.0,57413.797
2026-08-30T15:56:54.254Z,66.361756,-147.400481,386.95,7.57,452.9,6.35,350.89,-1.75,-0.48,0.0,0.0,0.0,-0.0,1.0,0.999,1.0,0.999,0.0,3,1.0,0.0,57414.844
2026-08-30T15:56:55.843Z,66.361756,-147.400481,386.95,7.57,452.9,6.35,350.89,-1.75,-0.48,0.0,0.0,0.0,-0.0,1.0,0.999,0.999,0.999,,1,1.0,0.0,57416.445
2026-08-30T15:56:56.526Z,66.361756,-147.400481,386.95,7.57,452.91,6.35,350.89,-1.75,-0.48,0.0,0.0,0.0,0.0,1.0,0.999,0.999,0.999,,1,1.0,0.0,57417.129
2026-08-30T15:56:57.638Z,66.361756,-147.400481,386.95,7.57,452.91,6.35,350.89,-1.75,-0.48,0.0,0.0,0.0,-0.0,1.0,0.999,0.999,0.999,,1,1.0,0.0,57418.238
2026-08-30T15:56:58.314Z,66.361756,-147.400481,386.95,7.57,452.91,6.35,350.89,-1.75,-0.48,0.0,0.0,0.0,0.0,1.0,0.999,0.999,0.999,,1,1.0,0.0,57418.883
2026-08-30T15:56:59.331Z,66.361756,-147.400481,386.95,7.57,452.9,6.35,350.89,-1.75,-0.48,0.0,0.0,0.0,0.0,1.0,0.999,1.0,0.999,0.0,3,1.0,0.0,57419.895
