t,lat,lon,alt_ft,agl_ft,alt_ind_ft,hdg_true,hdg_mag,pitch,bank,ias_kt,tas_kt,gs_kt,vs_fpm,on_ground,g_min,g_max,g_rms,acc_y_rms,b_n,sim_rate,slew,sim_time
2026-08-30T18:38:25.776Z,66.015791,-149.061845,345.73,7.59,421.87,222.12,207.28,-2.23,-0.98,2.83,2.81,0.0,-0.0,1.0,0.999,0.999,0.999,0.002,6,1.0,0.0,67106.406
2026-08-30T18:38:26.904Z,66.015791,-149.061845,345.72,7.59,421.25,222.12,207.28,-2.23,-0.98,2.83,2.81,0.0,0.0,1.0,0.999,0.999,0.999,0.0,3,1.0,0.0,67107.508
2026-08-30T18:38:27.982Z,66.015791,-149.061845,345.72,7.59,421.05,222.12,207.28,-2.23,-0.98,2.83,2.81,0.0,-0.0,1.0,0.999,0.999,0.999,,1,1.0,0.0,67108.602
2026-08-30T18:38:28.879Z,66.015791,-149.061845,345.72,7.59,420.99,222.12,207.28,-2.23,-0.98,2.83,2.81,0.0,-0.0,1.0,0.999,0.999,0.999,0.0,2,1.0,0.0,67109.57
2026-08-30T18:38:29.825Z,66.015791,-149.061845,345.72,7.59,420.96,222.12,207.28,-2.23,-0.98,2.83,2.81,0.0,-0.0,1.0,0.999,0.999,0.999,0.0,2,1.0,0.0,67110.484
2026-08-30T18:38:31.031Z,66.015791,-149.061845,345.72,7.59,420.95,222.12,207.28,-2.23,-0.98,2.83,2.81,0.0,0.0,1.0,0.999,0.999,0.999,,1,1.0,0.0,67111.633
2026-08-30T18:38:31.922Z,66.015791,-149.061845,345.72,7.59,420.95,222.12,207.28,-2.23,-0.98,2.83,2.81,0.0,-0.0,1.0,0.999,0.999,0.999,0.0,2,1.0,0.0,67112.602
2026-08-30T18:38:33.165Z,66.015791,-149.061845,345.72,7.59,420.95,222.12,207.28,-2.23,-0.98,2.83,2.81,0.0,0.0,1.0,0.999,0.999,0.999,,1,1.0,0.0,67113.758
2026-08-30T18:38:33.850Z,66.015791,-149.061845,345.72,7.59,420.95,222.12,207.28,-2.23,-0.98,2.83,2.81,0.0,0.0,1.0,0.999,0.999,0.999,,1,1.0,0.0,67114.445
2026-08-30T18:38:34.919Z,66.015791,-149.061845,345.73,7.59,420.95,222.12,207.28,-2.23,-0.98,2.83,2.81,0.0,0.0,1.0,0.999,0.999,0.999,0.0,3,1.0,0.0,67115.484
2026-08-30T18:38:36.450Z,66.015791,-149.061845,345.73,7.59,420.95,222.12,207.28,-2.23,-0.98,2.83,2.81,0.0,-0.0,1.0,0.999,0.999,0.999,,1,1.0,0.0,67116.961
2026-08-30T18:38:37.033Z,66.015791,-149.061845,345.73,7.59,420.95,222.12,207.28,-2.23,-0.98,2.83,2.81,0.0,-0.0,1.0,0.999,0.999,0.999,,1,1.0,0.0,67117.57
2026-08-30T18:38:38.016Z,66.015791,-149.061845,345.73,7.59,420.95,222.12,207.28,-2.23,-0.98,2.83,2.81,0.0,0.0,1.0,0.999,0.999,0.999,,1,1.0,0.0,67118.531
2026-08-30T18:38:38.780Z,66.015791,-149.061845,345.72,7.59,420.95,222.12,207.28,-2.23,-0.98,2.83,2.81,0.0,-0.0,1.0,0.999,0.999,0.999,0.0,2,1.0,0.0,67119.273
2026-08-30T18:38:39.943Z,66.015791,-149.061845,345.73,7.59,420.95,222.12,207.28,-2.23,-0.98,2.83,2.81,0.0,-0.0,1.0,0.999,0.999,0.999,0.0,4,1.0,0.0,67120.414
2026-08-30T18:38:40.807Z,66.015791,-149.061845,345.72,7.59,420.95,222.12,207.28,-2.23,-0.98,2.83,2.81,0.0,0.0,1.0,0.999,0.999,0.999,,1,1.0,0.0,67121.25
2026-08-30T18:38:41.909Z,66.015791,-149.061845,345.72,7.59,420.95,222.12,207.28,-2.23,-0.98,2.83,2.81,0.0,-0.0,1.0,0.999,0.999,0.999,0.0,4,1.0,0.0,67122.344
2026-08-30T18:38:42.790Z,66.015791,-149.061845,345.72,7.59,420.95,222.12,207.28,-2.23,-0.98,2.83,2.81,0.0,-0.0,1.0,0.999,0.999,0.999,0.0,3,1.0,0.0,67123.203
2026-08-30T18:38:43.935Z,66.015791,-149.061845,345.72,7.59,420.95,222.12,207.28,-2.23,-0.98,2.83,2.81,0.0,0.0,1.0,0.999,0.999,0.999,0.0,3,1.0,0.0,67124.328
2026-08-30T18:38:44.782Z,66.015791,-149.061845,345.72,7.59,420.95,222.12,207.28,-2.23,-0.98,2.83,2.81,0.0,-0.0,1.0,0.999,0.999,0.999,0.0,3,1.0,0.0,67125.156
2026-08-30T18:38:45.916Z,66.015791,-149.061845,345.73,7.59,420.95,222.12,207.28,-2.23,-0.98,2.83,2.81,0.0,-0.0,1.0,0.999,0.999,0.999,0.0,3,1.0,0.0,67126.289
2026-08-30T18:38:46.807Z,66.015791,-149.061845,345.73,7.59,420.95,222.12,207.28,-2.23,-0.98,2.83,2.81,0.0,0.0,1.0,0.999,0.999,0.999,0.0,2,1.0,0.0,67127.164
2026-08-30T18:38:47.800Z,66.015791,-149.061845,345.72,7.59,420.95,222.12,207.28,-2.23,-0.98,2.83,2.81,0.0,-0.0,1.0,0.999,0.999,0.999,0.0,4,1.0,0.0,67128.141
2026-08-30T18:38:48.794Z,66.015791,-149.061845,345.72,7.59,420.95,222.12,207.28,-2.23,-0.98,2.83,2.81,0.0,0.0,1.0,0.999,0.999,0.999,0.0,4,1.0,0.0,67129.141
2026-08-30T18:38:49.823Z,66.015791,-149.061845,345.72,7.59,420.95,222.12,207.28,-2.23,-0.98,2.83,2.81,0.0,-0.0,1.0,0.999,0.999,0.999,0.0,3,1.0,0.0,67130.148
2026-08-30T18:38:50.802Z,66.015791,-149.061845,345.73,7.59,420.95,222.12,207.28,-2.23,-0.98,2.83,2.81,0.0,-0.0,1.0,0.999,0.999,0.999,0.0,4,1.0,0.0,67131.125
2026-08-30T18:38:51.812Z,66.015791,-149.061845,345.72,7.59,420.95,222.12,207.28,-2.23,-0.98,2.83,2.81,0.0,-0.0,1.0,0.999,0.999,0.999,0.0,3,1.0,0.0,67132.141
2026-08-30T18:38:52.790Z,66.015791,-149.061845,345.72,7.59,420.95,222.12,207.28,-2.23,-0.98,2.83,2.81,0.0,-0.0,1.0,0.999,0.999,0.999,0.0,4,1.0,0.0,67133.109
2026-08-30T18:38:53.949Z,66.015791,-149.061845,345.72,7.59,420.95,222.12,207.28,-2.23,-0.98,2.83,2.81,0.0,-0.0,1.0,0.999,0.999,0.999,0.0,5,1.0,0.0,67134.273
2026-08-30T18:38:54.950Z,66.015791,-149.061845,345.73,7.59,420.95,222.12,207.28,-2.23,-0.98,2.83,2.81,0.0,-0.0,1.0,0.999,0.999,0.999,0.0,3,1.0,0.0,67135.273
2026-08-30T18:38:55.788Z,66.015791,-149.061845,345.73,7.59,420.95,222.12,207.28,-2.23,-0.98,2.83,2.81,0.0,-0.0,1.0,0.999,0.999,0.999,0.0,2,1.0,0.0,67136.109
2026-08-30T18:38:56.953Z,66.015791,-149.061845,345.73,7.59,420.95,222.12,207.28,-2.23,-0.98,2.83,2.81,0.0,-0.0,1.0,0.999,0.999,0.999,0.0,5,1.0,0.0,67137.273
2026-08-30T18:38:57.955Z,66.015791,-149.061845,345.73,7.59,420.95,222.12,207.28,-2.23,-0.98,2.83,2.81,0.0,-0.0,1.0,0.999,0.999,0.999,0.0,3,1.0,0.0,67138.328
2026-08-30T18:38:58.833Z,66.015791,-149.061845,345.73,7.59,420.95,222.12,207.28,-2.23,-0.98,2.83,2.81,0.0,-0.0,1.0,0.999,0.999,0.999,0.0,3,1.0,0.0,67139.5
2026-08-30T18:38:59.945Z,66.015791,-149.061845,345.73,7.59,420.95,222.12,207.28,-2.23,-0.98,2.83,2.81,0.0,-0.0,1.0,0.999,0.999,0.999,0.0,3,1.0,0.0,67140.516
2026-08-30T18:39:00.995Z,66.015791,-149.061845,345.73,7.59,420.95,222.12,207.28,-2.23,-0.98,2.83,2.81,0.0,-0.0,1.0,0.999,0.999,0.999,,1,1.0,0.0,67141.57
2026-08-30T18:39:01.844Z,66.015791,-149.061845,345.73,7.59,420.95,222.12,207.28,-2.23,-0.98,2.83,2.81,0.0,0.0,1.0,0.999,0.999,0.999,0.0,2,1.0,0.0,67142.422
2026-08-30T18:39:02.913Z,66.015791,-149.061845,345.73,7.59,420.95,222.12,207.28,-2.23,-0.98,2.83,2.81,0.0,0.0,1.0,0.999,0.999,0.999,0.0,3,1.0,0.0,67143.5
2026-08-30T18:39:03.979Z,66.015791,-149.061845,345.73,7.59,420.95,222.12,207.28,-2.23,-0.98,2.83,2.81,0.0,0.0,1.0,0.999,0.999,0.999,,1,1.0,0.0,67144.547
2026-08-30T18:39:04.829Z,66.015791,-149.061845,345.73,7.59,420.95,222.12,207.28,-2.23,-0.98,2.83,2.81,0.0,0.0,1.0,0.999,0.999,0.999,0.0,2,1.0,0.0,67145.406
2026-08-30T18:39:05.958Z,66.015791,-149.061845,345.73,7.59,420.95,222.12,207.28,-2.23,-0.98,2.83,2.81,0.0,0.0,1.0,0.999,0.999,0.999,,1,1.0,0.0,67146.523
2026-08-30T18:39:07.014Z,66.015791,-149.061845,345.73,7.59,420.95,222.12,207.28,-2.23,-0.98,2.83,2.81,0.0,0.0,1.0,0.999,0.999,0.999,,1,1.0,0.0,67147.578
2026-08-30T18:39:07.862Z,66.015791,-149.061845,345.73,7.59,420.95,222.12,207.28,-2.23,-0.98,2.83,2.81,0.0,-0.0,1.0,0.999,0.999,0.999,0.0,2,1.0,0.0,67148.438
2026-08-30T18:39:08.918Z,66.015791,-149.061845,345.73,7.59,420.95,222.12,207.28,-2.23,-0.98,2.83,2.81,0.0,0.0,1.0,0.999,0.999,0.999,0.0,3,1.0,0.0,67149.492
2026-08-30T18:39:09.971Z,66.015791,-149.061845,345.73,7.59,420.95,222.12,207.28,-2.23,-0.98,2.83,2.81,0.0,0.0,1.0,0.999,0.999,0.999,,1,1.0,0.0,67150.516
2026-08-30T18:39:10.794Z,66.015791,-149.061845,345.73,7.59,420.95,222.12,207.28,-2.23,-0.98,2.83,2.81,0.0,-0.0,1.0,0.999,0.999,0.999,0.0,2,1.0,0.0,67151.344
2026-08-30T18:39:11.787Z,66.015791,-149.061845,345.73,7.59,420.95,222.12,207.28,-2.23,-0.98,2.83,2.81,0.0,-0.0,1.0,0.999,0.999,0.999,0.0,3,1.0,0.0,67152.359
2026-08-30T18:39:12.838Z,66.015791,-149.061845,345.73,7.59,420.95,222.12,207.28,-2.23,-0.98,2.83,2.81,0.0,-0.0,1.0,0.999,0.999,0.999,,1,1.0,0.0,67153.414
2026-08-30T18:39:13.898Z,66.015791,-149.061845,345.73,7.59,420.95,222.12,207.28,-2.23,-0.98,2.83,2.81,0.0,-0.0,1.0,0.999,0.999,0.999,0.0,3,1.0,0.0,67154.469
2026-08-30T18:39:14.953Z,66.015791,-149.061845,345.73,7.59,420.95,222.12,207.28,-2.23,-0.98,2.83,2.81,0.0,-0.0,1.0,0.999,0.999,0.999,,1,1.0,0.0,67155.531
2026-08-30T18:39:16.080Z,66.015791,-149.061845,345.73,7.59,420.95,222.12,207.28,-2.23,-0.98,2.83,2.81,0.0,0.0,1.0,0.999,0.999,0.999,,1,1.0,0.0,67156.648
2026-08-30T18:39:17.131Z,66.015791,-149.061845,345.73,7.59,420.95,222.12,207.28,-2.23,-0.98,2.83,2.81,0.0,-0.0,1.0,0.999,0.999,0.999,,1,1.0,0.0,67157.703
2026-08-30T18:39:17.949Z,66.015791,-149.061845,345.73,7.59,420.95,222.12,207.28,-2.23,-0.98,2.83,2.81,0.0,0.0,1.0,0.999,0.999,0.999,0.0,2,1.0,0.0,67158.523
2026-08-30T18:39:18.814Z,66.015791,-149.061845,345.73,7.59,420.95,222.12,207.28,-2.23,-0.97,2.83,2.81,0.01,0.0,1.0,0.999,0.999,0.999,0.0,2,1.0,0.0,67159.383
2026-08-30T18:39:19.862Z,66.015791,-149.061845,345.73,7.59,420.95,222.12,207.28,-2.23,-0.99,2.83,2.81,0.0,0.0,1.0,0.999,0.999,0.999,,1,1.0,0.0,67160.438
2026-08-30T18:39:20.916Z,66.015791,-149.061845,345.73,7.59,420.95,222.12,207.28,-2.22,-0.98,2.83,2.81,0.0,-0.0,1.0,0.999,0.999,0.999,0.015,3,1.0,0.0,67161.508
2026-08-30T18:39:22.001Z,66.015791,-149.061845,345.72,7.59,420.95,222.12,207.28,-2.23,-0.98,2.83,2.81,0.0,0.01,1.0,0.999,0.999,0.999,,1,1.0,0.0,67162.586
2026-08-30T18:39:22.840Z,66.015791,-149.061845,345.73,7.59,420.95,222.12,207.28,-2.23,-0.99,2.83,2.81,0.0,-0.01,1.0,0.999,0.999,0.999,0.006,2,1.0,0.0,67163.422
2026-08-30T18:39:23.871Z,66.015791,-149.061845,345.73,7.59,420.95,222.12,207.28,-2.22,-0.99,2.83,2.81,0.0,-0.01,1.0,0.999,0.999,0.999,0.013,3,1.0,0.0,67164.461
2026-08-30T18:39:24.952Z,66.015791,-149.061845,345.72,7.59,420.95,222.12,207.27,-2.22,-0.98,2.83,2.81,0.0,-0.01,1.0,0.999,0.999,0.999,,1,1.0,0.0,67165.508
2026-08-30T18:39:26.062Z,66.015791,-149.061845,345.73,7.59,420.95,222.12,207.28,-2.22,-0.98,2.83,2.81,0.0,-0.0,1.0,0.999,0.999,0.999,,1,1.0,0.0,67166.648
2026-08-30T18:39:27.141Z,66.015791,-149.061845,345.73,7.59,420.95,222.12,207.28,-2.22,-0.98,2.83,2.81,0.0,-0.0,1.0,0.999,0.999,0.999,,1,1.0,0.0,67167.719
2026-08-30T18:39:27.996Z,66.015791,-149.061845,345.72,7.59,420.95,222.12,207.28,-2.23,-0.98,2.83,2.81,0.0,-0.01,1.0,0.999,0.999,0.999,0.018,2,1.0,0.0,67168.578
2026-08-30T18:39:28.825Z,66.015791,-149.061845,345.72,7.59,420.95,222.12,207.28,-2.23,-0.98,2.83,2.81,0.0,0.01,1.0,0.999,0.999,0.999,0.011,2,1.0,0.0,67169.406
2026-08-30T18:39:29.894Z,66.015791,-149.061845,345.72,7.59,420.95,222.12,207.28,-2.23,-0.98,2.83,2.81,0.0,0.01,1.0,0.999,0.999,0.999,,1,1.0,0.0,67170.469
2026-08-30T18:39:30.927Z,66.015791,-149.061845,345.73,7.59,420.95,222.12,207.28,-2.23,-0.99,2.83,2.81,0.0,0.0,1.0,0.999,0.999,0.999,0.011,3,1.0,0.0,67171.516
2026-08-30T18:39:32.004Z,66.015791,-149.061845,345.72,7.59,420.95,222.12,207.28,-2.23,-0.97,2.83,2.81,0.01,0.01,1.0,0.999,0.999,0.999,,1,1.0,0.0,67172.586
2026-08-30T18:39:32.867Z,66.015791,-149.061845,345.73,7.59,420.95,222.12,207.28,-2.23,-0.96,2.83,2.81,0.01,-0.0,1.0,0.999,0.999,0.999,0.025,2,1.0,0.0,67173.445
2026-08-30T18:39:33.913Z,66.015791,-149.061845,345.73,7.59,420.95,222.12,207.28,-2.23,-0.98,2.83,2.81,0.0,-0.01,1.0,0.999,0.999,0.999,0.014,3,1.0,0.0,67174.484
2026-08-30T18:39:34.974Z,66.015791,-149.061845,345.73,7.59,420.95,222.12,207.28,-2.23,-1.02,2.83,2.81,0.0,-0.0,1.0,0.999,0.999,0.999,,1,1.0,0.0,67175.555
2026-08-30T18:39:36.111Z,66.015791,-149.061845,345.73,7.59,420.95,222.12,207.28,-2.23,-0.98,2.83,2.81,0.01,0.0,1.0,0.999,0.999,0.999,,1,1.0,0.0,67176.695
2026-08-30T18:39:37.186Z,66.015791,-149.061845,345.73,7.59,420.95,222.12,207.28,-2.24,-0.95,2.83,2.81,0.01,0.01,1.0,0.999,0.999,0.999,,1,1.0,0.0,67177.766
2026-08-30T18:39:37.844Z,66.015791,-149.061845,345.73,7.59,420.95,222.12,207.28,-2.24,-1.0,2.83,2.81,0.0,0.01,1.0,0.999,0.999,0.999,,1,1.0,0.0,67178.414
2026-08-30T18:39:38.873Z,66.015791,-149.061845,345.73,7.59,420.95,222.12,207.28,-2.25,-0.98,2.83,2.81,0.0,0.01,1.0,0.999,0.999,0.999,0.013,3,1.0,0.0,67179.461
2026-08-30T18:39:39.943Z,66.015791,-149.061845,345.73,7.59,420.95,222.12,207.28,-2.25,-0.92,2.83,2.81,0.01,0.0,1.0,0.999,0.999,0.999,,1,1.0,0.0,67180.531
2026-08-30T18:39:40.777Z,66.015791,-149.061845,345.73,7.59,420.95,222.12,207.28,-2.24,-0.93,2.83,2.81,0.02,0.01,1.0,0.999,0.999,0.999,0.037,2,1.0,0.0,67181.367
2026-08-30T18:39:41.829Z,66.015791,-149.061845,345.73,7.59,420.95,222.12,207.28,-2.24,-1.02,2.83,2.81,0.01,-0.0,1.0,0.999,0.999,0.999,0.038,3,1.0,0.0,67182.414
2026-08-30T18:39:42.908Z,66.015791,-149.061845,345.73,7.59,420.95,222.12,207.28,-2.25,-1.01,2.83,2.81,0.01,0.0,1.0,0.999,0.999,0.999,,1,1.0,0.0,67183.508
2026-08-30T18:39:43.993Z,66.015791,-149.061845,345.73,7.59,420.95,222.12,207.28,-2.25,-0.98,2.83,2.81,0.0,0.01,1.0,0.999,0.999,0.999,0.011,3,1.0,0.0,67184.578
2026-08-30T18:39:45.069Z,66.015791,-149.061845,345.73,7.59,420.95,222.12,207.28,-2.26,-0.96,2.83,2.81,0.0,0.02,1.0,1.0,1.0,1.0,,1,1.0,0.0,67185.656
2026-08-30T18:39:46.218Z,66.015791,-149.061845,345.73,7.59,420.95,222.12,207.27,-2.26,-0.95,2.83,2.81,0.0,0.01,1.0,0.999,0.999,0.999,,1,1.0,0.0,67186.805
2026-08-30T18:39:47.304Z,66.015791,-149.061845,345.73,7.59,420.95,222.12,207.28,-2.26,-0.97,2.83,2.81,0.0,0.0,1.0,0.999,0.999,0.999,,1,1.0,0.0,67187.883
2026-08-30T18:39:47.950Z,66.015791,-149.061845,345.73,7.59,420.95,222.12,207.28,-2.25,-1.01,2.83,2.81,0.01,-0.02,1.0,0.999,0.999,0.999,,1,1.0,0.0,67188.531
2026-08-30T18:39:48.772Z,66.015791,-149.061845,345.73,7.59,420.95,222.12,207.28,-2.26,-0.97,2.83,2.81,0.0,0.02,1.0,0.999,0.999,0.999,0.021,2,1.0,0.0,67189.352
2026-08-30T18:39:49.837Z,66.015791,-149.061845,345.73,7.59,420.95,222.12,207.27,-2.26,-0.87,2.83,2.81,0.04,0.03,1.0,0.999,0.999,0.999,,1,1.0,0.0,67190.422
2026-08-30T18:39:50.873Z,66.015791,-149.061845,345.73,7.59,420.95,222.12,207.28,-2.26,-0.93,2.83,2.81,0.02,0.03,1.0,0.999,0.999,0.999,0.086,3,1.0,0.0,67191.461
2026-08-30T18:39:51.955Z,66.015791,-149.061845,345.73,7.59,420.95,222.12,207.28,-2.26,-0.95,2.83,2.81,0.01,0.02,1.0,0.999,0.999,0.999,,1,1.0,0.0,67192.547
2026-08-30T18:39:52.832Z,66.015791,-149.061845,345.73,7.59,420.95,222.12,207.28,-2.25,-0.97,2.83,2.81,0.0,0.01,1.0,0.999,0.999,0.999,0.082,2,1.0,0.0,67193.406
2026-08-30T18:39:53.885Z,66.015791,-149.061845,345.73,7.59,420.95,222.12,207.28,-2.25,-0.97,2.83,2.81,0.0,0.01,1.0,0.999,0.999,0.999,0.012,3,1.0,0.0,67194.469
2026-08-30T18:39:54.941Z,66.015791,-149.061845,345.73,7.59,420.95,222.12,207.28,-2.25,-0.9,2.83,2.81,0.03,0.02,1.0,0.999,0.999,0.999,,1,1.0,0.0,67195.531
2026-08-30T18:39:56.088Z,66.015791,-149.061845,345.73,7.59,420.95,222.12,207.28,-2.25,-0.96,2.83,2.81,0.01,0.01,1.0,0.999,0.999,0.999,,1,1.0,0.0,67196.68
2026-08-30T18:39:57.169Z,66.015791,-149.061845,345.73,7.59,420.95,222.12,207.28,-2.25,-1.01,2.83,2.81,0.0,-0.0,1.0,0.999,0.999,0.999,,1,1.0,0.0,67197.758
2026-08-30T18:39:57.830Z,66.015791,-149.061845,345.73,7.59,420.95,222.12,207.27,-2.26,-1.02,2.83,2.81,0.01,-0.01,1.0,0.999,0.999,0.999,,1,1.0,0.0,67198.414
2026-08-30T18:39:58.874Z,66.015791,-149.061845,345.73,7.59,420.95,222.12,207.27,-2.25,-0.98,2.83,2.81,0.0,0.0,1.0,0.999,0.999,0.999,0.038,3,1.0,0.0,67199.445
2026-08-30T18:39:59.943Z,66.015791,-149.061845,345.73,7.59,420.95,222.11,207.27,-2.26,-0.91,2.83,2.81,0.02,0.01,1.0,0.999,0.999,0.999,,1,1.0,0.0,67200.492
2026-08-30T18:40:00.952Z,66.015791,-149.061845,345.73,7.59,420.95,222.11,207.27,-2.26,-1.0,2.83,2.81,0.01,-0.01,1.0,0.999,0.999,0.999,0.116,3,1.0,0.0,67201.531
2026-08-30T18:40:02.050Z,66.015791,-149.061845,345.73,7.59,420.95,222.11,207.27,-2.26,-1.02,2.83,2.81,0.01,-0.02,1.0,0.998,0.998,0.998,,1,1.0,0.0,67202.641
2026-08-30T18:40:02.905Z,66.015791,-149.061845,345.73,7.59,420.95,222.11,207.27,-2.26,-0.94,2.83,2.81,0.01,0.02,1.0,0.999,0.999,0.999,0.025,2,1.0,0.0,67203.508
2026-08-30T18:40:03.793Z,66.015791,-149.061845,345.73,7.59,420.95,222.12,207.27,-2.25,-0.98,2.83,2.81,0.0,-0.0,1.0,0.999,0.999,0.999,0.062,2,1.0,0.0,67204.375
2026-08-30T18:40:04.867Z,66.015791,-149.061845,345.73,7.59,420.95,222.11,207.27,-2.25,-0.98,2.83,2.81,0.0,0.01,1.0,0.999,0.999,0.999,,1,1.0,0.0,67205.578
2026-08-30T18:40:06.156Z,66.015791,-149.061845,345.72,7.59,420.95,222.11,207.27,-2.26,-1.07,2.83,2.81,0.03,-0.02,1.0,0.998,0.998,0.998,,1,1.0,0.0,67206.742
2026-08-30T18:40:07.241Z,66.015791,-149.061845,345.73,7.59,420.95,222.12,207.27,-2.26,-1.03,2.83,2.81,0.01,-0.02,1.0,0.999,0.999,0.999,,1,1.0,0.0,67207.828
2026-08-30T18:40:07.906Z,66.015791,-149.061845,345.73,7.59,421.11,222.11,207.27,-2.25,-0.94,2.83,2.81,0.01,-0.0,1.0,1.0,1.0,1.0,,1,1.0,0.0,67208.484
2026-08-30T18:40:08.945Z,66.015791,-149.061845,345.73,7.59,424.03,222.11,207.27,-2.25,-0.97,2.83,2.81,0.01,-0.01,1.0,0.999,0.999,0.999,0.04,3,1.0,0.0,67209.531
2026-08-30T18:40:10.023Z,66.015791,-149.061845,345.73,7.59,425.07,222.11,207.27,-2.25,-0.99,2.83,2.81,0.0,-0.01,1.0,0.999,0.999,0.999,,1,1.0,0.0,67210.609
2026-08-30T18:40:10.862Z,66.015791,-149.061845,345.73,7.59,425.38,222.11,207.27,-2.26,-0.94,2.83,2.81,0.02,0.03,1.0,0.999,0.999,0.999,0.047,2,1.0,0.0,67211.453
2026-08-30T18:40:11.904Z,66.015791,-149.061845,345.73,7.59,423.27,222.11,207.27,-2.26,-0.99,2.83,2.81,0.0,-0.0,1.0,0.998,0.999,0.999,0.124,3,1.0,0.0,67212.508
2026-08-30T18:40:13.001Z,66.015791,-149.061845,345.73,7.59,421.73,222.11,207.27,-2.26,-1.03,2.83,2.81,0.01,-0.02,1.0,0.998,0.998,0.998,,1,1.0,0.0,67213.586
2026-08-30T18:40:13.834Z,66.015791,-149.061845,345.73,7.59,421.28,222.11,207.27,-2.26,-0.98,2.83,2.81,0.0,0.01,1.0,0.999,0.999,0.999,0.03,2,1.0,0.0,67214.43
2026-08-30T18:40:14.905Z,66.015791,-149.061845,345.73,7.59,421.06,222.11,207.27,-2.26,-0.99,2.83,2.81,0.0,0.01,1.0,0.999,0.999,0.999,0.014,3,1.0,0.0,67215.477
2026-08-30T18:40:16.449Z,66.015791,-149.061845,345.73,7.59,420.97,222.11,207.27,-2.26,-1.02,2.83,2.81,0.01,-0.0,1.0,0.999,0.999,0.999,,1,1.0,0.0,67217.031
2026-08-30T18:40:17.106Z,66.015791,-149.061845,345.72,7.59,420.96,222.12,207.27,-2.26,-1.01,2.83,2.81,0.01,-0.01,1.0,0.999,0.999,0.999,,1,1.0,0.0,67217.688
2026-08-30T18:40:18.174Z,66.015791,-149.061845,345.73,7.59,420.95,222.11,207.27,-2.27,-0.96,2.83,2.81,0.0,0.01,1.0,0.999,0.999,0.999,,1,1.0,0.0,67218.766
2026-08-30T18:40:18.863Z,66.015791,-149.061845,345.73,7.59,420.95,222.11,207.27,-2.24,-0.96,2.83,2.81,0.01,-0.01,1.0,0.999,0.999,0.999,,1,1.0,0.0,67219.469
2026-08-30T18:40:19.927Z,66.015791,-149.061845,345.73,7.59,420.95,222.11,207.27,-2.25,-0.98,2.83,2.81,0.0,-0.01,1.0,0.999,0.999,0.999,0.025,3,1.0,0.0,67220.484
2026-08-30T18:40:20.963Z,66.015791,-149.061845,345.73,7.59,420.95,222.12,207.27,-2.26,-1.01,2.83,2.81,0.0,-0.01,1.0,0.999,0.999,0.999,,1,1.0,0.0,67221.523
2026-08-30T18:40:21.792Z,66.015791,-149.061845,345.73,7.59,420.95,222.12,207.27,-2.25,-0.99,2.83,2.81,0.0,0.0,1.0,0.999,0.999,0.999,0.014,2,1.0,0.0,67222.383
2026-08-30T18:40:22.852Z,66.015791,-149.061845,345.73,7.59,420.95,222.11,207.27,-2.26,-1.05,2.83,2.81,0.01,-0.01,1.0,0.999,0.999,0.999,0.039,3,1.0,0.0,67223.391
2026-08-30T18:40:23.876Z,66.015791,-149.061845,345.73,7.59,420.95,222.12,207.27,-2.26,-1.0,2.83,2.81,0.01,0.01,1.0,0.999,0.999,0.999,,1,1.0,0.0,67224.469
2026-08-30T18:40:24.916Z,66.015791,-149.061845,345.73,7.59,420.95,222.11,207.27,-2.26,-0.97,2.83,2.81,0.01,0.02,1.0,0.999,0.999,0.999,0.017,3,1.0,0.0,67225.5
2026-08-30T18:40:26.465Z,66.015791,-149.061845,345.73,7.59,420.95,222.11,207.27,-2.26,-0.98,2.83,2.81,0.0,0.01,1.0,0.999,0.999,0.999,,1,1.0,0.0,67227.102
2026-08-30T18:40:27.181Z,66.015791,-149.061845,345.73,7.59,420.95,222.11,207.27,-2.26,-0.98,2.83,2.81,0.0,-0.01,1.0,0.999,0.999,0.999,,1,1.0,0.0,67227.766
2026-08-30T18:40:28.263Z,66.015791,-149.061845,345.73,7.59,423.2,222.11,207.27,-2.25,-0.98,2.83,2.81,0.0,-0.01,1.0,0.999,0.999,0.999,,1,1.0,0.0,67228.836
2026-08-30T18:40:28.914Z,66.015791,-149.061845,345.73,7.59,424.37,222.11,207.27,-2.25,-0.98,2.83,2.81,0.0,-0.01,1.0,0.999,0.999,0.999,,1,1.0,0.0,67229.492
2026-08-30T18:40:29.957Z,66.015791,-149.061845,345.73,7.59,425.17,222.11,207.27,-2.25,-0.98,2.83,2.81,0.0,-0.0,1.0,0.999,0.999,0.999,0.023,3,1.0,0.0,67230.539
2026-08-30T18:40:31.052Z,66.015791,-149.061845,345.73,7.59,425.46,222.11,207.27,-2.25,-0.98,2.83,2.81,0.0,0.0,1.0,0.999,0.999,0.999,,1,1.0,0.0,67231.641
2026-08-30T18:40:31.930Z,66.015791,-149.061845,345.73,7.59,425.55,222.11,207.27,-2.25,-0.98,2.83,2.81,0.0,-0.01,1.0,0.999,0.999,0.999,0.019,2,1.0,0.0,67232.523
2026-08-30T18:40:32.812Z,66.015791,-149.061845,345.73,7.59,425.58,222.11,207.27,-2.26,-0.98,2.83,2.82,0.0,0.01,1.0,0.999,0.999,0.999,0.01,2,1.0,0.0,67233.406
2026-08-30T18:40:33.903Z,66.015791,-149.061845,345.72,7.59,425.6,222.11,207.27,-2.14,-0.98,2.84,2.81,0.0,-0.01,1.0,0.999,0.999,0.999,,1,1.0,0.0,67234.516
2026-08-30T18:40:35.001Z,66.015791,-149.061845,345.72,7.59,425.6,222.11,207.27,-2.16,-0.97,2.83,2.81,0.01,0.01,1.0,0.999,0.999,0.999,0.009,3,1.0,0.0,67235.617
2026-08-30T18:40:36.633Z,66.015791,-149.061845,345.72,7.59,425.61,222.11,207.27,-2.18,-0.98,2.83,2.81,0.0,-0.01,1.0,0.999,0.999,0.999,,1,1.0,0.0,67237.25
2026-08-30T18:40:37.339Z,66.015791,-149.061845,345.72,7.59,425.61,222.11,207.27,-2.14,-0.95,2.83,2.8,0.01,-0.03,1.0,0.999,0.999,0.999,,1,1.0,0.0,67238.047
2026-08-30T18:40:38.641Z,66.015791,-149.061845,345.72,7.59,425.61,222.11,207.27,-2.16,-0.92,2.83,2.81,0.0,0.0,1.0,0.999,0.999,0.999,,1,1.0,0.0,67239.328
2026-08-30T18:40:39.424Z,66.015791,-149.061845,345.72,7.59,425.61,222.11,207.27,-2.16,-1.0,2.83,2.81,0.01,-0.03,1.0,0.999,0.999,0.999,,1,1.0,0.0,67240.109
2026-08-30T18:40:40.655Z,66.015791,-149.061845,345.72,7.59,425.6,222.11,207.27,-2.14,-0.98,2.83,2.8,0.01,-0.03,1.0,0.999,0.999,0.999,,1,1.0,0.0,67241.305
2026-08-30T18:40:41.390Z,66.015791,-149.061845,345.72,7.59,425.6,222.12,207.27,-2.18,-1.01,2.83,2.82,0.01,0.01,1.0,0.999,0.999,0.999,,1,1.0,0.0,67242.031
2026-08-30T18:40:42.122Z,66.015791,-149.061845,345.72,7.59,425.24,222.11,207.27,-2.13,-0.95,2.83,2.8,0.01,-0.02,1.0,0.999,0.999,0.999,,1,1.0,0.0,67242.797
2026-08-30T18:40:43.384Z,66.015791,-149.061845,345.72,7.59,422.16,222.11,207.27,-2.16,-0.95,2.83,2.81,0.0,-0.02,1.0,0.999,0.999,0.999,,1,1.0,0.0,67244.039
2026-08-30T18:40:44.126Z,66.015791,-149.061845,345.72,7.59,421.52,222.11,207.27,-2.18,-0.9,2.83,2.82,0.0,-0.0,1.0,0.999,0.999,0.999,,1,1.0,0.0,67244.805
2026-08-30T18:40:45.366Z,66.015791,-149.061845,345.72,7.59,421.11,222.11,207.27,-2.16,-0.97,2.82,2.8,0.0,-0.04,1.0,0.999,0.999,0.999,,1,1.0,0.0,67246.039
2026-08-30T18:40:46.696Z,66.015791,-149.061845,345.72,7.61,420.99,222.11,207.27,-2.15,-0.95,2.83,2.81,0.0,-0.03,1.0,0.999,0.999,0.999,,1,1.0,0.0,67247.391
2026-08-30T18:40:47.956Z,66.015791,-149.061845,345.72,7.61,420.96,222.12,207.27,-2.16,-0.97,2.84,2.82,0.01,-0.01,1.0,0.999,0.999,0.999,,1,1.0,0.0,67248.672
2026-08-30T18:40:48.762Z,66.015791,-149.061845,345.72,7.6,420.95,222.11,207.27,-2.17,-0.97,2.83,2.81,0.01,-0.01,1.0,0.999,0.999,0.999,,1,1.0,0.0,67249.445
2026-08-30T18:40:50.023Z,66.015791,-149.061845,345.72,7.6,420.95,222.11,207.27,-2.16,-0.96,2.83,2.81,0.0,0.0,1.0,0.999,0.999,0.999,,1,1.0,0.0,67250.719
2026-08-30T18:40:50.798Z,66.015791,-149.061845,345.72,7.6,420.95,222.11,207.27,-2.13,-0.98,2.83,2.81,0.01,-0.03,1.0,0.999,0.999,0.999,,1,1.0,0.0,67251.43
2026-08-30T18:40:51.963Z,66.015791,-149.061845,345.72,7.61,420.95,222.12,207.27,-2.14,-0.97,2.84,2.82,0.01,-0.0,1.0,0.999,0.999,0.999,,1,1.0,0.0,67252.594
2026-08-30T18:40:52.668Z,66.015791,-149.061845,345.72,7.6,420.94,222.11,207.27,-2.11,-0.93,2.83,2.81,0.0,-0.0,1.0,0.999,0.999,0.999,,1,1.0,0.0,67253.289
2026-08-30T18:40:53.368Z,66.015791,-149.061845,345.72,7.6,420.94,222.11,207.27,-2.06,-0.97,2.84,2.81,0.01,-0.03,1.0,0.999,0.999,0.999,,1,1.0,0.0,67253.977
2026-08-30T18:40:54.482Z,66.015791,-149.061845,345.72,7.61,420.94,222.1,207.26,-2.15,-0.96,2.83,2.81,0.0,-0.01,1.0,0.999,0.999,0.999,,1,1.0,0.0,67255.078
2026-08-30T18:40:55.157Z,66.015791,-149.061845,345.72,7.6,420.94,222.1,207.26,-2.15,-1.02,2.83,2.81,0.01,-0.03,1.0,0.999,0.999,0.999,,1,1.0,0.0,67255.742
2026-08-30T18:40:56.301Z,66.015791,-149.061845,345.72,7.6,420.94,222.1,207.25,-2.09,-0.96,2.84,2.82,0.01,-0.01,1.0,0.999,0.999,0.999,,1,1.0,0.0,67256.883
2026-08-30T18:40:57.370Z,66.015791,-149.061845,345.72,7.59,420.94,222.1,207.25,-2.04,-1.03,2.85,2.85,0.05,-0.01,1.0,0.999,0.999,0.999,,1,1.0,0.0,67257.961
2026-08-30T18:40:58.037Z,66.015791,-149.061845,345.72,7.59,420.94,222.11,207.26,-2.08,-1.02,2.94,2.97,0.18,-0.12,1.0,0.999,0.999,0.999,,1,1.0,0.0,67258.609
2026-08-30T18:40:58.863Z,66.01579,-149.061847,345.72,7.59,423.44,222.54,207.75,-2.31,-1.03,3.2,3.22,0.44,0.04,1.0,0.997,1.001,0.999,0.084,2,1.0,0.0,67259.453
2026-08-30T18:40:59.957Z,66.015789,-149.061851,345.73,7.59,424.94,225.21,210.45,-2.54,-1.13,3.21,3.11,0.37,0.46,1.0,0.998,0.998,0.998,,1,1.0,0.0,67260.562
2026-08-30T18:41:00.843Z,66.015788,-149.061853,345.75,7.61,425.41,226.24,211.39,-2.54,-1.0,2.77,2.68,0.03,0.37,1.0,0.999,1.0,0.999,0.104,2,1.0,0.0,67261.438
2026-08-30T18:41:01.922Z,66.015788,-149.061853,345.75,7.61,425.64,226.23,211.39,-2.64,-0.94,2.76,2.74,0.01,0.11,1.0,0.999,0.999,0.999,0.017,3,1.0,0.0,67262.531
2026-08-30T18:41:03.024Z,66.015788,-149.061853,345.75,7.61,425.71,226.23,211.39,-2.61,-1.0,2.76,2.74,0.01,0.05,1.0,0.999,0.999,0.999,,1,1.0,0.0,67263.609
2026-08-30T18:41:03.863Z,66.015788,-149.061853,345.75,7.61,423.29,226.23,211.39,-2.55,-0.98,2.74,2.72,0.01,-0.02,1.0,0.999,0.999,0.999,0.015,2,1.0,0.0,67264.477
2026-08-30T18:41:04.949Z,66.015788,-149.061853,345.75,7.61,421.74,226.23,211.38,-2.56,-0.89,2.75,2.73,0.0,-0.01,1.0,0.999,0.999,0.999,0.005,3,1.0,0.0,67265.539
2026-08-30T18:41:06.537Z,66.015788,-149.061853,345.74,7.61,421.12,226.23,211.39,-2.56,-0.97,2.75,2.73,0.01,,1.0,0.999,0.999,0.999,,1,1.0,0.0,67267.211
2026-08-30T18:41:07.281Z,66.015788,-149.061853,345.75,7.61,421.04,226.23,211.39,-2.52,-0.99,2.75,2.72,0.0,-0.04,1.0,0.999,0.999,0.999,,1,1.0,0.0,67267.875
2026-08-30T18:41:08.370Z,66.015788,-149.061853,345.75,7.61,420.99,226.23,211.39,-2.56,-0.95,2.75,2.73,0.0,-0.02,1.0,0.999,0.999,0.999,,1,1.0,0.0,67268.969
2026-08-30T18:41:09.047Z,66.015788,-149.061853,345.74,7.61,420.98,226.23,211.39,-2.55,-0.97,2.75,2.73,0.0,-0.0,1.0,0.999,0.999,0.999,,1,1.0,0.0,67269.641
2026-08-30T18:41:09.886Z,66.015788,-149.061853,345.74,7.61,420.97,226.23,211.39,-2.54,-1.02,2.75,2.72,0.02,-0.01,1.0,0.999,0.999,0.999,0.012,2,1.0,0.0,67270.484
2026-08-30T18:41:10.983Z,66.015788,-149.061853,345.74,7.61,420.97,226.23,211.39,-2.55,-0.97,2.74,2.72,0.01,-0.04,1.0,0.999,0.999,0.999,,1,1.0,0.0,67271.578
2026-08-30T18:41:11.826Z,66.015788,-149.061853,345.74,7.61,420.97,226.23,211.39,-2.56,-0.96,2.75,2.73,0.0,-0.0,1.0,0.999,0.999,0.999,0.003,2,1.0,0.0,67272.422
2026-08-30T18:41:12.890Z,66.015788,-149.061853,345.74,7.61,420.97,226.24,211.39,-2.58,-1.03,2.75,2.73,0.02,-0.0,1.0,0.999,0.999,0.999,0.017,3,1.0,0.0,67273.477
2026-08-30T18:41:13.980Z,66.015788,-149.061853,345.74,7.61,423.55,226.23,211.39,-2.55,-1.0,2.74,2.72,0.01,-0.04,1.0,0.999,0.999,0.999,,1,1.0,0.0,67274.562
2026-08-30T18:41:14.812Z,66.015788,-149.061853,345.74,7.61,424.8,226.23,211.39,-2.56,-0.98,2.75,2.73,0.01,-0.05,1.0,0.999,0.999,0.999,0.018,2,1.0,0.0,67275.406
2026-08-30T18:41:15.975Z,66.015788,-149.061853,345.74,7.61,425.45,226.23,211.39,-2.55,-1.03,2.75,2.73,0.01,-0.03,1.0,0.999,0.999,0.999,,1,1.0,0.0,67276.57
2026-08-30T18:41:17.071Z,66.015788,-149.061853,345.74,7.61,425.65,226.23,211.39,-2.56,-0.99,2.75,2.72,0.0,-0.04,1.0,0.999,0.999,0.999,,1,1.0,0.0,67277.656
2026-08-30T18:41:17.943Z,66.015788,-149.061853,345.74,7.61,425.71,226.23,211.39,-2.58,-0.99,2.75,2.73,0.01,-0.02,1.0,0.999,0.999,0.999,0.02,2,1.0,0.0,67278.539
2026-08-30T18:41:18.784Z,66.015788,-149.061853,345.74,7.6,423.32,226.23,211.39,-2.56,-1.01,2.75,2.72,0.0,-0.03,1.0,0.998,0.999,0.999,0.024,2,1.0,0.0,67279.375
2026-08-30T18:41:19.863Z,66.015788,-149.061853,345.74,7.61,421.76,226.23,211.39,-2.56,-0.99,2.75,2.73,0.0,-0.05,1.0,0.999,0.999,0.999,,1,1.0,0.0,67280.461
2026-08-30T18:41:20.923Z,66.015788,-149.061853,345.74,7.6,421.24,226.24,211.39,-2.57,-1.0,2.74,2.73,0.0,-0.04,1.0,0.999,0.999,0.999,0.015,3,1.0,0.0,67281.508
2026-08-30T18:41:22.008Z,66.015788,-149.061853,345.74,7.61,421.06,226.23,211.39,-2.55,-0.97,2.75,2.73,0.0,-0.05,1.0,0.999,0.999,0.999,,1,1.0,0.0,67282.594
2026-08-30T18:41:22.863Z,66.015788,-149.061853,345.74,7.6,421.0,226.24,211.39,-2.58,-1.03,2.74,2.72,0.0,-0.06,1.0,0.999,0.999,0.999,0.001,2,1.0,0.0,67283.5
2026-08-30T18:41:23.945Z,66.015788,-149.061853,345.74,7.6,420.98,226.24,211.39,-2.57,-0.99,2.75,2.73,0.0,-0.02,1.0,0.999,0.999,0.999,0.01,3,1.0,0.0,67284.625
2026-08-30T18:41:25.193Z,66.015788,-149.061853,345.74,7.6,420.97,226.24,211.39,-2.55,-0.97,2.74,2.72,0.01,-0.05,1.0,0.999,0.999,0.999,,1,1.0,0.0,67285.797
2026-08-30T18:41:26.428Z,66.015788,-149.061853,345.74,7.6,420.96,226.24,211.39,-2.56,-0.97,2.75,2.73,0.02,-0.06,1.0,0.999,0.999,0.999,,1,1.0,0.0,67287.039
2026-08-30T18:41:27.500Z,66.015788,-149.061853,345.74,7.6,420.96,226.24,211.39,-2.57,-1.02,2.75,2.73,0.0,-0.05,1.0,0.999,0.999,0.999,,1,1.0,0.0,67288.062
2026-08-30T18:41:28.141Z,66.015788,-149.061853,345.74,7.6,420.96,226.24,211.39,-2.57,-0.97,2.75,2.72,0.01,-0.04,1.0,0.999,0.999,0.999,,1,1.0,0.0,67288.75
2026-08-30T18:41:28.820Z,66.015788,-149.061853,345.74,7.6,423.06,226.24,211.39,-2.6,-1.03,2.74,2.71,0.01,-0.06,1.0,0.999,0.999,0.999,,1,1.0,0.0,67289.422
2026-08-30T18:41:29.924Z,66.015788,-149.061853,345.74,7.61,424.86,226.24,211.39,-2.71,-1.01,2.74,2.72,0.0,-0.04,1.0,0.999,0.999,0.999,,1,1.0,0.0,67290.508
2026-08-30T18:41:30.959Z,66.015788,-149.061853,345.74,7.61,425.44,226.24,211.4,-2.63,-1.03,2.76,2.73,0.0,-0.02,1.0,0.999,0.999,0.999,0.012,3,1.0,0.0,67291.539
2026-08-30T18:41:32.030Z,66.015788,-149.061853,345.74,7.6,425.65,226.24,211.39,-2.59,-1.08,2.75,2.73,0.0,-0.03,1.0,0.999,0.999,0.999,,1,1.0,0.0,67292.625
2026-08-30T18:41:32.867Z,66.015788,-149.061853,345.74,7.6,425.71,226.24,211.39,-2.58,-1.05,2.74,2.73,0.0,-0.0,1.0,0.999,0.999,0.999,0.002,2,1.0,0.0,67293.461
2026-08-30T18:41:33.909Z,66.015788,-149.061853,345.74,7.6,423.68,226.24,211.39,-2.56,-1.01,2.75,2.72,0.01,-0.01,1.0,0.999,0.999,0.999,0.011,3,1.0,0.0,67294.5
2026-08-30T18:41:34.992Z,66.015788,-149.061853,345.74,7.6,421.88,226.24,211.4,-2.56,-1.09,2.74,2.72,0.01,-0.04,1.0,0.999,0.999,0.999,,1,1.0,0.0,67295.578
2026-08-30T18:41:36.141Z,66.015788,-149.061853,345.74,7.6,421.25,226.24,211.39,-2.55,-0.98,2.74,2.72,0.01,-0.05,1.0,0.999,0.999,0.999,,1,1.0,0.0,67296.734
2026-08-30T18:41:37.226Z,66.015788,-149.061853,345.74,7.6,421.06,226.24,211.4,-2.54,-1.02,2.75,2.73,0.01,-0.02,1.0,0.999,0.999,0.999,,1,1.0,0.0,67297.82
2026-08-30T18:41:37.892Z,66.015788,-149.061853,345.74,7.6,421.01,226.24,211.4,-2.57,-1.01,2.75,2.73,0.01,-0.03,1.0,0.999,0.999,0.999,,1,1.0,0.0,67298.477
2026-08-30T18:41:38.938Z,66.015788,-149.061853,345.74,7.6,420.98,226.25,211.4,-2.54,-1.07,2.74,2.72,0.01,-0.03,1.0,0.999,0.999,0.999,0.009,3,1.0,0.0,67299.516
2026-08-30T18:41:40.005Z,66.015788,-149.061853,345.74,7.6,420.97,226.26,211.41,-2.5,-1.0,2.75,2.73,0.0,-0.02,1.0,0.999,0.999,0.999,,1,1.0,0.0,67300.586
2026-08-30T18:41:40.870Z,66.015788,-149.061853,345.74,7.6,420.96,226.31,211.47,-2.52,-1.06,2.77,2.77,0.04,0.01,1.0,0.999,0.999,0.999,0.016,2,1.0,0.0,67301.461
2026-08-30T18:41:41.917Z,66.015788,-149.061853,345.74,7.6,423.29,226.94,212.13,-2.51,-1.03,2.87,2.88,0.18,0.18,1.0,0.999,0.999,0.999,0.011,3,1.0,0.0,67302.508
2026-08-30T18:41:42.999Z,66.015788,-149.061855,345.75,7.6,424.9,229.01,214.25,-2.63,-1.02,2.96,2.96,0.32,0.23,1.0,0.998,0.998,0.998,,1,1.0,0.0,67303.602
2026-08-30T18:41:43.848Z,66.015787,-149.061858,345.77,7.62,425.33,231.38,216.65,-2.68,-0.99,3.12,3.11,0.52,1.19,1.0,0.998,1.001,1.0,0.232,2,1.0,0.0,67304.445
2026-08-30T18:41:44.920Z,66.015786,-149.061864,345.81,7.61,425.47,235.86,221.19,-2.59,-0.95,3.23,3.25,0.8,2.27,1.0,0.998,1.001,1.0,0.06,3,1.0,0.0,67305.523
2026-08-30T18:41:46.524Z,66.015783,-149.061881,345.92,7.68,425.36,245.35,230.72,-2.35,-1.41,3.54,3.61,1.51,4.37,1.0,1.001,1.001,1.001,,1,1.0,0.0,67307.141
2026-08-30T18:41:47.215Z,66.015782,-149.061892,345.98,7.63,425.26,246.85,232.04,-2.47,-1.78,3.84,3.9,1.82,6.14,1.0,0.99,0.99,0.99,,1,1.0,0.0,67307.82
2026-08-30T18:41:48.338Z,66.015778,-149.061915,346.17,7.7,423.12,249.09,234.29,-2.88,-2.2,4.5,4.64,2.64,7.23,1.0,0.995,0.995,0.995,,1,1.0,0.0,67308.969
2026-08-30T18:41:49.045Z,66.015775,-149.061935,346.24,7.52,422.26,249.44,234.62,-1.95,-2.42,5.03,5.1,3.06,9.9,1.0,0.997,0.997,0.997,,1,1.0,0.0,67309.688
2026-08-30T18:41:49.952Z,66.015771,-149.061965,346.5,7.69,421.88,250.34,235.54,-2.53,-1.37,5.11,5.13,3.22,13.8,1.0,0.998,1.003,1.0,0.012,2,1.0,0.0,67310.594
2026-08-30T18:41:51.113Z,66.015764,-149.062005,346.92,7.68,421.95,250.72,235.91,-2.27,-0.77,5.33,5.27,3.32,21.75,1.0,1.003,1.003,1.003,,1,1.0,0.0,67311.812
2026-08-30T18:41:51.895Z,66.015761,-149.062033,347.19,7.61,422.15,253.61,239.01,-2.66,-1.34,5.32,5.29,3.5,20.01,1.0,0.987,0.987,0.987,,1,1.0,0.0,67312.594
2026-08-30T18:41:52.882Z,66.015758,-149.062072,347.48,7.65,424.57,261.3,246.82,-1.91,-1.92,5.27,5.23,3.84,16.86,1.0,0.999,1.0,0.999,1.222,2,1.0,0.0,67313.562
2026-08-30T18:41:54.146Z,66.015757,-149.06213,347.72,7.59,424.26,273.86,259.36,-1.01,-1.79,5.57,5.65,4.87,9.78,1.0,0.996,0.996,0.996,,1,1.0,0.0,67314.844
2026-08-30T18:41:54.939Z,66.01576,-149.062173,347.77,7.66,423.56,281.62,267.16,-0.51,-1.79,5.93,6.03,5.71,3.43,1.0,1.008,1.008,1.008,,1,1.0,0.0,67315.641
2026-08-30T18:41:56.816Z,66.015778,-149.062295,347.98,7.67,423.14,297.12,282.33,-1.2,-0.06,6.68,6.74,7.09,11.11,1.0,0.976,0.976,0.976,,1,1.0,0.0,67317.5
2026-08-30T18:41:57.587Z,66.015789,-149.06235,348.18,7.62,423.24,297.24,282.37,-0.85,-0.05,7.24,7.34,7.62,10.79,1.0,1.029,1.029,1.029,,1,1.0,0.0,67318.266
2026-08-30T18:41:58.829Z,66.01581,-149.062449,348.33,7.66,423.74,295.29,280.28,-0.68,-0.32,8.21,8.31,8.46,9.58,1.0,0.976,0.976,0.976,,1,1.0,0.0,67319.461
2026-08-30T18:41:59.541Z,66.015821,-149.062512,348.46,7.76,423.68,292.14,277.16,-1.99,-0.05,8.75,8.92,8.96,13.65,1.0,0.976,0.976,0.976,,1,1.0,0.0,67320.18
2026-08-30T18:42:00.260Z,66.015831,-149.06258,348.72,7.57,424.41,289.28,274.26,-0.16,-0.1,9.65,9.79,9.68,5.61,1.0,1.039,1.039,1.039,,1,1.0,0.0,67320.906
2026-08-30T18:42:01.456Z,66.015847,-149.062707,348.76,7.58,426.88,282.59,267.41,-1.2,-0.76,10.97,11.13,10.54,14.52,1.0,0.914,0.914,0.914,,1,1.0,0.0,67322.117
2026-08-30T18:42:02.201Z,66.015853,-149.062796,349.03,7.58,427.24,275.6,260.41,-1.12,-1.37,11.83,12.06,11.21,11.36,1.0,1.003,1.003,1.003,,1,1.0,0.0,67322.867
2026-08-30T18:42:02.951Z,66.015856,-149.06289,349.21,7.74,427.06,268.82,253.63,-0.32,-1.3,12.66,12.72,11.45,14.8,1.0,1.049,1.049,1.049,,1,1.0,0.0,67323.625
2026-08-30T18:42:04.180Z,66.015849,-149.063052,349.49,7.7,428.85,260.19,245.18,-1.1,-0.27,13.58,13.66,12.07,11.98,1.0,1.026,1.026,1.026,,1,1.0,0.0,67324.852
2026-08-30T18:42:04.941Z,66.015842,-149.063153,349.58,7.63,428.24,257.71,242.76,-1.14,0.08,14.06,14.09,12.4,13.77,1.0,0.988,0.988,0.988,,1,1.0,0.0,67325.609
2026-08-30T18:42:06.240Z,66.015822,-149.063332,349.82,7.66,428.66,251.28,236.25,-0.61,0.04,15.01,15.05,13.14,8.88,1.0,1.017,1.017,1.017,,1,1.0,0.0,67326.898
2026-08-30T18:42:07.435Z,66.015797,-149.063502,349.96,7.66,428.6,250.07,235.21,-0.75,0.14,15.82,15.84,13.85,5.28,1.0,0.992,0.992,0.992,,1,1.0,0.0,67328.078
2026-08-30T18:42:08.171Z,66.015781,-149.063609,349.97,7.64,427.5,249.89,235.04,-0.86,0.15,16.25,16.26,14.27,6.15,1.0,0.997,0.997,0.997,,1,1.0,0.0,67328.82
2026-08-30T18:42:08.900Z,66.015765,-149.063721,349.98,7.63,426.31,249.74,234.88,-0.79,0.29,16.72,16.73,14.72,0.96,1.0,0.974,0.974,0.974,,1,1.0,0.0,67329.562
2026-08-30T18:42:10.116Z,66.015736,-149.063913,349.86,7.63,426.93,249.4,234.54,-1.01,-0.14,17.41,17.45,15.44,-4.97,1.0,0.966,0.966,0.966,,1,1.0,0.0,67330.766
2026-08-30T18:42:10.846Z,66.015717,-149.064034,349.76,7.61,426.09,249.4,234.57,-0.22,0.42,17.91,17.87,15.88,-8.14,1.0,1.007,1.007,1.007,,1,1.0,0.0,67331.477
2026-08-30T18:42:11.931Z,66.01569,-149.064221,349.56,7.66,425.38,251.47,236.62,-0.54,0.08,18.42,18.4,16.44,-12.05,1.0,0.988,0.992,0.99,3.389,3,1.0,0.0,67332.555
2026-08-30T18:42:13.079Z,66.015662,-149.064426,349.22,7.61,427.36,251.19,236.36,-0.96,0.11,19.02,19.03,17.1,-15.54,1.0,0.996,0.996,0.996,,1,1.0,0.0,67333.688
2026-08-30T18:42:13.946Z,66.01564,-149.064586,349.05,7.66,426.36,250.98,236.13,-0.32,0.29,19.48,19.38,17.47,-13.06,1.0,0.986,1.002,0.994,1.904,2,1.0,0.0,67334.547
2026-08-30T18:42:15.052Z,66.01561,-149.064793,348.88,7.64,427.66,250.71,235.85,-0.42,0.13,19.77,19.62,17.63,-10.03,1.0,1.02,1.02,1.02,,1,1.0,0.0,67335.641
2026-08-30T18:42:16.219Z,66.015579,-149.065011,348.78,7.64,427.3,250.57,235.72,-0.7,0.4,19.4,19.1,17.03,-4.73,1.0,1.0,1.0,1.0,,1,1.0,0.0,67336.805
2026-08-30T18:42:17.296Z,66.015551,-149.065205,348.79,7.65,425.42,250.45,235.61,-1.1,0.07,18.22,17.88,15.79,1.37,1.0,0.997,0.997,0.997,,1,1.0,0.0,67337.891
2026-08-30T18:42:17.970Z,66.015535,-149.065318,348.83,7.67,427.44,250.46,235.61,-0.32,0.09,17.47,17.03,15.01,2.6,1.0,0.985,0.985,0.985,,1,1.0,0.0,67338.648
2026-08-30T18:42:18.906Z,66.015513,-149.065468,348.87,7.61,427.41,250.57,235.71,-0.6,0.2,15.87,15.2,13.01,4.52,1.0,0.976,1.015,0.996,2.223,2,1.0,0.0,67339.531
2026-08-30T18:42:20.051Z,66.01549,-149.065625,349.01,7.69,425.46,250.31,235.5,-1.13,-0.41,13.7,13.32,11.26,7.18,1.0,0.967,0.967,0.967,,1,1.0,0.0,67340.664
2026-08-30T18:42:20.919Z,66.015475,-149.065729,349.08,7.66,426.86,250.44,235.6,-0.57,0.18,12.63,12.26,10.21,5.5,1.0,0.966,0.992,0.979,2.753,2,1.0,0.0,67341.523
2026-08-30T18:42:22.053Z,66.015458,-149.06585,349.25,7.72,428.35,250.42,235.57,-0.62,-0.44,11.2,10.85,8.83,9.27,1.0,1.013,1.013,1.013,,1,1.0,0.0,67342.664
2026-08-30T18:42:22.914Z,66.015446,-149.065931,349.33,7.65,426.61,250.45,235.61,-0.84,-0.48,10.21,9.9,7.86,4.42,1.0,0.993,1.041,1.017,9.263,2,1.0,0.0,67343.523
2026-08-30T18:42:24.116Z,66.015432,-149.066029,349.36,7.62,425.17,250.6,235.74,-0.7,0.75,8.9,8.65,6.64,8.3,1.0,1.01,1.01,1.01,,1,1.0,0.0,67344.773
2026-08-30T18:42:24.853Z,66.015424,-149.066082,349.43,7.66,425.25,250.58,235.74,-0.85,-0.18,8.43,8.24,6.2,5.67,1.0,0.984,0.984,0.984,,1,1.0,0.0,67345.5
2026-08-30T18:42:26.120Z,66.015412,-149.066164,349.57,7.68,427.93,250.45,235.6,-1.11,-0.28,7.93,7.83,5.78,5.26,1.0,1.044,1.044,1.044,,1,1.0,0.0,67346.758
2026-08-30T18:42:27.302Z,66.015401,-149.066238,349.62,7.67,427.83,250.37,235.52,-0.71,-0.05,7.89,7.87,5.84,5.66,1.0,1.02,1.02,1.02,,1,1.0,0.0,67347.945
2026-08-30T18:42:28.032Z,66.015394,-149.066284,349.66,7.66,429.52,250.26,235.41,-0.71,-0.15,8.02,8.05,6.05,6.13,1.0,0.974,0.974,0.974,,1,1.0,0.0,67348.68
2026-08-30T18:42:28.964Z,66.015386,-149.066344,349.75,7.69,429.44,250.08,235.22,-0.43,-0.29,8.17,8.13,6.18,4.78,1.0,0.997,1.004,1.001,4.973,2,1.0,0.0,67349.609
2026-08-30T18:42:30.151Z,66.015374,-149.066423,349.82,7.67,427.09,249.78,234.93,-0.62,-0.24,8.33,8.28,6.23,4.67,1.0,1.014,1.014,1.014,,1,1.0,0.0,67350.797
2026-08-30T18:42:30.879Z,66.015367,-149.066471,349.76,7.61,426.99,249.73,234.86,0.26,-0.08,7.66,7.33,5.29,2.81,1.0,0.949,0.949,0.949,,1,1.0,0.0,67351.516
2026-08-30T18:42:31.789Z,66.015359,-149.066523,349.89,7.72,428.2,249.57,234.81,-0.72,-0.13,7.39,7.28,5.17,2.73,1.0,1.005,1.014,1.01,0.138,2,1.0,0.0,67352.422
2026-08-30T18:42:32.977Z,66.015352,-149.066588,349.91,7.67,428.06,263.52,249.0,-1.01,-0.0,6.18,6.09,4.72,3.26,1.0,1.003,1.003,1.003,,1,1.0,0.0,67353.648
2026-08-30T18:42:33.927Z,66.015351,-149.066638,349.95,7.71,427.69,272.16,257.75,-0.36,0.16,5.58,5.39,4.5,0.61,1.0,0.982,1.003,0.993,2.138,2,1.0,0.0,67354.578
2026-08-30T18:42:35.125Z,66.015356,-149.066696,350.01,7.7,426.97,288.52,274.6,-0.3,0.39,3.64,2.96,3.0,2.45,1.0,1.005,1.005,1.005,,1,1.0,0.0,67355.781
2026-08-30T18:42:36.406Z,66.015367,-149.066729,350.05,7.64,425.72,318.93,304.87,-0.71,0.23,1.22,0.86,2.37,0.93,1.0,1.012,1.012,1.012,,1,1.0,0.0,67357.078
2026-08-30T18:42:37.654Z,66.015379,-149.066741,350.12,7.65,425.42,340.5,326.05,-0.81,-0.06,0.02,0.0,2.13,2.53,1.0,0.993,0.993,0.993,,1,1.0,0.0,67358.328
2026-08-30T18:42:38.429Z,66.015386,-149.066744,350.11,7.67,425.37,347.46,332.94,-0.68,-0.2,0.0,0.0,2.0,0.84,1.0,0.995,0.995,0.995,,1,1.0,0.0,67359.078
2026-08-30T18:42:39.175Z,66.015393,-149.066746,350.11,7.67,425.35,353.58,339.07,-0.89,-0.05,0.0,0.0,2.1,0.09,1.0,0.997,0.997,0.997,,1,1.0,0.0,67359.828
2026-08-30T18:42:40.355Z,66.015405,-149.066744,350.15,7.72,426.19,3.88,349.36,-1.38,-0.08,0.0,0.0,2.32,1.54,1.0,1.012,1.012,1.012,,1,1.0,0.0,67360.992
2026-08-30T18:42:41.069Z,66.015413,-149.066741,350.16,7.7,428.0,10.27,355.82,-1.32,-0.09,0.0,0.0,2.32,1.21,1.0,0.996,0.996,0.996,,1,1.0,0.0,67361.703
2026-08-30T18:42:41.982Z,66.015422,-149.066733,350.16,7.69,430.43,20.16,5.77,-1.21,-0.21,0.0,0.0,2.45,1.07,1.0,0.999,1.01,1.005,0.909,2,1.0,0.0,67362.602
2026-08-30T18:42:43.139Z,66.015434,-149.066716,350.16,7.67,431.38,30.97,16.47,-0.88,-0.73,0.0,0.0,2.69,0.32,1.0,1.003,1.003,1.003,,1,1.0,0.0,67363.758
2026-08-30T18:42:43.845Z,66.015441,-149.066703,350.16,7.63,431.45,37.88,23.44,-0.93,-0.87,0.0,0.01,2.85,1.93,1.0,0.996,0.996,0.996,,1,1.0,0.0,67364.469
2026-08-30T18:42:44.929Z,66.015451,-149.066676,350.16,7.65,431.29,49.86,35.43,-1.06,-0.51,0.56,0.78,3.39,-0.92,1.0,0.993,1.006,1.0,1.486,3,1.0,0.0,67365.57
2026-08-30T18:42:46.663Z,66.015464,-149.066614,350.08,7.64,431.6,67.17,52.33,-0.93,-0.38,1.99,2.15,4.28,-1.43,1.0,0.994,0.994,0.994,,1,1.0,0.0,67367.297
2026-08-30T18:42:47.381Z,66.01547,-149.066581,350.02,7.67,431.43,68.74,54.07,-0.59,-0.42,2.46,2.59,4.64,-2.66,1.0,0.988,0.988,0.988,,1,1.0,0.0,67368.016
2026-08-30T18:42:48.602Z,66.015479,-149.06652,349.93,7.61,430.28,69.68,54.84,-0.48,-0.25,2.78,2.5,4.3,-4.9,1.0,0.998,0.998,0.998,,1,1.0,0.0,67369.25
2026-08-30T18:42:49.335Z,66.015484,-149.066488,349.87,7.65,429.39,69.72,54.9,1.35,0.01,0.34,0.0,0.32,-4.82,1.0,0.995,0.995,0.995,,1,1.0,0.0,67369.945
2026-08-30T18:42:50.024Z,66.015485,-149.066483,349.86,7.65,428.76,69.64,54.79,-1.23,-0.03,0.01,0.0,0.07,-1.09,1.0,1.0,1.0,1.0,,1,1.0,0.0,67370.641
2026-08-30T18:42:51.151Z,66.015485,-149.066483,349.87,7.65,430.23,69.63,54.79,-0.18,0.01,0.0,0.0,0.1,-0.67,1.0,0.998,0.998,0.998,,1,1.0,0.0,67371.75
2026-08-30T18:42:51.829Z,66.015485,-149.066484,349.89,7.67,431.13,69.63,54.79,-0.94,0.0,0.0,0.0,0.04,-0.15,1.0,1.001,1.001,1.001,,1,1.0,0.0,67372.422
2026-08-30T18:42:52.883Z,66.015485,-149.066483,349.88,7.66,431.73,69.63,54.79,-0.61,-0.0,0.0,0.0,0.02,-0.08,1.0,0.999,1.0,1.0,0.022,3,1.0,0.0,67373.477
2026-08-30T18:42:53.973Z,66.015485,-149.066484,349.88,7.66,431.94,69.63,54.79,-0.59,0.0,0.0,0.0,0.0,-0.06,1.0,1.0,1.0,1.0,,1,1.0,0.0,67374.547
2026-08-30T18:42:54.802Z,66.015485,-149.066484,349.88,7.66,432.0,69.63,54.79,-0.68,0.0,0.0,0.0,0.0,-0.0,1.0,1.0,1.0,1.0,0.011,2,1.0,0.0,67375.352
2026-08-30T18:42:55.912Z,66.015485,-149.066484,349.88,7.66,432.04,69.63,54.79,-0.64,0.0,0.0,0.0,0.0,-0.01,1.0,1.0,1.0,1.0,,1,1.0,0.0,67376.5
2026-08-30T18:42:56.998Z,66.015485,-149.066484,349.88,7.66,427.65,69.63,54.79,-0.64,0.0,0.0,0.0,0.0,-0.01,1.0,1.0,1.0,1.0,,1,1.0,0.0,67377.594
2026-08-30T18:42:57.862Z,66.015485,-149.066484,349.88,7.66,426.18,69.63,54.79,-0.66,0.0,0.0,0.0,0.0,0.0,1.0,1.0,1.0,1.0,0.007,2,1.0,0.0,67378.453
2026-08-30T18:42:58.909Z,66.015485,-149.066484,349.88,7.66,425.47,69.63,54.79,-0.66,0.0,0.0,0.0,0.0,0.0,1.0,1.0,1.0,1.0,0.012,3,1.0,0.0,67379.508
2026-08-30T18:43:00.109Z,66.015485,-149.066484,349.88,7.66,425.21,69.63,54.79,-0.64,0.0,0.0,0.0,0.0,-0.01,1.0,1.0,1.0,1.0,,1,1.0,0.0,67380.773
2026-08-30T18:43:00.857Z,66.015485,-149.066484,349.88,7.66,426.37,69.63,54.79,-0.65,0.0,0.0,0.0,0.0,0.01,1.0,1.0,1.0,1.0,,1,1.0,0.0,67381.453
2026-08-30T18:43:01.912Z,66.015485,-149.066484,349.88,7.66,428.01,69.63,54.79,-0.65,0.0,0.0,0.0,0.0,0.01,1.0,1.0,1.0,1.0,0.012,3,1.0,0.0,67382.484
2026-08-30T18:43:02.975Z,66.015485,-149.066484,349.88,7.66,428.61,69.63,54.79,-0.66,0.0,0.0,0.0,0.0,0.01,1.0,1.0,1.0,1.0,,1,1.0,0.0,67383.633
2026-08-30T18:43:03.904Z,66.015485,-149.066484,349.88,7.66,428.78,69.63,54.79,-0.64,0.0,0.0,0.0,0.0,-0.0,1.0,1.0,1.0,1.0,0.011,2,1.0,0.0,67384.453
2026-08-30T18:43:04.900Z,66.015485,-149.066484,349.88,7.66,428.86,69.63,54.79,-0.64,0.0,0.0,0.0,0.0,-0.01,1.0,1.0,1.0,1.0,0.012,3,1.0,0.0,67385.422
2026-08-30T18:43:06.277Z,66.015485,-149.066484,349.88,7.66,428.89,69.63,54.79,-0.66,0.0,0.0,0.0,0.0,0.01,1.0,1.0,1.0,1.0,,1,1.0,0.0,67386.766
2026-08-30T18:43:06.827Z,66.015485,-149.066484,349.88,7.66,428.89,69.63,54.79,-0.66,0.0,0.0,0.0,0.0,0.0,1.0,1.0,1.0,1.0,,1,1.0,0.0,67387.305
2026-08-30T18:43:07.953Z,66.015485,-149.066484,349.88,7.66,428.48,69.63,54.79,-0.65,0.0,0.0,0.0,0.0,-0.0,1.0,1.0,1.0,1.0,0.011,4,1.0,0.0,67388.547
2026-08-30T18:43:09.041Z,66.015485,-149.066484,349.88,7.66,428.32,69.63,54.79,-0.64,0.0,0.0,0.0,0.0,-0.01,1.0,1.0,1.0,1.0,,1,1.0,0.0,67389.633
2026-08-30T18:43:09.893Z,66.015485,-149.066484,349.88,7.66,428.28,69.63,54.79,-0.65,0.0,0.0,0.0,0.0,-0.0,1.0,1.0,1.0,1.0,0.01,2,1.0,0.0,67390.492
2026-08-30T18:43:10.952Z,66.015485,-149.066484,349.88,7.66,428.26,69.63,54.79,-0.65,0.0,0.0,0.0,0.0,0.0,1.0,1.0,1.0,1.0,0.001,3,1.0,0.0,67391.555
2026-08-30T18:43:12.104Z,66.015485,-149.066484,349.88,7.66,428.71,69.63,54.79,-0.65,0.0,0.0,0.0,0.0,0.0,1.0,1.0,1.0,1.0,,1,1.0,0.0,67392.75
2026-08-30T18:43:12.831Z,66.015485,-149.066484,349.88,7.66,427.09,69.63,54.79,-0.65,0.0,0.0,0.0,0.0,0.0,1.0,1.0,1.0,1.0,,1,1.0,0.0,67393.469
2026-08-30T18:43:13.937Z,66.015485,-149.066484,349.88,7.66,427.24,69.63,54.79,-0.65,0.0,0.0,0.0,0.0,0.0,1.0,1.0,1.0,1.0,0.003,3,1.0,0.0,67394.578
2026-08-30T18:43:15.117Z,66.015485,-149.066484,349.88,7.66,427.36,69.63,54.79,-0.65,0.0,0.0,0.0,0.0,0.0,1.0,1.0,1.0,1.0,,1,1.0,0.0,67395.75
2026-08-30T18:43:16.366Z,66.015485,-149.066484,349.88,7.66,427.34,69.63,54.79,-0.65,0.0,0.0,0.0,0.0,-0.0,1.0,1.0,1.0,1.0,,1,1.0,0.0,67396.992
2026-08-30T18:43:17.524Z,66.015485,-149.066484,349.88,7.66,427.42,69.63,54.79,-0.65,0.0,0.0,0.0,0.0,-0.0,1.0,1.0,1.0,1.0,,1,1.0,0.0,67398.156
2026-08-30T18:43:18.240Z,66.015485,-149.066484,349.88,7.66,427.97,69.63,54.79,-0.65,0.0,0.0,0.0,0.01,0.0,1.0,1.0,1.0,1.0,,1,1.0,0.0,67398.875
2026-08-30T18:43:18.957Z,66.015485,-149.066484,349.88,7.66,427.58,69.63,54.79,-0.55,0.0,0.0,0.0,0.0,-0.04,1.0,1.0,1.0,1.0,,1,1.0,0.0,67399.586
2026-08-30T18:43:20.125Z,66.015485,-149.066484,349.88,7.66,427.86,69.63,54.79,-0.52,0.03,0.0,0.0,0.01,-0.01,1.0,1.0,1.0,1.0,,1,1.0,0.0,67400.758
2026-08-30T18:43:20.837Z,66.015485,-149.066483,349.88,7.66,427.65,69.63,54.79,-0.53,0.02,0.0,0.0,0.14,-0.24,1.0,1.0,1.0,1.0,,1,1.0,0.0,67401.469
2026-08-30T18:43:21.952Z,66.015485,-149.066481,349.89,7.68,427.8,69.63,54.79,-0.52,0.09,0.0,0.0,0.6,-0.28,1.0,0.998,1.004,1.0,0.825,3,1.0,0.0,67402.586
2026-08-30T18:43:23.121Z,66.015486,-149.066472,349.87,7.67,427.39,69.53,54.68,-0.42,-0.04,0.0,0.0,1.1,-0.87,1.0,1.006,1.006,1.006,,1,1.0,0.0,67403.75
2026-08-30T18:43:23.832Z,66.015488,-149.066464,349.85,7.64,427.85,69.41,54.56,0.02,-0.21,0.0,0.0,1.49,0.22,1.0,1.0,1.0,1.0,,1,1.0,0.0,67404.461
2026-08-30T18:43:24.918Z,66.01549,-149.066445,349.84,7.68,426.14,69.55,54.71,-0.44,-0.12,0.05,0.16,2.21,-2.33,1.0,0.981,1.014,0.997,3.905,3,1.0,0.0,67405.555
2026-08-30T18:43:26.635Z,66.015498,-149.066399,349.78,7.69,425.22,69.83,54.98,-0.5,-0.08,1.37,1.59,3.64,-1.28,1.0,0.998,0.998,0.998,,1,1.0,0.0,67407.281
2026-08-30T18:43:27.364Z,66.015502,-149.06637,349.73,7.68,425.09,69.92,55.09,-0.71,-0.18,2.18,2.47,4.54,-3.23,1.0,0.99,0.99,0.99,,1,1.0,0.0,67408.023
2026-08-30T18:43:28.592Z,66.015511,-149.066306,349.65,7.67,424.95,70.26,55.43,-0.85,-0.35,4.0,4.36,6.43,-3.79,1.0,1.011,1.011,1.011,,1,1.0,0.0,67409.273
2026-08-30T18:43:29.362Z,66.015518,-149.066254,349.55,7.6,426.22,70.63,55.8,-0.61,-0.29,5.36,5.76,7.84,-3.84,1.0,0.974,0.974,0.974,,1,1.0,0.0,67410.008
2026-08-30T18:43:30.094Z,66.015527,-149.066192,349.54,7.65,426.31,71.02,56.2,-0.44,-0.28,6.9,7.31,9.38,-5.34,1.0,1.018,1.018,1.018,,1,1.0,0.0,67410.727
2026-08-30T18:43:31.236Z,66.015544,-149.06607,349.37,7.69,426.15,71.75,56.93,-0.6,-0.04,9.48,9.94,11.98,-9.35,1.0,1.012,1.012,1.012,,1,1.0,0.0,67411.844
2026-08-30T18:43:31.933Z,66.015556,-149.065982,349.23,7.67,425.32,72.21,57.39,-0.41,0.3,11.19,11.66,13.67,-9.71,1.0,0.998,0.998,0.998,,1,1.0,0.0,67412.555
2026-08-30T18:43:32.828Z,66.015573,-149.065847,349.08,7.66,425.92,71.67,56.77,-0.8,-0.36,13.38,13.82,15.92,-8.79,1.0,0.983,1.01,0.997,2.056,2,1.0,0.0,67413.461
2026-08-30T18:43:33.975Z,66.015601,-149.065641,348.91,7.65,426.53,70.97,56.1,-0.52,-0.06,16.33,16.76,18.87,-5.81,1.0,0.991,0.991,0.991,,1,1.0,0.0,67414.586
2026-08-30T18:43:34.872Z,66.015627,-149.065458,348.8,7.68,426.44,70.49,55.61,-0.65,0.18,18.73,19.17,21.26,-5.87,1.0,0.968,1.022,0.995,1.29,2,1.0,0.0,67415.469
2026-08-30T18:43:36.466Z,66.015683,-149.065078,348.81,7.7,425.56,69.78,54.94,-0.81,-0.15,22.89,23.3,25.44,-1.52,1.0,0.99,0.99,0.99,,1,1.0,0.0,67417.047
2026-08-30T18:43:37.126Z,66.01571,-149.064897,348.9,7.74,424.94,70.11,55.27,-0.73,-0.07,24.66,25.01,27.14,5.01,1.0,1.035,1.035,1.035,,1,1.0,0.0,67417.727
2026-08-30T18:43:38.244Z,66.015758,-149.064571,349.23,7.71,425.81,69.93,55.07,-1.02,-0.44,27.46,27.79,29.91,16.71,1.0,1.01,1.01,1.01,,1,1.0,0.0,67418.836
2026-08-30T18:43:38.916Z,66.01579,-149.064355,349.51,7.68,425.92,70.1,55.29,-1.05,-0.39,29.12,29.43,31.56,23.93,1.0,0.999,0.999,0.999,,1,1.0,0.0,67419.523
2026-08-30T18:43:39.803Z,66.015833,-149.064051,349.92,7.66,426.51,70.73,55.88,-0.92,-0.3,31.35,31.67,33.74,21.3,1.0,0.97,0.993,0.981,3.193,2,1.0,0.0,67420.383
2026-08-30T18:43:40.876Z,66.015889,-149.063659,350.07,7.73,426.66,70.48,55.63,-0.82,0.47,34.07,34.38,36.49,0.3,1.0,0.996,0.996,0.996,,1,1.0,0.0,67421.445
2026-08-30T18:43:41.931Z,66.01595,-149.063242,349.56,7.64,425.57,69.97,55.12,-0.76,0.07,36.88,37.23,39.35,-23.25,1.0,0.972,1.011,0.99,0.57,3,1.0,0.0,67422.5
2026-08-30T18:43:42.981Z,66.016016,-149.062793,348.55,7.65,425.46,70.76,55.96,-0.51,0.26,39.8,40.12,42.22,-50.12,1.0,0.976,0.976,0.976,,1,1.0,0.0,67423.539
2026-08-30T18:43:43.817Z,66.016069,-149.062412,347.39,7.75,424.1,71.62,56.8,-0.18,0.3,42.21,42.49,44.58,-80.38,1.0,0.945,1.024,0.986,1.565,2,1.0,0.0,67424.367
2026-08-30T18:43:44.870Z,66.016138,-149.0619,345.6,7.72,423.92,71.66,56.81,-0.32,-0.18,45.18,45.4,47.5,-92.68,1.0,0.95,1.04,0.999,4.078,3,1.0,0.0,67425.422
2026-08-30T18:43:46.364Z,66.016244,-149.061115,343.94,7.72,422.27,71.38,56.54,-1.06,-0.84,49.04,49.22,51.31,-57.18,1.0,1.012,1.012,1.012,,1,1.0,0.0,67426.93
2026-08-30T18:43:47.010Z,66.016293,-149.060761,343.66,7.72,421.41,71.26,56.4,-1.06,-1.26,50.57,50.69,52.79,-38.86,1.0,1.05,1.05,1.05,,1,1.0,0.0,67427.586
2026-08-30T18:43:48.081Z,66.016377,-149.060152,343.24,7.64,420.64,71.13,56.3,-1.06,-0.96,53.07,53.19,55.26,-32.3,1.0,1.003,1.003,1.003,,1,1.0,0.0,67428.648
2026-08-30T18:43:48.910Z,66.016445,-149.059656,342.59,7.66,420.8,71.0,56.17,-0.82,-0.65,55.03,55.14,57.22,-48.95,1.0,0.986,0.993,0.989,6.933,2,1.0,0.0,67429.484
2026-08-30T18:43:49.957Z,66.016537,-149.059005,341.07,7.65,419.0,70.97,56.14,-0.73,0.39,57.6,57.68,59.77,-75.31,1.0,0.944,1.026,0.975,2.86,3,1.0,0.0,67430.539
2026-08-30T18:43:51.067Z,66.016638,-149.058291,339.95,7.67,416.07,70.77,55.89,-0.87,-0.03,60.06,60.04,62.14,-47.51,1.0,0.996,0.996,0.996,,1,1.0,0.0,67431.633
2026-08-30T18:43:51.912Z,66.016719,-149.05772,340.01,7.71,414.95,70.61,55.74,-1.25,-0.41,61.7,61.62,63.7,-1.67,1.0,1.021,1.053,1.037,0.351,2,1.0,0.0,67432.469
2026-08-30T18:43:52.935Z,66.01682,-149.057011,341.38,7.7,415.74,70.56,55.73,-2.07,0.05,63.46,63.35,65.41,70.84,1.0,1.024,1.062,1.039,2.785,3,1.0,0.0,67433.531
2026-08-30T18:43:54.004Z,66.016929,-149.05626,343.32,7.75,418.65,70.37,55.5,-1.86,-0.05,65.12,64.97,67.08,79.64,1.0,0.948,0.948,0.948,,1,1.0,0.0,67434.555
2026-08-30T18:43:54.822Z,66.017015,-149.055672,344.07,7.75,419.93,70.13,55.28,-1.72,0.15,66.53,66.41,68.5,52.45,1.0,0.967,0.974,0.971,6.735,2,1.0,0.0,67435.375
2026-08-30T18:43:55.921Z,66.017133,-149.05487,344.23,7.74,420.66,69.96,55.11,-2.01,0.2,68.43,68.29,70.42,22.93,1.0,0.988,0.988,0.988,,1,1.0,0.0,67436.469
2026-08-30T18:43:56.932Z,66.017246,-149.054106,344.72,7.73,421.7,70.14,55.33,-2.41,-0.45,70.12,69.9,72.03,45.93,1.0,1.055,1.055,1.055,,1,1.0,0.0,67437.484
2026-08-30T18:43:57.947Z,66.01736,-149.053318,346.47,7.8,423.11,70.69,55.86,-3.81,-0.75,71.47,71.19,73.44,89.59,1.0,0.998,1.056,1.034,2.96,3,1.0,0.0,67438.492
2026-08-30T18:43:58.964Z,66.017473,-149.052517,348.02,8.07,423.8,71.49,56.68,-7.8,-0.32,72.6,72.29,75.16,58.17,1.0,0.958,0.958,0.958,,1,1.0,0.0,67439.508
2026-08-30T18:43:59.967Z,66.017585,-149.051702,347.6,8.22,424.94,72.42,57.59,-8.46,-0.94,74.19,74.08,76.98,-16.42,0.0,0.911,0.925,0.918,0.787,3,1.0,0.0,67440.508
2026-08-30T18:44:00.951Z,66.017697,-149.05087,346.6,8.15,424.62,71.97,57.12,-8.76,0.77,75.91,75.61,78.64,-28.62,1.0,1.036,1.036,1.036,,1,1.0,0.0,67441.492
2026-08-30T18:44:01.949Z,66.017809,-149.050024,347.04,8.3,424.38,72.34,57.52,-10.94,-0.27,77.03,76.73,79.93,36.83,0.0,1.014,1.051,1.027,1.028,3,1.0,0.0,67442.484
2026-08-30T18:44:02.854Z,66.017913,-149.049252,349.1,9.19,424.68,72.81,57.98,-10.66,-0.52,78.21,77.82,80.87,114.63,0.0,1.02,1.037,1.029,0.382,2,1.0,0.0,67443.383
2026-08-30T18:44:03.840Z,66.018032,-149.048381,352.27,12.21,427.19,73.05,58.2,-12.36,0.09,78.86,78.43,81.63,186.34,0.0,1.012,1.012,1.012,,1,1.0,0.0,67444.375
2026-08-30T18:44:04.869Z,66.018154,-149.047477,357.57,19.02,430.03,72.27,57.38,-12.53,-1.83,79.5,78.98,82.07,290.87,0.0,1.021,1.042,1.032,0.467,3,1.0,0.0,67445.422
2026-08-30T18:44:05.953Z,66.018285,-149.046521,364.25,26.81,434.95,71.99,57.17,-12.84,-2.07,79.77,79.23,82.45,350.63,0.0,0.987,0.987,0.987,,1,1.0,0.0,67446.492
2026-08-30T18:44:06.947Z,66.018405,-149.045633,370.89,33.08,440.44,72.62,57.79,-12.97,-2.74,79.99,79.47,82.72,386.4,0.0,0.984,0.984,0.984,,1,1.0,0.0,67447.453
2026-08-30T18:44:07.947Z,66.018524,-149.044742,377.76,40.11,446.76,73.18,58.35,-13.07,-2.06,80.21,79.68,82.97,404.55,0.0,0.973,0.977,0.975,0.041,3,1.0,0.0,67448.5
2026-08-30T18:44:08.965Z,66.018645,-149.043828,384.8,48.12,453.59,73.4,58.56,-13.13,-1.1,80.34,79.8,83.18,410.26,0.0,0.971,0.971,0.971,0.051,3,1.0,0.0,67449.508
2026-08-30T18:44:10.002Z,66.018767,-149.042891,391.95,54.74,460.68,73.2,58.35,-13.03,-0.24,80.51,80.01,83.42,414.05,0.0,0.973,0.973,0.973,,1,1.0,0.0,67450.555
2026-08-30T18:44:10.842Z,66.018867,-149.042134,397.82,58.65,466.42,72.88,58.02,-13.05,-0.57,80.67,80.15,83.61,418.49,0.0,0.975,0.975,0.975,0.018,2,1.0,0.0,67451.398
2026-08-30T18:44:11.877Z,66.018991,-149.041198,405.37,57.79,473.75,72.51,57.66,-13.27,-1.24,80.86,80.38,83.77,443.2,0.0,0.981,1.0,0.991,0.155,3,1.0,0.0,67452.438
2026-08-30T18:44:12.927Z,66.019117,-149.040257,413.47,62.3,481.5,72.58,57.73,-13.66,-1.63,80.87,80.33,83.82,460.44,0.0,0.975,0.975,0.975,,1,1.0,0.0,67453.469
2026-08-30T18:44:13.930Z,66.01924,-149.03934,421.71,71.16,488.62,72.83,57.98,-14.04,-2.3,80.8,80.29,83.8,488.99,0.0,0.985,0.991,0.988,0.035,3,1.0,0.0,67454.477
2026-08-30T18:44:14.933Z,66.019361,-149.038431,430.59,83.12,496.12,73.11,58.27,-14.2,-1.22,80.85,80.36,83.83,526.21,0.0,0.989,0.989,0.989,,1,1.0,0.0,67455.461
2026-08-30T18:44:15.971Z,66.019487,-149.037482,440.55,97.39,504.89,73.19,58.33,-14.55,-0.19,80.94,80.47,84.01,567.56,0.0,0.989,0.989,0.989,,1,1.0,0.0,67456.516
2026-08-30T18:44:16.992Z,66.01961,-149.03656,451.16,111.81,515.18,72.73,57.86,-15.14,1.17,80.97,80.49,84.08,624.44,0.0,1.0,1.0,1.0,,1,1.0,0.0,67457.516
2026-08-30T18:44:17.770Z,66.019707,-149.035852,460.24,123.12,524.3,72.2,57.32,-15.46,1.59,80.92,80.42,84.02,680.08,0.0,1.005,1.006,1.005,0.039,2,1.0,0.0,67458.305
2026-08-30T18:44:18.782Z,66.019834,-149.034944,473.01,140.32,536.45,71.35,56.47,-15.87,0.97,80.73,80.24,83.81,746.25,0.0,0.995,1.002,0.998,0.153,3,1.0,0.0,67459.32
2026-08-30T18:44:19.954Z,66.019988,-149.033888,489.01,158.79,550.74,70.62,55.77,-16.43,-0.35,80.29,79.77,83.37,805.68,0.0,0.985,0.988,0.987,0.039,2,1.0,0.0,67460.484
2026-08-30T18:44:20.945Z,66.020119,-149.033007,503.11,173.5,564.34,70.59,55.74,-16.77,-1.15,79.73,79.2,82.83,845.37,0.0,0.981,0.984,0.983,0.069,3,1.0,0.0,67461.5
2026-08-30T18:44:21.939Z,66.02025,-149.032138,517.58,188.05,578.82,70.55,55.7,-16.83,-2.5,78.87,78.41,82.14,869.83,0.0,0.968,0.968,0.968,,1,1.0,0.0,67462.523
2026-08-30T18:44:22.777Z,66.020361,-149.031396,530.02,196.67,591.26,70.9,56.07,-17.2,-3.44,78.45,77.95,81.76,872.91,0.0,0.959,0.963,0.961,0.176,2,1.0,0.0,67463.297
2026-08-30T18:44:23.966Z,66.020515,-149.030363,547.31,209.35,608.59,71.75,56.91,-16.72,-4.17,77.88,77.5,81.17,871.76,0.0,0.96,0.969,0.964,0.55,4,1.0,0.0,67464.477
2026-08-30T18:44:24.907Z,66.020632,-149.029548,560.26,221.59,622.85,72.08,57.25,-16.32,-3.69,77.46,77.2,80.97,826.97,0.0,0.92,0.92,0.92,,1,1.0,0.0,67465.406
2026-08-30T18:44:25.896Z,66.020754,-149.028683,572.84,234.7,636.64,72.67,57.83,-15.51,-2.93,77.48,77.35,80.92,769.96,0.0,0.928,0.928,0.928,,1,1.0,0.0,67466.398
2026-08-30T18:44:26.848Z,66.020868,-149.027859,583.7,226.77,647.85,72.21,57.33,-14.66,-0.56,77.5,77.14,81.07,695.24,0.0,0.905,0.913,0.908,0.165,3,1.0,0.0,67467.344
2026-08-30T18:44:27.961Z,66.021004,-149.026879,594.65,242.1,660.07,71.27,56.39,-13.66,0.89,77.99,78.07,81.65,602.7,0.0,0.919,0.925,0.922,0.331,2,1.0,0.0,67468.453
2026-08-30T18:44:28.908Z,66.021123,-149.026049,602.24,265.2,669.1,70.56,55.69,-13.68,1.47,78.19,78.01,82.45,502.81,0.0,0.896,0.907,0.9,0.716,3,1.0,0.0,67469.406
2026-08-30T18:44:29.821Z,66.021241,-149.025248,609.39,272.18,678.47,69.57,54.68,-15.03,0.67,78.67,78.51,83.15,523.08,0.0,1.012,1.012,1.012,,1,1.0,0.0,67470.32
2026-08-30T18:44:30.789Z,66.021372,-149.024382,619.86,278.2,688.19,68.76,53.91,-15.1,-0.6,80.03,79.98,84.21,636.05,0.0,1.007,1.025,1.014,0.043,3,1.0,0.0,67471.281
2026-08-30T18:44:31.926Z,66.02153,-149.023366,634.52,279.42,699.81,69.95,55.13,-16.45,-1.24,80.08,79.86,84.08,756.73,0.0,1.002,1.015,1.007,0.486,4,1.0,0.0,67472.406
2026-08-30T18:44:32.816Z,66.021653,-149.022576,647.49,292.01,710.34,70.45,55.61,-16.82,-0.62,79.66,79.32,83.52,843.94,0.0,1.01,1.01,1.01,,1,1.0,0.0,67473.32
2026-08-30T18:44:33.783Z,66.021788,-149.021724,662.33,306.52,723.88,69.96,55.09,-17.47,0.01,78.84,78.48,82.71,895.13,0.0,0.994,1.005,0.999,0.181,3,1.0,0.0,67474.258
2026-08-30T18:44:34.920Z,66.021949,-149.02073,679.81,328.59,740.71,68.0,53.1,-16.21,0.49,78.11,77.89,82.13,898.27,0.0,0.957,0.999,0.981,0.824,4,1.0,0.0,67475.391
2026-08-30T18:44:36.202Z,66.022133,-149.019628,697.76,349.48,759.07,67.52,52.66,-16.96,-1.0,77.39,77.11,81.63,852.68,0.0,0.945,0.945,0.945,,1,1.0,0.0,67476.664
2026-08-30T18:44:36.921Z,66.022239,-149.019008,708.02,358.84,768.31,67.55,52.7,-17.19,-0.58,77.0,76.85,81.36,855.29,0.0,0.96,0.961,0.961,0.036,2,1.0,0.0,67477.398
2026-08-30T18:44:37.788Z,66.022367,-149.018273,720.52,371.5,782.02,68.17,53.33,-17.5,-1.14,76.6,76.39,80.93,867.61,0.0,0.963,0.963,0.963,,1,1.0,0.0,67478.25
2026-08-30T18:44:38.903Z,66.02253,-149.017336,737.06,390.88,798.22,67.28,52.38,-17.71,-1.53,76.04,76.03,80.25,893.58,0.0,0.968,0.98,0.975,0.239,4,1.0,0.0,67479.359
2026-08-30T18:44:39.799Z,66.022663,-149.016582,750.61,406.67,811.47,66.49,51.65,-17.02,-0.26,75.81,75.71,80.03,880.98,0.0,0.921,0.951,0.937,0.466,3,1.0,0.0,67480.266
2026-08-30T18:44:40.834Z,66.022816,-149.01572,764.64,409.4,826.25,67.3,52.46,-16.94,-2.38,75.43,75.39,79.83,822.4,0.0,0.923,0.925,0.924,0.14,2,1.0,0.0,67481.281
2026-08-30T18:44:41.944Z,66.022982,-149.014794,778.28,425.81,841.33,67.63,52.78,-16.09,-3.86,75.3,75.3,79.88,735.6,0.0,0.908,0.921,0.913,0.067,4,1.0,0.0,67482.398
2026-08-30T18:44:42.776Z,66.023104,-149.0141,787.06,434.5,851.36,68.05,53.21,-15.56,-4.41,75.4,75.52,80.09,664.84,0.0,0.915,0.915,0.915,,1,1.0,0.0,67483.234
2026-08-30T18:44:43.902Z,66.023265,-149.013163,797.86,450.7,863.29,69.46,54.64,-15.15,-4.75,74.59,74.58,79.26,600.37,0.0,0.914,0.918,0.917,0.302,4,1.0,0.0,67484.359
2026-08-30T18:44:44.807Z,66.023393,-149.012406,805.97,441.55,872.19,70.05,55.19,-15.67,-3.79,74.5,74.58,79.64,553.02,0.0,0.894,0.916,0.903,0.527,3,1.0,0.0,67485.25
2026-08-30T18:44:45.987Z,66.023555,-149.011415,816.11,459.28,882.74,69.76,54.87,-14.94,-2.23,75.26,75.55,80.43,527.6,0.0,0.953,0.953,0.953,,1,1.0,0.0,67486.422
2026-08-30T18:44:46.880Z,66.023678,-149.010651,823.77,470.93,890.65,69.3,54.44,-14.64,-1.48,75.98,76.2,81.19,515.53,0.0,0.947,0.952,0.95,0.137,3,1.0,0.0,67487.312
2026-08-30T18:44:47.900Z,66.023819,-149.009778,832.41,471.3,899.4,69.69,54.82,-13.61,-1.82,77.16,77.49,82.19,509.06,0.0,0.951,0.961,0.956,0.205,2,1.0,0.0,67488.344
2026-08-30T18:44:48.803Z,66.023946,-149.008989,839.61,478.87,906.37,69.6,54.73,-14.35,-3.65,77.83,78.04,82.99,489.59,0.0,0.933,0.951,0.94,0.588,3,1.0,0.0,67489.258
2026-08-30T18:44:49.916Z,66.024101,-149.008017,849.03,460.2,915.35,70.19,55.37,-14.87,-4.69,77.41,77.14,81.98,502.74,0.0,0.982,0.989,0.986,0.037,4,1.0,0.0,67490.359
2026-08-30T18:44:50.939Z,66.024238,-149.007121,857.48,479.39,922.68,73.96,59.2,-14.88,-7.93,77.09,77.37,82.04,510.37,0.0,0.992,0.994,0.993,0.006,2,1.0,0.0,67491.383
2026-08-30T18:44:51.859Z,66.024352,-149.006314,865.89,501.99,930.03,76.26,61.42,-15.41,-10.38,77.73,78.01,82.63,547.72,0.0,1.0,1.007,1.003,0.166,3,1.0,0.0,67492.297
2026-08-30T18:44:52.962Z,66.024476,-149.00532,877.58,488.62,942.25,77.94,63.16,-16.61,-11.69,78.6,78.74,83.1,627.81,0.0,1.001,1.015,1.01,0.136,4,1.0,0.0,67493.391
2026-08-30T18:44:53.949Z,66.024573,-149.004412,889.76,507.78,953.58,80.99,66.19,-17.47,-13.04,78.41,78.61,82.66,725.87,0.0,1.046,1.049,1.047,0.198,2,1.0,0.0,67494.391
2026-08-30T18:44:54.833Z,66.024645,-149.003599,902.05,524.77,964.73,83.35,68.57,-17.68,-13.71,78.2,78.32,82.26,795.17,0.0,0.999,1.018,1.007,0.085,3,1.0,0.0,67495.266
2026-08-30T18:44:55.880Z,66.024712,-149.002634,917.21,538.82,978.99,86.95,72.18,-18.17,-14.86,77.89,78.0,81.63,850.0,0.0,0.993,0.997,0.995,0.101,2,1.0,0.0,67496.32
2026-08-30T18:44:56.879Z,66.024756,-149.00172,932.01,578.54,993.27,90.54,75.76,-18.81,-16.91,77.16,77.27,80.88,889.73,0.0,0.997,1.01,1.004,0.14,2,1.0,0.0,67497.305
2026-08-30T18:44:57.960Z,66.024778,-149.000727,948.86,612.37,1009.52,92.84,78.06,-17.69,-17.31,77.25,77.47,80.43,908.39,0.0,0.969,1.018,0.996,0.77,4,1.0,0.0,67498.383
2026-08-30T18:44:58.949Z,66.024777,-148.999824,963.09,610.78,1024.1,97.1,82.35,-16.59,-17.21,77.34,77.56,80.23,863.24,0.0,0.945,0.948,0.947,0.111,2,1.0,0.0,67499.367
2026-08-30T18:44:59.819Z,66.024758,-148.999031,974.32,637.63,1037.07,100.97,86.2,-15.76,-18.39,77.46,77.9,80.45,787.74,0.0,0.932,0.938,0.934,0.085,3,1.0,0.0,67500.242
2026-08-30T18:45:00.892Z,66.02471,-148.99806,986.21,654.65,1050.2,105.13,90.36,-15.77,-18.76,77.78,78.16,80.5,691.61,0.0,0.942,0.96,0.951,0.25,4,1.0,0.0,67501.32
2026-08-30T18:45:01.869Z,66.024642,-148.997179,996.17,658.89,1061.13,109.03,94.27,-15.48,-18.49,78.09,78.51,80.55,633.84,0.0,0.975,0.979,0.977,0.059,2,1.0,0.0,67502.289
2026-08-30T18:45:02.938Z,66.024541,-148.996231,1006.54,668.94,1072.15,113.1,98.33,-15.19,-17.61,78.6,79.06,80.68,593.53,0.0,0.983,0.984,0.983,0.122,4,1.0,0.0,67503.359
2026-08-30T18:45:03.928Z,66.024423,-148.995375,1015.77,681.99,1081.78,116.68,101.91,-15.71,-16.77,78.95,79.37,80.71,575.82,0.0,0.988,0.998,0.993,0.133,2,1.0,0.0,67504.344
2026-08-30T18:45:04.807Z,66.0243,-148.994627,1024.45,705.99,1090.28,119.75,104.97,-15.07,-15.92,79.49,79.99,80.72,590.09,0.0,1.007,1.015,1.012,0.468,3,1.0,0.0,67505.242
2026-08-30T18:45:05.855Z,66.024132,-148.993754,1034.82,724.46,1100.62,123.02,108.25,-14.95,-14.94,79.93,80.39,80.87,585.49,0.0,0.979,0.982,0.98,0.071,2,1.0,0.0,67506.289
2026-08-30T18:45:06.844Z,66.023954,-148.992958,1044.58,734.46,1110.31,125.99,111.2,-15.12,-13.94,80.26,80.74,80.96,599.72,0.0,1.002,1.005,1.004,0.096,2,1.0,0.0,67507.273
2026-08-30T18:45:07.931Z,66.023739,-148.992108,1056.15,745.89,1121.36,128.56,113.74,-15.28,-12.28,80.57,81.03,80.98,634.78,0.0,1.002,1.003,1.003,0.069,4,1.0,0.0,67508.352
2026-08-30T18:45:08.909Z,66.023531,-148.991365,1067.3,756.79,1131.95,130.56,115.77,-15.16,-9.94,80.92,81.41,81.06,670.55,0.0,0.99,0.994,0.992,0.091,2,1.0,0.0,67509.336
2026-08-30T18:45:09.792Z,66.023335,-148.990719,1077.72,767.09,1141.84,132.79,117.97,-15.43,-10.65,81.03,81.52,80.97,706.07,0.0,0.99,0.994,0.992,0.079,3,1.0,0.0,67510.211
2026-08-30T18:45:10.864Z,66.023082,-148.989947,1091.18,780.25,1154.69,134.72,119.91,-14.96,-10.32,81.36,81.91,81.03,735.17,0.0,0.972,0.996,0.984,0.33,4,1.0,0.0,67511.289
2026-08-30T18:45:11.843Z,66.022843,-148.98927,1103.17,791.59,1166.65,136.91,122.1,-14.94,-9.95,81.63,82.2,81.12,737.53,0.0,0.969,0.972,0.97,0.001,2,1.0,0.0,67512.258
2026-08-30T18:45:12.903Z,66.02257,-148.98855,1116.5,803.18,1179.06,139.02,124.19,-14.85,-9.5,81.91,82.51,81.19,750.83,0.0,0.977,0.988,0.982,0.122,4,1.0,0.0,67513.32
2026-08-30T18:45:13.908Z,66.022303,-148.987895,1129.51,816.2,1191.89,140.79,125.96,-14.9,-9.21,82.2,82.79,81.28,771.01,0.0,0.984,0.984,0.984,0.096,2,1.0,0.0,67514.336
2026-08-30T18:45:14.788Z,66.022061,-148.98734,1141.23,828.27,1204.31,142.36,127.53,-15.16,-8.98,82.35,82.94,81.28,795.12,0.0,0.987,0.99,0.988,0.043,3,1.0,0.0,67515.219
2026-08-30T18:45:15.840Z,66.021764,-148.986699,1155.84,842.65,1218.27,144.31,129.48,-15.17,-8.97,82.69,83.34,81.46,824.83,0.0,0.996,0.997,0.996,0.066,2,1.0,0.0,67516.266
2026-08-30T18:45:16.835Z,66.021474,-148.986115,1169.96,856.95,1231.6,145.95,131.13,-15.31,-8.83,82.81,83.42,81.36,848.12,0.0,0.987,0.988,0.987,0.063,2,1.0,0.0,67517.266
2026-08-30T18:45:17.940Z,66.021144,-148.985492,1186.41,872.86,1247.34,148.02,133.19,-15.83,-8.62,82.79,83.4,81.1,891.34,0.0,0.992,1.0,0.996,0.077,4,1.0,0.0,67518.375
2026-08-30T18:45:18.930Z,66.020842,-148.98496,1202.14,887.52,1262.44,149.69,134.86,-16.2,-8.47,82.71,83.32,80.75,938.64,0.0,0.997,0.999,0.998,0.043,2,1.0,0.0,67519.336
2026-08-30T18:45:19.789Z,66.020577,-148.984521,1216.23,901.04,1276.0,151.12,136.29,-16.63,-8.36,82.46,83.03,80.34,974.15,0.0,0.99,0.991,0.991,0.04,3,1.0,0.0,67520.211
2026-08-30T18:45:20.866Z,66.020239,-148.983996,1234.47,917.74,1293.99,153.03,138.21,-16.94,-8.0,81.53,81.93,79.19,992.9,0.0,0.991,0.996,0.992,0.16,4,1.0,0.0,67521.289
2026-08-30T18:45:21.844Z,66.019931,-148.983551,1250.23,932.82,1311.04,154.78,139.94,-16.4,-8.28,81.12,81.75,78.67,976.98,0.0,0.993,1.001,0.997,0.289,2,1.0,0.0,67522.258
2026-08-30T18:45:22.922Z,66.019588,-148.98309,1267.3,947.36,1328.03,156.09,141.26,-16.68,-8.89,80.15,80.74,77.84,939.71,0.0,0.953,0.97,0.961,0.748,4,1.0,0.0,67523.336
2026-08-30T18:45:23.882Z,66.01928,-148.982703,1281.05,960.83,1342.3,158.51,143.7,-14.15,-12.45,80.56,81.36,78.17,865.33,0.0,0.923,0.946,0.935,0.211,2,1.0,0.0,67524.305
2026-08-30T18:45:24.969Z,66.018923,-148.982298,1294.0,973.7,1357.09,161.29,146.49,-14.67,-13.09,80.83,81.69,78.52,749.38,0.0,0.896,0.945,0.918,0.92,4,1.0,0.0,67525.391
2026-08-30T18:45:26.108Z,66.018539,-148.981922,1307.06,986.54,1370.94,164.01,149.19,-14.17,-12.91,81.37,82.26,78.84,704.57,0.0,0.973,0.973,0.973,,1,1.0,0.0,67526.531
2026-08-30T18:45:26.790Z,66.018303,-148.981719,1314.68,994.45,1378.91,165.45,150.62,-13.94,-12.23,81.69,82.6,79.12,680.78,0.0,0.964,0.966,0.965,0.019,2,1.0,0.0,67527.203
2026-08-30T18:45:27.853Z,66.017928,-148.981438,1326.03,1006.05,1390.81,168.35,153.58,-14.08,-10.8,82.45,83.44,79.79,653.82,0.0,0.964,0.99,0.975,0.606,4,1.0,0.0,67528.273
2026-08-30T18:45:28.835Z,66.017576,-148.981216,1337.04,1016.43,1401.72,170.2,155.33,-12.92,-9.71,83.33,84.35,80.23,658.7,0.0,0.978,0.994,0.986,0.333,2,1.0,0.0,67529.273
2026-08-30T18:45:29.922Z,66.017182,-148.981004,1348.08,1026.48,1413.74,170.55,155.69,-12.61,-5.9,84.16,85.33,81.18,615.33,0.0,0.941,0.947,0.944,0.261,4,1.0,0.0,67530.344
2026-08-30T18:45:30.900Z,66.016822,-148.980831,1357.53,1036.29,1423.64,171.09,156.25,-12.74,-3.75,85.07,86.1,81.78,599.1,0.0,0.984,0.989,0.987,0.087,2,1.0,0.0,67531.328
2026-08-30T18:45:31.782Z,66.016491,-148.980683,1366.65,1044.74,1432.31,172.06,157.2,-12.96,-3.95,85.63,86.63,82.29,618.79,0.0,0.993,0.995,0.994,0.159,3,1.0,0.0,67532.203
2026-08-30T18:45:32.858Z,66.016087,-148.980514,1379.08,1057.66,1443.54,173.15,158.28,-13.95,-2.37,86.49,87.63,83.08,696.44,0.0,0.995,1.028,1.014,0.342,4,1.0,0.0,67533.273
2026-08-30T18:45:33.829Z,66.015719,-148.980369,1391.86,1069.68,1455.68,173.03,158.15,-14.46,0.4,86.93,88.0,83.35,774.94,0.0,1.028,1.034,1.031,0.135,2,1.0,0.0,67534.258
2026-08-30T18:45:34.910Z,66.015306,-148.980207,1407.48,1083.98,1470.26,171.71,156.81,-13.63,0.54,87.02,88.08,83.56,839.77,0.0,0.98,1.021,0.999,0.336,4,1.0,0.0,67535.336
2026-08-30T18:45:36.025Z,66.014881,-148.980031,1423.83,1099.39,1485.6,171.14,156.26,-13.66,0.7,87.23,88.3,83.78,868.72,0.0,0.97,0.97,0.97,,1,1.0,0.0,67536.445
2026-08-30T18:45:36.886Z,66.014551,-148.979888,1436.58,1099.97,1497.93,170.83,155.94,-13.89,0.61,87.33,88.41,83.88,881.82,0.0,0.973,0.977,0.975,0.056,3,1.0,0.0,67537.297
2026-08-30T18:45:37.949Z,66.014146,-148.979705,1452.56,1087.27,1513.54,170.21,155.33,-14.01,0.86,87.33,88.45,83.93,900.18,0.0,0.976,0.98,0.978,0.211,4,1.0,0.0,67538.359
2026-08-30T18:45:38.901Z,66.013783,-148.979533,1467.46,1108.54,1528.14,170.08,155.23,-13.94,1.11,87.1,88.14,83.63,916.48,0.0,0.984,0.984,0.984,0.102,2,1.0,0.0,67539.344
2026-08-30T18:45:39.814Z,66.013437,-148.979361,1481.55,1122.7,1541.95,170.06,155.14,-13.78,,87.06,88.19,83.68,924.17,0.0,0.967,0.971,0.969,0.037,3,1.0,0.0,67540.453
2026-08-30T18:45:40.908Z,66.013021,-148.979148,1498.29,1128.78,1557.58,168.23,153.32,-13.28,1.7,87.61,88.84,84.41,922.42,0.0,0.964,0.973,0.969,0.331,3,1.0,0.0,67541.375
2026-08-30T18:45:41.945Z,66.012625,-148.978933,1513.76,1145.13,1574.15,167.83,152.96,-12.95,2.44,87.93,89.18,84.73,897.95,0.0,0.951,0.952,0.951,0.16,2,1.0,0.0,67542.375
2026-08-30T18:45:42.833Z,66.012286,-148.978735,1526.59,1163.32,1587.61,166.75,151.8,-12.6,0.12,88.57,90.11,85.51,874.02,0.0,0.937,0.947,0.941,0.057,3,1.0,0.0,67543.266
2026-08-30T18:45:43.917Z,66.011869,-148.978481,1541.73,1182.12,1602.25,166.34,151.49,-12.91,0.84,89.09,90.36,85.85,847.99,0.0,0.937,0.967,0.95,0.56,4,1.0,0.0,67544.344
2026-08-30T18:45:44.904Z,66.011489,-148.97824,1555.63,1200.79,1616.62,166.3,151.41,-12.66,-1.85,89.19,90.5,86.12,844.89,0.0,0.97,0.975,0.973,0.068,2,1.0,0.0,67545.336
2026-08-30T18:45:45.950Z,66.011085,-148.977981,1570.15,1232.73,1631.76,166.55,151.7,-12.75,-3.58,89.37,90.73,86.4,835.73,0.0,0.965,0.968,0.967,0.096,2,1.0,0.0,67546.383
2026-08-30T18:45:46.933Z,66.010704,-148.977742,1584.14,1219.25,1645.71,167.4,152.54,-13.16,-4.0,89.35,90.63,86.11,865.97,0.0,0.976,0.983,0.979,0.141,2,1.0,0.0,67547.359
2026-08-30T18:45:47.829Z,66.010359,-148.977536,1597.89,1259.85,1658.74,168.19,153.34,-13.54,-3.92,89.38,90.86,86.47,908.19,0.0,0.971,0.985,0.979,0.094,3,1.0,0.0,67548.242
2026-08-30T18:45:48.897Z,66.009939,-148.977295,1614.94,1314.76,1675.88,168.89,154.02,-13.4,-4.24,90.03,91.47,86.76,934.24,0.0,0.984,0.987,0.985,0.105,4,1.0,0.0,67549.336
2026-08-30T18:45:49.892Z,66.00955,-148.977084,1630.58,1330.57,1691.13,169.14,154.28,-13.46,-4.5,90.05,91.44,86.75,946.51,0.0,0.975,0.977,0.976,0.129,2,1.0,0.0,67550.32
2026-08-30T18:45:50.772Z,66.009205,-148.976905,1644.72,1344.72,1704.81,169.8,154.94,-13.67,-4.37,90.01,91.4,86.68,963.07,0.0,0.985,0.986,0.986,0.012,3,1.0,0.0,67551.188
2026-08-30T18:45:51.831Z,66.008787,-148.9767,1662.61,1362.81,1722.61,170.23,155.33,-13.7,-4.38,90.85,92.46,87.57,1015.27,0.0,0.973,0.984,0.979,0.182,4,1.0,0.0,67552.258
2026-08-30T18:45:52.838Z,66.008385,-148.976515,1680.62,1379.38,1741.48,170.19,155.34,-14.21,-5.57,90.87,92.28,87.45,1051.13,0.0,0.951,0.959,0.955,0.26,2,1.0,0.0,67553.258
2026-08-30T18:45:53.917Z,66.007957,-148.976332,1700.04,1397.89,1759.03,171.85,157.02,-14.54,-11.27,90.47,91.89,86.97,1075.31,0.0,0.979,0.986,0.984,0.021,4,1.0,0.0,67554.336
2026-08-30T18:45:54.898Z,66.007568,-148.976192,1717.92,1415.56,1776.15,174.0,159.18,-15.16,-12.69,89.97,91.38,86.46,1100.75,0.0,0.996,1.002,0.999,0.197,2,1.0,0.0,67555.32
2026-08-30T18:45:55.912Z,66.007163,-148.976083,1737.75,1435.33,1794.77,176.16,161.36,-15.3,-13.23,89.4,90.94,85.71,1156.65,0.0,1.024,1.03,1.027,0.17,2,1.0,0.0,67556.328
2026-08-30T18:45:56.869Z,66.006785,-148.976017,1756.77,1454.28,1812.4,178.38,163.57,-14.49,-11.59,89.13,90.7,85.35,1168.32,0.0,0.962,0.979,0.97,0.223,2,1.0,0.0,67557.281
2026-08-30T18:45:57.942Z,66.006361,-148.975981,1776.95,1474.48,1833.95,180.95,166.12,-14.45,-9.32,88.79,90.32,85.07,1128.68,0.0,0.951,0.958,0.953,0.155,4,1.0,0.0,67558.359
2026-08-30T18:45:58.909Z,66.005982,-148.975979,1794.47,1491.99,1852.01,182.12,167.26,-14.28,-7.31,88.5,90.09,84.85,1097.36,0.0,0.963,0.965,0.964,0.005,2,1.0,0.0,67559.32
2026-08-30T18:45:59.758Z,66.005648,-148.975996,1809.5,1466.37,1867.06,182.74,167.88,-14.06,-5.68,88.31,89.81,84.74,1073.26,0.0,0.963,0.963,0.963,0.112,3,1.0,0.0,67560.172
2026-08-30T18:46:00.812Z,66.005236,-148.976034,1827.81,1526.2,1885.95,183.16,168.29,-14.1,-5.94,88.03,89.54,84.63,1054.33,0.0,0.965,0.971,0.968,0.134,4,1.0,0.0,67561.227
2026-08-30T18:46:01.768Z,66.00486,-148.976083,1844.5,1543.61,1902.93,183.92,169.07,-14.1,-6.15,87.88,89.63,84.55,1044.43,0.0,0.969,0.969,0.969,0.017,2,1.0,0.0,67562.18
2026-08-30T18:46:02.847Z,66.004439,-148.976155,1862.83,1562.12,1921.62,185.22,170.38,-13.83,-6.02,87.72,89.38,84.13,1022.37,0.0,0.962,0.973,0.969,0.411,4,1.0,0.0,67563.25
2026-08-30T18:46:03.786Z,66.004075,-148.976231,1878.43,1578.31,1937.54,185.93,171.07,-13.96,-2.16,87.51,89.15,84.03,1002.7,0.0,0.939,0.946,0.942,0.096,2,1.0,0.0,67564.203
2026-08-30T18:46:04.868Z,66.003656,-148.976327,1896.12,1560.7,1955.05,185.8,170.92,-13.9,-2.48,87.54,89.3,84.01,985.3,0.0,0.961,0.962,0.962,0.121,4,1.0,0.0,67565.281
2026-08-30T18:46:05.965Z,66.003232,-148.976429,1913.73,1614.16,1971.93,185.9,171.03,-13.85,-2.87,87.89,89.77,84.0,967.32,0.0,0.963,0.963,0.963,,1,1.0,0.0,67566.367
2026-08-30T18:46:06.824Z,66.002899,-148.976511,1927.49,1623.19,1986.69,186.48,171.63,-13.74,-3.28,88.16,90.09,84.0,961.79,0.0,0.969,0.973,0.972,0.068,3,1.0,0.0,67567.234
2026-08-30T18:46:07.886Z,66.002489,-148.976618,1944.41,1640.09,2004.02,187.08,172.2,-13.65,-1.6,88.25,90.17,84.0,964.32,0.0,0.971,0.979,0.975,0.178,4,1.0,0.0,67568.289
2026-08-30T18:46:08.821Z,66.002126,-148.976715,1959.62,1611.79,2019.31,186.66,171.78,-13.66,-2.14,88.26,90.16,84.03,970.11,0.0,0.973,0.975,0.974,0.034,2,1.0,0.0,67569.227
2026-08-30T18:46:09.887Z,66.001714,-148.976829,1977.19,1641.66,2036.89,186.79,171.92,-14.03,-2.63,88.26,90.19,83.99,980.3,0.0,0.974,0.979,0.977,0.018,4,1.0,0.0,67570.328
2026-08-30T18:46:10.793Z,66.001367,-148.976926,1991.75,1700.21,2051.52,187.22,172.36,-14.44,-3.69,87.36,89.04,82.82,981.31,0.0,0.985,0.998,0.992,0.134,3,1.0,0.0,67571.211
2026-08-30T18:46:11.955Z,66.000926,-148.977058,2011.81,1720.2,2070.49,187.72,172.85,-14.87,-4.9,86.46,88.38,81.99,1028.63,0.0,0.967,0.982,0.974,0.108,3,1.0,0.0,67572.367
2026-08-30T18:46:12.811Z,66.000604,-148.977163,2026.77,1734.34,2085.64,188.19,173.33,-14.72,-5.84,86.33,88.24,81.81,1037.76,0.0,0.962,0.963,0.963,0.126,3,1.0,0.0,67573.219
2026-08-30T18:46:13.971Z,66.000171,-148.977321,2046.53,1754.79,2106.23,189.45,174.6,-14.36,-7.39,86.36,88.39,81.82,1018.77,0.0,0.941,0.946,0.944,0.126,3,1.0,0.0,67574.383
2026-08-30T18:46:14.848Z,65.999842,-148.977452,2060.96,1768.36,2120.48,190.61,175.77,-14.52,-8.14,86.33,88.38,81.83,999.39,0.0,0.935,0.948,0.941,0.318,3,1.0,0.0,67575.266
2026-08-30T18:46:15.953Z,65.999427,-148.977642,2079.18,1779.78,2138.65,191.8,176.94,-12.97,-3.6,87.2,89.43,82.63,976.36,0.0,0.907,0.907,0.907,,1,1.0,0.0,67576.359
2026-08-30T18:46:16.802Z,65.99911,-148.977798,2091.5,1792.04,2152.06,192.17,177.29,-12.89,-1.99,87.7,89.93,83.03,897.71,0.0,0.884,0.903,0.893,0.506,3,1.0,0.0,67577.203
2026-08-30T18:46:17.854Z,65.998714,-148.977998,2105.89,1804.84,2167.45,191.99,177.1,-13.21,-2.43,88.14,90.39,83.33,852.96,0.0,0.941,0.979,0.962,0.322,4,1.0,0.0,67578.25
2026-08-30T18:46:18.776Z,65.998365,-148.978177,2118.81,1817.56,2180.51,192.07,177.2,-12.87,-2.45,88.49,90.76,83.65,843.74,0.0,0.966,0.97,0.968,0.06,2,1.0,0.0,67579.188
2026-08-30T18:46:19.834Z,65.997965,-148.978386,2133.47,1832.38,2195.34,192.41,177.54,-13.08,-3.28,88.69,90.96,83.85,839.28,0.0,0.966,0.977,0.972,0.112,4,1.0,0.0,67580.242
2026-08-30T18:46:20.878Z,65.997568,-148.978599,2148.15,1847.35,2209.94,193.34,178.53,-13.54,-3.28,89.1,91.51,84.48,848.08,0.0,0.983,0.998,0.988,0.568,4,1.0,0.0,67581.273
2026-08-30T18:46:21.794Z,65.997218,-148.978799,2161.73,1860.77,2222.75,194.95,180.06,-12.8,-4.97,89.58,91.96,84.7,873.2,0.0,0.99,1.005,0.998,0.267,2,1.0,0.0,67582.188
2026-08-30T18:46:22.838Z,65.996822,-148.979041,2176.97,1875.59,2237.12,194.65,179.8,-12.85,-5.46,89.85,92.28,84.89,874.32,0.0,0.97,0.98,0.975,0.251,4,1.0,0.0,67583.227
2026-08-30T18:46:23.868Z,65.996429,-148.979295,2191.35,1843.53,2253.12,195.79,180.92,-12.38,-3.34,90.07,92.51,85.13,835.69,0.0,0.954,0.968,0.96,0.114,4,1.0,0.0,67584.258
2026-08-30T18:46:24.801Z,65.996075,-148.979536,2204.18,1859.38,2266.25,196.16,181.31,-12.97,-3.95,90.66,93.26,85.74,852.19,0.0,0.984,0.989,0.987,0.016,2,1.0,0.0,67585.203
2026-08-30T18:46:25.761Z,65.995708,-148.979801,2219.21,1919.17,2279.7,198.39,183.55,-14.62,-9.24,90.75,93.13,85.8,925.72,0.0,1.007,1.032,1.02,0.728,2,1.0,0.0,67586.172
2026-08-30T18:46:26.822Z,65.995309,-148.98012,2238.18,1938.67,2296.73,199.32,184.47,-14.65,-7.49,90.61,92.99,85.27,1045.89,0.0,1.034,1.077,1.06,1.001,4,1.0,0.0,67587.227
2026-08-30T18:46:27.952Z,65.994889,-148.980484,2259.78,1959.48,2317.13,200.55,185.67,-14.87,-2.05,90.13,92.57,84.74,1124.84,0.0,0.996,0.998,0.996,0.12,3,1.0,0.0,67588.336
2026-08-30T18:46:28.802Z,65.99458,-148.980762,2276.54,1976.29,2333.19,199.9,185.01,-15.33,-2.88,89.75,92.2,84.29,1176.03,0.0,1.0,1.002,1.001,0.056,3,1.0,0.0,67589.188
2026-08-30T18:46:29.841Z,65.994197,-148.981111,2298.39,1996.81,2355.1,199.9,185.04,-15.8,-3.4,89.15,91.58,83.37,1235.84,0.0,0.996,1.002,0.999,0.048,4,1.0,0.0,67590.234
2026-08-30T18:46:30.965Z,65.993792,-148.981488,2322.62,1989.44,2378.57,199.69,184.76,-15.62,-1.48,88.17,90.47,82.2,1272.44,0.0,0.963,0.981,0.972,0.347,3,1.0,0.0,67591.359
2026-08-30T18:46:31.819Z,65.993494,-148.981762,2340.58,2007.4,2395.86,198.52,183.67,-15.73,2.07,85.72,87.81,79.8,1271.41,0.0,0.92,0.942,0.931,0.374,3,1.0,0.0,67592.211
2026-08-30T18:46:32.867Z,65.993127,-148.982087,2361.94,2061.43,2417.68,199.02,184.13,-15.27,-1.57,84.86,87.46,79.52,1210.54,0.0,0.909,0.911,0.91,0.059,4,1.0,0.0,67593.258
2026-08-30T18:46:33.772Z,65.992811,-148.982363,2378.73,2078.17,2435.62,198.53,183.64,-14.64,-1.85,84.67,87.37,79.41,1128.8,0.0,0.913,0.917,0.915,0.209,2,1.0,0.0,67594.164
2026-08-30T18:46:34.827Z,65.992448,-148.982679,2395.66,2092.54,2454.92,198.12,183.22,-11.02,-2.77,85.03,87.81,79.86,962.1,0.0,0.822,0.911,0.87,1.368,4,1.0,0.0,67595.219
2026-08-30T18:46:35.811Z,65.992103,-148.982976,2405.61,2102.34,2469.38,197.77,182.91,-9.04,-3.2,85.82,88.79,81.23,665.15,0.0,0.782,0.787,0.785,0.05,2,1.0,0.0,67596.211
2026-08-30T18:46:36.958Z,65.991693,-148.983332,2410.9,2116.47,2479.8,199.55,184.73,-8.26,-5.69,87.66,90.98,83.66,348.64,0.0,0.841,0.881,0.861,0.398,3,1.0,0.0,67597.359
2026-08-30T18:46:37.802Z,65.991383,-148.983606,2412.2,2117.72,2484.02,200.73,185.86,-7.58,-3.06,89.42,92.66,85.43,176.44,0.0,0.904,0.919,0.911,0.339,3,1.0,0.0,67598.234
2026-08-30T18:46:38.978Z,65.990949,-148.984006,2413.31,2120.36,2486.8,200.5,185.62,-8.86,-4.12,91.26,94.54,87.39,120.87,0.0,0.993,1.03,1.012,0.327,3,1.0,0.0,67599.383
2026-08-30T18:46:39.815Z,65.990627,-148.98431,2416.13,2123.22,2488.73,200.91,186.06,-9.27,-2.21,92.58,95.92,88.53,196.5,0.0,1.05,1.054,1.052,0.088,3,1.0,0.0,67600.219
2026-08-30T18:46:40.959Z,65.99019,-148.984732,2422.71,2131.0,2493.3,201.57,186.69,-9.3,-2.21,94.06,97.27,89.86,311.76,0.0,0.98,1.01,0.992,0.614,3,1.0,0.0,67601.367
2026-08-30T18:46:41.831Z,65.989855,-148.985057,2428.96,2137.32,2497.99,201.43,186.55,-10.84,-3.45,94.7,97.94,90.52,418.3,0.0,1.024,1.069,1.047,0.407,3,1.0,0.0,67602.234
2026-08-30T18:46:42.877Z,65.989444,-148.985466,2440.04,2148.32,2505.88,201.68,186.82,-9.66,-4.44,95.52,98.68,90.74,570.02,0.0,1.024,1.096,1.07,2.024,4,1.0,0.0,67603.297
2026-08-30T18:46:43.834Z,65.989076,-148.985842,2448.98,2157.21,2516.28,202.38,187.51,-9.3,-4.21,95.88,99.31,91.58,548.12,0.0,0.968,0.975,0.972,0.112,2,1.0,0.0,67604.234
2026-08-30T18:46:44.884Z,65.988665,-148.986276,2458.09,2166.41,2526.01,202.98,188.12,-7.91,-4.2,97.2,100.68,92.74,520.0,0.0,0.961,0.989,0.979,0.784,4,1.0,0.0,67605.281
2026-08-30T18:46:45.873Z,65.988274,-148.986699,2464.66,2172.89,2533.63,203.38,188.51,-6.43,-5.02,98.49,101.99,94.21,392.09,0.0,0.86,0.879,0.87,0.133,2,1.0,0.0,67606.281
2026-08-30T18:46:46.830Z,65.987893,-148.987124,2468.24,2176.8,2538.93,204.01,189.15,-7.42,-2.86,99.69,103.29,95.58,291.06,0.0,0.947,0.979,0.963,0.412,2,1.0,0.0,67607.25
2026-08-30T18:46:47.897Z,65.987462,-148.987608,2473.25,2181.84,2543.94,204.12,189.23,-8.0,-2.52,100.94,104.59,96.83,303.83,0.0,1.028,1.065,1.045,0.459,4,1.0,0.0,67608.312
2026-08-30T18:46:48.843Z,65.987076,-148.98805,2478.89,2187.75,2548.88,205.13,190.28,-6.84,1.52,102.05,105.64,97.83,334.9,0.0,0.983,1.009,0.996,0.194,2,1.0,0.0,67609.242
2026-08-30T18:46:49.906Z,65.986641,-148.98855,2484.94,2193.8,2554.78,204.24,189.33,-7.78,-0.65,102.96,106.62,99.01,355.5,0.0,0.967,1.018,0.991,0.78,4,1.0,0.0,67610.312
2026-08-30T18:46:50.948Z,65.986204,-148.989049,2492.91,2201.82,2561.44,203.87,189.01,-8.29,-1.74,104.0,107.73,99.99,447.89,0.0,1.045,1.049,1.048,0.072,4,1.0,0.0,67611.359
2026-08-30T18:46:51.892Z,65.985809,-148.989507,2502.24,2211.25,2569.0,204.23,189.36,-8.92,-2.74,104.81,108.47,100.59,561.94,0.0,1.062,1.063,1.062,0.084,2,1.0,0.0,67612.328
2026-08-30T18:46:52.773Z,65.985439,-148.989923,2512.37,2221.46,2577.44,204.6,189.73,-8.95,-4.06,105.21,108.88,100.92,663.71,0.0,1.039,1.053,1.046,0.247,3,1.0,0.0,67613.188
2026-08-30T18:46:53.845Z,65.984982,-148.990456,2525.99,2235.06,2589.24,205.03,190.17,-8.12,-5.05,105.79,109.52,101.48,717.22,0.0,0.972,1.014,0.993,0.486,4,1.0,0.0,67614.258
2026-08-30T18:46:54.801Z,65.984578,-148.990939,2536.89,2246.43,2599.81,205.75,190.89,-8.06,-4.32,106.28,110.01,102.14,679.81,0.0,0.934,0.945,0.939,0.412,2,1.0,0.0,67615.219
2026-08-30T18:46:55.825Z,65.984146,-148.991466,2548.24,2257.8,2611.18,206.3,191.42,-8.88,1.81,107.1,111.1,103.22,694.27,0.0,1.02,1.039,1.03,0.166,2,1.0,0.0,67616.234
2026-08-30T18:46:56.886Z,65.98369,-148.992016,2562.21,2269.55,2624.83,204.95,190.04,-8.32,1.48,108.52,112.38,103.96,775.95,0.0,1.039,1.067,1.058,0.788,4,1.0,0.0,67617.297
2026-08-30T18:46:57.829Z,65.983278,-148.992502,2575.23,2282.57,2637.56,204.26,189.38,-8.17,-0.29,108.9,112.76,104.32,801.2,0.0,0.979,0.983,0.981,0.11,2,1.0,0.0,67618.258
2026-08-30T18:46:58.892Z,65.982814,-148.99304,2589.66,2292.03,2651.23,204.67,189.8,-8.1,-2.03,109.22,113.12,104.73,809.59,0.0,0.986,0.99,0.988,0.294,4,1.0,0.0,67619.305
2026-08-30T18:46:59.846Z,65.982397,-148.993524,2602.28,2304.64,2663.8,204.87,190.0,-8.18,-3.08,109.55,113.5,105.09,795.89,0.0,0.97,0.973,0.971,0.122,2,1.0,0.0,67620.25
2026-08-30T18:47:00.897Z,65.981935,-148.994066,2616.12,2323.71,2678.32,205.33,190.46,-8.52,-4.9,109.84,113.81,105.37,799.7,0.0,0.985,1.004,0.995,0.275,4,1.0,0.0,67621.297
2026-08-30T18:47:01.949Z,65.981475,-148.994621,2630.64,2338.24,2692.7,206.0,191.16,-8.56,-4.8,109.96,113.89,105.53,819.78,0.0,0.988,1.007,1.0,0.348,4,1.0,0.0,67622.352
2026-08-30T18:47:02.886Z,65.981067,-148.995125,2643.62,2351.8,2705.56,206.52,191.65,-9.01,-3.0,109.9,113.91,105.59,845.67,0.0,1.039,1.055,1.047,0.23,2,1.0,0.0,67623.289
2026-08-30T18:47:03.945Z,65.980607,-148.995708,2659.79,2367.99,2721.57,206.57,191.7,-8.82,-3.56,109.92,113.84,105.41,900.7,0.0,0.985,1.038,1.012,0.585,4,1.0,0.0,67624.344
2026-08-30T18:47:04.791Z,65.980244,-148.99617,2673.25,2380.82,2734.77,206.51,191.61,-8.94,-4.05,109.57,113.49,105.04,932.49,0.0,0.959,0.973,0.967,0.243,3,1.0,0.0,67625.188
2026-08-30T18:47:05.870Z,65.979775,-148.996771,2689.81,2397.36,2750.78,206.09,191.22,-9.16,-3.45,109.45,113.51,105.01,921.7,0.0,1.006,1.006,1.006,,1,1.0,0.0,67626.266
2026-08-30T18:47:06.932Z,65.979317,-148.997361,2706.49,2398.39,2767.31,207.4,192.52,-8.91,-4.89,109.81,113.89,105.31,936.75,0.0,0.987,1.001,0.993,0.096,4,1.0,0.0,67627.312
2026-08-30T18:47:07.866Z,65.978918,-148.997889,2721.24,2413.15,2783.89,208.0,193.14,-9.2,-6.63,110.08,114.22,105.63,951.01,0.0,0.983,0.984,0.984,0.073,2,1.0,0.0,67628.281
2026-08-30T18:47:08.938Z,65.97846,-148.998511,2738.7,2431.49,2800.0,208.95,194.11,-9.18,-7.13,109.97,113.95,105.28,966.42,0.0,0.992,1.0,0.997,0.223,4,1.0,0.0,67629.367
2026-08-30T18:47:09.926Z,65.978041,-148.999103,2754.59,2447.39,2815.02,210.69,195.83,-9.43,-5.28,109.36,113.5,104.75,970.59,0.0,1.013,1.021,1.017,0.193,2,1.0,0.0,67630.336
2026-08-30T18:47:10.775Z,65.977687,-148.999621,2768.79,2463.56,2828.56,210.63,195.77,-9.37,-6.25,109.87,114.31,104.69,993.79,0.0,1.003,1.012,1.007,0.009,3,1.0,0.0,67631.172
2026-08-30T18:47:11.815Z,65.977258,-149.000271,2786.56,2481.42,2845.5,211.3,196.45,-9.39,-5.65,110.16,114.35,104.53,1017.07,0.0,0.999,1.003,1.001,0.061,4,1.0,0.0,67632.227
2026-08-30T18:47:12.944Z,65.976798,-149.000987,2805.88,2503.22,2863.3,212.09,197.24,-9.44,-4.19,109.98,114.25,104.56,1021.27,0.0,0.986,0.991,0.988,0.291,3,1.0,0.0,67633.359
2026-08-30T18:47:13.822Z,65.976442,-149.001557,2821.01,2518.42,2879.67,212.58,197.71,-9.65,-3.68,109.98,114.3,104.52,1045.04,0.0,1.023,1.045,1.036,0.127,3,1.0,0.0,67634.234
2026-08-30T18:47:14.873Z,65.976019,-149.002247,2840.37,2550.23,2898.38,212.68,197.82,-9.45,-2.85,109.96,114.28,104.44,1086.55,0.0,0.996,1.032,1.013,0.288,4,1.0,0.0,67635.273
2026-08-30T18:47:15.948Z,65.975589,-149.002959,2860.15,2570.01,2917.45,213.03,198.17,-9.67,-1.73,109.88,114.23,104.33,1100.62,0.0,0.987,0.987,0.987,,1,1.0,0.0,67636.344
2026-08-30T18:47:16.795Z,65.975252,-149.003521,2876.01,2588.08,2933.42,213.22,198.36,-9.56,-1.95,109.44,113.67,103.62,1107.6,0.0,0.99,0.994,0.993,0.291,3,1.0,0.0,67637.188
2026-08-30T18:47:17.835Z,65.974839,-149.004222,2894.32,2606.28,2952.47,213.46,198.59,-7.08,-2.99,109.42,113.89,103.85,1022.84,0.0,0.87,0.972,0.929,2.106,4,1.0,0.0,67638.242
2026-08-30T18:47:18.786Z,65.974466,-149.00486,2905.56,2616.26,2967.56,213.22,198.36,-6.14,-2.4,109.75,114.35,104.66,762.63,0.0,0.774,0.797,0.785,0.847,2,1.0,0.0,67639.195
2026-08-30T18:47:19.859Z,65.974039,-149.005592,2913.01,2623.56,2979.71,213.79,198.96,-4.01,-4.38,110.62,115.23,105.78,460.61,0.0,0.807,0.869,0.845,1.42,4,1.0,0.0,67640.266
2026-08-30T18:47:20.824Z,65.973648,-149.006268,2914.64,2624.53,2985.85,214.87,200.01,-4.0,-3.0,111.71,116.54,107.2,201.93,0.0,0.86,0.892,0.876,0.478,2,1.0,0.0,67641.242
2026-08-30T18:47:21.888Z,65.973218,-149.007026,2914.75,2624.63,2988.61,214.43,199.54,-3.05,-1.76,113.33,118.29,108.87,61.81,0.0,0.954,0.977,0.967,0.821,4,1.0,0.0,67642.305
2026-08-30T18:47:22.847Z,65.972826,-149.007721,2913.26,2624.21,2989.04,214.43,199.58,-3.47,-3.71,114.62,119.57,110.33,-51.19,0.0,0.935,0.964,0.95,0.605,2,1.0,0.0,67643.266
2026-08-30T18:47:23.924Z,65.97238,-149.008517,2912.01,2623.01,2988.13,214.88,200.01,-3.21,-5.07,116.23,121.33,111.95,-43.52,0.0,1.041,1.059,1.05,1.161,4,1.0,0.0,67644.344
2026-08-30T18:47:24.898Z,65.971972,-149.009257,2910.63,2606.24,2987.24,215.04,200.17,-2.77,-4.32,117.71,122.82,113.49,-94.24,0.0,0.931,0.935,0.933,0.515,2,1.0,0.0,67645.305
2026-08-30T18:47:25.918Z,65.971545,-149.010045,2908.31,2603.93,2985.52,215.8,200.95,-2.73,-3.18,119.34,124.53,115.08,-116.53,0.0,1.005,1.005,1.005,0.315,2,1.0,0.0,67646.328
2026-08-30T18:47:26.788Z,65.971177,-149.010728,2906.53,2603.41,2983.8,216.11,201.24,-3.57,-2.03,120.23,125.3,115.93,-106.49,0.0,0.994,1.032,1.011,1.075,3,1.0,0.0,67647.188
2026-08-30T18:47:27.937Z,65.970684,-149.011652,2907.15,2604.11,2982.55,216.08,201.22,-3.5,-3.64,122.12,127.34,117.86,19.14,0.0,1.01,1.066,1.038,0.578,3,1.0,0.0,67648.344
2026-08-30T18:47:28.794Z,65.970308,-149.012365,2908.84,2606.54,2983.08,216.3,201.43,-4.42,-0.27,123.03,128.25,118.77,99.08,0.0,1.005,1.046,1.024,0.851,3,1.0,0.0,67649.211
2026-08-30T18:47:29.950Z,65.969804,-149.013313,2913.72,2611.46,2985.85,216.18,201.3,-4.25,2.74,124.06,129.27,119.63,220.52,0.0,1.019,1.054,1.036,0.157,3,1.0,0.0,67650.375
2026-08-30T18:47:30.816Z,65.969421,-149.014024,2917.97,2579.82,2989.1,215.57,200.67,-4.45,4.82,124.66,129.91,120.19,275.07,0.0,1.013,1.023,1.017,0.378,3,1.0,0.0,67651.242
2026-08-30T18:47:31.798Z,65.968983,-149.01482,2923.68,2585.62,2993.95,214.01,199.1,-4.6,2.59,125.25,130.48,120.71,332.32,0.0,1.021,1.023,1.022,0.097,2,1.0,0.0,67652.227
2026-08-30T18:47:32.880Z,65.968491,-149.015685,2931.01,2628.11,3000.24,212.4,197.51,-4.78,1.64,125.84,131.36,121.5,395.99,0.0,1.026,1.029,1.028,0.071,4,1.0,0.0,67653.289
2026-08-30T18:47:33.836Z,65.968047,-149.016438,2938.46,2635.58,3005.81,211.66,196.78,-4.69,0.82,126.67,131.88,122.16,445.36,0.0,0.996,1.001,0.999,0.154,2,1.0,0.0,67654.25
2026-08-30T18:47:34.911Z,65.967545,-149.017268,2947.37,2647.63,3013.29,211.34,196.45,-5.28,0.08,127.01,132.38,122.41,497.11,0.0,0.994,1.032,1.014,0.407,4,1.0,0.0,67655.32
2026-08-30T18:47:36.030Z,65.967015,-149.018125,2958.38,2658.7,3023.3,210.63,195.75,-5.65,-0.52,127.5,132.67,122.61,577.17,0.0,1.03,1.03,1.03,,1,1.0,0.0,67656.43
2026-08-30T18:47:36.898Z,65.9666,-149.018786,2967.71,2663.69,3031.21,210.44,195.56,-6.04,-0.53,127.01,132.3,122.23,628.88,0.0,1.04,1.057,1.05,0.22,3,1.0,0.0,67657.328
2026-08-30T18:47:37.773Z,65.966186,-149.019439,2978.38,2674.37,3041.85,210.23,195.34,-6.42,-0.75,126.96,132.22,122.03,708.42,0.0,1.049,1.053,1.052,0.171,3,1.0,0.0,67658.188
2026-08-30T18:47:38.928Z,65.965633,-149.020293,2994.22,2600.94,3056.72,211.44,196.6,-6.72,-2.63,126.45,131.7,121.75,803.15,0.0,1.028,1.031,1.03,0.241,3,1.0,0.0,67659.344
2026-08-30T18:47:39.800Z,65.96522,-149.020936,3007.1,2613.86,3068.76,211.08,196.18,-7.09,-4.85,126.2,131.47,121.48,865.97,0.0,1.026,1.034,1.03,0.154,3,1.0,0.0,67660.219
2026-08-30T18:47:40.763Z,65.964763,-149.02166,3022.45,2656.96,3083.22,210.59,195.72,-7.4,-5.69,125.97,131.22,121.08,930.71,0.0,1.028,1.029,1.028,0.076,2,1.0,0.0,67661.188
2026-08-30T18:47:41.846Z,65.964259,-149.022458,3040.28,2674.8,3100.45,210.41,195.52,-6.54,-4.11,125.73,131.09,120.71,971.83,0.0,0.999,1.021,1.012,1.121,4,1.0,0.0,67662.258
2026-08-30T18:47:42.799Z,65.96381,-149.023174,3053.87,2697.73,3115.06,210.26,195.39,-4.93,0.2,125.45,130.78,120.66,835.45,0.0,0.846,0.854,0.85,0.514,2,1.0,0.0,67663.203
2026-08-30T18:47:43.853Z,65.963315,-149.02395,3062.55,2706.25,3127.71,209.45,194.57,-3.78,-0.86,125.15,130.63,120.99,532.23,0.0,0.792,0.842,0.811,1.15,4,1.0,0.0,67664.25
2026-08-30T18:47:44.787Z,65.962868,-149.024637,3067.06,2710.61,3135.23,209.24,194.35,-4.09,-1.14,125.72,131.36,121.51,401.2,0.0,0.993,1.03,1.012,0.269,2,1.0,0.0,67665.195
2026-08-30T18:47:45.768Z,65.962398,-149.025346,3070.66,2714.05,3141.12,207.41,192.51,-0.71,-0.93,126.43,132.09,122.39,185.42,0.0,0.752,0.814,0.784,0.053,2,1.0,0.0,67666.18
2026-08-30T18:47:46.812Z,65.961889,-149.026095,3065.56,2706.47,3141.88,207.73,192.9,-1.13,0.05,127.87,133.78,123.87,-176.52,0.0,0.708,0.876,0.787,3.055,4,1.0,0.0,67667.234
2026-08-30T18:47:47.782Z,65.961412,-149.026771,3059.65,2700.58,3138.46,207.6,192.71,-0.59,-0.7,129.37,135.28,125.22,-295.0,0.0,0.995,1.005,1.0,0.492,2,1.0,0.0,67668.188
2026-08-30T18:47:48.833Z,65.960874,-149.027519,3051.56,2694.41,3132.83,206.64,191.79,0.15,-1.49,130.78,136.7,126.79,-439.76,0.0,0.904,0.946,0.92,0.634,4,1.0,0.0,67669.242
2026-08-30T18:47:49.818Z,65.960368,-149.028207,3041.61,2684.42,3125.33,207.52,192.72,0.7,-2.37,132.35,138.39,128.39,-568.93,0.0,0.935,0.936,0.936,0.05,2,1.0,0.0,67670.234
2026-08-30T18:47:50.881Z,65.959812,-149.028962,3028.46,2670.59,3114.67,209.15,194.29,0.79,-3.55,133.48,139.52,129.48,-708.94,0.0,0.941,0.989,0.958,1.509,4,1.0,0.0,67671.297
2026-08-30T18:47:51.844Z,65.959309,-149.029657,3015.8,2657.96,3103.63,208.87,194.01,0.74,-3.45,135.21,141.33,131.22,-747.92,0.0,1.034,1.035,1.034,0.104,2,1.0,0.0,67672.266
2026-08-30T18:47:52.910Z,65.958746,-149.030445,3002.78,2628.39,3090.05,209.4,194.55,0.32,-5.21,136.95,143.05,132.95,-720.71,0.0,1.028,1.038,1.031,0.502,4,1.0,0.0,67673.336
2026-08-30T18:47:53.882Z,65.958225,-149.03119,2992.34,2617.95,3078.46,209.71,194.83,-0.82,-6.09,138.14,144.11,134.38,-642.89,0.0,1.057,1.07,1.063,1.099,2,1.0,0.0,67674.305
2026-08-30T18:47:54.795Z,65.957736,-149.031905,2986.29,2612.13,3069.29,210.43,195.61,-1.52,-2.19,139.13,145.17,135.28,-404.65,0.0,1.174,1.219,1.201,0.841,3,1.0,0.0,67675.25
2026-08-30T18:47:55.843Z,65.957177,-149.032741,2983.12,2608.94,3063.17,210.83,195.96,-0.98,-5.42,139.82,145.81,136.08,-282.14,0.0,0.972,0.99,0.981,0.36,2,1.0,0.0,67676.266
2026-08-30T18:47:56.809Z,65.956658,-149.033519,2979.41,2613.25,3058.8,210.99,196.13,-1.53,-4.39,140.56,146.59,136.84,-237.8,0.0,1.012,1.03,1.021,0.052,2,1.0,0.0,67677.219
2026-08-30T18:47:57.882Z,65.95608,-149.034404,2977.09,2610.97,3055.05,211.87,197.03,-1.48,-4.81,141.34,147.25,137.28,-146.17,0.0,1.031,1.06,1.05,1.167,4,1.0,0.0,67678.305
2026-08-30T18:47:58.854Z,65.955559,-149.035222,2975.71,2608.33,3052.87,212.0,197.14,-1.84,-3.49,141.75,147.7,137.63,-101.13,0.0,0.991,0.998,0.995,0.423,2,1.0,0.0,67679.266
2026-08-30T18:47:59.912Z,65.954996,-149.036118,2976.17,2608.86,3051.65,212.4,197.55,-2.64,-3.58,142.09,148.08,137.96,24.14,0.0,1.028,1.097,1.072,0.653,4,1.0,0.0,67680.32
2026-08-30T18:48:00.854Z,65.954492,-149.03693,2978.64,2539.28,3052.47,212.91,198.07,-2.71,-3.62,142.19,148.17,138.15,111.94,0.0,1.019,1.026,1.023,0.225,2,1.0,0.0,67681.258
2026-08-30T18:48:01.914Z,65.953928,-149.037856,2982.57,2543.24,3054.95,212.98,198.11,-2.9,-2.36,142.53,148.49,138.28,204.25,0.0,1.04,1.053,1.047,0.565,4,1.0,0.0,67682.336
2026-08-30T18:48:02.869Z,65.953422,-149.038694,2987.03,2572.19,3058.44,213.27,198.42,-2.66,-3.6,142.6,148.61,138.35,250.37,0.0,1.0,1.013,1.007,0.175,2,1.0,0.0,67683.273
2026-08-30T18:48:03.914Z,65.952869,-149.039618,2991.53,2576.68,3062.81,213.8,198.95,-2.71,-6.12,142.65,148.48,138.46,250.6,0.0,0.985,0.986,0.985,0.105,4,1.0,0.0,67684.32
2026-08-30T18:48:04.924Z,65.952338,-149.040525,2995.47,2577.96,3065.79,214.57,199.74,-2.72,-5.9,142.56,148.53,138.6,234.32,0.0,0.981,0.984,0.983,0.253,2,1.0,0.0,67685.336
2026-08-30T18:48:05.945Z,65.951804,-149.041458,2999.16,2581.63,3064.92,215.2,200.35,-2.85,-3.97,142.79,148.8,138.71,219.42,0.0,0.989,0.996,0.992,0.03,2,1.0,0.0,67686.352
2026-08-30T18:48:06.890Z,65.951311,-149.042333,3002.58,2519.34,3066.37,215.56,200.71,-2.93,-1.78,142.82,148.84,138.83,225.25,0.0,1.01,1.013,1.012,0.065,2,1.0,0.0,67687.328
2026-08-30T18:48:07.769Z,65.950857,-149.043146,3006.13,2522.89,3068.97,215.6,200.73,-2.8,-0.26,143.25,149.34,139.29,230.53,0.0,1.008,1.015,1.012,0.13,3,1.0,0.0,67688.172
2026-08-30T18:48:08.827Z,65.95031,-149.04412,3009.9,2417.43,3072.57,214.72,199.82,-2.69,1.78,142.78,148.56,138.73,225.04,0.0,1.005,1.015,1.012,0.352,4,1.0,0.0,67689.219
2026-08-30T18:48:09.966Z,65.94971,-149.045176,3014.83,2422.39,3076.95,214.49,199.63,-3.08,0.81,142.6,148.55,138.79,258.25,0.0,1.02,1.022,1.021,0.07,3,1.0,0.0,67690.414
2026-08-30T18:48:10.872Z,65.949235,-149.04601,3019.65,2544.27,3081.32,214.5,199.63,-3.53,-0.93,142.5,148.57,138.72,316.59,0.0,1.037,1.054,1.045,0.255,3,1.0,0.0,67691.367
2026-08-30T18:48:11.913Z,65.94869,-149.046942,3026.76,2551.41,3087.45,214.2,199.33,-4.08,-2.0,142.62,148.64,138.51,401.6,0.0,1.04,1.045,1.043,0.501,2,1.0,0.0,67692.344
2026-08-30T18:48:12.796Z,65.948227,-149.047745,3034.87,2506.51,3093.68,214.66,199.83,-4.28,-2.44,142.55,148.62,138.34,518.7,0.0,1.085,1.091,1.088,0.632,3,1.0,0.0,67693.242
2026-08-30T18:48:13.909Z,65.94765,-149.048756,3046.26,2517.96,3103.36,215.03,200.17,-4.39,-4.1,142.2,148.16,138.0,585.7,0.0,0.995,1.023,1.006,0.716,4,1.0,0.0,67694.367
2026-08-30T18:48:14.985Z,65.947095,-149.049746,3057.79,2552.35,3113.79,215.65,200.82,-3.82,-5.0,142.03,148.01,137.91,616.45,0.0,1.0,1.019,1.01,0.638,2,1.0,0.0,67695.43
2026-08-30T18:48:15.852Z,65.946651,-149.050552,3065.47,2559.95,3122.25,216.95,202.13,-2.93,-7.62,141.74,147.86,137.91,525.98,0.0,0.9,0.9,0.9,,1,1.0,0.0,67696.273
2026-08-30T18:48:16.920Z,65.946106,-149.051575,3072.54,2538.73,3131.25,216.82,201.98,-3.64,-5.34,141.7,147.79,137.89,450.78,0.0,0.922,1.032,0.982,1.135,4,1.0,0.0,67697.32
2026-08-30T18:48:17.863Z,65.945633,-149.052487,3079.51,2545.88,3139.94,217.25,202.41,-3.38,-1.53,140.89,146.69,136.81,440.2,0.0,0.996,1.009,1.003,0.151,2,1.0,0.0,67698.297
2026-08-30T18:48:18.950Z,65.945092,-149.053527,3087.41,2548.55,3147.95,217.34,202.49,-3.72,-0.59,140.62,146.69,136.78,451.99,0.0,1.002,1.026,1.013,0.44,4,1.0,0.0,67699.383
2026-08-30T18:48:19.941Z,65.944605,-149.054472,3095.09,2556.23,3154.82,217.43,202.59,-3.87,-3.05,139.48,145.52,135.54,462.67,0.0,1.049,1.057,1.053,0.043,2,1.0,0.0,67700.367
2026-08-30T18:48:20.812Z,65.944175,-149.05532,3101.29,2574.82,3160.93,217.6,202.75,-2.24,-1.97,139.5,145.56,135.73,380.06,0.0,0.854,1.003,0.928,1.42,3,1.0,0.0,67701.234
2026-08-30T18:48:21.883Z,65.943648,-149.056349,3103.85,2577.28,3166.38,217.67,202.82,-0.98,-0.58,139.89,146.07,136.22,173.71,0.0,0.859,0.898,0.883,1.317,4,1.0,0.0,67702.297
2026-08-30T18:48:22.840Z,65.943179,-149.057275,3101.33,2561.51,3167.84,217.59,202.73,-0.54,0.58,140.27,146.5,136.69,-81.51,0.0,0.821,0.861,0.841,0.743,2,1.0,0.0,67703.266
2026-08-30T18:48:23.902Z,65.942655,-149.058294,3095.28,2555.39,3165.26,217.76,202.92,0.4,-0.38,140.21,146.48,136.57,-298.04,0.0,0.923,0.944,0.936,0.589,4,1.0,0.0,67704.32
2026-08-30T18:48:24.857Z,65.942182,-149.059219,3086.34,2511.98,3160.57,217.55,202.7,1.02,-0.37,141.3,147.67,137.72,-502.38,0.0,0.879,0.883,0.881,0.725,2,1.0,0.0,67705.258
2026-08-30T18:48:25.859Z,65.941683,-149.060196,3074.85,2500.47,3151.8,218.07,203.2,1.11,-1.53,142.66,149.11,139.15,-631.79,0.0,0.972,0.989,0.98,0.439,2,1.0,0.0,67706.266
2026-08-30T18:48:26.907Z,65.941154,-149.061233,3061.85,2566.1,3139.09,217.39,202.53,0.79,2.04,144.12,150.53,140.67,-693.31,0.0,0.967,1.021,0.997,0.446,4,1.0,0.0,67707.32
2026-08-30T18:48:27.866Z,65.940663,-149.062185,3051.05,2555.27,3127.52,217.17,202.3,0.45,2.11,145.17,151.57,141.79,-665.14,0.0,1.041,1.043,1.042,0.169,2,1.0,0.0,67708.289
2026-08-30T18:48:28.929Z,65.940112,-149.063239,3041.13,2512.69,3116.55,216.64,201.78,-0.08,0.65,146.04,152.43,142.79,-564.41,0.0,1.065,1.077,1.071,0.127,4,1.0,0.0,67709.336
2026-08-30T18:48:29.870Z,65.939618,-149.064169,3034.93,2474.34,3108.38,216.47,201.62,-0.25,0.08,147.01,153.42,143.5,-435.63,0.0,1.077,1.092,1.084,0.489,2,1.0,0.0,67710.273
2026-08-30T18:48:30.931Z,65.939059,-149.065217,3028.83,2468.22,3101.31,216.09,201.23,0.02,2.18,147.77,154.14,144.21,-386.86,0.0,0.969,1.026,0.995,0.521,4,1.0,0.0,67711.336
2026-08-30T18:48:31.797Z,65.938597,-149.066069,3023.58,2462.99,3096.34,216.04,201.19,-0.74,0.18,148.16,154.47,144.67,-355.34,0.0,0.994,1.035,1.014,0.89,3,1.0,0.0,67712.297
2026-08-30T18:48:32.856Z,65.938036,-149.0671,3020.15,2472.07,3090.57,215.91,201.04,-1.41,0.5,148.55,154.86,145.08,-200.88,0.0,1.112,1.112,1.112,,1,1.0,0.0,67713.258
2026-08-30T18:48:33.909Z,65.93746,-149.068146,3020.18,2485.19,3088.35,215.62,200.77,-1.74,1.61,148.75,155.05,145.28,-45.68,0.0,1.056,1.094,1.076,0.576,4,1.0,0.0,67714.32
2026-08-30T18:48:34.851Z,65.936951,-149.069062,3021.78,2486.83,3088.28,215.39,200.53,-2.24,2.36,148.87,155.16,145.29,67.93,0.0,1.06,1.063,1.062,0.0,2,1.0,0.0,67715.25
2026-08-30T18:48:35.834Z,65.936416,-149.070015,3025.11,2489.95,3089.86,215.83,201.0,-2.37,2.14,148.41,154.55,144.48,160.8,0.0,1.024,1.039,1.031,0.232,2,1.0,0.0,67716.242
2026-08-30T18:48:36.894Z,65.935843,-149.071028,3029.02,2493.87,3093.0,214.98,200.13,-2.94,5.94,148.3,154.87,144.9,208.28,0.0,0.994,1.026,1.007,0.797,4,1.0,0.0,67717.297
2026-08-30T18:48:37.855Z,65.935311,-149.071949,3033.07,2476.78,3096.13,214.38,199.41,-1.61,4.88,148.87,155.03,145.25,207.76,0.0,1.027,1.087,1.058,1.134,2,1.0,0.0,67718.273
2026-08-30T18:48:38.916Z,65.934726,-149.072937,3033.61,2477.26,3098.79,212.7,197.86,-2.02,4.29,148.75,154.75,145.0,82.41,0.0,0.92,1.028,0.962,2.572,4,1.0,0.0,67719.344
2026-08-30T18:48:39.870Z,65.934191,-149.073806,3035.82,2454.77,3100.16,212.0,197.13,-2.99,2.0,147.74,153.91,144.23,157.69,0.0,1.055,1.069,1.062,0.615,2,1.0,0.0,67720.281
2026-08-30T18:48:40.933Z,65.933597,-149.074741,3042.52,2461.57,3103.72,211.87,197.03,-4.04,-1.54,147.3,153.38,143.72,360.8,0.0,1.124,1.137,1.133,0.371,4,1.0,0.0,67721.336
2026-08-30T18:48:41.865Z,65.933076,-149.075562,3052.24,2488.39,3110.11,212.13,197.29,-4.87,-4.81,146.61,152.6,142.65,565.82,0.0,1.119,1.123,1.121,0.063,2,1.0,0.0,67722.273
2026-08-30T18:48:42.916Z,65.932498,-149.0765,3066.69,2502.87,3120.73,213.57,198.76,-5.55,-9.52,145.3,151.23,141.41,759.28,0.0,1.074,1.109,1.089,0.146,4,1.0,0.0,67723.344
2026-08-30T18:48:43.801Z,65.932024,-149.077278,3080.57,2516.83,3133.12,214.12,199.3,-6.31,-8.04,144.24,150.23,140.3,911.49,0.0,1.101,1.113,1.106,0.725,3,1.0,0.0,67724.219
2026-08-30T18:48:44.978Z,65.931396,-149.078363,3102.5,2538.11,3152.48,215.03,200.18,-6.39,-4.68,143.17,149.14,139.05,1068.24,0.0,1.04,1.075,1.057,0.611,3,1.0,0.0,67725.383
2026-08-30T18:48:45.780Z,65.93098,-149.0791,3118.43,2554.07,3166.71,214.77,199.93,-7.01,-6.25,142.2,148.09,137.82,1155.68,0.0,1.063,1.063,1.063,,1,1.0,0.0,67726.188
2026-08-30T18:48:46.829Z,65.93044,-149.080073,3141.51,2577.21,3187.46,215.73,200.9,-7.17,-4.41,140.98,147.02,136.37,1289.92,0.0,1.086,1.102,1.094,0.799,4,1.0,0.0,67727.266
2026-08-30T18:48:47.805Z,65.929952,-149.08097,3162.71,2598.37,3209.01,216.39,201.56,-6.35,-3.43,139.94,145.94,135.54,1263.37,0.0,0.912,0.919,0.916,0.512,2,1.0,0.0,67728.219
2026-08-30T18:48:48.874Z,65.929416,-149.081967,3184.3,2629.37,3237.3,216.53,201.7,-6.69,-4.28,138.86,144.93,134.5,1235.24,0.0,0.957,1.022,0.99,0.773,4,1.0,0.0,67729.297
2026-08-30T18:48:49.838Z,65.928941,-149.082864,3204.1,2703.61,3264.54,217.02,202.19,-6.66,-3.84,138.16,144.41,133.66,1224.18,0.0,0.985,0.989,0.987,0.187,2,1.0,0.0,67730.242
2026-08-30T18:48:50.899Z,65.928424,-149.08385,3224.98,2724.48,3293.25,217.37,202.52,-6.48,0.66,137.17,143.26,132.66,1184.41,0.0,0.973,0.974,0.974,0.148,4,1.0,0.0,67731.297
2026-08-30T18:48:51.828Z,65.927973,-149.084712,3242.67,2686.45,3315.67,216.04,201.16,-4.76,0.95,136.37,142.59,132.04,1135.22,0.0,0.989,1.007,0.998,2.761,2,1.0,0.0,67732.234
2026-08-30T18:48:52.881Z,65.927468,-149.085664,3254.77,2698.22,3334.9,216.43,201.63,-2.0,-0.37,135.92,142.33,132.33,668.25,0.0,0.594,0.736,0.647,2.131,4,1.0,0.0,67733.281
2026-08-30T18:48:53.922Z,65.926957,-149.08662,3256.39,2706.8,3344.68,217.03,202.16,-2.35,-1.15,136.38,142.7,132.9,266.04,0.0,0.759,0.921,0.85,1.203,4,1.0,0.0,67734.344
2026-08-30T18:48:54.890Z,65.926488,-149.087498,3257.51,2707.93,3348.51,215.7,200.85,-2.01,-1.09,137.5,144.1,134.44,144.67,0.0,1.015,1.03,1.022,0.616,2,1.0,0.0,67735.297
2026-08-30T18:48:55.895Z,65.925985,-149.088437,3257.49,2711.08,3350.45,216.22,201.39,-1.55,-1.22,138.25,144.89,135.31,25.97,0.0,0.95,0.95,0.95,0.282,2,1.0,0.0,67736.312
2026-08-30T18:48:56.948Z,65.925458,-149.089411,3255.61,2709.16,3350.37,216.22,201.39,-1.23,-2.21,139.25,146.0,136.33,-79.33,0.0,0.933,0.957,0.945,0.316,4,1.0,0.0,67737.367
2026-08-30T18:48:57.920Z,65.924969,-149.090319,3253.83,2662.45,3348.98,216.72,201.9,-2.55,-1.69,139.98,146.57,137.0,-54.42,0.0,1.052,1.091,1.072,0.033,2,1.0,0.0,67738.336
2026-08-30T18:48:58.790Z,65.924531,-149.091133,3255.13,2663.79,3348.62,216.75,201.9,-2.66,-2.35,140.45,147.16,137.46,50.04,0.0,1.074,1.11,1.093,0.697,3,1.0,0.0,67739.203
2026-08-30T18:48:59.855Z,65.923993,-149.092147,3257.98,2639.92,3350.02,217.38,202.56,-2.34,-3.09,141.22,147.9,138.02,121.04,0.0,1.034,1.064,1.053,0.995,4,1.0,0.0,67740.273
2026-08-30T18:49:00.833Z,65.923498,-149.093089,3260.29,2642.23,3352.05,218.32,203.47,-2.75,-2.35,140.93,147.4,137.69,143.57,0.0,0.969,0.981,0.975,1.065,2,1.0,0.0,67741.25
2026-08-30T18:49:01.907Z,65.922965,-149.09413,3264.75,2673.78,3354.74,217.68,202.83,-3.02,-3.52,141.66,148.26,138.46,236.51,0.0,1.005,1.036,1.024,0.933,4,1.0,0.0,67742.328
2026-08-30T18:49:02.879Z,65.922476,-149.095093,3269.99,2679.04,3358.93,218.21,203.41,-2.79,-3.96,141.85,148.48,138.56,285.65,0.0,0.964,1.005,0.985,0.378,2,1.0,0.0,67743.305
2026-08-30T18:49:03.967Z,65.92194,-149.096165,3275.48,2673.52,3363.72,219.14,204.3,-3.48,-4.84,141.67,148.3,138.32,315.13,0.0,0.964,1.042,1.007,0.528,4,1.0,0.0,67744.391
2026-08-30T18:49:04.959Z,65.921446,-149.097168,3281.62,2679.66,3369.19,218.66,203.82,-3.61,-1.84,141.24,147.64,137.65,349.59,0.0,1.025,1.035,1.03,0.448,2,1.0,0.0,67745.383
2026-08-30T18:49:05.791Z,65.921041,-149.097997,3287.1,2685.28,3374.68,219.99,205.2,-3.6,-2.45,140.74,147.27,137.28,395.15,0.0,1.074,1.074,1.074,,1,1.0,0.0,67746.227
2026-08-30T18:49:06.891Z,65.920512,-149.099107,3295.59,2653.51,3382.35,220.12,205.26,-4.03,-4.57,140.46,147.06,137.15,450.19,0.0,1.028,1.054,1.037,0.764,4,1.0,0.0,67747.32
2026-08-30T18:49:07.883Z,65.920037,-149.100117,3303.84,2666.97,3390.05,220.21,205.38,-3.85,-1.94,140.22,146.8,136.92,480.51,0.0,0.999,1.014,1.006,0.166,2,1.0,0.0,67748.305
2026-08-30T18:49:08.959Z,65.919524,-149.101213,3312.71,2675.83,3398.75,220.38,205.54,-3.92,-2.5,140.24,146.98,137.3,487.02,0.0,0.983,1.009,0.996,0.5,4,1.0,0.0,67749.375
2026-08-30T18:49:09.957Z,65.91905,-149.102234,3321.54,2674.25,3407.03,220.35,205.5,-4.45,-0.74,140.42,147.11,137.26,544.9,0.0,1.062,1.068,1.065,0.177,2,1.0,0.0,67750.398
2026-08-30T18:49:10.875Z,65.918609,-149.103186,3331.75,2684.5,3415.83,219.7,204.84,-4.86,-0.01,140.48,147.1,137.21,640.15,0.0,1.044,1.054,1.048,0.134,3,1.0,0.0,67751.305
2026-08-30T18:49:11.945Z,65.918095,-149.104277,3343.78,2698.32,3429.31,219.81,205.0,-3.22,-0.96,140.11,146.68,137.01,591.05,0.0,0.817,1.044,0.934,2.763,4,1.0,0.0,67752.367
2026-08-30T18:49:12.940Z,65.917624,-149.105276,3351.06,2705.6,3438.85,220.69,205.86,-4.42,-3.46,139.93,146.6,136.87,527.19,0.0,1.012,1.065,1.039,0.033,2,1.0,0.0,67753.344
2026-08-30T18:49:13.780Z,65.917219,-149.106145,3359.38,2713.96,3446.67,220.57,205.74,-4.11,-2.74,139.58,146.13,136.41,566.73,0.0,1.019,1.077,1.048,0.916,3,1.0,0.0,67754.172
2026-08-30T18:49:14.824Z,65.916725,-149.107219,3368.61,2707.89,3454.94,221.3,206.48,-3.99,-4.13,139.16,145.86,136.22,517.55,0.0,0.928,0.948,0.937,0.995,4,1.0,0.0,67755.242
2026-08-30T18:49:15.960Z,65.916196,-149.108394,3377.18,2688.27,3463.82,221.94,207.11,-3.84,-3.59,139.23,145.99,136.34,465.17,0.0,0.981,0.981,0.981,,1,1.0,0.0,67756.391
2026-08-30T18:49:16.860Z,65.915781,-149.109331,3384.26,2695.41,3470.68,221.37,206.51,-4.9,-0.99,139.36,146.13,136.41,512.24,0.0,1.014,1.085,1.049,1.144,3,1.0,0.0,67757.281
2026-08-30T18:49:17.834Z,65.915329,-149.110363,3394.31,2705.39,3479.43,221.22,206.42,-3.26,-0.76,138.99,145.57,136.04,527.12,0.0,0.892,0.973,0.933,0.653,2,1.0,0.0,67758.25
2026-08-30T18:49:18.900Z,65.914835,-149.111476,3400.92,2693.01,3487.93,222.21,207.37,-4.12,-1.7,138.57,145.33,135.83,429.75,0.0,0.866,0.987,0.928,1.323,4,1.0,0.0,67759.328
2026-08-30T18:49:19.887Z,65.914384,-149.112516,3409.01,2644.61,3495.24,221.62,206.81,-4.57,-1.55,138.73,145.45,135.62,510.86,0.0,1.043,1.063,1.053,0.182,2,1.0,0.0,67760.32
2026-08-30T18:49:20.778Z,65.913974,-149.113447,3418.28,2653.92,3503.09,222.73,207.92,-4.58,-2.25,138.49,145.16,135.31,585.98,0.0,1.047,1.066,1.057,0.258,3,1.0,0.0,67761.203
2026-08-30T18:49:21.856Z,65.913485,-149.114573,3430.4,2655.58,3514.08,222.25,207.4,-2.85,-2.02,138.36,145.11,135.36,617.07,0.0,0.949,1.06,1.023,3.385,4,1.0,0.0,67762.289
2026-08-30T18:49:22.862Z,65.913024,-149.115638,3437.79,2662.9,3523.7,222.62,207.82,-2.87,-2.8,138.46,145.35,135.65,465.66,0.0,0.881,0.913,0.897,0.129,2,1.0,0.0,67763.297
2026-08-30T18:49:23.944Z,65.91253,-149.11679,3443.47,2799.65,3532.23,222.39,207.52,-2.57,-4.29,138.4,145.22,135.6,345.95,0.0,0.954,0.991,0.977,0.489,4,1.0,0.0,67764.391
2026-08-30T18:49:24.946Z,65.912083,-149.117852,3447.19,2803.36,3537.58,223.72,208.99,-3.46,-3.77,138.62,145.52,135.89,275.87,0.0,0.962,1.003,0.983,1.117,2,1.0,0.0,67765.383
2026-08-30T18:49:25.802Z,65.911695,-149.118776,3452.02,2808.26,3541.52,224.26,209.41,-3.17,-4.59,138.19,144.91,135.27,331.68,0.0,1.056,1.056,1.056,,1,1.0,0.0,67766.234
2026-08-30T18:49:26.895Z,65.911213,-149.119961,3458.48,2787.04,3547.19,224.13,209.35,-3.62,-4.11,138.12,145.04,135.32,355.34,0.0,0.957,1.025,0.984,1.802,4,1.0,0.0,67767.32
2026-08-30T18:49:27.884Z,65.91078,-149.121038,3464.41,2823.79,3552.86,224.72,209.9,-3.33,-5.02,137.83,144.63,135.42,330.89,0.0,0.924,0.943,0.933,0.869,2,1.0,0.0,67768.312
2026-08-30T18:49:28.952Z,65.910313,-149.12222,3469.75,2829.16,3558.6,224.72,209.9,-3.77,-5.03,137.34,144.21,134.92,323.81,0.0,0.98,1.019,1.003,0.043,4,1.0,0.0,67769.375
2026-08-30T18:49:29.937Z,65.909888,-149.123306,3475.51,2748.13,3563.82,225.43,210.63,-3.71,-4.87,137.43,144.43,134.91,344.89,0.0,1.017,1.023,1.02,0.064,2,1.0,0.0,67770.359
2026-08-30T18:49:30.809Z,65.909516,-149.124276,3481.04,2753.68,3568.48,226.06,211.23,-4.29,-5.96,137.91,144.81,135.29,383.28,0.0,1.032,1.061,1.047,0.176,3,1.0,0.0,67771.227
2026-08-30T18:49:31.889Z,65.909056,-149.125497,3489.45,2762.0,3575.67,226.5,211.68,-4.15,-2.16,137.63,144.45,135.09,439.58,0.0,0.988,1.064,1.03,1.213,4,1.0,0.0,67772.32
2026-08-30T18:49:32.871Z,65.908643,-149.126607,3497.43,2770.05,3584.74,226.64,211.8,-4.19,-0.6,137.52,144.39,134.78,481.44,0.0,1.013,1.015,1.014,0.253,2,1.0,0.0,67773.297
2026-08-30T18:49:33.963Z,65.908186,-149.127834,3506.69,2734.11,3594.28,225.41,210.57,-3.82,3.27,137.09,143.95,134.33,497.61,0.0,0.995,1.0,0.997,0.314,4,1.0,0.0,67774.398
2026-08-30T18:49:34.954Z,65.907771,-149.128931,3514.35,2741.72,3601.6,225.41,210.59,-3.92,3.13,137.16,144.27,134.62,466.49,0.0,0.98,0.994,0.987,0.239,2,1.0,0.0,67775.375
2026-08-30T18:49:35.790Z,65.907409,-149.129871,3520.7,2748.08,3607.6,225.55,210.72,-3.65,0.42,137.91,145.04,135.34,460.18,0.0,1.026,1.026,1.026,,1,1.0,0.0,67776.219
2026-08-30T18:49:36.861Z,65.906948,-149.131062,3528.21,2727.08,3615.33,224.9,210.04,-3.95,0.63,138.55,145.67,136.02,430.6,0.0,0.952,0.978,0.964,1.319,4,1.0,0.0,67777.289
2026-08-30T18:49:37.850Z,65.906518,-149.132158,3536.45,2735.39,3622.67,224.7,209.88,-4.16,1.41,138.67,145.66,135.9,501.87,0.0,1.061,1.076,1.068,0.653,2,1.0,0.0,67778.273
2026-08-30T18:49:38.920Z,65.906052,-149.133344,3546.53,2751.03,3631.74,224.22,209.34,-4.54,-1.25,137.94,144.71,134.98,553.93,0.0,1.021,1.042,1.031,0.255,4,1.0,0.0,67779.344
2026-08-30T18:49:39.897Z,65.905626,-149.134406,3556.54,2761.06,3641.03,224.51,209.72,-4.95,-6.35,136.71,143.58,133.93,598.94,0.0,1.007,1.015,1.011,0.544,2,1.0,0.0,67780.328
2026-08-30T18:49:40.785Z,65.905242,-149.135385,3566.26,2753.37,3649.77,225.83,211.05,-4.69,-3.52,136.17,143.05,133.33,629.59,0.0,1.044,1.055,1.051,0.781,3,1.0,0.0,67781.234
2026-08-30T18:49:41.891Z,65.90478,-149.136588,3577.46,2764.55,3660.29,225.63,210.78,-4.96,1.35,135.85,143.05,132.41,618.74,0.0,0.975,0.991,0.982,0.607,4,1.0,0.0,67782.312
2026-08-30T18:49:42.876Z,65.904365,-149.137665,3588.14,2771.03,3670.52,225.07,210.24,-5.22,5.84,136.14,143.17,132.18,649.59,0.0,1.025,1.033,1.029,0.153,2,1.0,0.0,67783.312
2026-08-30T18:49:43.766Z,65.903987,-149.138626,3598.32,2781.2,3680.01,224.18,209.31,-4.74,7.33,135.95,142.93,131.9,662.66,0.0,0.994,1.033,1.015,0.874,3,1.0,0.0,67784.211
2026-08-30T18:49:44.873Z,65.903509,-149.139794,3609.38,2744.9,3693.05,222.76,208.0,-1.53,6.91,135.85,142.96,131.93,525.74,0.0,0.837,0.983,0.935,4.328,4,1.0,0.0,67785.336
2026-08-30T18:49:46.122Z,65.902966,-149.141082,3607.92,2717.24,3700.55,222.82,207.96,-0.73,2.57,136.49,143.82,132.94,-34.1,0.0,0.764,0.764,0.764,,1,1.0,0.0,67786.555
2026-08-30T18:49:46.807Z,65.902654,-149.141804,3603.51,2712.79,3699.84,222.12,207.27,0.44,1.47,138.05,145.68,134.86,-242.75,0.0,0.934,0.936,0.935,1.383,2,1.0,0.0,67787.258
2026-08-30T18:49:47.916Z,65.902148,-149.142963,3592.63,2685.27,3692.32,221.09,206.26,-0.29,0.98,140.09,147.53,136.6,-485.42,0.0,0.879,0.977,0.924,1.923,4,1.0,0.0,67788.359
2026-08-30T18:49:48.934Z,65.901673,-149.144027,3584.62,2677.38,3683.61,221.12,206.32,-0.86,-1.93,140.67,147.96,136.95,-423.69,0.0,1.082,1.093,1.087,0.341,2,1.0,0.0,67789.383
2026-08-30T18:49:49.852Z,65.901241,-149.144992,3579.43,2630.22,3677.11,221.97,207.17,-0.29,-3.44,140.76,147.92,137.14,-387.99,0.0,0.941,1.01,0.976,0.687,3,1.0,0.0,67790.312
2026-08-30T18:49:50.983Z,65.900717,-149.146176,3572.54,2623.36,3670.15,222.03,207.21,-0.89,-3.45,140.83,148.23,137.72,-350.17,0.0,0.957,1.017,0.99,0.365,4,1.0,0.0,67791.43
2026-08-30T18:49:51.817Z,65.900325,-149.147076,3568.65,2625.44,3665.44,222.11,207.29,-0.6,-4.5,141.63,149.16,138.54,-304.59,0.0,1.035,1.035,1.035,,1,1.0,0.0,67792.273
2026-08-30T18:49:52.949Z,65.8998,-149.148292,3561.91,2618.55,3660.25,221.77,206.98,-0.08,-1.32,142.83,150.4,139.65,-382.8,0.0,0.914,0.96,0.932,0.865,4,1.0,0.0,67793.406
2026-08-30T18:49:53.845Z,65.899374,-149.149278,3555.26,2577.58,3655.09,222.71,207.9,-0.57,-1.47,143.79,151.31,140.35,-398.44,0.0,0.99,1.031,1.011,0.312,3,1.0,0.0,67794.312
2026-08-30T18:49:54.895Z,65.898883,-149.15042,3549.76,2572.16,3648.87,222.98,208.16,-0.49,2.08,143.69,151.07,140.1,-321.28,0.0,1.047,1.064,1.056,0.855,2,1.0,0.0,67795.359
2026-08-30T18:49:55.799Z,65.89846,-149.151411,3545.03,2543.13,3644.09,222.56,207.72,-0.28,5.57,144.84,152.4,141.5,-334.24,0.0,1.003,1.003,1.003,,1,1.0,0.0,67796.266
2026-08-30T18:49:56.905Z,65.897928,-149.152619,3538.44,2536.52,3637.87,221.03,206.18,-0.04,11.05,145.59,153.16,142.21,-349.92,0.0,1.002,1.017,1.01,0.299,4,1.0,0.0,67797.367
2026-08-30T18:49:57.963Z,65.897404,-149.153752,3530.53,2520.48,3631.25,218.86,203.99,0.2,14.96,146.5,154.08,142.97,-454.19,0.0,0.915,0.923,0.919,1.486,2,1.0,0.0,67798.43
2026-08-30T18:49:58.888Z,65.896932,-149.154702,3523.8,2513.87,3624.34,217.19,202.3,-0.95,14.48,147.47,155.0,143.66,-374.37,0.0,1.099,1.207,1.159,0.505,3,1.0,0.0,67799.359
2026-08-30T18:49:59.817Z,65.896443,-149.155618,3519.23,2493.25,3618.72,215.59,200.75,0.42,16.66,148.64,156.67,145.38,-366.98,0.0,0.94,1.083,1.009,0.763,3,1.0,0.0,67800.281
2026-08-30T18:50:00.895Z,65.895853,-149.156652,3511.3,2485.27,3611.81,215.21,200.34,0.39,17.54,149.62,157.17,146.43,-438.33,0.0,0.969,0.973,0.971,0.373,2,1.0,0.0,67801.359
2026-08-30T18:50:01.830Z,65.895326,-149.157515,3502.05,2467.17,3605.44,212.94,198.04,1.61,18.68,150.35,158.11,147.32,-591.71,0.0,0.893,0.926,0.909,0.172,3,1.0,0.0,67802.305
2026-08-30T18:50:02.912Z,65.894693,-149.158472,3486.9,2451.95,3593.21,209.95,195.08,2.03,19.72,151.54,159.45,148.37,-780.82,0.0,0.967,1.005,0.986,0.016,2,1.0,0.0,67803.398
2026-08-30T18:50:03.848Z,65.894134,-149.15924,3471.43,2409.19,3579.56,207.8,192.91,2.82,17.58,151.65,159.33,148.32,-967.35,0.0,0.953,0.972,0.96,0.797,3,1.0,0.0,67804.344
2026-08-30T18:50:04.938Z,65.893474,-149.160065,3450.33,2387.98,3561.73,205.46,190.6,3.31,15.7,152.49,160.08,148.79,-1128.28,0.0,0.984,0.988,0.986,0.105,2,1.0,0.0,67805.422
2026-08-30T18:50:05.896Z,65.892872,-149.160744,3430.46,2325.48,3543.36,204.68,189.88,3.5,10.41,153.13,161.05,149.93,-1206.21,0.0,1.012,1.012,1.012,,1,1.0,0.0,67806.383
2026-08-30T18:50:06.789Z,65.8923,-149.161354,3411.09,2306.12,3525.01,203.25,188.36,3.35,4.27,154.93,162.8,151.76,-1271.17,0.0,0.94,0.94,0.94,,1,1.0,0.0,67807.281
2026-08-30T18:50:07.952Z,65.891545,-149.162121,3387.11,2268.12,3500.55,202.64,187.82,2.53,0.45,156.87,164.69,153.5,-1197.66,0.0,1.044,1.116,1.09,0.515,4,1.0,0.0,67808.438
2026-08-30T18:50:08.831Z,65.890964,-149.1627,3371.89,2252.98,3483.44,202.27,187.44,1.48,-2.42,157.61,165.32,154.33,-1043.13,0.0,1.125,1.125,1.125,,1,1.0,0.0,67809.312
2026-08-30T18:50:09.978Z,65.890205,-149.163457,3358.78,2265.36,3465.96,202.38,187.6,0.5,-1.96,158.47,166.25,155.32,-705.07,0.0,1.197,1.21,1.205,0.802,4,1.0,0.0,67810.445
2026-08-30T18:50:10.859Z,65.889622,-149.164041,3352.65,2259.26,3457.53,203.83,189.05,0.69,-2.11,159.15,166.87,155.98,-533.4,0.0,1.038,1.038,1.038,,1,1.0,0.0,67811.336
2026-08-30T18:50:11.809Z,65.888989,-149.164688,3346.64,2262.92,3449.89,203.57,188.74,-0.52,-3.17,159.83,167.58,156.8,-386.94,0.0,1.03,1.117,1.074,0.952,3,1.0,0.0,67812.281
2026-08-30T18:50:12.921Z,65.888241,-149.165463,3345.04,2261.45,3444.78,203.22,188.41,-0.79,-3.05,159.49,166.91,156.04,-130.42,0.0,1.116,1.176,1.151,1.465,4,1.0,0.0,67813.406
2026-08-30T18:50:13.809Z,65.887654,-149.16608,3345.56,2346.77,3442.76,203.38,188.58,-1.39,-3.39,158.94,166.42,155.61,-13.14,0.0,1.059,1.059,1.059,,1,1.0,0.0,67814.297
2026-08-30T18:50:14.958Z,65.886894,-149.166885,3349.2,2412.98,3443.2,203.78,188.97,-1.78,-3.64,158.53,165.96,155.13,167.17,0.0,1.068,1.097,1.084,0.541,4,1.0,0.0,67815.445
2026-08-30T18:50:16.274Z,65.886035,-149.16781,3356.41,2420.26,3448.11,204.77,189.97,-3.04,-2.6,157.81,165.24,154.38,343.69,0.0,1.114,1.114,1.114,,1,1.0,0.0,67816.742
2026-08-30T18:50:16.806Z,65.885682,-149.168193,3361.28,2425.17,3451.25,204.18,189.31,-2.23,-2.07,157.62,165.01,153.96,430.64,0.0,1.153,1.153,1.153,,1,1.0,0.0,67817.297
2026-08-30T18:50:17.959Z,65.884933,-149.16901,3368.28,2485.71,3457.61,203.83,189.03,-0.96,-2.43,156.29,163.47,152.6,294.61,0.0,0.833,0.887,0.858,0.356,4,1.0,0.0,67818.453
2026-08-30T18:50:18.865Z,65.884353,-149.169637,3369.92,2487.31,3460.99,204.57,189.78,-0.86,-1.76,155.62,163.12,152.27,165.42,0.0,0.904,0.904,0.904,,1,1.0,0.0,67819.367
2026-08-30T18:50:19.810Z,65.883744,-149.170306,3369.76,2490.18,3462.83,203.6,188.77,-0.13,-1.06,156.02,163.57,152.77,4.37,0.0,0.854,0.9,0.878,0.501,3,1.0,0.0,67820.305
2026-08-30T18:50:20.955Z,65.883004,-149.171107,3365.9,2486.22,3461.88,204.39,189.6,1.22,-3.35,156.72,164.34,153.42,-201.95,0.0,0.866,0.924,0.899,2.755,4,1.0,0.0,67821.445
2026-08-30T18:50:21.865Z,65.882412,-149.171759,3357.8,2447.32,3458.64,204.55,189.74,1.42,-5.41,157.3,164.9,154.33,-464.63,0.0,0.814,0.814,0.814,,1,1.0,0.0,67822.367
2026-08-30T18:50:22.833Z,65.881788,-149.172459,3347.42,2436.93,3452.32,204.68,189.88,1.44,-5.35,157.96,165.4,154.49,-559.52,0.0,0.957,1.014,0.992,1.258,3,1.0,0.0,67823.328
2026-08-30T18:50:23.786Z,65.881168,-149.173166,3338.16,2377.38,3443.52,205.27,190.47,0.69,-3.84,157.93,165.54,154.63,-544.33,0.0,0.992,1.019,1.007,0.51,3,1.0,0.0,67824.281
2026-08-30T18:50:24.865Z,65.880464,-149.17398,3329.6,2368.83,3432.59,205.91,191.11,1.59,-1.34,158.54,166.11,155.1,-520.89,0.0,0.95,0.987,0.969,0.31,2,1.0,0.0,67825.352
2026-08-30T18:50:25.831Z,65.87984,-149.174712,3319.77,2498.02,3423.23,205.88,191.06,1.18,-0.71,158.45,165.83,155.59,-601.85,0.0,0.956,0.956,0.956,,1,1.0,0.0,67826.312
2026-08-30T18:50:26.939Z,65.87912,-149.175551,3307.93,2551.09,3411.73,206.26,191.47,1.07,0.08,158.21,165.65,155.75,-623.93,0.0,0.981,0.996,0.988,0.428,2,1.0,0.0,67827.422
2026-08-30T18:50:27.881Z,65.878501,-149.176272,3297.58,2540.76,3401.66,205.75,190.93,0.22,-0.25,158.91,166.52,156.19,-628.95,0.0,0.96,1.007,0.983,1.17,3,1.0,0.0,67828.367
2026-08-30T18:50:28.771Z,65.877923,-149.176944,3288.87,2345.04,3392.47,205.74,190.94,-0.08,-1.18,159.51,167.15,156.23,-598.42,0.0,1.006,1.006,1.006,,1,1.0,0.0,67829.266
2026-08-30T18:50:29.933Z,65.877165,-149.177824,3280.36,2336.68,3381.47,205.42,190.58,-0.6,0.64,159.77,167.23,156.33,-416.3,0.0,1.041,1.122,1.085,0.662,4,1.0,0.0,67830.422
2026-08-30T18:50:30.829Z,65.87658,-149.178498,3275.71,2268.43,3375.04,204.89,190.08,0.29,2.7,159.95,167.67,156.98,-393.3,0.0,0.917,0.917,0.917,,1,1.0,0.0,67831.32
2026-08-30T18:50:31.788Z,65.875947,-149.179208,3270.04,2262.82,3368.75,204.75,189.92,-0.27,1.6,160.82,168.2,157.64,-340.18,0.0,0.974,1.0,0.988,0.615,3,1.0,0.0,67832.273
2026-08-30T18:50:32.941Z,65.875182,-149.180046,3265.59,2212.85,3362.67,204.09,189.28,-1.04,-0.62,160.41,167.74,157.14,-220.68,0.0,1.032,1.088,1.061,0.556,4,1.0,0.0,67833.43
2026-08-30T18:50:33.836Z,65.874584,-149.180696,3264.49,2211.81,3359.18,204.29,189.49,-1.51,-1.55,160.23,167.6,156.59,-97.37,0.0,1.084,1.084,1.084,,1,1.0,0.0,67834.328
2026-08-30T18:50:34.771Z,65.873969,-149.181362,3265.43,2176.07,3353.99,203.83,188.99,-1.07,-0.89,159.74,166.74,155.9,-0.51,0.0,1.0,1.05,1.024,0.201,3,1.0,0.0,67835.258
2026-08-30T18:50:35.925Z,65.873204,-149.182187,3266.82,2177.48,3351.3,204.13,189.34,-1.24,-0.99,158.66,165.83,155.05,59.92,0.0,1.031,1.049,1.04,0.591,2,1.0,0.0,67836.406
2026-08-30T18:50:36.823Z,65.87262,-149.182818,3268.75,2162.95,3351.65,203.97,189.16,-2.12,-1.52,158.1,165.28,154.45,143.1,0.0,1.106,1.106,1.106,,1,1.0,0.0,67837.289
2026-08-30T18:50:37.964Z,65.87187,-149.183628,3274.08,2168.27,3354.78,204.2,189.41,-1.33,-2.04,157.59,164.78,153.9,220.72,0.0,0.97,1.1,1.03,1.188,4,1.0,0.0,67838.445
2026-08-30T18:50:38.870Z,65.871285,-149.184263,3276.78,2196.95,3357.66,204.11,189.28,-0.77,-2.42,157.46,164.71,153.89,156.59,0.0,0.909,0.909,0.909,,1,1.0,0.0,67839.352
2026-08-30T18:50:39.802Z,65.870675,-149.184928,3277.39,2197.55,3359.74,204.04,189.25,-1.48,-2.53,158.03,165.53,154.53,95.08,0.0,0.856,0.971,0.914,0.859,3,1.0,0.0,67840.297
2026-08-30T18:50:40.946Z,65.869925,-149.185748,3279.52,2173.3,3361.64,204.77,189.99,-1.52,-3.75,157.86,165.02,153.92,106.78,0.0,1.009,1.021,1.014,0.269,4,1.0,0.0,67841.453
2026-08-30T18:50:41.864Z,65.86933,-149.186412,3281.09,2174.87,3363.18,205.28,190.48,-1.29,-4.83,157.62,165.01,153.61,100.39,0.0,1.01,1.01,1.01,,1,1.0,0.0,67842.359
2026-08-30T18:50:42.854Z,,-149.187118,3281.54,2202.73,3365.21,205.63,190.82,-1.2,-3.45,157.27,164.51,153.09,17.87,0.0,0.913,0.954,0.933,0.359,3,1.0,0.0,67843.445
2026-08-30T18:50:43.914Z,65.868014,-149.187931,3280.94,2202.14,3365.54,205.45,190.67,-1.45,-2.23,157.35,164.75,153.25,-11.84,0.0,0.962,1.006,0.983,0.75,3,1.0,0.0,67844.398
2026-08-30T18:50:44.797Z,65.867446,-149.188595,3280.57,2126.88,3364.95,206.32,191.53,-1.84,-3.72,157.15,164.17,153.18,-3.22,0.0,1.035,1.035,1.035,,1,1.0,0.0,67845.289
2026-08-30T18:50:45.956Z,65.866712,-149.189467,3283.11,2129.53,3365.8,206.09,191.32,-2.82,-3.69,156.16,163.15,152.5,145.18,0.0,1.098,1.099,1.099,0.387,2,1.0,0.0,67846.445
2026-08-30T18:50:46.862Z,65.866143,-149.190148,3287.33,2039.13,3368.49,206.42,191.61,-2.19,-2.56,155.16,162.09,151.6,221.23,0.0,1.017,1.017,1.017,,1,1.0,0.0,67847.344
2026-08-30T18:50:47.817Z,65.865544,-149.190874,3291.09,2042.88,3372.08,207.24,192.46,-2.72,-3.44,154.1,161.12,150.74,235.7,0.0,0.974,1.026,0.998,1.012,3,1.0,0.0,67848.305
2026-08-30T18:50:48.941Z,65.864838,-149.191746,3296.5,1959.27,3376.82,207.27,192.49,-2.11,-1.79,153.83,160.95,150.29,273.83,0.0,1.032,1.051,1.039,0.443,4,1.0,0.0,67849.43
2026-08-30T18:50:49.840Z,65.864284,-149.192439,3299.56,1962.23,3380.64,208.06,193.28,-1.61,-1.54,153.46,160.54,150.04,187.01,0.0,0.885,0.885,0.885,,1,1.0,0.0,67850.328
2026-08-30T18:50:50.789Z,65.863697,-149.193183,3301.02,1965.83,3383.38,207.26,192.43,-1.03,-0.06,153.48,160.61,149.87,116.56,0.0,0.973,0.99,0.98,1.158,3,1.0,0.0,67851.273
2026-08-30T18:50:51.939Z,65.86299,-149.194078,3300.9,1956.21,3384.93,207.64,192.84,-1.71,-0.78,153.45,160.78,150.01,35.86,0.0,0.922,1.002,0.953,2.175,4,1.0,0.0,67852.406
2026-08-30T18:50:52.823Z,65.862448,-149.194771,3301.55,1952.26,3385.51,207.07,192.26,-1.16,0.1,153.9,161.13,150.12,22.83,0.0,0.983,0.983,0.983,,1,1.0,0.0,67853.305
2026-08-30T18:50:53.953Z,65.861751,-149.195647,3300.01,1921.25,3385.4,206.78,192.0,-0.59,-0.33,154.0,161.13,150.14,-76.13,0.0,0.966,0.997,0.982,0.927,4,1.0,0.0,67854.43
2026-08-30T18:50:54.853Z,65.861193,-149.196343,3297.72,1909.64,3384.07,207.01,192.22,-1.04,-1.45,154.02,161.16,150.1,-117.42,0.0,1.027,1.027,1.027,,1,1.0,0.0,67855.336
2026-08-30T18:50:55.810Z,65.8606,-149.197078,3295.66,1898.08,3382.18,207.17,192.36,-0.98,0.55,154.11,161.29,150.27,-120.01,0.0,0.988,0.988,0.988,,1,1.0,0.0,67856.289
2026-08-30T18:50:56.954Z,65.859885,-149.197958,3294.11,1887.36,3380.1,206.4,191.58,-1.71,-0.65,154.09,161.24,150.19,-65.53,0.0,0.999,1.04,1.013,1.643,4,1.0,0.0,67857.438
2026-08-30T18:50:57.843Z,65.859336,-149.198629,3294.71,1832.22,3379.41,206.39,191.6,-2.12,-1.18,153.98,161.12,149.93,27.48,0.0,1.079,1.079,1.079,,1,1.0,0.0,67858.32
2026-08-30T18:50:58.778Z,65.858753,-149.199337,3296.18,1864.33,3380.02,205.6,190.77,-0.66,0.71,153.19,159.97,149.0,18.26,0.0,0.898,1.008,0.953,1.223,3,1.0,0.0,67859.258
2026-08-30T18:50:59.922Z,65.858046,-149.20018,3292.93,1836.44,3379.37,205.94,191.17,-0.43,2.04,152.43,159.56,148.9,-150.14,0.0,0.838,0.922,0.877,1.387,4,1.0,0.0,67860.398
2026-08-30T18:51:00.804Z,65.8575,-149.20082,3289.24,1803.95,3376.96,206.38,191.57,-0.85,0.89,152.47,159.68,149.27,-200.58,0.0,0.987,0.987,0.987,,1,1.0,0.0,67861.281
2026-08-30T18:51:01.941Z,65.856787,-149.201655,3286.96,1781.85,3373.61,205.45,190.61,-0.98,1.85,153.58,160.81,149.96,-103.02,0.0,1.089,1.133,1.116,1.588,4,1.0,0.0,67862.422
2026-08-30T18:51:02.832Z,65.856232,-149.2023,3286.41,1762.41,3372.22,204.84,190.07,-0.92,2.37,154.04,161.24,150.34,-67.59,0.0,1.03,1.03,1.03,,1,1.0,0.0,67863.32
2026-08-30T18:51:03.987Z,65.855501,-149.203125,3285.93,1766.8,3371.14,204.59,189.77,-1.08,1.21,154.29,161.44,150.59,-25.48,0.0,1.027,1.044,1.036,0.736,4,1.0,0.0,67864.469
2026-08-30T18:51:04.891Z,65.854929,-149.203761,3286.52,1793.92,3370.95,204.19,189.39,-1.43,0.9,154.22,161.39,150.56,34.38,0.0,1.029,1.029,1.029,,1,1.0,0.0,67865.375
2026-08-30T18:51:05.843Z,65.854319,-149.20443,3288.64,1838.61,3371.79,204.17,189.35,-1.78,0.82,154.1,161.18,150.35,119.24,0.0,1.062,1.062,1.062,,1,1.0,0.0,67866.328
2026-08-30T18:51:06.797Z,65.853714,-149.205087,3291.63,1849.84,3373.84,203.67,188.85,-1.97,0.3,153.81,160.9,150.01,168.8,0.0,0.993,1.002,0.997,1.391,3,1.0,0.0,67867.289
2026-08-30T18:51:07.903Z,65.85301,-149.20584,3296.3,1878.6,3377.32,204.3,189.54,-3.18,-0.27,153.45,160.47,149.47,257.22,0.0,1.011,1.033,1.022,0.16,2,1.0,0.0,67868.391
2026-08-30T18:51:08.861Z,65.852406,-149.206484,3302.12,1880.47,3381.77,204.61,189.82,-2.43,-1.86,152.12,158.96,148.76,302.23,0.0,0.982,1.072,1.028,1.484,3,1.0,0.0,67869.352
2026-08-30T18:51:09.972Z,65.851707,-149.207238,3304.52,1846.85,3386.54,203.6,188.78,-0.95,0.1,151.37,158.26,148.63,87.8,0.0,0.84,0.842,0.841,0.208,2,1.0,0.0,67870.469
2026-08-30T18:51:10.912Z,65.851115,-149.207873,3302.1,1797.17,3387.22,203.06,188.28,-1.85,-0.07,151.08,158.33,148.1,-38.65,0.0,0.869,0.983,0.923,2.256,3,1.0,0.0,67871.398
2026-08-30T18:51:11.804Z,65.850554,-149.208471,3301.06,1754.78,3386.6,203.83,189.06,0.16,0.17,151.67,158.81,148.19,-110.1,0.0,0.907,0.907,0.907,,1,1.0,0.0,67872.289
2026-08-30T18:51:12.959Z,65.849828,-149.20924,3294.33,1721.94,3383.2,204.13,189.34,-0.07,-0.89,152.03,159.15,148.48,-299.91,0.0,0.827,0.969,0.897,1.971,4,1.0,0.0,67873.445
2026-08-30T18:51:13.859Z,65.84926,-149.209846,3287.94,1696.35,3378.39,203.13,188.3,1.02,-0.13,152.08,159.19,148.65,-410.6,0.0,0.959,0.959,0.959,,1,1.0,0.0,67874.344
2026-08-30T18:51:14.801Z,65.848663,-149.21048,3278.99,1677.71,3371.34,203.75,188.98,0.55,0.63,153.22,160.82,150.31,-506.26,0.0,0.913,0.978,0.944,1.227,3,1.0,0.0,67875.273
2026-08-30T18:51:15.941Z,65.847939,-149.211238,3269.15,1672.4,3361.42,203.55,188.74,1.2,0.02,154.61,161.86,150.91,-515.22,0.0,0.943,0.971,0.957,0.037,2,1.0,0.0,67876.406
2026-08-30T18:51:16.818Z,65.847375,-149.211831,3261.94,1680.51,3353.91,202.95,188.17,0.34,0.73,155.2,162.52,151.63,-473.02,0.0,1.018,1.018,1.018,,1,1.0,0.0,67877.289
2026-08-30T18:51:17.964Z,65.846643,-149.212594,3255.85,1691.9,3345.92,203.76,188.95,-0.42,-0.04,155.53,162.67,151.81,-306.19,0.0,1.1,1.181,1.146,0.942,4,1.0,0.0,67878.422
2026-08-30T18:51:18.827Z,65.846075,-149.213188,3254.19,1716.76,3342.07,202.91,188.11,-0.89,-0.48,155.58,162.8,152.0,-162.68,0.0,1.08,1.08,1.08,,1,1.0,0.0,67879.305
2026-08-30T18:51:19.966Z,65.845338,-149.213958,3254.8,1761.89,3340.01,203.33,188.54,-0.63,-3.76,155.7,162.86,152.06,-18.8,0.0,1.009,1.084,1.049,1.033,4,1.0,0.0,67880.453
2026-08-30T18:51:20.862Z,65.844759,-149.214561,3255.46,1783.14,3339.88,202.93,188.1,-1.0,-2.0,156.15,163.69,152.87,36.29,0.0,0.94,0.94,0.94,,1,1.0,0.0,67881.344
2026-08-30T18:51:21.819Z,65.844139,-149.215207,3256.8,1829.97,3340.62,202.19,187.41,0.65,-0.79,156.53,163.77,152.86,5.32,0.0,0.878,0.968,0.926,1.848,3,1.0,0.0,67882.297
2026-08-30T18:51:22.964Z,65.843387,-149.215978,3250.51,1887.29,3338.87,203.66,188.9,0.55,-4.12,157.01,164.32,153.48,-285.21,0.0,0.735,0.883,0.793,3.82,4,1.0,0.0,67883.445
2026-08-30T18:51:23.852Z,65.842808,-149.216581,3244.67,1913.69,3334.43,203.13,188.31,0.31,-1.43,157.36,164.71,153.81,-328.51,0.0,1.05,1.05,1.05,,1,1.0,0.0,67884.336
2026-08-30T18:51:24.798Z,65.842184,-149.217231,3239.12,1942.78,3329.5,202.98,188.2,0.74,-1.24,158.06,165.54,154.62,-360.15,0.0,0.952,1.007,0.98,0.473,3,1.0,0.0,67885.281
2026-08-30T18:51:25.950Z,65.841426,-149.218022,3232.25,1983.59,3323.15,203.48,188.7,-0.67,-1.82,159.14,166.32,155.44,-312.03,0.0,1.042,1.058,1.05,0.896,2,1.0,0.0,67886.43
2026-08-30T18:51:26.841Z,65.840836,-149.218643,3230.34,2018.87,3319.37,203.6,188.8,-0.09,-0.7,159.07,166.26,155.3,-176.94,0.0,1.091,1.091,1.091,,1,1.0,0.0,67887.32
2026-08-30T18:51:27.780Z,65.840217,-149.219296,3227.84,2040.33,3316.55,203.73,188.93,0.22,-0.84,159.27,166.56,155.57,-208.37,0.0,0.9,0.928,0.911,0.68,3,1.0,0.0,67888.25
2026-08-30T18:51:28.918Z,65.839472,-149.220078,3222.9,2035.4,3310.64,202.62,187.82,0.18,1.14,159.11,166.08,155.14,-236.95,0.0,0.939,1.086,1.031,2.699,4,1.0,0.0,67889.383
2026-08-30T18:51:29.975Z,65.838764,-149.2208,3218.43,2025.97,3305.43,203.22,188.46,-1.09,0.53,158.46,165.67,154.81,-193.03,0.0,1.046,1.112,1.079,0.877,2,1.0,0.0,67890.453
2026-08-30T18:51:30.930Z,65.838139,-149.221432,3219.13,2026.81,3302.96,202.77,187.96,-1.9,-0.84,158.34,165.4,154.61,15.83,0.0,1.156,1.174,1.164,0.067,3,1.0,0.0,67891.398
2026-08-30T18:51:31.786Z,65.837566,-149.222012,3223.67,2013.71,3303.22,203.0,188.22,-2.44,-1.2,157.85,164.89,154.04,254.5,0.0,1.194,1.194,1.194,,1,1.0,0.0,67892.258
2026-08-30T18:51:32.909Z,65.836831,-149.22276,3232.32,2022.33,3310.34,202.88,188.09,-2.13,-2.17,156.86,163.85,153.15,375.97,0.0,0.973,1.053,1.002,0.558,4,1.0,0.0,67893.375
2026-08-30T18:51:33.831Z,65.836231,-149.223374,3239.03,2088.26,3317.28,202.96,188.19,-2.54,-2.93,156.76,163.89,153.01,430.41,0.0,1.028,1.046,1.038,0.21,3,1.0,0.0,67894.312
2026-08-30T18:51:34.911Z,65.835522,-149.224106,3248.36,2097.59,3325.5,202.96,188.13,-2.37,-0.74,154.98,161.45,150.51,496.4,0.0,0.976,1.029,1.003,0.136,2,1.0,0.0,67895.391
2026-08-30T18:51:35.858Z,65.834926,-149.224725,3256.62,2197.62,3333.28,201.65,186.87,-1.73,3.45,152.91,159.83,148.94,486.24,0.0,0.904,0.904,0.904,,1,1.0,0.0,67896.328
2026-08-30T18:51:36.933Z,65.834235,-149.225422,3262.12,2202.97,3341.09,202.02,187.2,0.06,2.01,152.79,159.92,148.93,271.87,0.0,0.834,0.868,0.851,1.092,2,1.0,0.0,67897.422
2026-08-30T18:51:37.890Z,65.833627,-149.22602,3259.81,2261.2,3343.82,200.97,186.19,0.88,1.26,153.22,160.38,149.41,-86.37,0.0,0.684,0.712,0.701,2.504,3,1.0,0.0,67898.359
2026-08-30T18:51:38.966Z,65.832927,-149.226689,3251.38,2252.69,3340.83,201.89,187.12,1.09,-2.95,153.67,160.76,149.84,-371.83,0.0,0.904,0.914,0.909,0.006,2,1.0,0.0,67899.445
2026-08-30T18:51:39.904Z,65.832322,-149.22727,3242.46,2243.33,3334.52,201.86,187.04,1.39,-4.2,154.0,161.24,150.3,-504.38,0.0,0.974,0.995,0.988,0.511,3,1.0,0.0,67900.391
2026-08-30T18:51:40.805Z,65.831746,-149.227831,3233.32,2234.17,3327.38,201.9,187.18,1.39,-3.81,154.77,162.04,151.11,-575.7,0.0,0.968,0.968,0.968,,1,1.0,0.0,67901.281
2026-08-30T18:51:41.946Z,65.831,-149.228573,3220.13,2234.33,3314.45,203.05,188.24,3.1,-4.31,155.75,162.98,151.87,-722.35,0.0,0.866,0.966,0.924,1.938,4,1.0,0.0,67902.438
2026-08-30T18:51:42.840Z,65.830419,-149.229155,3205.57,2219.67,3302.59,202.5,187.72,3.23,-3.9,156.88,164.25,153.13,-916.71,0.0,0.873,0.873,0.873,,1,1.0,0.0,67903.328
2026-08-30T18:51:43.800Z,65.82979,-149.229795,3188.55,2176.14,3288.12,202.13,187.34,2.93,-1.82,157.63,164.73,153.5,-988.92,0.0,0.969,1.038,1.005,0.59,3,1.0,0.0,67904.273
2026-08-30T18:51:44.926Z,65.829056,-149.230546,3169.33,2156.66,3270.15,203.54,188.8,4.03,-3.73,158.42,165.92,154.6,-1062.01,0.0,0.911,1.018,0.958,0.459,4,1.0,0.0,67905.398
2026-08-30T18:51:46.188Z,65.828221,-149.231416,3144.98,2311.95,3247.21,203.4,188.6,1.41,-3.86,159.86,167.14,156.08,-1054.28,0.0,1.102,1.102,1.102,,1,1.0,0.0,67906.656
2026-08-30T18:51:46.917Z,65.827737,-149.231931,3135.95,2438.77,3234.77,203.9,189.16,-0.21,-3.19,160.33,167.46,156.48,-773.38,0.0,1.311,1.347,1.329,0.406,2,1.0,0.0,67907.383
2026-08-30T18:51:47.832Z,65.827129,-149.23259,3132.11,2435.21,3224.54,204.2,189.42,-1.59,-3.51,160.33,167.29,156.31,-362.23,0.0,1.239,1.297,1.259,1.266,3,1.0,0.0,67908.297
2026-08-30T18:51:48.900Z,65.826435,-149.233359,3133.84,2525.64,3220.07,205.03,190.28,-0.1,-4.63,160.17,166.96,155.74,-83.86,0.0,0.946,1.044,0.996,0.954,2,1.0,0.0,67909.367
2026-08-30T18:51:49.826Z,65.825822,-149.23405,3131.99,2523.68,3218.55,204.87,190.07,-0.16,-4.87,158.85,165.57,154.6,-150.98,0.0,0.823,0.857,0.839,0.535,3,1.0,0.0,67910.305
2026-08-30T18:51:50.953Z,65.825095,-149.234884,3127.63,2520.76,3215.38,205.05,190.29,-0.9,-3.54,157.82,164.76,154.34,-209.97,0.0,0.961,1.006,0.987,1.316,4,1.0,0.0,67911.422
2026-08-30T18:51:51.817Z,65.824535,-149.235532,3124.57,2517.75,3212.36,206.41,191.65,-1.41,-1.34,157.85,164.88,154.06,-176.85,0.0,1.071,1.071,1.071,,1,1.0,0.0,67912.289
2026-08-30T18:51:52.940Z,65.823819,-149.236371,3122.3,2357.39,3209.12,205.13,190.31,-0.44,-2.23,156.57,163.18,153.8,-187.99,0.0,0.922,1.072,0.988,0.798,4,1.0,0.0,67913.406
2026-08-30T18:51:53.901Z,65.8232,-149.2371,3117.04,2352.07,3205.81,205.7,190.98,-0.43,-1.73,155.38,161.9,152.37,-290.72,0.0,0.877,0.956,0.915,1.619,3,1.0,0.0,67914.398
2026-08-30T18:51:54.814Z,65.82262,-149.237787,3110.69,2186.58,3201.07,206.28,191.46,0.54,-2.31,154.93,161.74,151.8,-424.53,0.0,0.888,0.888,0.888,,1,1.0,0.0,67915.328
2026-08-30T18:51:56.249Z,65.821722,-149.238865,3095.99,2171.8,3189.2,205.78,191.05,1.23,0.38,156.12,163.31,152.52,-609.56,0.0,0.986,0.986,0.986,,1,1.0,0.0,67916.906
2026-08-30T18:51:57.358Z,65.821012,-149.239718,3082.18,2023.21,3178.28,206.15,191.36,-0.03,-1.31,157.38,164.21,152.89,-667.14,0.0,1.0,1.0,1.0,,1,1.0,0.0,67917.859
2026-08-30T18:51:57.919Z,65.820652,-149.240153,3076.91,2018.05,3172.69,205.87,191.06,-0.74,-2.48,157.45,164.18,153.16,-580.71,0.0,1.168,1.168,1.168,,1,1.0,0.0,67918.422
2026-08-30T18:51:58.884Z,65.820046,-149.240891,3072.07,1881.84,3164.93,205.76,190.99,-1.33,-2.66,157.32,164.11,153.3,-342.09,0.0,1.185,1.203,1.197,1.051,3,1.0,0.0,67919.344
2026-08-30T18:51:59.932Z,65.819379,-149.241712,3068.73,1878.44,3158.13,206.32,191.55,-0.29,-1.31,157.56,164.38,153.24,-275.34,0.0,0.901,0.94,0.92,0.172,2,1.0,0.0,67920.398
2026-08-30T18:52:00.879Z,65.818781,-149.242441,3064.31,1729.69,3152.96,206.61,191.85,-0.04,-2.49,157.94,164.74,153.21,-290.95,0.0,0.966,0.98,0.974,0.354,3,1.0,0.0,67921.344
2026-08-30T18:52:01.802Z,65.818194,-149.243167,3058.79,1715.42,3147.84,207.18,192.41,0.04,-4.04,158.45,165.09,153.97,-340.98,0.0,0.945,0.963,0.952,0.703,3,1.0,0.0,67922.266
2026-08-30T18:52:02.854Z,65.81753,-149.244009,3052.22,1707.17,3142.21,207.71,192.97,0.8,-6.01,158.96,165.7,154.56,-386.51,0.0,0.918,0.942,0.93,0.292,2,1.0,0.0,67923.32
2026-08-30T18:52:03.773Z,65.816948,-149.244767,3045.41,1744.74,3136.09,208.34,193.51,-0.19,-7.74,159.19,165.94,154.98,-394.85,0.0,0.956,0.989,0.971,0.984,3,1.0,0.0,67924.297
2026-08-30T18:52:04.987Z,65.816192,-149.245788,3042.5,1740.53,3129.97,208.85,194.1,-0.46,-3.56,159.08,165.83,155.0,-120.95,0.0,1.176,1.241,1.21,3.629,4,1.0,0.0,67925.453
2026-08-30T18:52:06.258Z,65.815398,-149.246882,3044.48,1820.32,3128.74,210.28,195.51,-0.42,-5.63,158.9,165.67,154.9,44.05,0.0,1.025,1.025,1.025,,1,1.0,0.0,67926.727
2026-08-30T18:52:06.791Z,65.815062,-149.247357,3045.39,1823.55,3129.14,210.12,195.32,-0.72,-4.19,159.17,166.02,155.15,56.36,0.0,0.984,0.984,0.984,,1,1.0,0.0,67927.266
2026-08-30T18:52:07.937Z,65.814359,-149.248364,3047.69,1883.15,3130.63,210.14,195.36,-0.51,-0.25,159.11,165.85,154.92,114.76,0.0,1.038,1.056,1.048,0.909,4,1.0,0.0,67928.414
2026-08-30T18:52:08.827Z,65.813803,-149.249157,3049.02,1904.58,3132.18,209.68,194.89,-0.06,-0.45,158.94,165.61,154.61,62.62,0.0,0.948,0.948,0.948,,1,1.0,0.0,67929.281
2026-08-30T18:52:09.944Z,65.81311,-149.250144,3048.16,1950.21,3132.79,209.99,195.2,-0.71,-0.9,159.01,165.82,154.83,1.72,0.0,0.931,1.031,0.977,1.597,4,1.0,0.0,67930.406
2026-08-30T18:52:10.792Z,65.812587,-149.250888,3048.61,1985.93,3132.9,209.86,195.08,-0.71,-1.45,159.05,165.79,154.71,25.83,0.0,1.027,1.027,1.027,,1,1.0,0.0,67931.258
2026-08-30T18:52:11.918Z,65.811894,-149.251876,3050.03,1992.79,3133.63,209.56,194.76,-1.07,-2.21,158.94,165.58,154.38,84.39,0.0,1.023,1.037,1.031,0.54,4,1.0,0.0,67932.461
2026-08-30T18:52:12.909Z,65.81128,-149.252747,3053.1,2003.74,3135.08,209.08,194.31,-2.29,-0.79,158.4,165.03,153.89,194.79,0.0,1.028,1.084,1.056,0.751,3,1.0,0.0,67933.359
2026-08-30T18:52:13.994Z,65.81062,-149.253687,3060.49,1995.79,3139.36,209.57,194.81,-2.99,-1.49,157.68,164.22,153.07,373.55,0.0,1.042,1.062,1.052,1.181,2,1.0,0.0,67934.445
2026-08-30T18:52:14.908Z,65.810055,-149.25448,3069.79,2005.22,3145.7,209.99,195.2,-3.15,-2.99,156.84,163.39,152.2,563.43,0.0,1.134,1.141,1.137,0.788,3,1.0,0.0,67935.375
2026-08-30T18:52:15.843Z,65.809484,-149.255286,3080.24,1993.79,3156.31,209.32,194.57,-2.5,-0.43,156.05,162.52,151.41,597.73,0.0,0.945,0.945,0.945,,1,1.0,0.0,67936.305
2026-08-30T18:52:16.909Z,65.808838,-149.256211,3091.04,2004.61,3167.01,209.48,194.7,-3.27,0.42,156.92,163.94,152.76,632.9,0.0,0.919,0.947,0.933,1.3,2,1.0,0.0,67937.383
2026-08-30T18:52:17.842Z,65.80827,-149.257014,3102.56,2063.12,3176.68,210.03,195.25,-2.95,0.76,156.56,163.15,151.91,701.68,0.0,1.005,1.026,1.018,1.298,3,1.0,0.0,67938.305
2026-08-30T18:52:18.966Z,65.807588,-149.257973,3113.53,2073.95,3188.75,209.9,195.14,-2.91,1.24,155.73,162.26,150.86,562.51,0.0,0.844,0.891,0.865,2.385,4,1.0,0.0,67939.438
2026-08-30T18:52:19.831Z,65.807061,-149.258707,3119.93,1980.64,3196.59,210.03,195.24,-3.02,1.29,154.39,160.83,149.61,489.27,0.0,0.965,0.965,0.965,,1,1.0,0.0,67940.305
2026-08-30T18:52:20.984Z,65.806367,-149.25967,3128.02,1988.7,3205.53,208.83,194.04,-2.78,1.51,153.87,160.88,149.05,431.73,0.0,0.964,0.985,0.975,0.536,4,1.0,0.0,67941.453
2026-08-30T18:52:21.912Z,65.805808,-149.260431,3133.22,1912.68,3211.91,208.61,193.84,-1.75,1.24,154.23,160.98,149.08,335.98,0.0,0.937,0.959,0.947,0.248,3,1.0,0.0,67942.383
2026-08-30T18:52:22.781Z,65.80528,-149.261141,3135.11,1924.11,3216.25,208.63,193.85,-0.5,1.28,155.02,161.62,149.68,140.49,0.0,0.809,0.809,0.809,,1,1.0,0.0,67943.266
2026-08-30T18:52:23.927Z,65.804588,-149.262063,3132.89,1936.04,3217.64,208.32,193.54,-1.51,0.8,155.11,161.85,149.7,-20.41,0.0,0.844,1.041,0.951,1.685,4,1.0,0.0,67944.414
2026-08-30T18:52:24.849Z,65.804022,-149.262809,3132.17,1843.03,3217.28,207.9,193.09,-1.43,-0.64,154.64,161.35,149.89,-41.65,0.0,1.002,1.002,1.002,,1,1.0,0.0,67945.328
2026-08-30T18:52:25.858Z,65.803404,-149.263619,3131.5,1801.74,3216.62,206.6,191.82,-1.11,-2.01,154.87,161.86,150.43,-40.21,0.0,1.033,1.033,1.033,,1,1.0,0.0,67946.344
2026-08-30T18:52:26.808Z,65.802822,-149.26437,3129.09,1785.46,3215.57,207.2,192.44,-0.81,-1.82,155.46,162.27,150.98,-143.72,0.0,0.913,0.932,0.925,1.571,3,1.0,0.0,67947.281
2026-08-30T18:52:27.892Z,65.802153,-149.265234,3126.03,1746.75,3212.92,207.71,192.94,-0.97,-2.17,155.36,162.1,151.07,-135.82,0.0,1.053,1.055,1.054,0.274,2,1.0,0.0,67948.383
2026-08-30T18:52:28.857Z,65.801563,-149.266,3124.45,1716.34,3210.87,207.51,192.71,-0.76,-1.44,155.05,161.82,150.99,-111.41,0.0,1.02,1.028,1.025,0.665,3,1.0,0.0,67949.336
2026-08-30T18:52:29.942Z,65.800886,-149.266877,3121.43,1690.54,3208.49,206.99,192.25,-0.17,1.77,155.19,162.02,151.29,-187.11,0.0,0.878,0.886,0.882,0.458,2,1.0,0.0,67950.43
2026-08-30T18:52:30.902Z,65.800294,-149.267635,3117.32,1656.74,3205.42,207.5,192.71,-0.34,0.15,155.47,162.27,151.5,-227.26,0.0,0.939,0.964,0.954,0.412,3,1.0,0.0,67951.383
2026-08-30T18:52:31.977Z,65.799624,-149.268492,3112.83,1584.31,3201.23,206.53,191.77,-0.61,-0.91,155.52,162.24,151.23,-229.64,0.0,1.006,1.023,1.014,0.154,2,1.0,0.0,67952.453
2026-08-30T18:52:32.912Z,65.799046,-149.269221,3110.28,1607.12,3197.88,207.98,193.23,-1.0,-0.33,155.08,161.87,150.84,-162.13,0.0,1.048,1.072,1.062,0.182,3,1.0,0.0,67953.383
2026-08-30T18:52:33.982Z,65.79838,-149.270069,3109.24,1597.31,3195.41,207.16,192.34,-0.82,-1.14,155.72,162.63,151.53,-86.91,0.0,1.037,1.058,1.048,0.126,2,1.0,0.0,67954.469
2026-08-30T18:52:34.949Z,65.797785,-149.270826,3108.28,1555.37,3194.08,206.91,192.14,-1.03,-1.43,155.81,162.51,151.43,-69.34,0.0,0.996,1.005,0.999,0.387,3,1.0,0.0,67955.43
2026-08-30T18:52:36.245Z,65.796976,-149.271846,3109.49,1594.96,3193.42,207.28,192.47,-1.61,-4.57,155.38,162.05,150.92,77.51,0.0,1.12,1.12,1.12,,1,1.0,0.0,67956.734
2026-08-30T18:52:36.798Z,65.796634,-149.272285,3110.96,1598.86,3194.13,206.85,192.08,-0.84,-4.24,155.16,161.83,150.76,82.38,0.0,0.997,0.997,0.997,,1,1.0,0.0,67957.281
2026-08-30T18:52:37.931Z,65.795933,-149.273192,3110.41,1602.42,3195.14,208.28,193.53,0.01,-4.04,155.21,162.04,151.02,-52.7,0.0,0.847,0.926,0.879,0.701,4,1.0,0.0,67958.422
2026-08-30T18:52:38.823Z,65.795383,-149.273911,3107.84,1607.16,3194.1,208.47,193.71,0.09,-5.0,155.49,162.04,151.03,-128.02,0.0,1.01,1.01,1.01,,1,1.0,0.0,67959.312
2026-08-30T18:52:39.983Z,65.794676,-149.274862,3103.5,1613.97,3191.09,209.38,194.63,0.02,-3.21,155.41,162.21,151.27,-187.82,0.0,0.988,1.045,1.014,0.782,4,1.0,0.0,67960.461
2026-08-30T18:52:40.863Z,65.79414,-149.2756,3100.58,1634.78,3188.29,209.23,194.46,0.09,-3.49,155.62,162.44,151.54,-202.03,0.0,0.988,0.988,0.988,,1,1.0,0.0,67961.344
2026-08-30T18:52:41.812Z,65.79356,-149.276409,3096.69,1653.66,3184.95,209.85,195.08,0.65,-3.73,156.14,163.01,152.0,-254.57,0.0,0.955,0.986,0.97,0.265,3,1.0,0.0,67962.297
2026-08-30T18:52:42.960Z,65.792861,-149.277398,3089.92,1629.56,3180.03,209.32,194.59,0.48,-3.53,156.73,163.57,152.6,-324.09,0.0,0.973,1.041,1.011,0.193,4,1.0,0.0,67963.445
2026-08-30T18:52:43.856Z,65.792317,-149.278166,3084.99,1683.58,3176.38,210.23,195.48,0.8,-4.52,157.04,163.88,152.89,-331.07,0.0,1.01,1.01,1.01,,1,1.0,0.0,67964.312
2026-08-30T18:52:44.808Z,65.791742,-149.278996,3078.97,1705.22,3170.63,210.44,195.68,0.41,-4.34,157.25,164.07,153.22,-363.92,0.0,0.944,0.969,0.955,1.469,3,1.0,0.0,67965.297
2026-08-30T18:52:45.947Z,65.791043,-149.280022,3073.29,1725.7,3164.95,210.25,195.52,-0.04,-3.05,157.59,164.6,153.73,-277.21,0.0,1.061,1.064,1.062,0.034,2,1.0,0.0,67966.438
2026-08-30T18:52:46.893Z,65.790465,-149.280879,3070.11,1757.93,3160.05,212.29,197.58,0.82,-3.26,158.09,164.89,153.84,-265.44,0.0,0.924,0.924,0.924,,1,1.0,0.0,67967.438
2026-08-30T18:52:47.883Z,65.78987,-149.281785,3063.64,1791.23,3153.57,211.32,196.51,0.85,-3.67,158.3,165.1,154.08,-394.93,0.0,0.895,0.911,0.902,0.771,3,1.0,0.0,67968.438
2026-08-30T18:52:48.909Z,65.789246,-149.282738,3055.37,1790.27,3146.11,210.68,195.92,0.81,-0.54,159.37,166.52,155.88,-423.06,0.0,0.992,1.009,1.001,1.294,3,1.0,0.0,67969.445
2026-08-30T18:52:49.862Z,65.788666,-149.283625,3048.34,1877.66,3139.52,209.78,194.97,1.72,3.6,159.71,166.43,155.4,-484.18,0.0,0.943,0.943,0.943,,1,1.0,0.0,67970.352
2026-08-30T18:52:50.820Z,65.788077,-149.284499,3036.03,1911.49,3131.12,209.04,194.31,2.78,7.89,159.69,166.45,155.12,-778.05,0.0,0.738,0.825,0.776,0.893,3,1.0,0.0,67971.297
2026-08-30T18:52:51.960Z,65.787367,-149.285503,3017.49,1901.73,3116.0,209.5,194.69,0.46,6.83,159.82,166.52,155.23,-808.81,0.0,0.975,1.232,1.122,1.518,4,1.0,0.0,67972.438
2026-08-30T18:52:52.835Z,65.786818,-149.28625,3009.04,1831.29,3104.57,208.56,193.79,-0.98,5.1,159.52,166.21,155.08,-589.23,0.0,1.256,1.256,1.256,,1,1.0,0.0,67973.305
2026-08-30T18:52:53.956Z,65.786114,-149.287181,3005.76,1722.06,3095.47,207.86,193.04,-1.79,4.9,158.86,165.16,154.54,-233.11,0.0,1.144,1.237,1.188,0.797,4,1.0,0.0,67974.438
2026-08-30T18:52:54.829Z,65.785562,-149.287887,3007.14,1723.56,3092.82,206.62,191.82,-2.67,6.08,158.23,164.73,153.92,19.07,0.0,1.167,1.167,1.167,,1,1.0,0.0,67975.297
2026-08-30T18:52:55.963Z,65.784842,-149.288769,3014.01,1675.58,3094.84,206.24,191.45,-2.39,6.81,157.6,164.06,152.98,288.82,0.0,1.113,1.125,1.119,0.645,2,1.0,0.0,67976.438
2026-08-30T18:52:56.891Z,65.784253,-149.289469,3021.1,1682.67,3100.16,205.1,190.31,-2.77,6.96,157.45,164.11,153.07,416.84,0.0,1.038,1.123,1.08,1.371,3,1.0,0.0,67977.375
2026-08-30T18:52:57.965Z,65.783561,-149.290242,3030.48,1676.12,3108.23,203.84,189.06,-2.64,7.31,157.17,163.64,152.71,489.08,0.0,1.039,1.045,1.042,0.096,2,1.0,0.0,67978.438
2026-08-30T18:52:58.896Z,65.782957,-149.290883,3038.97,1686.82,3115.67,203.04,188.22,-2.77,7.22,156.74,163.35,152.48,524.86,0.0,1.046,1.061,1.052,0.761,3,1.0,0.0,67979.344
2026-08-30T18:52:59.951Z,65.782274,-149.291575,3049.55,1712.88,3125.0,201.79,187.01,-3.43,7.27,156.08,162.52,151.62,614.34,0.0,1.095,1.097,1.096,0.006,2,1.0,0.0,67980.422
2026-08-30T18:53:00.885Z,65.781661,-149.292152,3061.24,1752.74,3134.71,200.99,186.19,-3.39,6.85,155.19,161.63,150.68,711.41,0.0,1.057,1.097,1.077,0.636,3,1.0,0.0,67981.359
2026-08-30T18:53:01.824Z,65.781047,-149.292708,3073.45,1758.61,3146.79,199.83,185.04,-3.28,6.7,154.55,161.08,150.18,746.45,0.0,1.026,1.028,1.027,0.378,3,1.0,0.0,67982.328
2026-08-30T18:53:02.853Z,65.780375,-149.293282,3085.61,1853.22,3159.78,198.99,184.22,-2.73,7.37,153.76,160.08,149.27,687.24,0.0,0.994,0.994,0.994,,1,1.0,0.0,67983.344
2026-08-30T18:53:03.808Z,65.779747,-149.293797,3094.39,1909.36,3170.52,199.65,184.86,-2.72,6.0,153.27,159.82,149.12,576.5,0.0,0.952,0.975,0.96,0.884,3,1.0,0.0,67984.297
2026-08-30T18:53:04.959Z,65.778993,-149.294393,3105.65,1965.61,3180.92,197.42,182.62,-3.69,4.4,153.03,159.71,148.65,634.96,0.0,1.049,1.112,1.092,0.696,4,1.0,0.0,67985.43
2026-08-30T18:53:06.244Z,65.778151,-149.295033,3120.0,2018.46,3194.35,197.17,182.39,-3.19,-0.46,152.37,158.79,147.68,651.19,0.0,1.031,1.031,1.031,,1,1.0,0.0,67986.703
2026-08-30T18:53:06.961Z,65.777678,-149.295388,3126.51,2062.23,3201.89,196.66,181.91,-1.11,-2.16,151.8,158.46,147.46,492.06,0.0,0.773,0.874,0.825,0.537,2,1.0,0.0,67987.43
2026-08-30T18:53:07.823Z,65.777116,-149.295805,3127.33,2062.85,3207.8,197.82,183.08,-0.73,-4.59,151.95,158.65,147.66,162.36,0.0,0.766,0.766,0.766,,1,1.0,0.0,67988.305
2026-08-30T18:53:08.971Z,65.776371,-149.29637,3122.49,1955.11,3208.89,197.69,182.94,1.8,-3.37,152.63,159.38,148.23,-256.02,0.0,0.721,0.912,0.828,3.524,4,1.0,0.0,67989.438
2026-08-30T18:53:09.900Z,65.77576,-149.29684,3110.35,1942.86,3203.44,197.81,183.04,1.25,-4.24,153.29,160.12,149.11,-611.63,0.0,0.732,0.858,0.794,2.211,3,1.0,0.0,67990.375
2026-08-30T18:53:10.817Z,65.775156,-149.297311,3097.68,1835.25,3193.54,198.78,184.08,1.46,-4.93,152.96,159.62,149.61,-741.93,0.0,0.962,0.962,0.962,,1,1.0,0.0,67991.305
2026-08-30T18:53:11.942Z,65.774411,-149.297913,3081.59,1785.31,3179.79,199.04,184.28,1.78,-6.6,153.71,160.66,150.83,-836.33,0.0,0.969,0.977,0.973,0.513,4,1.0,0.0,67992.43
2026-08-30T18:53:12.845Z,65.773822,-149.298408,3067.18,1726.11,3167.38,199.51,184.77,2.34,-7.66,154.16,160.89,150.95,-958.4,0.0,0.907,0.907,0.907,,1,1.0,0.0,67993.328
2026-08-30T18:53:13.843Z,65.773164,-149.29898,3049.35,1663.6,3149.97,199.5,184.73,2.11,-7.14,155.7,162.51,151.69,-1003.84,0.0,0.953,1.062,1.016,1.119,3,1.0,0.0,67994.328
2026-08-30T18:53:14.774Z,65.772546,-149.299532,3033.45,1605.67,3134.25,199.91,185.19,3.27,-5.48,156.84,163.8,152.68,-1034.96,0.0,0.96,1.012,0.983,0.468,3,1.0,0.0,67995.266
2026-08-30T18:53:16.181Z,65.771614,-149.300387,3006.13,1584.49,3109.07,201.84,187.08,3.65,-7.13,159.15,165.99,154.82,-1172.07,0.0,0.924,0.924,0.924,,1,1.0,0.0,67996.711
2026-08-30T18:53:16.982Z,65.771079,-149.300894,2990.04,1553.01,3093.26,202.13,187.41,2.87,-7.63,159.8,166.64,155.56,-1155.6,0.0,1.059,1.092,1.075,0.81,2,1.0,0.0,67997.516
2026-08-30T18:53:17.960Z,65.770431,-149.301542,2972.8,1565.34,3074.84,202.89,188.13,2.4,-7.58,160.6,167.39,156.43,-1058.64,0.0,1.079,1.079,1.079,,1,1.0,0.0,67998.508
2026-08-30T18:53:18.964Z,65.769757,-149.302234,2958.67,1623.22,3056.93,203.64,188.92,1.06,-5.09,161.26,167.99,157.16,-824.59,0.0,1.14,1.213,1.176,1.018,3,1.0,0.0,67999.492
2026-08-30T18:53:19.963Z,65.769091,-149.302955,2949.68,1656.87,3043.51,204.36,189.65,0.13,-4.24,161.38,167.98,157.35,-588.99,0.0,1.086,1.131,1.102,2.085,3,1.0,0.0,68000.508
2026-08-30T18:53:20.940Z,65.768438,-149.303665,2945.03,1694.2,3033.93,204.69,189.91,-0.01,-3.65,161.34,167.89,157.26,-352.11,0.0,1.146,1.146,1.146,,1,1.0,0.0,68001.461
2026-08-30T18:53:21.923Z,65.767795,-149.304386,2942.65,1719.64,3029.46,204.76,190.01,-0.58,-2.37,161.16,167.68,157.09,-193.82,0.0,1.05,1.076,1.063,0.243,3,1.0,0.0,68002.43
2026-08-30T18:53:22.899Z,65.76715,-149.30512,2942.08,1747.0,3026.8,205.14,190.4,-0.78,-4.37,160.99,167.42,156.72,-83.36,0.0,1.038,1.062,1.05,0.514,3,1.0,0.0,68003.422
2026-08-30T18:53:23.850Z,65.766525,-149.30584,2942.15,1789.18,3025.58,205.05,190.29,-1.2,-0.85,159.97,166.3,155.76,-14.68,0.0,1.0,1.0,1.0,,1,1.0,0.0,68004.375
2026-08-30T18:53:24.833Z,65.765886,-149.306582,2943.39,1796.38,3025.28,204.84,190.08,-1.15,1.57,159.57,166.1,155.5,62.27,0.0,1.028,1.04,1.034,0.787,3,1.0,0.0,68005.352
2026-08-30T18:53:25.863Z,65.765222,-149.307343,2946.55,1779.78,3027.0,205.1,190.36,-2.3,-0.05,158.97,165.38,154.6,194.24,0.0,1.053,1.053,1.053,,1,1.0,0.0,68006.383
2026-08-30T18:53:26.833Z,65.76459,-149.308063,2951.85,1767.53,3030.49,204.95,190.18,-0.23,-0.12,158.54,164.88,154.03,215.78,0.0,0.922,0.922,0.922,,1,1.0,0.0,68007.375
2026-08-30T18:53:27.825Z,65.763947,-149.308798,2951.19,1759.92,3032.43,205.35,190.59,0.28,-1.62,158.46,165.18,154.4,-51.55,0.0,0.748,0.756,0.751,0.174,3,1.0,0.0,68008.375
2026-08-30T18:53:28.850Z,65.763291,-149.309547,2945.65,1759.64,3031.07,205.04,190.28,0.71,-1.71,159.28,165.87,155.06,-241.61,0.0,0.904,0.981,0.945,0.918,3,1.0,0.0,68009.391
2026-08-30T18:53:29.823Z,65.762653,-149.310277,2938.74,1752.97,3027.0,204.72,189.95,0.83,-0.97,159.45,165.97,155.26,-396.57,0.0,0.905,0.905,0.905,,1,1.0,0.0,68010.367
2026-08-30T18:53:30.834Z,65.761993,-149.311031,2930.35,1751.03,3020.33,204.91,190.16,0.7,0.08,159.64,166.07,155.37,-448.0,0.0,0.998,1.038,1.023,0.824,3,1.0,0.0,68011.359
2026-08-30T18:53:31.841Z,65.761345,-149.311774,2923.39,1740.69,3014.0,204.76,189.99,-0.2,0.74,159.67,166.15,155.55,-372.22,0.0,1.037,1.074,1.055,0.351,3,1.0,0.0,68012.375
2026-08-30T18:53:32.813Z,65.760705,-149.312496,2920.05,1738.01,3008.84,204.19,189.42,-0.49,2.11,159.37,165.68,155.15,-241.71,0.0,1.048,1.048,1.048,,1,1.0,0.0,68013.344
2026-08-30T18:53:33.822Z,65.760045,-149.313227,2918.52,1695.72,3005.42,204.0,189.22,-0.66,3.52,158.59,164.76,154.31,-114.8,0.0,1.06,1.087,1.075,0.456,3,1.0,0.0,68014.422
2026-08-30T18:53:34.868Z,65.75937,-149.313964,2917.54,1691.87,3003.58,203.98,189.19,-0.39,4.68,158.21,164.61,154.16,-93.93,0.0,0.982,1.009,0.995,0.611,3,1.0,0.0,68015.43
2026-08-30T18:53:36.380Z,65.758381,-149.315014,2912.91,1720.05,3000.47,203.01,188.27,0.09,5.67,157.95,164.32,153.98,-227.31,0.0,0.934,0.934,0.934,,1,1.0,0.0,68016.93
2026-08-30T18:53:36.995Z,65.757971,-149.315431,2909.63,1716.79,2998.17,203.0,188.23,-0.4,5.36,157.8,164.12,154.02,-251.9,0.0,1.014,1.014,1.014,,1,1.0,0.0,68017.516
2026-08-30T18:53:37.992Z,65.757321,-149.316089,2906.06,1655.15,2994.15,201.72,186.93,-1.0,0.93,157.87,164.25,153.97,-187.83,0.0,1.058,1.058,1.058,,1,1.0,0.0,68018.531
2026-08-30T18:53:38.783Z,65.756794,-149.316608,2905.3,1664.79,2991.91,201.07,186.28,-1.09,2.41,157.84,164.2,154.09,-88.2,0.0,1.086,1.105,1.096,0.561,2,1.0,0.0,68019.336
2026-08-30T18:53:39.793Z,65.756128,-149.317244,2905.58,1644.18,2990.72,200.68,185.94,-1.08,2.3,157.49,163.59,153.34,-19.67,0.0,1.015,1.033,1.024,0.482,3,1.0,0.0,68020.328
2026-08-30T18:53:40.854Z,65.755423,-149.317899,2905.74,1626.42,2990.46,201.51,186.73,-0.97,-0.02,156.67,162.93,152.37,-2.52,0.0,0.994,0.994,0.994,,1,1.0,0.0,68021.414
2026-08-30T18:53:41.881Z,65.754739,-149.318529,2905.16,1624.34,2990.24,200.15,185.37,-0.93,0.26,156.75,163.11,152.58,-24.29,0.0,0.936,0.962,0.949,1.675,3,1.0,0.0,68022.422
2026-08-30T18:53:42.847Z,65.754101,-149.319115,2905.25,1573.11,2989.96,200.39,185.66,-0.82,1.81,157.14,163.42,152.95,-8.39,0.0,0.962,0.962,0.962,,1,1.0,0.0,68023.375
2026-08-30T18:53:43.862Z,65.75343,-149.319715,2905.34,1592.46,2989.88,200.03,185.27,-0.73,2.12,157.29,163.59,153.15,7.89,0.0,1.02,1.041,1.029,1.503,3,1.0,0.0,68024.414
2026-08-30T18:53:44.862Z,65.752763,-149.320302,2906.05,1661.85,2990.15,199.89,185.1,-1.22,1.75,157.2,163.45,153.01,52.77,0.0,1.028,1.039,1.032,0.373,3,1.0,0.0,68025.398
2026-08-30T18:53:46.291Z,65.751809,-149.321122,2908.99,1734.76,2992.03,198.9,184.16,-0.54,2.78,157.06,163.4,152.93,82.33,0.0,0.936,0.936,0.936,,1,1.0,0.0,68026.828
2026-08-30T18:53:46.900Z,65.751402,-149.321461,2909.17,1734.9,2992.82,199.1,184.35,-0.71,2.89,157.01,163.24,152.82,41.27,0.0,0.927,0.927,0.927,,1,1.0,0.0,68027.445
2026-08-30T18:53:47.904Z,65.750732,-149.322009,2909.33,1760.0,2993.46,198.62,183.85,-1.2,2.22,157.16,163.56,153.29,36.11,0.0,1.022,1.022,1.022,,1,1.0,0.0,68028.43
2026-08-30T18:53:48.883Z,65.750073,-149.32254,2910.27,1777.19,2994.17,197.86,183.09,-0.86,2.36,157.53,163.84,153.54,44.12,0.0,1.008,1.056,1.032,0.245,3,1.0,0.0,68029.438
2026-08-30T18:53:49.883Z,65.749389,-149.323063,2910.67,1790.49,2994.85,197.47,182.69,-0.3,3.0,157.41,163.68,153.34,6.38,0.0,0.97,0.97,0.97,,1,1.0,0.0,68030.43
2026-08-30T18:53:50.891Z,65.748711,-149.323575,2908.7,1809.64,2994.49,196.86,182.08,-0.44,3.27,157.13,163.49,153.23,-103.88,0.0,0.927,0.94,0.933,0.733,3,1.0,0.0,68031.414
2026-08-30T18:53:51.880Z,65.748033,-149.324067,2906.06,1816.04,2992.68,196.93,182.21,0.19,2.97,157.25,163.34,153.04,-141.55,0.0,1.044,1.072,1.062,1.639,3,1.0,0.0,68032.414
2026-08-30T18:53:52.856Z,65.747374,-149.324537,2902.38,1840.99,2990.08,196.65,181.89,-0.72,1.72,156.4,162.65,152.49,-190.93,0.0,0.953,0.953,0.953,,1,1.0,0.0,68033.383
2026-08-30T18:53:53.852Z,65.746699,-149.325013,2901.53,1836.94,2987.47,196.59,181.8,-1.47,1.64,156.34,162.57,152.27,-23.07,0.0,1.143,1.173,1.162,0.928,3,1.0,0.0,68034.367
2026-08-30T18:53:54.833Z,65.746034,-149.325475,2904.25,1841.18,2987.63,195.71,180.97,-0.99,-0.13,155.86,161.98,151.62,99.97,0.0,1.04,1.077,1.061,1.411,3,1.0,0.0,68035.328
2026-08-30T18:53:56.166Z,65.745134,-149.326093,2905.9,1820.69,2989.56,196.71,181.97,-0.37,-3.77,155.59,161.82,151.41,43.33,0.0,0.964,0.964,0.964,,1,1.0,0.0,68036.656
2026-08-30T18:53:56.916Z,65.744624,-149.326452,2905.26,1896.74,2989.93,196.65,181.87,0.03,-3.87,155.67,161.96,151.6,-38.41,0.0,0.906,0.923,0.915,0.334,2,1.0,0.0,68037.406
2026-08-30T18:53:57.814Z,65.744023,-149.32688,2903.17,1941.69,2989.12,196.66,181.92,0.18,-2.65,155.73,161.93,151.55,-103.02,0.0,0.996,0.996,0.996,,1,1.0,0.0,68038.289
2026-08-30T18:53:59.010Z,65.743214,-149.327462,2898.7,2009.77,2986.38,196.55,181.81,0.75,-1.97,155.87,162.08,151.52,-222.02,0.0,0.927,0.951,0.94,0.754,4,1.0,0.0,68039.492
2026-08-30T18:53:59.932Z,65.742601,-149.327902,2893.38,2041.98,2982.59,196.2,181.44,1.14,-0.72,155.4,161.69,151.32,-329.54,0.0,0.913,0.913,0.913,,1,1.0,0.0,68040.453
2026-08-30T18:54:00.912Z,65.74194,-149.328369,2886.59,2035.22,2977.04,196.09,181.31,1.13,0.82,156.06,162.46,152.01,-377.44,0.0,0.957,1.008,0.985,0.744,3,1.0,0.0,68041.383
2026-08-30T18:54:01.839Z,65.741309,-149.328808,2879.45,2098.11,2970.89,195.69,180.96,1.17,1.73,156.55,162.88,152.34,-451.63,0.0,0.933,0.953,0.94,0.982,3,1.0,0.0,68042.305
2026-08-30T18:54:02.900Z,65.740591,-149.329296,2870.47,2089.19,2962.67,195.95,181.18,-0.44,-2.81,156.47,162.67,152.49,-445.31,0.0,1.027,1.088,1.058,1.035,2,1.0,0.0,68043.359
2026-08-30T18:54:03.803Z,65.739976,-149.329716,2868.22,2138.09,2956.9,195.6,180.86,-1.42,-4.49,156.86,163.16,152.82,-164.7,0.0,1.247,1.283,1.264,2.383,3,1.0,0.0,68044.258
2026-08-30T18:54:04.924Z,65.739212,-149.330246,2871.23,2141.17,2955.31,196.77,182.04,-1.88,-4.23,156.41,162.43,151.95,88.28,0.0,1.052,1.102,1.073,0.675,4,1.0,0.0,68045.398
2026-08-30T18:54:06.184Z,65.738366,-149.330855,2877.51,2130.4,2958.44,196.96,182.22,-2.13,-3.4,155.83,161.91,151.41,255.64,0.0,1.026,1.026,1.026,,1,1.0,0.0,68046.648
2026-08-30T18:54:06.913Z,65.73788,-149.331209,2881.52,2134.41,2961.59,197.44,182.7,-2.2,-3.19,155.46,161.52,151.06,294.73,0.0,0.999,1.01,1.005,0.027,2,1.0,0.0,68047.359
2026-08-30T18:54:07.810Z,65.737275,-149.331663,2886.89,2191.83,2966.22,197.87,183.12,-2.47,-3.15,155.02,161.09,150.57,348.07,0.0,1.02,1.045,1.034,0.273,3,1.0,0.0,68048.289
2026-08-30T18:54:08.894Z,65.736558,-149.332211,2893.85,2198.75,2972.64,197.69,182.94,-1.79,-1.84,154.31,160.27,149.78,345.74,0.0,0.972,0.99,0.981,0.508,2,1.0,0.0,68049.352
2026-08-30T18:54:09.804Z,65.735955,-149.332675,2897.11,2217.18,2977.51,197.86,183.12,-0.63,-1.16,153.89,159.95,149.45,221.34,0.0,0.881,0.914,0.896,0.557,3,1.0,0.0,68050.266
2026-08-30T18:54:10.928Z,65.735213,-149.333248,2896.85,2216.81,2980.49,197.42,182.67,-0.54,-2.76,153.5,159.65,149.19,11.06,0.0,0.821,0.863,0.836,1.592,4,1.0,0.0,68051.398
2026-08-30T18:54:11.789Z,65.734648,-149.333686,2894.93,2216.8,2980.34,198.07,183.33,-0.57,-3.55,153.65,159.84,149.31,-69.23,0.0,0.996,0.996,0.996,,1,1.0,0.0,68052.242
2026-08-30T18:54:12.909Z,65.733911,-149.334262,2892.92,2214.82,2978.86,198.24,183.47,-0.7,-1.58,153.84,160.03,149.44,-77.44,0.0,1.0,1.048,1.022,0.761,4,1.0,0.0,68053.375
2026-08-30T18:54:13.840Z,65.733296,-149.334747,2891.36,2233.81,2977.55,197.88,183.16,-0.21,-0.6,154.15,160.59,149.87,-131.35,0.0,0.934,0.98,0.953,0.651,3,1.0,0.0,68054.312
2026-08-30T18:54:14.889Z,65.732602,-149.335288,2886.88,2229.33,2974.7,197.24,182.45,-1.06,0.91,155.13,161.48,151.08,-191.44,0.0,1.048,1.116,1.083,2.045,2,1.0,0.0,68055.336
2026-08-30T18:54:15.780Z,65.732009,-149.335746,2885.93,2241.67,2972.27,196.84,182.13,-1.23,3.63,155.44,161.66,150.95,-70.98,0.0,1.136,1.136,1.136,,1,1.0,0.0,68056.25
2026-08-30T18:54:16.910Z,65.731252,-149.33631,2887.38,2243.15,2971.62,197.15,182.37,-1.24,3.72,155.25,161.39,150.78,40.36,0.0,1.028,1.049,1.039,0.906,4,1.0,0.0,68057.375
2026-08-30T18:54:17.964Z,65.730552,-149.336814,2889.21,2273.6,2972.56,196.23,181.48,-1.87,1.69,154.98,161.07,150.49,98.2,0.0,1.013,1.029,1.021,0.547,2,1.0,0.0,68058.43
2026-08-30T18:54:18.891Z,65.729928,-149.337252,2891.07,2275.39,2974.14,195.37,180.58,-3.06,-1.13,155.24,161.39,150.34,62.48,0.0,0.927,1.022,0.968,0.591,3,1.0,0.0,68059.375
2026-08-30T18:54:19.829Z,65.729303,-149.337686,2890.96,2101.07,2974.98,194.95,180.26,-3.37,-0.19,155.14,160.95,149.66,30.57,0.0,0.989,1.04,1.02,1.066,3,1.0,0.0,68060.281
2026-08-30T18:54:20.846Z,65.728625,-149.338147,2889.53,2099.52,2975.02,196.59,181.84,-2.02,-3.51,152.76,158.64,148.9,-109.85,0.0,0.858,0.862,0.86,0.458,2,1.0,0.0,68061.312
2026-08-30T18:54:21.972Z,65.727882,-149.33866,2883.58,1843.36,2971.9,196.64,181.91,-1.77,-5.12,152.87,159.06,148.65,-236.7,0.0,0.875,1.051,0.948,3.757,4,1.0,0.0,68062.43
2026-08-30T18:54:22.830Z,65.727318,-149.339059,2880.2,1840.04,2968.52,197.02,182.28,-1.09,-5.19,153.01,159.17,148.7,-196.16,0.0,1.052,1.052,1.052,,1,1.0,0.0,68063.297
2026-08-30T18:54:23.951Z,65.726573,-149.339604,2878.27,1809.93,2965.27,197.18,182.44,-0.13,0.15,153.3,159.66,149.24,-155.95,0.0,0.943,1.093,1.005,0.822,4,1.0,0.0,68064.422
2026-08-30T18:54:24.890Z,65.725957,-149.34006,2875.83,1821.23,2962.88,198.08,183.39,-0.34,4.49,154.55,160.75,150.42,-150.09,0.0,0.939,0.953,0.944,0.515,3,1.0,0.0,68065.344
2026-08-30T18:54:26.124Z,65.725125,-149.34067,2874.65,1812.14,2960.35,196.17,181.38,-0.77,8.84,154.71,160.81,150.61,-39.42,0.0,1.077,1.077,1.077,,1,1.0,0.0,68066.602
2026-08-30T18:54:26.857Z,65.724636,-149.341007,2875.48,1883.22,2960.0,195.57,180.81,-0.64,9.82,154.72,160.94,150.67,22.21,0.0,1.058,1.072,1.065,0.704,2,1.0,0.0,68067.328
2026-08-30T18:54:27.782Z,65.724016,-149.341405,2876.45,1955.61,2960.4,194.36,179.58,-1.43,8.25,154.73,160.86,150.67,56.91,0.0,0.987,1.032,1.011,0.371,3,1.0,0.0,68068.258
2026-08-30T18:54:28.871Z,65.723277,-149.341837,2880.11,1967.89,2962.12,193.18,178.41,-1.65,7.12,,160.76,150.55,206.91,0.0,1.106,1.118,1.112,1.003,2,1.0,0.0,68069.43
2026-08-30T18:54:29.864Z,65.722597,-149.342201,2885.08,2051.12,2965.7,192.67,177.9,-1.66,6.35,154.47,160.56,150.44,260.0,0.0,1.003,1.011,1.008,0.533,3,1.0,0.0,68070.328
2026-08-30T18:54:30.905Z,65.721893,-149.342551,2890.29,2149.29,2970.36,191.52,176.75,-1.65,5.92,154.26,160.39,150.22,287.43,0.0,1.009,1.011,1.01,0.043,2,1.0,0.0,68071.375
2026-08-30T18:54:31.831Z,65.72126,-149.342842,2895.26,2154.27,2974.91,191.18,176.43,-1.75,5.1,154.27,160.41,150.3,318.45,0.0,1.012,1.024,1.019,0.679,3,1.0,0.0,68072.289
2026-08-30T18:54:32.960Z,65.720485,-149.343174,2901.9,2348.07,2981.07,190.23,175.47,-1.71,4.41,154.01,160.14,150.05,343.71,0.0,1.005,1.022,1.013,0.56,4,1.0,0.0,68073.422
2026-08-30T18:54:33.815Z,65.719897,-149.343409,2906.98,2353.16,2986.04,189.76,175.0,-1.69,4.14,153.8,159.92,149.87,348.73,0.0,1.003,1.003,1.003,,1,1.0,0.0,68074.289
2026-08-30T18:54:34.935Z,65.719132,-149.343693,2913.25,2499.19,2992.51,189.1,174.34,-1.78,3.33,153.52,159.64,149.63,328.75,0.0,0.975,0.999,0.986,0.604,4,1.0,0.0,68075.398
2026-08-30T18:54:35.845Z,65.718505,-149.343911,2917.93,2503.89,2997.37,188.66,173.91,-2.2,1.8,153.4,159.55,149.34,319.0,0.0,0.986,0.986,0.986,,1,1.0,0.0,68076.32
2026-08-30T18:54:36.910Z,65.717778,-149.344151,2923.77,2522.64,3003.14,188.36,173.61,-2.22,1.62,153.2,159.31,148.96,328.32,0.0,1.005,1.012,1.008,0.015,2,1.0,0.0,68077.375
2026-08-30T18:54:37.832Z,65.717152,-149.344349,2928.81,2527.65,3008.17,188.08,173.32,-2.15,1.59,152.87,158.98,148.65,327.61,0.0,0.994,1.008,1.0,0.669,3,1.0,0.0,68078.305
2026-08-30T18:54:38.978Z,65.716369,-149.344584,2934.86,2530.98,3014.26,187.75,173.0,-2.09,1.41,152.47,158.57,148.31,316.24,0.0,0.989,0.995,0.993,0.061,4,1.0,0.0,68079.445
2026-08-30T18:54:39.844Z,65.715779,-149.344754,2939.23,2535.35,3017.48,187.51,172.76,-2.05,1.38,152.25,158.37,148.08,300.23,0.0,0.984,0.984,0.984,,1,1.0,0.0,68080.312
2026-08-30T18:54:40.781Z,65.715138,-149.344931,2943.38,2542.39,3022.2,187.3,172.55,-2.04,1.24,152.11,158.29,147.84,271.48,0.0,0.977,0.986,0.982,0.026,3,1.0,0.0,68081.258
2026-08-30T18:54:41.909Z,65.714374,-149.345132,2947.71,2546.71,3026.57,187.06,172.31,-1.9,1.06,151.88,158.0,147.61,236.56,0.0,0.981,0.983,0.982,0.131,4,1.0,0.0,68082.359
2026-08-30T18:54:42.945Z,65.713666,-149.34531,2951.13,2540.53,3030.28,186.77,172.02,-1.73,0.9,151.62,157.76,147.46,200.94,0.0,0.98,0.981,0.981,0.012,2,1.0,0.0,68083.414
2026-08-30T18:54:43.875Z,65.713036,-149.345462,2953.54,2542.92,3033.05,186.56,171.81,-1.61,0.78,151.39,157.56,147.38,166.07,0.0,0.978,0.979,0.979,0.076,3,1.0,0.0,68084.344
2026-08-30T18:54:44.792Z,65.712414,-149.345606,2955.44,2543.73,3035.7,186.34,171.6,-1.41,0.7,151.35,157.54,147.36,132.32,0.0,0.978,0.986,0.982,0.204,3,1.0,0.0,68085.258
2026-08-30T18:54:46.057Z,65.711553,-149.345798,2956.71,2544.96,3037.82,186.16,171.41,-1.23,0.52,151.35,157.54,147.39,61.07,0.0,0.97,0.97,0.97,,1,1.0,0.0,68086.531
2026-08-30T18:54:46.791Z,65.711056,-149.345904,2956.89,2551.87,3038.62,186.33,171.62,-1.5,-1.88,151.42,157.66,147.53,43.78,0.0,0.984,0.997,0.991,0.174,2,1.0,0.0,68087.273
2026-08-30T18:54:47.938Z,65.710274,-149.346076,2957.86,2552.85,3039.4,186.68,171.96,-1.43,-4.14,151.44,157.59,147.47,48.42,0.0,0.997,1.016,1.008,0.364,4,1.0,0.0,68088.422
2026-08-30T18:54:48.831Z,65.709672,-149.346218,2958.26,2555.21,3039.22,186.7,171.95,-1.27,-4.36,151.42,157.64,147.35,23.15,0.0,0.974,0.974,0.974,,1,1.0,0.0,68089.305
2026-08-30T18:54:49.968Z,65.708895,-149.346413,2957.53,2554.44,3039.79,187.16,172.43,-0.89,-1.79,151.2,157.39,146.86,-34.5,0.0,0.974,0.998,0.988,0.393,4,1.0,0.0,68090.445
2026-08-30T18:54:50.842Z,65.708306,-149.346564,2955.99,2514.62,3039.16,186.79,172.05,-1.03,0.43,151.23,157.49,146.77,-80.49,0.0,0.99,0.99,0.99,,1,1.0,0.0,68091.305
2026-08-30T18:54:51.963Z,65.707548,-149.346752,2952.88,2511.4,3038.12,186.9,172.16,0.45,0.72,151.94,158.4,147.78,-210.42,0.0,0.88,0.995,0.935,1.292,4,1.0,0.0,68092.422
2026-08-30T18:54:52.820Z,65.70696,-149.346894,2946.48,2535.79,3034.1,186.37,171.61,-0.28,1.77,153.42,159.58,148.35,-352.11,0.0,0.998,0.998,0.998,,1,1.0,0.0,68093.289
2026-08-30T18:54:53.947Z,65.706196,-149.347068,2938.91,2528.25,3027.82,186.55,171.81,-0.11,-0.27,152.88,159.09,147.9,-391.36,0.0,0.995,1.099,1.051,1.588,4,1.0,0.0,68094.414
2026-08-30T18:54:54.882Z,65.705562,-149.347206,2933.33,2448.83,3022.6,186.45,171.71,-1.36,-1.74,153.03,159.3,148.07,-321.98,0.0,1.049,1.111,1.083,0.295,3,1.0,0.0,68095.352
2026-08-30T18:54:56.145Z,65.704692,-149.3474,2930.72,2446.35,3017.22,186.73,171.99,-2.44,-2.34,152.53,158.38,147.85,-113.64,0.0,1.123,1.123,1.123,,1,1.0,0.0,68096.617
2026-08-30T18:54:56.880Z,65.704196,-149.347514,2931.99,2389.04,3016.52,186.7,171.96,-2.47,-2.36,151.52,157.56,147.59,32.63,0.0,1.114,1.123,1.118,0.467,2,1.0,0.0,68097.344
2026-08-30T18:54:57.834Z,65.703544,-149.34767,2934.74,2391.77,3016.89,186.77,172.04,-2.54,-2.13,151.66,157.94,148.03,110.81,0.0,1.014,1.014,1.014,,1,1.0,0.0,68098.32
2026-08-30T18:54:58.778Z,65.702902,-149.34783,2937.43,2291.23,3018.67,187.01,172.28,-2.23,-2.75,151.98,158.13,148.01,153.39,0.0,1.042,1.062,1.053,0.4,3,1.0,0.0,68099.25
2026-08-30T18:54:59.909Z,65.702135,-149.348027,2939.62,2293.33,3021.14,186.97,172.23,-1.03,-1.24,152.04,158.25,147.86,72.5,0.0,0.9,0.981,0.934,0.501,4,1.0,0.0,68100.383
2026-08-30T18:55:00.782Z,65.701536,-149.348183,2937.98,2249.95,3021.4,187.03,172.3,-0.52,-0.44,152.07,158.27,147.97,-74.07,0.0,0.889,0.889,0.889,,1,1.0,0.0,68101.25
2026-08-30T18:55:01.907Z,65.700766,-149.34838,2933.19,2245.15,3019.57,186.97,172.23,-0.86,0.11,152.23,158.48,148.29,-197.57,0.0,0.932,0.977,0.945,1.984,4,1.0,0.0,68102.383
2026-08-30T18:55:02.830Z,65.700137,-149.34854,2930.91,2204.33,3016.86,186.94,172.19,-0.98,0.22,152.59,158.82,148.48,-133.31,0.0,1.079,1.091,1.084,1.168,3,1.0,0.0,68103.305
2026-08-30T18:55:03.910Z,65.699401,-149.348722,2929.5,2202.93,3015.26,186.67,171.94,-1.31,0.81,152.76,158.94,148.55,-89.3,0.0,1.006,1.019,1.012,0.267,2,1.0,0.0,68104.398
2026-08-30T18:55:04.858Z,65.69875,-149.348877,2929.27,2166.14,3014.38,186.54,171.79,-1.56,1.07,152.69,158.77,148.52,-23.83,0.0,1.045,1.046,1.045,0.231,3,1.0,0.0,68105.336
2026-08-30T18:55:06.140Z,65.697877,-149.349076,2930.98,2167.9,3014.67,186.17,171.42,-1.84,1.34,152.39,158.5,148.37,74.65,0.0,1.038,1.038,1.038,,1,1.0,0.0,68106.609
2026-08-30T18:55:06.876Z,65.697373,-149.349184,2932.77,2163.14,3014.86,185.95,171.2,-1.89,0.61,152.21,158.34,148.22,117.0,0.0,1.022,1.029,1.026,0.084,2,1.0,0.0,68107.336
2026-08-30T18:55:07.944Z,65.696644,-149.349335,2935.84,2166.24,3016.92,185.77,171.04,-2.2,-0.1,151.94,158.07,147.98,161.18,0.0,1.017,1.017,1.017,0.056,2,1.0,0.0,68108.422
2026-08-30T18:55:08.884Z,65.696,-149.349464,2939.13,2154.57,3019.43,185.72,170.98,-2.43,-0.27,151.67,157.76,147.68,201.27,0.0,1.02,1.025,1.024,0.097,3,1.0,0.0,68109.359
2026-08-30T18:55:09.967Z,65.695266,-149.349608,2943.71,2159.16,3022.43,185.6,170.86,-2.07,-0.36,151.31,157.4,147.33,235.05,0.0,1.014,1.024,1.019,0.811,2,1.0,0.0,68110.43
2026-08-30T18:55:10.884Z,65.694638,-149.349729,2946.4,2135.24,3026.33,185.54,170.8,-1.82,-0.87,151.08,157.16,147.09,171.12,0.0,0.921,0.931,0.925,0.709,3,1.0,0.0,68111.344
2026-08-30T18:55:11.943Z,65.693923,-149.349867,2948.09,2136.93,3028.66,186.02,171.31,-2.35,-1.56,150.31,156.24,146.22,127.13,0.0,0.952,0.966,0.959,1.11,2,1.0,0.0,68112.414
2026-08-30T18:55:12.889Z,65.693284,-149.349999,2951.2,2112.46,3029.99,186.39,171.64,-3.49,-1.8,150.09,156.21,146.37,215.71,0.0,1.075,1.157,1.118,0.689,3,1.0,0.0,68113.359
2026-08-30T18:55:13.827Z,65.692653,-149.350138,2956.84,2118.11,3034.73,186.03,171.29,-1.8,0.65,150.03,156.06,146.05,283.93,0.0,0.999,1.144,1.075,2.985,3,1.0,0.0,68114.289
2026-08-30T18:55:14.899Z,65.691933,-149.350293,2960.5,2072.46,3039.23,186.09,171.36,-2.07,-0.74,149.86,156.01,145.92,227.14,0.0,0.949,0.997,0.973,0.041,2,1.0,0.0,68115.375
2026-08-30T18:55:15.832Z,65.6913,-149.350427,2963.75,2075.71,3042.33,186.03,171.28,-1.82,-0.74,149.79,155.97,145.86,207.87,0.0,0.981,0.981,0.981,,1,1.0,0.0,68116.312
2026-08-30T18:55:16.920Z,65.690572,-149.350581,2967.15,2050.58,3047.67,185.99,171.25,-1.76,-1.38,149.82,155.98,145.82,191.02,0.0,0.995,0.998,0.997,0.372,2,1.0,0.0,68117.406
2026-08-30T18:55:17.869Z,65.689931,-149.350716,2969.85,2053.26,3051.45,186.05,171.31,-1.81,-2.02,149.7,155.84,145.79,179.76,0.0,0.988,0.994,0.991,0.42,3,1.0,0.0,68118.359
2026-08-30T18:55:18.943Z,65.689212,-149.350871,2973.15,2133.72,3054.78,186.35,171.63,-1.83,-1.6,149.81,156.04,146.05,186.23,0.0,0.987,0.995,0.991,0.016,2,1.0,0.0,68119.422
2026-08-30T18:55:19.882Z,65.688576,-149.351012,2976.71,2137.33,3057.88,186.51,171.76,-2.35,-1.39,149.82,156.01,145.92,236.61,0.0,1.019,1.056,1.039,0.112,3,1.0,0.0,68120.359
2026-08-30T18:55:20.978Z,65.687838,-149.351179,2982.46,2133.23,3062.55,186.39,171.66,-2.11,-0.9,149.96,156.24,146.0,287.4,0.0,1.003,1.012,1.008,0.046,2,1.0,0.0,68121.461
2026-08-30T18:55:21.923Z,65.687205,-149.351322,2986.25,2136.95,3066.88,186.96,172.24,-1.32,-0.77,149.75,155.86,145.61,215.34,0.0,0.917,0.96,0.937,0.314,3,1.0,0.0,68122.398
2026-08-30T18:55:22.797Z,65.686615,-149.351459,2987.81,2175.08,3069.78,186.78,172.02,-1.91,-1.0,149.65,155.9,145.68,164.09,0.0,1.003,1.003,1.003,,1,1.0,0.0,68123.281
2026-08-30T18:55:23.948Z,65.685842,-149.35164,2991.43,2178.71,3073.11,186.4,171.67,-1.39,-0.12,149.68,155.88,145.69,175.65,0.0,0.994,1.057,1.027,1.116,4,1.0,0.0,68124.438
2026-08-30T18:55:24.845Z,65.685246,-149.351778,2993.65,2263.51,3075.64,186.52,171.78,-1.77,-0.82,149.7,155.96,145.72,168.58,0.0,1.015,1.015,1.015,,1,1.0,0.0,68125.328
2026-08-30T18:55:25.797Z,65.684604,-149.351925,2996.63,2266.5,3078.4,186.39,171.65,-1.76,-0.88,149.73,156.0,145.71,179.61,0.0,1.0,1.0,1.0,,1,1.0,0.0,68126.281
2026-08-30T18:55:26.942Z,65.683841,-149.3521,2999.89,2270.19,3081.77,186.42,171.68,-1.98,-0.92,149.76,155.95,145.64,166.43,0.0,0.969,1.003,0.984,1.013,4,1.0,0.0,68127.422
2026-08-30T18:55:27.832Z,65.683239,-149.352236,3002.59,2272.91,3084.33,186.33,171.59,-1.77,-0.75,149.68,155.9,145.61,181.59,0.0,1.019,1.019,1.019,,1,1.0,0.0,68128.32
2026-08-30T18:55:28.785Z,65.682596,-149.352382,3005.38,2286.86,3087.2,186.34,171.61,-1.92,-0.79,149.52,155.76,145.58,174.01,0.0,0.983,0.988,0.985,0.383,3,1.0,0.0,68129.281
2026-08-30T18:55:29.946Z,65.681821,-149.352556,3008.88,2290.36,3090.62,186.29,171.56,-1.89,-0.64,149.54,155.91,145.68,176.97,0.0,0.986,1.017,1.006,0.484,4,1.0,0.0,68130.43
2026-08-30T18:55:30.835Z,65.681221,-149.352688,3011.29,2251.25,3093.23,186.09,171.35,-1.39,-0.94,149.84,156.11,145.92,151.32,0.0,0.957,0.957,0.957,,1,1.0,0.0,68131.312
2026-08-30T18:55:31.960Z,65.680471,-149.352851,3013.65,2253.65,3095.92,186.26,171.53,-2.28,-2.97,149.77,155.89,145.73,169.02,0.0,0.972,1.063,1.022,0.742,4,1.0,0.0,68132.438
2026-08-30T18:55:32.853Z,65.67987,-149.352985,3017.59,2208.16,3098.7,186.31,171.58,-2.05,-2.82,149.31,155.55,145.36,242.3,0.0,1.058,1.058,1.058,,1,1.0,0.0,68133.328
2026-08-30T18:55:33.775Z,65.67925,-149.353129,3022.29,2212.84,3103.46,186.65,171.92,-1.83,-2.52,149.23,155.58,145.32,275.71,0.0,0.998,1.019,1.008,0.248,3,1.0,0.0,68134.258
2026-08-30T18:55:34.902Z,65.678491,-149.353311,3027.53,2273.26,3108.88,186.8,172.07,-1.85,-2.3,149.24,155.54,145.28,271.56,0.0,0.974,1.003,0.991,0.543,4,1.0,0.0,68135.391
2026-08-30T18:55:36.216Z,65.677614,-149.353529,3032.96,2278.68,3114.17,187.0,172.26,-1.89,-2.06,149.18,155.4,144.94,257.06,0.0,0.992,0.992,0.992,,1,1.0,0.0,68136.719
2026-08-30T18:55:36.787Z,65.677235,-149.353625,3035.46,2400.15,3116.33,186.94,172.2,-2.05,-2.0,148.99,155.27,144.91,259.74,0.0,0.986,0.986,0.986,,1,1.0,0.0,68137.281
2026-08-30T18:55:37.937Z,65.676464,-149.35382,3040.66,2405.36,3121.14,187.07,172.33,-2.13,-1.98,148.89,155.17,144.81,269.16,0.0,0.993,1.007,1.002,1.099,4,1.0,0.0,68138.445
2026-08-30T18:55:38.870Z,65.675846,-149.353981,3045.03,2438.49,3125.27,187.14,172.4,-2.09,-1.89,148.79,155.09,144.74,281.55,0.0,1.009,1.009,1.009,,1,1.0,0.0,68139.367
2026-08-30T18:55:39.842Z,65.675196,-149.354152,3049.55,2442.99,3129.78,187.24,172.5,-1.91,-1.65,148.74,155.08,144.67,274.45,0.0,0.97,0.995,0.984,1.459,3,1.0,0.0,68140.336
2026-08-30T18:55:40.804Z,65.674559,-149.354322,3052.78,2469.54,3133.72,187.23,172.49,-0.97,-1.49,148.78,155.13,144.78,176.27,0.0,0.881,0.948,0.912,0.378,3,1.0,0.0,68141.289
2026-08-30T18:55:41.898Z,65.673827,-149.354519,3053.35,2470.1,3136.19,187.36,172.62,-1.23,-2.47,148.97,155.36,145.01,81.02,0.0,0.979,0.999,0.989,0.05,2,1.0,0.0,68142.383
2026-08-30T18:55:42.847Z,65.673197,-149.354692,3053.92,2539.89,3137.28,187.52,172.79,-1.24,-0.94,149.09,155.45,145.17,40.9,0.0,0.97,1.002,0.988,0.47,3,1.0,0.0,68143.328
2026-08-30T18:55:43.935Z,65.672469,-149.354894,3053.94,2539.9,3137.72,187.49,172.75,-1.29,-0.16,149.24,155.64,145.37,13.19,0.0,0.988,0.996,0.992,0.66,2,1.0,0.0,68144.422
2026-08-30T18:55:44.867Z,65.671845,-149.355065,3053.97,2474.34,3138.04,187.41,172.67,-1.24,0.25,149.41,155.81,145.56,15.83,0.0,1.002,1.015,1.007,0.776,3,1.0,0.0,68145.344
2026-08-30T18:55:46.167Z,65.670977,-149.355296,3054.53,2474.88,3138.49,187.19,172.45,-1.42,2.68,149.71,156.1,145.78,16.3,0.0,0.975,0.975,0.975,,1,1.0,0.0,68146.656
2026-08-30T18:55:46.928Z,65.670466,-149.355425,3055.02,2556.7,3138.73,186.92,172.16,-1.78,5.22,149.77,156.15,145.84,51.96,0.0,1.037,1.054,1.045,0.151,2,1.0,0.0,68147.414
2026-08-30T18:55:47.834Z,65.669853,-149.355566,3057.04,2558.76,3139.44,186.04,171.27,-2.0,7.75,149.76,156.13,145.84,117.63,0.0,1.052,1.052,1.052,,1,1.0,0.0,68148.328
2026-08-30T18:55:48.778Z,65.669216,-149.355687,3059.96,2572.28,3141.22,184.99,170.22,-1.86,8.57,149.68,156.06,145.86,161.01,0.0,1.023,1.033,1.029,0.303,3,1.0,0.0,68149.266
2026-08-30T18:55:49.908Z,65.66845,-149.355794,3063.2,2575.51,3144.24,183.78,169.01,-1.93,8.76,149.5,155.88,145.85,163.37,0.0,0.997,1.002,0.999,0.252,4,1.0,0.0,68150.398
2026-08-30T18:55:50.805Z,65.667852,-149.355847,3065.61,2583.17,3146.55,182.8,168.03,-1.84,8.86,149.46,155.81,145.85,160.96,0.0,1.008,1.008,1.008,,1,1.0,0.0,68151.289
2026-08-30T18:55:51.951Z,65.667081,-149.355875,3068.29,2585.82,3149.49,181.92,167.15,-1.28,8.92,149.25,155.62,145.74,129.39,0.0,0.982,1.006,0.998,0.976,4,1.0,0.0,68152.438
2026-08-30T18:55:52.834Z,65.66648,-149.355868,3068.93,2579.4,3151.25,180.45,165.67,-1.64,8.78,149.16,155.56,145.94,71.64,0.0,0.975,0.975,0.975,,1,1.0,0.0,68153.328
2026-08-30T18:55:53.796Z,65.66583,-149.355829,3069.59,2580.05,3152.33,179.13,164.37,-1.27,8.83,149.22,155.62,146.12,41.43,0.0,0.968,1.023,0.995,0.493,3,1.0,0.0,68154.281
2026-08-30T18:55:54.938Z,65.665059,-149.355741,3069.98,2588.48,3153.04,178.33,163.55,-1.45,8.55,149.14,155.56,146.22,32.72,0.0,1.007,1.013,1.011,0.345,4,1.0,0.0,68155.43
2026-08-30T18:55:56.249Z,65.664174,-149.355586,3070.99,2589.5,3154.13,176.94,162.18,-1.44,8.23,149.33,155.76,146.49,45.31,0.0,1.001,1.001,1.001,,1,1.0,0.0,68156.727
2026-08-30T18:55:56.793Z,65.663811,-149.355507,3071.3,2590.18,3155.55,176.24,161.47,-1.05,8.2,149.4,155.85,146.63,26.51,0.0,0.978,0.978,0.978,,1,1.0,0.0,68157.266
2026-08-30T18:55:57.919Z,65.663044,-149.35531,3069.97,2588.78,3155.49,175.02,160.26,-0.52,8.57,149.64,156.11,147.05,-75.24,0.0,0.944,0.948,0.945,0.078,4,1.0,0.0,68158.398
2026-08-30T18:55:58.818Z,65.66244,-149.355126,3066.99,2584.83,3153.38,174.13,159.37,-0.14,8.61,150.1,156.64,147.65,-172.09,0.0,0.953,0.953,0.953,,1,1.0,0.0,68159.297
2026-08-30T18:55:59.967Z,65.661656,-149.354848,3061.01,2578.8,3149.27,172.84,158.07,0.24,8.49,150.74,157.31,148.31,-295.35,0.0,0.957,0.968,0.961,0.274,4,1.0,0.0,68160.453
2026-08-30T18:56:00.866Z,65.661051,-149.354606,3054.95,2571.15,3144.5,171.98,157.22,0.53,8.26,151.36,157.94,148.97,-373.26,0.0,0.998,0.998,0.998,,1,1.0,0.0,68161.344
2026-08-30T18:56:01.811Z,65.660412,-149.354324,3047.81,2563.98,3138.68,171.56,156.82,0.73,8.34,151.17,157.6,148.7,-436.27,0.0,0.941,0.968,0.954,0.044,3,1.0,0.0,68162.297
2026-08-30T18:56:02.969Z,65.659632,-149.353947,3037.72,2545.36,3130.03,170.24,155.45,0.8,7.43,151.78,158.34,149.62,-506.53,0.0,0.942,0.995,0.966,0.859,4,1.0,0.0,68163.453
2026-08-30T18:56:03.868Z,65.659023,-149.353627,3029.41,2537.05,3122.7,169.23,154.47,1.06,7.95,152.39,158.98,150.36,-547.71,0.0,0.987,0.987,0.987,,1,1.0,0.0,68164.359
2026-08-30T18:56:04.821Z,65.658371,-149.353255,3019.69,2522.01,3114.23,168.47,153.7,1.2,7.91,153.08,159.66,151.16,-595.9,0.0,0.981,0.99,0.985,0.311,3,1.0,0.0,68165.312
2026-08-30T18:56:05.962Z,65.657598,-149.352776,3007.17,2509.47,3102.05,167.22,152.46,1.22,8.07,153.89,160.49,152.13,-646.67,0.0,0.994,0.997,0.996,0.001,2,1.0,0.0,68166.469
2026-08-30T18:56:06.889Z,65.656967,-149.352355,2996.79,2498.69,3091.89,166.31,151.55,1.27,7.93,154.54,160.99,152.95,-665.61,0.0,1.031,1.031,1.031,,1,1.0,0.0,68167.477
2026-08-30T18:56:07.829Z,65.656328,-149.351897,2986.06,2487.98,3081.32,165.21,150.45,0.97,8.06,154.98,161.18,,-661.47,0.0,1.043,1.043,1.043,,1,1.0,0.0,68168.398
2026-08-30T18:56:08.945Z,65.655579,-149.351326,2974.27,2328.1,3069.21,164.19,149.4,1.05,8.0,155.12,161.42,154.2,-647.82,0.0,1.02,1.071,1.047,1.351,3,1.0,0.0,68169.469
2026-08-30T18:56:09.875Z,65.654941,-149.350808,2964.41,2318.28,3058.4,163.15,148.38,0.56,5.29,155.95,162.47,154.83,-612.23,0.0,1.048,1.048,1.048,,1,1.0,0.0,68170.359
2026-08-30T18:56:10.811Z,65.654307,-149.350268,2957.3,2208.07,3048.29,162.42,147.67,-0.45,1.44,156.41,162.88,155.23,-443.8,0.0,1.105,1.181,1.14,1.731,3,1.0,0.0,68171.273
2026-08-30T18:56:11.926Z,65.65355,-149.349604,2955.09,2148.92,3040.27,162.11,147.38,-1.94,0.43,156.35,162.73,155.2,-144.24,0.0,1.143,1.171,1.154,1.072,4,1.0,0.0,68172.391
2026-08-30T18:56:12.962Z,65.652854,-149.348981,2959.26,2153.23,3040.11,162.07,147.32,-1.94,0.48,156.17,162.48,155.02,161.1,0.0,1.157,1.206,1.182,1.078,2,1.0,0.0,68173.422
2026-08-30T18:56:13.889Z,65.652239,-149.348426,2965.24,2159.24,3043.03,161.97,147.24,-2.98,-0.64,154.6,160.88,154.51,316.92,0.0,1.029,1.074,1.045,1.191,3,1.0,0.0,68174.344
2026-08-30T18:56:14.793Z,65.65163,-149.347874,2973.1,2276.84,3049.9,162.1,147.36,-3.57,-1.41,154.83,161.14,153.74,476.93,0.0,1.092,1.097,1.095,0.547,3,1.0,0.0,68175.266
2026-08-30T18:56:16.113Z,65.650751,-149.347078,2988.03,2133.2,3062.58,162.04,147.3,-2.81,-2.44,153.37,159.69,152.31,608.29,0.0,0.963,0.963,0.963,,1,1.0,0.0,68176.586
2026-08-30T18:56:16.848Z,65.650271,-149.346646,2994.48,2139.62,3070.0,162.13,147.4,-2.27,-1.94,153.02,159.15,151.76,529.15,0.0,0.903,0.908,0.906,0.403,2,1.0,0.0,68177.32
2026-08-30T18:56:17.920Z,65.649565,-149.346012,3001.16,2015.11,3078.82,162.58,147.84,-2.08,-3.68,152.83,159.2,151.41,410.48,0.0,0.956,0.962,0.959,0.465,2,1.0,0.0,68178.383
2026-08-30T18:56:18.846Z,65.648955,-149.345475,3006.24,2020.2,3084.99,162.48,147.75,-2.09,-4.98,152.51,158.7,151.11,364.64,0.0,0.98,0.991,0.985,0.751,3,1.0,0.0,68179.312
2026-08-30T18:56:19.777Z,65.648339,-149.34494,3012.19,2026.17,3090.74,163.08,148.36,-2.1,-4.59,152.31,158.62,150.84,385.45,0.0,1.023,1.054,1.041,0.692,3,1.0,0.0,68180.25
2026-08-30T18:56:20.837Z,65.647642,-149.344351,3019.69,2129.17,3098.06,163.49,148.76,-2.45,-4.37,151.95,158.26,150.43,431.72,0.0,1.034,1.034,1.034,0.118,2,1.0,0.0,68181.414
2026-08-30T18:56:21.896Z,65.646946,-149.343775,3028.58,2259.38,3106.61,163.93,149.2,-2.46,-4.11,151.6,157.93,149.98,482.61,0.0,1.018,1.043,1.033,0.524,3,1.0,0.0,68182.531
2026-08-30T18:56:23.063Z,65.646184,-149.34316,3037.57,2268.18,3115.49,164.04,149.3,-0.1,-5.08,151.4,157.8,149.73,359.55,0.0,0.87,0.87,0.87,,1,1.0,0.0,68183.68
2026-08-30T18:56:23.945Z,65.645602,-149.342702,3037.61,2377.21,3119.75,164.35,149.64,0.87,-6.58,151.6,158.14,149.98,34.54,0.0,0.703,0.735,0.719,1.068,2,1.0,0.0,68184.531
2026-08-30T18:56:25.015Z,65.644891,-149.342156,3030.56,2370.02,3118.84,165.21,150.5,1.12,-7.36,152.25,158.86,150.53,-314.46,0.0,0.837,0.837,0.837,,1,1.0,0.0,68185.578
2026-08-30T18:56:26.120Z,65.644152,-149.341612,3020.65,2356.08,3112.98,165.98,151.26,0.86,-5.48,153.01,159.57,151.19,-461.36,0.0,1.002,1.002,1.002,,1,1.0,0.0,68186.664
2026-08-30T18:56:27.138Z,65.64347,-149.341132,3011.32,2346.76,3104.34,166.56,151.84,0.36,-4.26,153.54,160.11,151.71,-521.79,0.0,0.984,0.984,0.984,,1,1.0,0.0,68187.672
2026-08-30T18:56:27.937Z,65.642926,-149.340762,3004.57,2198.69,3097.24,166.94,152.21,0.2,-3.61,153.99,160.56,152.1,-476.9,0.0,1.06,1.069,1.065,0.32,2,1.0,0.0,68188.492
2026-08-30T18:56:28.958Z,65.642235,-149.340301,2998.23,2192.44,3089.39,167.02,152.29,0.39,-2.71,154.44,160.93,152.52,-388.85,0.0,1.05,1.072,1.058,0.147,3,1.0,0.0,68189.516
2026-08-30T18:56:29.996Z,65.641531,-149.339838,2992.08,2235.46,3082.72,167.18,152.44,0.88,-1.96,154.82,161.37,153.0,-393.32,0.0,0.952,0.952,0.952,,1,1.0,0.0,68190.555
2026-08-30T18:56:30.826Z,65.640955,-149.339466,2986.27,2229.62,3077.2,167.31,152.57,0.58,-1.66,155.23,161.77,153.42,-400.08,0.0,0.987,1.001,0.994,0.012,2,1.0,0.0,68191.391
2026-08-30T18:56:31.847Z,65.640253,-149.339014,2980.11,2277.14,3070.51,167.37,152.63,0.43,-1.31,155.64,162.15,153.83,-350.25,0.0,1.042,1.05,1.046,0.138,3,1.0,0.0,68192.422
2026-08-30T18:56:32.912Z,65.639525,-149.338547,2974.29,2271.27,3064.38,167.39,152.67,0.61,-2.84,156.27,162.91,154.51,-361.07,0.0,0.949,0.949,0.949,,1,1.0,0.0,68193.5
2026-08-30T18:56:33.965Z,65.638793,-149.338087,2968.62,2339.83,3058.25,168.11,153.36,-0.46,-5.59,156.82,163.35,154.79,-274.4,0.0,1.04,1.104,1.076,1.144,3,1.0,0.0,68194.578
2026-08-30T18:56:35.112Z,65.638001,-149.337608,2965.95,2337.13,3054.05,168.33,153.62,0.17,-7.3,157.15,163.59,154.71,-217.93,0.0,0.968,0.968,0.968,,1,1.0,0.0,68195.734
2026-08-30T18:56:36.349Z,65.637135,-149.337116,2960.15,2276.62,3046.49,169.59,154.89,-0.71,-8.64,157.07,163.47,154.66,-240.73,0.0,1.009,1.009,1.009,,1,1.0,0.0,68196.992
2026-08-30T18:56:37.469Z,65.636342,-149.336705,2957.58,2274.19,3041.5,170.92,156.21,-1.64,-8.73,157.15,163.55,154.38,-112.97,0.0,1.105,1.105,1.105,,1,1.0,0.0,68198.023
2026-08-30T18:56:38.092Z,65.635905,-149.336497,2958.06,2159.52,3040.86,171.47,156.75,-2.24,-8.74,156.75,163.1,154.07,16.17,0.0,1.137,1.137,1.137,,1,1.0,0.0,68198.633
2026-08-30T18:56:38.897Z,65.635341,-149.336247,2961.87,2163.45,3041.34,171.97,157.25,-1.51,-8.43,156.49,162.82,153.64,191.76,0.0,1.148,1.181,1.165,1.546,2,1.0,0.0,68199.43
2026-08-30T18:56:39.865Z,65.634659,-149.335968,2966.14,2178.37,3044.73,172.94,158.23,-0.92,-8.4,156.03,162.5,153.34,193.01,0.0,0.914,0.914,0.914,,1,1.0,0.0,68200.391
2026-08-30T18:56:40.851Z,65.633971,-149.335711,2967.68,2179.82,3049.25,173.48,158.77,-0.77,-8.06,155.89,162.27,153.18,98.61,0.0,0.913,0.944,0.925,1.193,3,1.0,0.0,68201.359
2026-08-30T18:56:41.806Z,65.633298,-149.335481,2967.5,2258.82,3051.47,174.0,159.27,-0.78,-7.19,155.18,161.54,152.41,20.42,0.0,0.98,1.003,0.99,1.186,3,1.0,0.0,68202.305
2026-08-30T18:56:42.919Z,65.63252,-149.335239,2967.07,2258.4,3052.03,174.97,160.26,-0.67,-4.65,154.95,161.2,152.07,-7.2,0.0,1.0,1.01,1.005,0.05,2,1.0,0.0,68203.406
2026-08-30T18:56:43.871Z,65.63186,-149.335052,2966.61,2343.33,3051.66,175.46,160.73,-0.95,-3.13,154.8,161.13,151.88,-10.93,0.0,0.957,1.011,0.987,0.172,3,1.0,0.0,68204.367
2026-08-30T18:56:44.792Z,65.631221,-149.334882,2966.73,2343.46,3051.47,175.67,160.92,-1.2,-1.63,154.56,160.93,151.65,4.8,0.0,0.974,0.974,0.974,,1,1.0,0.0,68205.289
2026-08-30T18:56:45.947Z,65.630415,-149.334675,2967.36,2325.45,3051.67,175.68,160.93,-1.02,0.54,154.52,160.9,151.58,22.41,0.0,0.987,0.988,0.988,0.05,2,1.0,0.0,68206.43
2026-08-30T18:56:46.854Z,65.629779,-149.334508,2967.38,2325.46,3051.92,175.49,160.74,-0.95,1.85,154.49,160.87,151.55,-0.37,0.0,0.976,0.976,0.976,,1,1.0,0.0,68207.344
2026-08-30T18:56:47.817Z,65.629109,-149.334325,2966.95,2291.24,3052.06,175.11,160.36,-1.26,2.84,154.53,160.91,151.52,-12.18,0.0,0.987,1.003,0.992,0.78,3,1.0,0.0,68208.305
2026-08-30T18:56:48.959Z,65.62831,-149.334093,2967.12,2291.42,3052.16,174.62,159.87,-0.55,4.42,154.47,160.91,151.42,-11.27,0.0,0.988,1.033,1.015,1.097,4,1.0,0.0,68209.453
2026-08-30T18:56:49.869Z,65.627678,-149.333894,2964.95,2238.69,3050.85,174.19,159.43,0.35,5.91,154.56,160.93,151.54,-156.81,0.0,0.863,0.863,0.863,,1,1.0,0.0,68210.359
2026-08-30T18:56:50.804Z,65.62703,-149.333673,2959.12,2232.81,3046.87,173.29,158.52,0.12,7.61,154.71,161.15,151.91,-299.25,0.0,0.886,0.958,0.922,1.064,3,1.0,0.0,68211.289
2026-08-30T18:56:51.959Z,65.626231,-149.333366,2951.92,2094.89,3039.74,172.09,157.32,0.87,9.17,155.05,161.43,152.35,-357.18,0.0,1.012,1.025,1.018,0.907,4,1.0,0.0,68212.43
2026-08-30T18:56:52.841Z,65.625612,-149.333099,2944.84,2087.73,3034.33,171.15,156.37,1.65,9.96,155.38,161.81,152.88,-471.23,0.0,0.92,0.92,0.92,,1,1.0,0.0,68213.32
2026-08-30T18:56:53.764Z,65.624968,-149.33279,2935.25,2071.3,3026.47,169.98,155.19,1.41,10.1,155.86,162.35,153.55,-579.05,0.0,0.947,0.955,0.951,0.424,3,1.0,0.0,68214.289
2026-08-30T18:56:54.943Z,65.624154,-149.33235,2923.01,2059.46,3016.39,168.03,153.27,0.85,10.51,156.4,162.82,154.25,-572.28,0.0,1.015,1.087,1.05,1.396,4,1.0,0.0,68215.43
2026-08-30T18:56:56.253Z,65.623251,-149.33179,2911.52,2086.83,3004.66,166.77,151.99,1.46,7.44,156.81,163.25,155.02,-557.68,0.0,0.959,0.959,0.959,,1,1.0,0.0,68216.734
2026-08-30T18:56:56.801Z,65.622869,-149.331536,2906.25,2081.53,2999.67,166.25,151.48,1.97,6.4,157.15,163.58,155.21,-598.69,0.0,0.99,0.99,0.99,,1,1.0,0.0,68217.289
2026-08-30T18:56:57.966Z,65.622065,-149.330971,2891.44,2143.85,2987.32,165.16,150.39,2.29,4.43,158.06,164.55,156.35,-756.67,0.0,0.886,0.94,0.904,1.074,4,1.0,0.0,68218.453
2026-08-30T18:56:58.863Z,65.621441,-149.330508,2877.65,2130.06,2975.61,164.69,149.94,3.09,3.85,158.83,165.34,157.13,-890.3,0.0,0.886,0.886,0.886,,1,1.0,0.0,68219.352
2026-08-30T18:56:59.813Z,65.620781,-149.330002,2860.91,1973.3,2961.01,164.3,149.54,3.26,2.42,159.03,165.83,157.98,-1035.5,0.0,0.935,0.953,0.942,3.827,3,1.0,0.0,68220.305
2026-08-30T18:57:00.968Z,65.619981,-149.329374,2838.68,1951.05,2940.1,163.91,149.15,2.96,1.17,160.64,167.17,159.18,-1103.25,0.0,0.955,1.049,1.012,1.365,4,1.0,0.0,68221.445
2026-08-30T18:57:01.856Z,65.619358,-149.328876,2822.4,1899.13,2924.23,163.71,148.96,2.67,0.14,161.33,167.69,159.96,-1083.91,0.0,1.044,1.044,1.044,,1,1.0,0.0,68222.336
2026-08-30T18:57:02.792Z,65.618696,-149.328344,2806.39,1846.46,2907.81,163.61,148.86,2.52,-0.85,162.14,168.61,160.67,-1021.05,0.0,1.025,1.074,1.053,0.662,3,1.0,0.0,68223.273
2026-08-30T18:57:03.949Z,65.617884,-149.327688,2788.2,1838.2,2887.47,163.45,148.7,2.73,-2.17,162.5,168.69,161.43,-974.64,0.0,0.99,1.034,1.01,0.36,4,1.0,0.0,68224.422
2026-08-30T18:57:04.839Z,65.61725,-149.32718,2774.4,1871.75,2873.21,163.54,148.8,1.99,-1.97,162.71,169.03,162.1,-909.65,0.0,1.071,1.071,1.071,,1,1.0,0.0,68225.32
2026-08-30T18:57:05.784Z,65.61657,-149.326637,2762.68,1948.94,2859.83,163.69,148.95,1.5,-1.72,163.16,169.44,162.56,-763.16,0.0,1.105,1.105,1.105,,1,1.0,0.0,68226.266
2026-08-30T18:57:06.936Z,65.615746,-149.325985,2751.85,1978.32,2846.62,163.83,149.09,0.52,-1.63,163.4,169.59,162.77,-583.31,0.0,1.076,1.094,1.085,0.855,4,1.0,0.0,68227.422
2026-08-30T18:57:07.824Z,65.615114,-149.32549,2745.8,1964.43,2838.4,163.86,149.12,0.3,-1.93,162.87,169.01,162.68,-470.7,0.0,1.053,1.053,1.053,,1,1.0,0.0,68228.305
2026-08-30T18:57:08.968Z,65.614295,-149.324849,2738.34,1861.15,2829.68,164.33,149.6,-0.39,-2.39,162.39,168.42,162.38,-413.53,0.0,1.005,1.011,1.008,0.167,4,1.0,0.0,68229.461
2026-08-30T18:57:09.865Z,65.613654,-149.324354,2732.68,1722.85,2823.8,164.57,149.82,-0.83,-3.69,161.84,167.78,162.01,-386.11,0.0,1.014,1.014,1.014,,1,1.0,0.0,68230.336
2026-08-30T18:57:10.788Z,65.61299,-149.323849,2727.83,1672.67,2819.81,164.73,149.99,-0.93,-5.13,161.51,167.56,161.6,-314.26,0.0,1.049,1.059,1.053,0.76,3,1.0,0.0,68231.258
2026-08-30T18:57:11.907Z,65.612191,-149.323258,2724.22,1577.68,2814.46,165.0,150.27,-0.69,-6.59,161.4,167.41,161.11,-219.28,0.0,1.035,1.068,1.053,0.421,4,1.0,0.0,68232.383
2026-08-30T18:57:12.974Z,65.611427,-149.322717,2721.54,1566.03,2810.73,166.02,151.31,-1.5,-8.58,161.41,167.42,160.57,-143.64,0.0,1.037,1.069,1.053,0.205,2,1.0,0.0,68233.453
2026-08-30T18:57:13.905Z,65.610764,-149.322271,2721.46,1495.84,2808.67,167.3,152.58,-1.89,-11.05,160.15,165.94,159.73,-22.53,0.0,1.109,1.113,1.11,2.009,3,1.0,0.0,68234.391
2026-08-30T18:57:14.840Z,65.610093,-149.32185,2723.25,1430.96,2809.0,167.77,153.05,-1.96,-12.88,159.72,165.6,159.04,64.54,0.0,1.029,1.095,1.06,0.38,3,1.0,0.0,68235.32
2026-08-30T18:57:16.149Z,65.609155,-149.321327,2727.23,1385.95,2811.46,169.67,154.95,-1.97,-13.06,159.02,164.86,158.0,191.05,0.0,1.094,1.094,1.094,,1,1.0,0.0,68236.648
2026-08-30T18:57:16.919Z,65.608611,-149.321059,2730.32,1349.3,2813.47,170.33,155.6,-1.13,-12.83,158.36,163.98,156.88,179.83,0.0,0.954,0.997,0.976,0.37,2,1.0,0.0,68237.406
2026-08-30T18:57:17.813Z,65.607966,-149.320768,2731.38,1312.59,2816.0,171.12,156.41,-0.82,-12.17,156.96,162.6,155.99,82.9,0.0,0.874,0.874,0.874,,1,1.0,0.0,68238.305
2026-08-30T18:57:18.765Z,65.607288,-149.32049,2730.86,1272.94,2816.72,172.13,157.4,0.11,-11.32,156.44,162.25,155.4,-30.82,0.0,0.881,0.892,0.887,0.92,3,1.0,0.0,68239.258
2026-08-30T18:57:19.920Z,65.606468,-149.320189,2724.25,1199.12,2814.35,173.14,158.42,1.33,-9.01,156.75,162.73,155.68,-335.41,0.0,0.815,0.829,0.822,0.686,4,1.0,0.0,68240.414
2026-08-30T18:57:20.815Z,65.605826,-149.319979,2715.62,1187.78,2810.22,173.82,159.09,1.96,-7.36,157.28,163.34,156.2,-500.74,0.0,0.94,0.94,0.94,,1,1.0,0.0,68241.305
2026-08-30T18:57:21.971Z,65.605005,-149.319736,2702.56,1219.24,2799.64,174.43,159.69,2.0,-4.89,158.21,164.3,157.01,-638.36,0.0,0.924,0.993,0.961,0.964,4,1.0,0.0,68242.438
2026-08-30T18:57:22.845Z,65.604368,-149.319563,2692.38,1252.92,2788.6,174.77,160.02,2.24,-3.93,158.94,164.97,157.6,-671.21,0.0,1.025,1.025,1.025,,1,1.0,0.0,68243.32
2026-08-30T18:57:23.791Z,65.603685,-149.319387,2680.31,1317.56,2776.93,175.11,160.37,2.3,-3.16,159.57,165.57,158.26,-754.79,0.0,0.927,0.939,0.931,0.893,3,1.0,0.0,68244.281
2026-08-30T18:57:24.934Z,65.602851,-149.319184,2665.49,1342.33,2762.81,175.25,160.5,1.61,-2.54,159.79,165.67,159.22,-736.16,0.0,1.003,1.063,1.039,0.273,4,1.0,0.0,68245.406
2026-08-30T18:57:26.229Z,65.601893,-149.31897,2652.93,1387.8,2749.07,174.97,160.26,0.81,-1.06,159.99,165.81,159.99,-573.89,0.0,1.064,1.064,1.064,,1,1.0,0.0,68246.711
2026-08-30T18:57:26.972Z,65.601345,-149.318849,2647.58,1382.5,2741.33,175.64,160.89,0.51,-0.84,159.8,165.5,160.16,-469.1,0.0,1.069,1.08,1.074,0.376,2,1.0,0.0,68247.453
2026-08-30T18:57:27.859Z,65.600695,-149.318709,2643.24,1445.46,2734.27,174.73,159.96,0.13,-0.32,159.19,164.81,159.8,-350.03,0.0,1.065,1.065,1.065,,1,1.0,0.0,68248.336
2026-08-30T18:57:28.794Z,65.599998,-149.318555,2639.45,1505.66,2728.81,175.88,161.19,-0.52,0.09,158.72,164.44,159.76,-254.61,0.0,0.984,1.078,1.03,1.894,3,1.0,0.0,68249.281
2026-08-30T18:57:29.939Z,65.599165,-149.318374,2637.45,1464.8,2724.59,175.71,160.98,-0.91,-2.63,158.19,163.83,159.25,-127.85,0.0,1.054,1.067,1.06,0.525,4,1.0,0.0,68250.414
2026-08-30T18:57:30.809Z,65.598519,-149.318239,2636.78,1464.12,2722.87,175.9,161.13,-0.4,-3.09,158.45,164.2,159.63,-100.77,0.0,0.945,0.945,0.945,,1,1.0,0.0,68251.281
2026-08-30T18:57:31.966Z,65.597671,-149.318071,2635.13,1427.51,2721.0,175.67,160.93,-0.87,-2.09,158.46,164.31,159.44,-62.1,0.0,0.978,1.049,1.022,0.413,4,1.0,0.0,68252.445
2026-08-30T18:57:32.844Z,65.597021,-149.317946,2633.97,1426.23,2719.99,175.76,161.01,0.98,-1.07,158.52,164.26,159.36,-150.54,0.0,0.85,0.85,0.85,,1,1.0,0.0,68253.328
2026-08-30T18:57:33.786Z,65.596329,-149.317811,2626.53,1427.09,2716.58,175.73,160.98,1.97,0.71,158.83,164.59,159.6,-451.24,0.0,0.771,0.776,0.773,0.513,3,1.0,0.0,68254.273
2026-08-30T18:57:34.939Z,65.595486,-149.317643,2612.09,1375.95,2706.55,175.6,160.84,1.1,1.55,159.09,164.87,160.26,-636.33,0.0,0.866,1.034,0.967,0.88,4,1.0,0.0,68255.406
2026-08-30T18:57:36.223Z,65.594534,-149.317439,2598.99,1349.93,2693.13,175.04,160.28,0.55,2.39,159.65,165.33,160.75,-581.28,0.0,1.054,1.054,1.054,,1,1.0,0.0,68256.703
2026-08-30T18:57:36.955Z,65.593985,-149.317313,2593.04,1271.6,2685.16,174.87,160.11,1.28,2.6,159.99,165.77,160.88,-525.25,0.0,1.058,1.079,1.069,1.878,2,1.0,0.0,68257.453
2026-08-30T18:57:37.869Z,65.59331,-149.317151,2583.55,1218.91,2676.93,174.38,159.63,1.54,0.79,160.25,165.89,161.15,-664.14,0.0,0.783,0.783,0.783,,1,1.0,0.0,68258.344
2026-08-30T18:57:38.825Z,65.592604,-149.316973,2572.11,1173.52,2666.07,174.54,159.79,0.43,1.12,160.86,166.53,161.35,-636.91,0.0,1.03,1.122,1.088,0.918,3,1.0,0.0,68259.297
2026-08-30T18:57:39.960Z,65.591757,-149.316754,2562.91,1131.15,2655.51,174.35,159.59,0.28,1.76,160.4,165.95,161.42,-499.34,0.0,1.075,1.138,1.115,1.566,4,1.0,0.0,68260.43
2026-08-30T18:57:40.829Z,65.591112,-149.316582,2557.45,1094.61,2648.81,173.94,159.18,0.03,2.35,160.53,166.1,161.48,-407.13,0.0,1.057,1.057,1.057,,1,1.0,0.0,68261.297
2026-08-30T18:57:41.954Z,65.590274,-149.316344,2552.38,1063.86,2641.94,173.49,158.73,-0.37,3.13,160.47,166.08,161.44,-285.98,0.0,1.053,1.06,1.056,0.093,4,1.0,0.0,68262.43
2026-08-30T18:57:42.829Z,65.589634,-149.31615,2550.04,1035.33,2638.16,173.11,158.34,-0.66,4.36,160.49,165.91,161.27,-192.86,0.0,1.056,1.056,1.056,,1,1.0,0.0,68263.297
2026-08-30T18:57:43.957Z,65.588797,-149.315874,2548.47,1017.14,2635.05,172.29,157.51,-0.67,8.31,159.9,165.4,161.0,-105.78,0.0,1.026,1.047,1.035,0.447,4,1.0,0.0,68264.422
2026-08-30T18:57:44.883Z,65.588113,-149.315622,2547.81,1014.58,2633.58,171.16,156.36,-0.64,10.26,159.69,165.16,160.85,-55.69,0.0,1.024,1.042,1.033,0.423,3,1.0,0.0,68265.352
2026-08-30T18:57:46.154Z,65.587189,-149.315232,2547.11,1050.5,2632.61,169.78,155.01,0.25,3.89,159.7,165.26,160.63,-83.14,0.0,0.92,0.92,0.92,,1,1.0,0.0,68266.602
2026-08-30T18:57:46.860Z,65.586661,-149.314992,2544.89,1100.23,2630.31,169.52,154.76,0.06,1.66,159.68,165.22,160.62,-142.27,0.0,0.934,0.957,0.946,0.406,2,1.0,0.0,68267.32
2026-08-30T18:57:47.793Z,65.585984,-149.314672,2542.23,1138.27,2627.22,169.32,154.56,-0.63,1.33,159.5,164.92,160.63,-131.04,0.0,1.004,1.06,1.031,0.971,3,1.0,0.0,68268.25
2026-08-30T18:57:48.829Z,65.585225,-149.314304,2542.35,1198.4,2624.31,168.98,154.21,-1.32,1.49,159.15,164.61,160.39,7.43,0.0,1.102,1.102,1.102,0.149,2,1.0,0.0,68269.297
2026-08-30T18:57:49.957Z,65.584404,-149.313896,2546.41,1217.21,2626.2,168.71,153.96,-1.94,1.82,158.74,164.17,159.9,193.75,0.0,1.089,1.103,1.095,0.321,4,1.0,0.0,68270.43
2026-08-30T18:57:50.822Z,65.583786,-149.313578,2551.71,1268.79,2630.82,168.46,153.69,-2.03,2.24,158.52,163.99,159.36,313.26,0.0,1.064,1.064,1.064,,1,1.0,0.0,68271.281
2026-08-30T18:57:51.948Z,65.582974,-149.313151,2557.91,1359.46,2637.44,167.94,153.18,0.16,3.1,157.77,163.28,159.01,239.44,0.0,0.84,0.979,0.918,2.113,4,1.0,0.0,68272.406
2026-08-30T18:57:52.894Z,65.582298,-149.312781,2556.55,1490.13,2640.33,167.57,152.81,1.5,3.66,157.79,163.36,159.14,-59.1,0.0,0.771,0.781,0.777,0.257,3,1.0,0.0,68273.359
2026-08-30T18:57:53.957Z,65.581533,-149.31235,2549.25,1559.41,2637.93,167.13,152.37,0.65,2.74,158.13,163.72,159.61,-291.03,0.0,0.949,0.992,0.971,0.001,2,1.0,0.0,68274.406
2026-08-30T18:57:54.859Z,65.58088,-149.311967,2544.09,1624.72,2632.02,166.67,151.91,0.23,2.55,158.38,163.92,159.89,-290.41,0.0,1.053,1.071,1.062,0.201,3,1.0,0.0,68275.312
2026-08-30T18:57:55.950Z,65.580094,-149.311494,2539.69,1590.78,2626.28,166.44,151.69,-0.11,0.16,158.97,164.48,159.95,-250.83,0.0,0.998,1.013,1.006,0.423,2,1.0,0.0,68276.406
2026-08-30T18:57:56.783Z,65.579494,-149.311125,2537.02,1577.14,2623.2,166.74,152.0,-0.64,0.25,159.49,165.12,160.07,-190.4,0.0,1.097,1.097,1.097,,1,1.0,0.0,68277.25
2026-08-30T18:57:57.912Z,65.578688,-149.310629,2536.6,1578.68,2620.62,166.45,151.69,-1.12,0.34,159.7,165.11,159.83,-29.86,0.0,1.09,1.115,1.099,0.741,4,1.0,0.0,68278.383
2026-08-30T18:57:58.855Z,65.578016,-149.310209,2538.95,1592.56,2620.29,166.38,151.62,-1.61,0.45,159.37,164.73,159.46,114.26,0.0,1.073,1.089,1.082,1.291,3,1.0,0.0,68279.305
2026-08-30T18:57:59.878Z,65.577284,-149.30975,2543.82,1615.21,2622.38,166.17,151.42,-2.07,0.64,158.9,164.24,158.92,245.67,0.0,1.04,1.044,1.042,0.249,2,1.0,0.0,68280.328
2026-08-30T18:58:00.794Z,65.576637,-149.309338,2549.79,1664.76,2627.49,166.03,151.27,-2.37,0.89,158.35,163.68,158.34,358.53,0.0,1.054,1.079,1.067,0.604,3,1.0,0.0,68281.25
2026-08-30T18:58:01.905Z,65.575845,-149.308825,2558.87,1682.93,2635.94,165.78,151.02,-2.31,1.74,157.68,163.0,157.55,447.72,0.0,1.003,1.055,1.035,1.061,4,1.0,0.0,68282.367
2026-08-30T18:58:02.963Z,65.575107,-149.308338,2566.38,1736.16,2644.02,165.45,150.69,-1.38,2.11,157.13,162.54,157.02,398.49,0.0,0.933,0.942,0.938,0.471,2,1.0,0.0,68283.414
2026-08-30T18:58:03.879Z,65.57446,-149.307902,2569.18,1762.35,2649.55,165.1,150.34,-0.4,1.23,156.81,162.25,156.85,188.15,0.0,0.788,0.849,0.812,1.722,3,1.0,0.0,68284.344
2026-08-30T18:58:04.805Z,65.573811,-149.307458,2568.09,1790.53,2651.8,165.02,150.26,0.19,-0.19,156.86,162.34,156.84,-11.3,0.0,0.888,0.916,0.904,1.421,3,1.0,0.0,68285.273
2026-08-30T18:58:06.047Z,65.572951,-149.306861,2561.95,1739.06,2649.91,165.19,150.45,0.4,-1.2,157.41,162.94,157.08,-258.18,0.0,0.914,0.914,0.914,,1,1.0,0.0,68286.492
2026-08-30T18:58:06.947Z,65.572323,-149.306426,2556.62,1721.7,2645.82,165.44,150.69,-0.03,-0.9,157.81,163.27,157.06,-274.51,0.0,1.002,1.081,1.043,0.502,3,1.0,0.0,68287.398
2026-08-30T18:58:07.963Z,65.57161,-149.305928,2553.08,1724.34,2641.38,165.09,150.34,0.25,-0.54,157.61,163.07,156.89,-224.39,0.0,0.96,0.985,0.972,1.225,2,1.0,0.0,68288.5
2026-08-30T18:58:08.958Z,65.570918,-149.30544,2549.04,1707.47,2637.59,165.29,150.54,0.38,-0.48,157.78,163.34,157.2,-268.09,0.0,0.919,0.966,0.94,1.044,3,1.0,0.0,68289.438
2026-08-30T18:58:09.812Z,65.570315,-149.305022,2544.59,1692.76,2633.26,165.21,150.45,0.61,-1.19,158.46,164.06,157.93,-292.94,0.0,0.994,0.994,0.994,,1,1.0,0.0,68290.273
2026-08-30T18:58:10.939Z,65.569524,-149.304469,2537.72,1706.25,2625.6,165.39,150.65,0.58,-1.52,158.98,164.49,158.2,-353.51,0.0,0.948,0.977,0.959,1.46,4,1.0,0.0,68291.391
2026-08-30T18:58:11.862Z,65.568879,-149.30402,2532.25,1678.65,2621.07,165.38,150.62,0.73,-2.31,159.34,164.83,158.38,-357.76,0.0,0.992,1.033,1.019,1.251,3,1.0,0.0,68292.312
2026-08-30T18:58:12.887Z,65.568155,-149.30352,2525.56,1732.72,2614.24,165.54,150.8,0.51,-2.66,159.48,164.93,158.57,-384.48,0.0,0.987,0.991,0.989,0.448,2,1.0,0.0,68293.359
2026-08-30T18:58:13.827Z,65.567495,-149.303067,2519.66,1742.83,2608.1,165.82,151.06,0.59,-3.15,159.65,165.12,158.71,-368.62,0.0,1.016,1.024,1.02,0.228,3,1.0,0.0,68294.281
2026-08-30T18:58:14.947Z,65.566698,-149.302533,2513.0,1763.56,2601.97,165.68,150.92,0.61,-3.4,159.76,165.25,159.03,-367.91,0.0,0.982,1.004,0.993,0.292,4,1.0,0.0,68295.391
2026-08-30T18:58:16.181Z,65.565818,-149.301954,2505.63,1803.21,2595.09,166.7,151.99,0.02,-4.77,160.45,165.77,159.52,-340.09,0.0,1.044,1.044,1.044,,1,1.0,0.0,68296.641
2026-08-30T18:58:16.893Z,65.56531,-149.30163,2502.45,1800.08,2591.54,167.17,152.41,-0.48,-7.3,160.25,165.65,159.42,-275.07,0.0,1.062,1.081,1.071,0.218,2,1.0,0.0,68297.352
2026-08-30T18:58:17.821Z,65.564648,-149.301224,2500.35,1767.51,2587.93,167.55,152.83,-0.57,-6.82,160.3,165.72,159.38,-169.71,0.0,1.076,1.086,1.081,0.308,3,1.0,0.0,68298.281
2026-08-30T18:58:18.868Z,65.563899,-149.300789,2498.82,1778.04,2585.35,167.81,153.0,-1.4,-6.59,159.88,165.31,159.04,-97.83,0.0,1.056,1.096,1.076,0.437,2,1.0,0.0,68299.336
2026-08-30T18:58:19.792Z,65.563231,-149.300421,2500.12,1714.57,2584.47,167.72,153.04,-1.44,-3.8,160.55,166.11,159.69,61.83,0.0,1.097,1.143,1.125,1.374,3,1.0,0.0,68300.258
2026-08-30T18:58:20.923Z,65.562419,-149.299986,2504.65,1744.77,2586.44,169.18,154.39,-2.4,-5.39,160.84,166.25,159.79,218.68,0.0,1.004,1.036,1.018,1.419,4,1.0,0.0,68301.375
2026-08-30T18:58:21.969Z,65.561665,-149.299596,2512.47,1757.95,2591.09,169.3,154.55,-2.22,-2.36,160.53,165.75,158.93,383.82,0.0,1.051,1.107,1.079,1.733,2,1.0,0.0,68302.422
2026-08-30T18:58:22.878Z,65.561007,-149.299261,2519.31,1765.12,2596.07,169.08,154.31,-2.08,-0.91,159.07,164.1,157.36,430.78,0.0,0.988,1.085,1.038,0.834,3,1.0,0.0,68303.375
2026-08-30T18:58:23.911Z,65.560271,-149.298888,2524.16,1772.18,2602.67,168.88,154.13,-0.18,0.02,157.48,162.79,156.26,199.43,0.0,0.69,0.848,0.763,0.846,3,1.0,0.0,68304.406
2026-08-30T18:58:24.816Z,65.559632,-149.298548,2522.81,1742.75,2604.36,169.05,154.28,-0.3,-1.51,157.9,163.32,156.5,7.14,0.0,0.916,0.916,0.916,,1,1.0,0.0,68305.336
2026-08-30T18:58:25.835Z,65.558908,-149.29818,2520.83,1723.21,2604.2,168.43,153.67,-1.53,-2.45,157.75,163.03,156.48,-28.5,0.0,1.082,1.082,1.082,,1,1.0,0.0,68306.305
2026-08-30T18:58:26.964Z,65.558114,-149.297765,2522.79,1718.26,2604.71,169.2,154.49,-1.73,-3.55,157.17,162.39,155.94,92.08,0.0,1.042,1.133,1.089,1.236,4,1.0,0.0,68307.43
2026-08-30T18:58:27.813Z,65.557512,-149.297459,2525.86,1695.53,2606.18,169.91,155.15,-1.97,-5.23,156.61,161.83,155.21,180.98,0.0,1.091,1.091,1.091,,1,1.0,0.0,68308.281
2026-08-30T18:58:28.777Z,65.556833,-149.297127,2530.12,1658.63,2608.57,169.69,154.97,-2.85,-6.09,156.14,161.3,154.61,261.73,0.0,1.02,1.068,1.044,1.051,3,1.0,0.0,68309.242
2026-08-30T18:58:29.905Z,65.556044,-149.296759,2537.99,1639.23,2614.27,171.16,156.43,-2.79,-8.54,154.6,159.7,152.97,380.4,0.0,0.981,1.095,1.037,0.985,4,1.0,0.0,68310.359
2026-08-30T18:58:30.948Z,65.55532,-149.296448,2545.61,1635.76,2620.74,172.22,157.49,-2.22,-11.47,153.93,159.07,152.04,407.95,0.0,1.057,1.06,1.059,1.454,2,1.0,0.0,68311.414
2026-08-30T18:58:31.872Z,65.55468,-149.296204,2550.56,1638.32,2628.45,172.73,158.02,-2.27,-11.58,152.93,157.77,150.83,328.05,0.0,0.947,0.97,0.957,0.86,3,1.0,0.0,68312.328
2026-08-30T18:58:32.781Z,65.55405,-149.295994,2554.74,1652.83,2634.02,174.11,159.38,-1.9,-11.76,151.47,156.48,149.59,302.18,0.0,1.07,1.084,1.078,0.679,3,1.0,0.0,68313.258
2026-08-30T18:58:33.855Z,65.55331,-149.295788,2559.45,1723.55,2639.54,174.98,160.22,-1.32,-8.67,151.09,156.28,149.27,249.16,0.0,0.966,0.979,0.972,0.475,2,1.0,0.0,68314.328
2026-08-30T18:58:34.789Z,65.552668,-149.295634,2560.84,1825.1,2642.96,175.73,161.01,-0.42,-3.93,150.55,155.54,148.55,97.52,0.0,0.902,0.911,0.908,0.737,3,1.0,0.0,68315.258
2026-08-30T18:58:35.897Z,65.551917,-149.295463,2559.57,1832.23,2644.08,175.94,161.19,-0.56,-2.98,149.09,154.19,147.27,-14.44,0.0,0.918,0.93,0.924,0.042,2,1.0,0.0,68316.359
2026-08-30T18:58:36.944Z,65.551201,-149.295313,2557.47,1827.61,2643.36,176.17,161.41,-0.66,-1.61,148.99,154.17,147.19,-99.86,0.0,0.947,0.961,0.954,0.117,2,1.0,0.0,68317.406
2026-08-30T18:58:37.885Z,65.550562,-149.295182,2554.95,1825.96,2641.62,177.03,162.29,-0.53,-1.57,149.3,154.67,147.23,-146.04,0.0,0.956,0.972,0.963,0.389,3,1.0,0.0,68318.352
2026-08-30T18:58:38.808Z,65.549929,-149.295061,2551.23,1820.14,2639.06,177.36,162.62,0.54,-2.81,149.71,154.82,147.36,-245.8,0.0,0.901,0.963,0.934,1.607,3,1.0,0.0,68319.281
2026-08-30T18:58:39.884Z,65.549201,-149.294938,2544.09,1811.44,2632.86,176.77,162.01,0.33,-3.2,149.71,155.0,147.49,-360.42,0.0,0.949,0.962,0.956,0.322,2,1.0,0.0,68320.367
2026-08-30T18:58:40.825Z,65.548567,-149.294836,2536.47,1803.51,2626.68,177.28,162.55,0.64,-3.1,150.49,155.82,148.07,-475.06,0.0,0.906,0.941,0.919,0.72,3,1.0,0.0,68321.281
2026-08-30T18:58:41.893Z,65.547834,-149.294728,2524.96,1786.77,2616.95,177.69,162.92,1.59,-3.5,151.32,156.65,148.89,-630.71,0.0,0.909,0.924,0.917,0.391,2,1.0,0.0,68322.359
2026-08-30T18:58:42.833Z,65.547185,-149.294642,2512.66,1764.78,2606.96,178.35,163.59,1.24,-4.94,151.49,156.77,149.76,-722.96,0.0,0.931,1.003,0.968,0.743,3,1.0,0.0,68323.297
2026-08-30T18:58:43.968Z,65.546401,-149.294554,2497.18,1736.52,2593.88,178.31,163.56,1.72,-6.21,152.36,157.71,150.64,-821.24,0.0,0.949,0.981,0.96,0.617,4,1.0,0.0,68324.453
2026-08-30T18:58:44.856Z,65.545776,-149.294496,2483.72,1708.58,2581.71,178.79,164.04,1.4,-5.99,153.18,158.46,151.18,-854.47,0.0,1.025,1.025,1.025,,1,1.0,0.0,68325.336
2026-08-30T18:58:45.792Z,65.54512,-149.294448,2471.42,1667.54,2568.57,180.54,165.83,0.67,-6.24,152.82,157.84,150.47,-766.0,0.0,1.122,1.122,1.122,,1,1.0,0.0,68326.273
2026-08-30T18:58:46.938Z,65.54432,-149.294421,2460.76,1626.4,2555.35,181.2,166.36,0.0,-6.15,153.71,158.94,151.56,-565.37,0.0,1.141,1.169,1.156,0.969,4,1.0,0.0,68327.438
2026-08-30T18:58:47.843Z,65.543684,-149.294425,2454.31,1619.96,2547.58,180.5,165.75,0.39,-4.08,154.28,159.49,152.03,-488.86,0.0,0.997,0.997,0.997,,1,1.0,0.0,68328.32
2026-08-30T18:58:48.784Z,65.543023,-149.294436,2447.04,1602.09,2540.47,180.99,166.25,0.72,-3.11,154.7,159.97,152.71,-487.57,0.0,0.969,0.977,0.974,1.152,3,1.0,0.0,68329.258
2026-08-30T18:58:49.923Z,65.542222,-149.294458,2437.5,1586.94,2530.95,181.95,167.2,0.72,-3.63,155.33,160.73,153.51,-503.64,0.0,0.992,1.01,1.001,0.825,4,1.0,0.0,68330.391
2026-08-30T18:58:50.790Z,65.541601,-149.294486,2429.54,1590.54,2522.58,182.02,167.27,1.11,-4.89,156.69,162.09,154.97,-552.84,0.0,1.001,1.001,1.001,,1,1.0,0.0,68331.258
2026-08-30T18:58:51.903Z,65.540802,-149.294538,2418.73,1586.3,2511.84,182.9,168.15,0.4,-5.55,157.76,162.99,155.84,-529.39,0.0,1.035,1.109,1.068,1.328,4,1.0,0.0,68332.375
2026-08-30T18:58:52.839Z,65.540126,-149.2946,2412.56,1600.3,2504.19,183.17,168.44,0.08,-5.28,158.1,163.22,156.08,-427.94,0.0,1.061,1.105,1.086,1.067,3,1.0,0.0,68333.32
2026-08-30T18:58:53.912Z,65.539351,-149.29469,2407.38,1595.45,2497.17,184.03,169.27,-0.96,-3.85,157.99,162.96,155.91,-278.3,0.0,1.1,1.132,1.116,0.144,2,1.0,0.0,68334.391
2026-08-30T18:58:54.841Z,65.53868,-149.294783,2405.91,1591.34,2493.38,183.56,168.82,-1.05,-1.62,157.81,162.82,155.81,-143.83,0.0,1.076,1.091,1.082,0.932,3,1.0,0.0,68335.328
2026-08-30T18:58:56.128Z,65.537758,-149.294914,2404.93,1602.93,2490.94,183.5,168.72,-0.78,-1.33,157.55,162.74,155.83,-92.25,0.0,0.943,0.943,0.943,,1,1.0,0.0,68336.586
2026-08-30T18:58:56.843Z,65.537244,-149.294986,2404.14,1576.8,2489.94,183.64,168.89,-1.3,-1.49,157.85,162.92,155.82,-52.19,0.0,0.993,1.033,1.013,1.103,2,1.0,0.0,68337.32
2026-08-30T18:58:57.786Z,65.536569,-149.295082,2403.96,1542.91,2489.32,183.98,169.24,-0.5,-1.85,157.68,162.74,155.72,-48.43,0.0,0.983,1.039,1.017,0.594,3,1.0,0.0,68338.266
2026-08-30T18:58:58.882Z,65.535775,-149.295198,2401.7,1552.97,2488.43,184.59,169.83,-1.33,-1.8,157.74,162.86,155.72,-88.26,0.0,0.932,1.003,0.968,1.801,2,1.0,0.0,68339.352
2026-08-30T18:58:59.800Z,65.535114,-149.295302,2402.15,1583.57,2487.6,184.64,169.89,-2.26,-1.33,158.08,163.27,155.9,26.93,0.0,1.087,1.114,1.1,0.609,3,1.0,0.0,68340.273
2026-08-30T18:59:00.863Z,65.534348,-149.29543,2407.56,1519.7,2488.96,184.62,169.83,-3.07,-2.28,157.93,162.89,155.52,299.12,0.0,1.211,1.227,1.219,0.736,2,1.0,0.0,68341.328
2026-08-30T18:59:01.811Z,65.533674,-149.295542,2414.73,1511.09,2493.78,184.12,169.36,-1.77,-1.54,157.49,162.49,155.17,339.67,0.0,0.9,1.038,0.965,0.308,3,1.0,0.0,68342.266
2026-08-30T18:59:02.918Z,65.532871,-149.295672,2420.13,1519.31,2499.76,184.85,170.09,-2.25,-1.88,157.57,162.78,155.46,323.74,0.0,0.922,1.012,0.972,0.629,4,1.0,0.0,68343.352
2026-08-30T18:59:03.943Z,65.532136,-149.295793,2426.82,1510.19,2505.34,184.31,169.54,-2.73,-0.63,156.72,161.49,154.3,390.64,0.0,0.994,0.996,0.995,0.241,2,1.0,0.0,68344.398
2026-08-30T18:59:04.864Z,65.531484,-149.295902,2434.29,1513.43,2511.3,184.67,169.92,-2.84,-0.98,155.89,160.7,153.44,461.8,0.0,1.016,1.033,1.024,0.418,3,1.0,0.0,68345.305
2026-08-30T18:59:05.941Z,65.530722,-149.296026,2442.52,1538.99,2519.67,184.71,169.95,-1.63,-2.18,154.56,159.69,152.48,409.86,0.0,0.942,0.975,0.959,0.389,2,1.0,0.0,68346.406
2026-08-30T18:59:06.817Z,65.530102,-149.296129,2445.8,1562.35,2526.52,184.84,170.09,-0.95,-1.6,154.76,159.79,152.7,249.51,0.0,0.869,0.869,0.869,,1,1.0,0.0,68347.273
2026-08-30T18:59:07.924Z,65.529325,-149.296264,2445.86,1580.01,2530.63,185.17,170.43,-0.56,-0.68,154.33,159.19,152.13,50.2,0.0,0.898,0.923,0.909,0.676,4,1.0,0.0,68348.406
2026-08-30T18:59:08.844Z,65.528677,-149.29638,2445.04,1587.68,2530.96,184.8,170.01,-1.04,0.3,153.82,158.93,151.62,-12.85,0.0,0.967,1.01,0.989,1.406,3,1.0,0.0,68349.305
2026-08-30T18:59:09.908Z,65.52793,-149.29651,2443.64,1546.21,2530.7,184.12,169.36,-1.01,2.29,,159.14,151.93,-57.11,0.0,0.975,0.983,0.979,0.722,2,1.0,0.0,68350.492
2026-08-30T18:59:10.927Z,65.527214,-149.296621,2441.14,1493.74,2529.9,183.54,168.74,-0.48,3.09,154.08,159.19,152.06,-148.03,0.0,0.884,0.901,0.893,1.42,3,1.0,0.0,68351.398
2026-08-30T18:59:11.789Z,65.526613,-149.296701,2437.77,1490.35,2526.14,182.93,168.17,0.47,4.41,154.45,159.65,152.48,-222.2,0.0,0.961,0.961,0.961,,1,1.0,0.0,68352.242
2026-08-30T18:59:12.882Z,65.525839,-149.296783,2429.47,1494.8,2519.65,183.04,168.24,1.05,4.0,154.77,159.85,152.64,-435.7,0.0,0.854,0.875,0.864,1.157,4,1.0,0.0,68353.344
2026-08-30T18:59:13.807Z,65.525194,-149.296837,2420.33,1484.05,2512.49,182.09,167.34,1.44,1.69,155.06,160.29,153.24,-547.48,0.0,0.962,0.984,0.976,0.774,3,1.0,0.0,68354.266
2026-08-30T18:59:14.855Z,65.524441,-149.296886,2408.4,1462.96,2502.63,181.98,167.22,0.86,-1.42,155.8,160.96,154.0,-618.8,0.0,1.022,1.059,1.041,0.094,2,1.0,0.0,68355.312
2026-08-30T18:59:15.949Z,65.523661,-149.296933,2398.84,1465.8,2492.28,181.95,167.21,0.12,-1.17,156.55,161.67,154.67,-507.41,0.0,1.071,1.073,1.072,0.082,2,1.0,0.0,68356.406
2026-08-30T18:59:16.795Z,65.523056,-149.296971,2394.36,1472.86,2485.86,182.19,167.42,-0.66,-1.33,156.83,161.91,155.01,-351.43,0.0,1.115,1.115,1.115,,1,1.0,0.0,68357.258
2026-08-30T18:59:17.915Z,65.522253,-149.297024,2392.39,1477.96,2480.63,182.4,167.67,-0.97,-1.02,156.38,161.32,154.98,-150.41,0.0,1.073,1.123,1.099,0.655,4,1.0,0.0,68358.375
2026-08-30T18:59:18.834Z,65.521594,-149.29707,2392.93,1485.47,2478.98,182.15,167.37,-2.05,-0.89,155.68,160.53,154.61,25.07,0.0,1.066,1.113,1.09,0.507,3,1.0,0.0,68359.375
2026-08-30T18:59:19.946Z,65.520806,-149.297126,2397.72,1504.8,2480.22,181.36,166.59,-2.6,1.23,154.56,159.31,153.92,224.75,0.0,1.126,1.13,1.128,0.003,2,1.0,0.0,68360.391
2026-08-30T18:59:20.862Z,65.52015,-149.297167,2404.22,1552.9,2484.4,181.13,166.36,-2.22,-1.62,153.7,158.48,153.39,340.49,0.0,1.021,1.095,1.061,1.299,3,1.0,0.0,68361.305
2026-08-30T18:59:21.881Z,65.519428,-149.297208,2409.58,1560.55,2489.48,181.43,166.69,-2.21,-4.52,152.59,157.36,152.87,304.28,0.0,0.918,0.953,0.935,0.582,2,1.0,0.0,68362.336
2026-08-30T18:59:22.776Z,65.518791,-149.29725,2413.6,1529.27,2493.78,182.06,167.3,-1.98,-5.69,152.52,157.47,152.71,274.21,0.0,0.973,0.989,0.98,0.072,3,1.0,0.0,68363.234
2026-08-30T18:59:23.881Z,65.518009,-149.297318,2416.98,1522.85,2498.32,182.61,167.86,-1.43,-7.04,152.1,157.04,152.32,169.26,0.0,0.937,0.971,0.952,0.246,4,1.0,0.0,68364.352
2026-08-30T18:59:24.932Z,65.517272,-149.297406,2418.7,1541.38,2501.03,182.91,168.14,-1.89,-6.3,151.53,156.18,151.35,149.45,0.0,1.017,1.019,1.018,0.495,2,1.0,0.0,68365.391
2026-08-30T18:59:25.833Z,65.516642,-149.297497,2421.6,1565.84,2503.17,183.55,168.83,-1.42,-5.34,150.75,155.67,150.78,168.58,0.0,0.957,0.957,0.957,,1,1.0,0.0,68366.297
2026-08-30T18:59:26.968Z,65.515856,-149.297626,2422.86,1578.2,2505.51,184.42,169.66,-1.15,-5.55,150.99,156.07,151.23,64.39,0.0,0.898,0.925,0.909,1.178,4,1.0,0.0,68367.422
2026-08-30T18:59:27.820Z,65.515257,-149.297738,2422.61,1582.1,2506.34,184.42,169.69,-1.04,-5.21,151.61,156.63,151.43,9.96,0.0,0.974,0.974,0.974,,1,1.0,0.0,68368.273
2026-08-30T18:59:28.917Z,65.514489,-149.297895,2422.36,1582.38,2506.49,186.08,171.33,-1.26,-4.96,152.28,157.31,151.28,11.82,0.0,1.001,1.051,1.031,0.367,4,1.0,0.0,68369.414
2026-08-30T18:59:29.887Z,65.513813,-149.298052,2422.78,1583.39,2506.74,186.17,171.41,-1.24,-4.74,152.67,157.71,151.29,17.22,0.0,1.001,1.014,1.006,0.123,3,1.0,0.0,68370.375
2026-08-30T18:59:30.796Z,65.51318,-149.29821,2423.09,1579.65,2506.98,186.57,171.83,-1.2,-3.79,153.03,158.13,151.26,21.98,0.0,0.993,0.993,0.993,,1,1.0,0.0,68371.289
2026-08-30T18:59:31.948Z,65.512381,-149.298421,2423.25,1579.04,2507.32,187.21,172.45,-0.78,-3.71,152.66,157.47,150.28,-3.44,0.0,0.949,0.973,0.959,0.136,4,1.0,0.0,68372.43
2026-08-30T18:59:32.853Z,65.511756,-149.298599,2422.68,1574.58,2507.15,187.36,172.59,-1.19,-5.09,152.34,157.22,150.04,-12.51,0.0,1.006,1.006,1.006,,1,1.0,0.0,68373.375
2026-08-30T18:59:33.848Z,65.511071,-149.298804,2422.38,1571.78,2506.86,186.81,172.05,-0.92,-5.26,152.2,157.18,150.15,-33.74,0.0,0.957,1.004,0.978,0.329,3,1.0,0.0,68374.305
2026-08-30T18:59:34.964Z,65.510296,-149.299044,2420.81,1552.18,2506.03,187.37,172.61,-1.65,-2.73,152.56,157.65,150.47,-64.1,0.0,0.974,0.994,0.98,0.86,4,1.0,0.0,68375.422
2026-08-30T18:59:36.204Z,65.50945,-149.299313,2422.77,1516.72,2505.85,188.01,173.26,-1.55,-0.74,152.74,157.73,150.45,88.67,0.0,1.061,1.061,1.061,,1,1.0,0.0,68376.688
2026-08-30T18:59:36.964Z,65.508923,-149.299482,2424.12,1494.28,2506.81,188.24,173.49,-1.07,-0.16,152.71,157.54,150.12,66.62,0.0,0.938,0.949,0.943,0.083,2,1.0,0.0,68377.422
2026-08-30T18:59:37.921Z,65.508259,-149.299692,2423.31,1470.21,2507.55,188.0,173.21,-1.35,-1.32,151.84,156.68,149.83,-24.78,0.0,0.931,0.97,0.946,1.615,3,1.0,0.0,68378.383
2026-08-30T18:59:38.802Z,65.507655,-149.299883,2423.17,1481.64,2507.34,187.87,173.13,-1.73,-1.62,151.3,156.17,149.34,27.04,0.0,1.15,1.15,1.15,,1,1.0,0.0,68379.25
2026-08-30T18:59:39.903Z,65.506898,-149.300123,2423.95,1495.8,2507.93,187.74,172.97,-0.5,-1.5,151.63,156.87,149.94,-5.14,0.0,0.966,1.041,0.995,0.462,4,1.0,0.0,68380.391
2026-08-30T18:59:40.871Z,65.506238,-149.300334,2421.57,1512.21,2507.34,187.85,173.1,-0.24,-1.29,152.27,157.22,150.55,-133.94,0.0,0.873,0.891,0.885,1.38,3,1.0,0.0,68381.414
2026-08-30T18:59:41.815Z,65.505585,-149.300543,2418.29,1523.53,2505.14,187.96,173.18,-0.46,-1.34,152.56,157.59,150.83,-160.17,0.0,1.044,1.044,1.044,,1,1.0,0.0,68382.297
2026-08-30T18:59:42.937Z,65.504809,-149.300794,2414.53,1523.53,2502.09,188.16,173.45,-0.67,-0.93,152.83,157.84,151.23,-195.49,0.0,0.974,1.004,0.988,1.136,4,1.0,0.0,68383.414
2026-08-30T18:59:43.837Z,65.50418,-149.301,2411.84,1512.94,2499.26,189.03,174.28,-1.13,-2.13,152.92,157.84,151.4,-171.63,0.0,1.013,1.013,1.013,,1,1.0,0.0,68384.328
2026-08-30T18:59:44.778Z,65.503525,-149.301226,2411.51,1499.88,2497.12,189.13,174.36,-2.5,-2.23,152.86,157.95,151.41,3.79,0.0,1.124,1.187,1.16,0.354,3,1.0,0.0,68385.281
2026-08-30T18:59:45.920Z,65.502735,-149.301513,2416.96,1467.08,2498.5,188.73,173.97,-3.29,-0.82,153.07,158.07,150.68,259.39,0.0,1.144,1.156,1.15,0.223,2,1.0,0.0,68386.391
2026-08-30T18:59:46.946Z,65.50203,-149.301772,2425.56,1441.53,2503.53,188.86,174.13,-3.22,0.78,153.19,157.88,150.51,433.84,0.0,1.027,1.046,1.036,0.037,2,1.0,0.0,68387.43
2026-08-30T18:59:47.894Z,65.501373,-149.302007,2433.88,1418.59,2510.17,188.96,174.17,-3.14,-0.35,152.3,157.07,149.85,480.5,0.0,0.985,0.997,0.992,0.01,3,1.0,0.0,68388.344
2026-08-30T18:59:48.803Z,65.50075,-149.302227,2441.36,1426.05,2517.5,187.79,173.02,-2.76,-0.22,151.2,155.95,149.41,475.52,0.0,0.971,0.992,0.983,0.558,3,1.0,0.0,68389.242
2026-08-30T18:59:49.802Z,65.500063,-149.302462,2448.31,1391.12,2526.56,187.95,173.16,-3.14,-0.61,149.78,154.63,149.08,426.24,0.0,0.953,0.964,0.959,0.928,2,1.0,0.0,68390.242
2026-08-30T18:59:50.900Z,65.499317,-149.302709,2456.87,1374.01,2534.9,187.4,172.65,-3.39,-1.17,149.48,154.42,148.56,495.82,0.0,1.043,1.109,1.085,1.024,4,1.0,0.0,68391.344
2026-08-30T18:59:51.898Z,65.498636,-149.30293,2466.07,1397.63,2543.1,188.16,173.43,-3.09,-4.21,148.94,153.84,148.09,520.8,0.0,0.994,0.999,0.996,0.145,2,1.0,0.0,68392.344
2026-08-30T18:59:52.797Z,65.498026,-149.303134,2473.5,1417.43,2550.37,187.92,173.14,-3.01,-5.64,148.69,153.37,147.53,489.41,0.0,0.954,0.973,0.966,0.554,3,1.0,0.0,68393.25
2026-08-30T18:59:53.912Z,65.497276,-149.303397,2480.95,1403.18,2558.83,189.43,174.73,-2.02,-4.89,147.81,152.79,146.99,394.1,0.0,0.935,0.952,0.943,0.984,4,1.0,0.0,68394.359
2026-08-30T18:59:54.936Z,65.496588,-149.303655,2485.58,1342.4,2565.0,190.37,175.62,-2.79,-5.82,147.5,152.65,146.93,334.8,0.0,0.995,1.041,1.019,0.106,2,1.0,0.0,68395.383
2026-08-30T18:59:55.836Z,65.495982,-149.303901,2490.74,1350.68,2570.03,190.17,175.4,-2.23,-3.64,147.99,152.94,147.47,318.01,0.0,0.925,0.925,0.925,,1,1.0,0.0,68396.289
2026-08-30T18:59:56.959Z,65.495227,-149.304226,2494.68,1342.79,2575.27,189.97,175.21,-2.1,-8.48,148.44,153.3,147.86,213.38,0.0,0.933,0.947,0.94,0.439,4,1.0,0.0,68397.414
2026-08-30T18:59:57.795Z,65.494667,-149.304482,2496.82,1335.84,2578.2,191.06,176.38,-2.88,-11.26,148.14,153.11,147.49,216.81,0.0,1.056,1.056,1.056,,1,1.0,0.0,68398.258
2026-08-30T18:59:58.923Z,65.493916,-149.304867,2502.73,1354.6,2582.82,193.54,178.85,-3.49,-14.42,147.68,152.59,147.44,305.79,0.0,1.03,1.072,1.05,0.601,4,1.0,0.0,68399.375
2026-08-30T18:59:59.840Z,65.493303,-149.305233,2510.49,1374.69,2587.99,195.18,180.43,-4.16,-16.34,147.27,152.08,146.85,492.62,0.0,1.156,1.223,1.195,1.614,3,1.0,0.0,68400.281
2026-08-30T19:00:00.863Z,65.49264,-149.305687,2520.63,1399.4,2595.85,196.49,181.8,-3.59,-15.34,146.49,151.38,146.5,513.8,0.0,0.922,0.937,0.929,0.758,2,1.0,0.0,68401.305
2026-08-30T19:00:01.966Z,65.491928,-149.306232,2529.55,1414.26,2604.64,198.01,183.29,-3.0,-15.19,146.47,151.85,146.46,484.19,0.0,0.982,1.021,1.006,1.735,4,1.0,0.0,68402.414
2026-08-30T19:00:02.801Z,65.491388,-149.306684,2535.1,1402.87,2609.75,200.14,185.43,-2.37,-15.19,146.93,151.92,146.48,403.05,0.0,0.922,0.922,0.922,,1,1.0,0.0,68403.266
2026-08-30T19:00:03.938Z,65.490673,-149.307341,2539.83,1378.46,2616.43,201.73,187.02,-1.96,-13.77,146.41,151.4,146.42,264.43,0.0,0.942,0.948,0.945,0.348,4,1.0,0.0,68404.398
2026-08-30T19:00:04.845Z,65.490102,-149.307914,2541.44,1356.88,2619.45,203.25,188.52,-1.8,-13.86,146.72,151.87,146.95,151.55,0.0,0.937,0.988,0.962,0.661,3,1.0,0.0,68405.305
2026-08-30T19:00:06.091Z,65.489331,-149.308751,2541.0,1345.01,2622.4,204.45,189.7,-0.96,-12.49,147.25,152.35,147.87,-29.69,0.0,0.888,0.888,0.888,,1,1.0,0.0,68406.547
2026-08-30T19:00:06.803Z,65.488885,-149.309262,2539.48,1317.3,2622.2,204.72,189.97,-1.24,-12.02,147.52,152.84,148.13,-56.24,0.0,1.033,1.069,1.051,1.269,2,1.0,0.0,68407.266
2026-08-30T19:00:07.927Z,65.488198,-149.310087,2536.06,1320.01,2620.9,206.4,191.7,0.34,-11.32,148.38,153.55,148.86,-224.94,0.0,0.835,0.963,0.89,0.681,4,1.0,0.0,68408.375
2026-08-30T19:00:08.790Z,65.487672,-149.310747,2529.86,1313.28,2615.17,208.24,193.53,-0.42,-6.94,149.41,154.95,150.04,-328.04,0.0,0.994,0.994,0.994,,1,1.0,0.0,68409.234
2026-08-30T19:00:09.897Z,65.486992,-149.311644,2524.52,1310.24,2604.68,208.31,193.55,-0.83,-1.93,149.92,155.12,150.73,-274.42,0.0,1.035,1.084,1.054,0.709,4,1.0,0.0,68410.344
2026-08-30T19:00:10.814Z,65.486435,-149.312392,2522.02,1275.81,2599.39,209.2,194.47,-1.32,1.76,149.79,154.92,150.82,-178.5,0.0,1.084,1.091,1.086,0.39,3,1.0,0.0,68411.273
2026-08-30T19:00:11.853Z,65.485802,-149.313244,2520.69,1256.58,2596.34,209.13,194.34,-1.07,0.98,150.71,155.99,151.13,-118.98,0.0,0.998,1.013,1.006,0.187,2,1.0,0.0,68412.305
2026-08-30T19:00:12.963Z,65.48512,-149.31416,2518.8,1211.21,2593.99,208.07,193.28,-1.05,4.84,151.48,156.68,151.65,-99.18,0.0,0.996,1.06,1.037,0.601,4,1.0,0.0,68413.422
2026-08-30T19:00:13.819Z,65.484592,-149.314852,2517.13,1204.65,2592.39,207.76,193.01,-0.49,7.46,151.16,156.22,151.58,-134.09,0.0,1.003,1.003,1.003,,1,1.0,0.0,68414.281
2026-08-30T19:00:14.942Z,65.483896,-149.315734,2512.75,1238.8,2590.07,206.17,191.36,-1.06,8.97,150.65,155.68,151.24,-206.16,0.0,0.979,1.02,0.997,1.209,4,1.0,0.0,68415.406
2026-08-30T19:00:15.856Z,65.483325,-149.316428,2510.23,1214.75,2587.71,204.97,190.18,-1.58,9.83,150.67,155.89,151.01,-145.81,0.0,1.166,1.166,1.166,,1,1.0,0.0,68416.32
2026-08-30T19:00:16.901Z,65.482662,-149.317165,2510.06,1200.63,2586.09,203.47,188.7,-2.03,10.28,150.79,155.9,151.02,-20.63,0.0,1.115,1.116,1.116,0.029,2,1.0,0.0,68417.359
2026-08-30T19:00:17.804Z,65.482082,-149.317774,2512.41,1187.7,2586.09,202.31,187.49,-2.67,10.55,149.83,154.62,149.87,120.07,0.0,1.114,1.12,1.118,0.406,3,1.0,0.0,68418.266
2026-08-30T19:00:18.922Z,65.481371,-149.318474,2518.48,1187.93,2588.7,200.13,185.37,-2.91,12.74,148.95,154.01,149.05,296.13,0.0,1.115,1.139,1.129,0.706,4,1.0,0.0,68419.391
2026-08-30T19:00:19.957Z,65.480697,-149.319067,2525.46,1210.09,2592.94,199.28,184.48,-2.85,12.39,148.57,153.61,148.58,355.33,0.0,1.009,1.015,1.012,0.154,2,1.0,0.0,68420.422
2026-08-30T19:00:20.868Z,65.480105,-149.319551,2530.88,1220.24,2598.54,197.2,182.39,-2.68,13.26,148.08,152.88,148.2,338.83,0.0,0.992,1.009,1.003,0.748,3,1.0,0.0,68421.336
2026-08-30T19:00:21.789Z,65.479506,-149.319997,2535.2,1186.08,2603.88,195.94,181.15,-2.67,13.95,147.57,152.77,148.3,296.83,0.0,0.998,1.024,1.012,0.231,3,1.0,0.0,68422.242
2026-08-30T19:00:22.820Z,65.478819,-149.320459,2539.3,1202.42,2607.49,193.8,178.98,-3.02,13.78,147.49,152.52,148.07,270.8,0.0,1.008,1.037,1.023,1.94,2,1.0,0.0,68423.305
2026-08-30T19:00:23.780Z,65.478181,-149.320833,2545.02,1174.74,2612.36,192.53,177.75,-2.47,13.76,148.27,153.49,148.61,335.26,0.0,1.066,1.131,1.101,1.416,3,1.0,0.0,68424.25
2026-08-30T19:00:24.911Z,65.477424,-149.321218,2550.73,1187.11,2620.22,191.04,176.22,-2.3,11.82,148.85,154.03,149.06,289.51,0.0,0.952,0.971,0.958,0.395,4,1.0,0.0,68425.359
2026-08-30T19:00:26.115Z,65.476599,-149.32157,2554.69,1197.63,2626.25,188.41,173.59,-2.3,12.46,148.68,154.06,149.17,206.32,0.0,0.99,0.99,0.99,,1,1.0,0.0,68426.57
2026-08-30T19:00:26.828Z,65.476117,-149.321737,2557.03,1200.02,2628.85,186.96,172.18,-2.39,13.75,149.25,154.39,149.27,219.7,0.0,1.072,1.082,1.077,0.771,2,1.0,0.0,68427.289
2026-08-30T19:00:27.953Z,65.475349,-149.321944,2560.73,1149.17,2632.91,186.7,171.86,-2.36,13.84,148.5,153.51,148.78,172.49,0.0,0.98,1.001,0.986,0.565,4,1.0,0.0,68428.445
2026-08-30T19:00:28.845Z,65.474734,-149.322072,2562.46,1150.9,2635.41,183.86,169.01,-1.88,13.09,148.39,153.79,148.84,139.68,0.0,1.018,1.018,1.018,,1,1.0,0.0,68429.305
2026-08-30T19:00:29.948Z,65.473971,-149.322177,2564.17,1134.02,2637.82,182.22,167.43,-1.18,14.13,148.61,153.93,148.87,69.38,0.0,0.955,1.024,0.99,1.021,4,1.0,0.0,68430.422
2026-08-30T19:00:30.818Z,65.473373,-149.322218,2563.02,1132.81,2638.45,180.6,165.77,-0.9,14.76,149.03,154.27,149.44,-41.05,0.0,0.951,0.951,0.951,,1,1.0,0.0,68431.297
2026-08-30T19:00:31.987Z,65.472567,-149.322211,2561.71,1097.57,2637.56,178.32,163.5,-2.07,15.52,148.04,153.07,148.61,-5.4,0.0,1.061,1.198,1.142,0.751,4,1.0,0.0,68432.461
2026-08-30T19:00:32.860Z,65.471965,-149.322151,2563.43,1099.34,2637.78,176.89,162.07,-2.75,15.99,147.48,152.64,148.18,94.01,0.0,1.14,1.14,1.14,,1,1.0,0.0,68433.336
2026-08-30T19:00:33.804Z,65.471329,-149.322036,2566.97,1081.75,2639.65,174.71,159.88,-2.19,15.35,147.65,152.64,147.89,180.4,0.0,1.078,1.131,1.108,1.276,3,1.0,0.0,68434.273
2026-08-30T19:00:34.935Z,65.470554,-149.321823,2570.44,1083.71,2642.99,172.68,157.88,-2.23,14.55,146.28,151.29,146.67,168.95,0.0,0.986,1.028,1.007,1.305,4,1.0,0.0,68435.414
2026-08-30T19:00:36.214Z,65.469692,-149.321496,2573.34,1046.4,2645.74,169.41,154.6,-2.28,13.52,145.63,150.75,146.47,143.67,0.0,1.024,1.024,1.024,,1,1.0,0.0,68436.703
2026-08-30T19:00:36.960Z,65.469198,-149.321263,2575.46,1048.55,2647.36,168.63,153.85,-2.42,12.7,145.87,151.02,146.68,171.28,0.0,1.074,1.087,1.08,0.378,2,1.0,0.0,68437.438
2026-08-30T19:00:37.837Z,65.468621,-149.320957,2577.91,1053.2,2649.63,167.44,152.63,-1.81,11.09,145.8,150.99,146.73,143.21,0.0,0.959,0.959,0.959,,1,1.0,0.0,68438.312
2026-08-30T19:00:38.788Z,65.467997,-149.320587,2579.34,1012.28,2651.6,166.14,151.36,-1.84,9.2,145.7,150.67,146.77,104.73,0.0,0.996,0.997,0.997,0.093,3,1.0,0.0,68439.266
2026-08-30T19:00:39.917Z,65.467249,-149.320106,2582.47,996.14,2653.48,164.57,149.77,-3.0,4.59,144.93,149.94,145.77,216.3,0.0,1.037,1.124,1.083,0.577,4,1.0,0.0,68440.375
2026-08-30T19:00:40.784Z,65.466688,-149.319718,2587.79,975.47,2657.09,164.27,149.52,-2.74,2.68,144.35,149.38,145.59,288.86,0.0,0.992,0.992,0.992,,1,1.0,0.0,68441.266
2026-08-30T19:00:41.919Z,65.465954,-149.319198,2592.73,944.38,2662.31,162.78,148.0,-1.44,0.8,143.7,148.74,144.69,224.39,0.0,0.929,0.955,0.944,0.632,4,1.0,0.0,68442.406
2026-08-30T19:00:42.869Z,65.465347,-149.318756,2593.66,917.53,2664.76,163.94,149.24,-2.28,-0.63,143.34,148.49,145.23,113.7,0.0,0.885,0.965,0.923,2.078,3,1.0,0.0,68443.344
2026-08-30T19:00:43.950Z,65.464655,-149.318253,2596.85,897.77,2667.73,163.96,149.17,-2.8,-0.97,143.95,149.17,145.27,215.09,0.0,1.121,1.135,1.128,0.685,2,1.0,0.0,68444.414
2026-08-30T19:00:44.871Z,65.464058,-149.317824,2601.51,893.76,2672.01,163.8,149.04,-2.31,1.24,143.1,148.04,144.54,235.38,0.0,0.924,1.039,0.981,1.016,3,1.0,0.0,68445.352
2026-08-30T19:00:46.168Z,65.463229,-149.317219,2605.67,879.44,2677.43,163.4,148.6,-2.38,1.97,142.96,148.12,144.2,203.29,0.0,1.013,1.013,1.013,,1,1.0,0.0,68446.672
2026-08-30T19:00:46.932Z,65.46274,-149.316853,2607.79,877.92,2680.08,161.96,147.2,-1.92,2.52,142.86,147.98,144.15,164.71,0.0,0.958,0.982,0.97,0.014,2,1.0,0.0,68447.414
2026-08-30T19:00:47.819Z,65.462178,-149.316417,2608.82,870.2,2682.33,163.25,148.55,-1.06,0.56,142.93,148.05,144.14,71.13,0.0,0.904,0.904,0.904,,1,1.0,0.0,68448.305
2026-08-30T19:00:48.971Z,65.461447,-149.315845,2607.55,862.76,2683.03,163.21,148.38,-2.02,-0.79,142.67,147.79,144.38,-6.94,0.0,0.935,1.015,0.976,1.178,4,1.0,0.0,68449.469
2026-08-30T19:00:49.888Z,65.460863,-149.315394,2608.67,859.76,2683.23,162.05,147.31,-1.88,0.4,143.12,148.41,144.87,63.96,0.0,1.062,1.062,1.062,,1,1.0,0.0,68450.391
2026-08-30T19:00:50.865Z,65.460244,-149.314906,2610.16,852.45,2684.33,162.64,147.86,-2.11,-0.88,143.53,148.84,145.31,70.97,0.0,0.981,0.998,0.988,0.13,3,1.0,0.0,68451.383
2026-08-30T19:00:51.860Z,65.459601,-149.314403,2612.14,848.08,2685.71,161.65,146.92,-2.52,1.48,144.15,149.44,145.52,137.48,0.0,1.03,1.078,1.055,0.352,3,1.0,0.0,68452.391
2026-08-30T19:00:52.853Z,65.458973,-149.313899,2615.27,854.48,2688.08,162.33,147.57,-2.66,0.21,144.04,149.25,145.44,161.93,0.0,0.974,0.974,0.974,,1,1.0,0.0,68453.367
2026-08-30T19:00:53.844Z,65.45834,-149.313385,2618.53,783.26,2690.91,161.44,146.64,-2.6,2.11,144.21,149.51,145.8,204.54,0.0,1.022,1.039,1.029,0.903,3,1.0,0.0,68454.367
2026-08-30T19:00:54.816Z,65.45772,-149.312867,2622.8,730.98,2694.41,160.66,145.92,-1.94,4.55,143.4,148.33,145.16,224.45,0.0,0.969,1.053,1.015,1.596,3,1.0,0.0,68455.344
2026-08-30T19:00:56.222Z,65.456832,-149.312097,2627.2,686.82,2699.28,159.88,145.07,-3.11,2.35,143.19,148.31,144.61,219.45,0.0,1.047,1.047,1.047,,1,1.0,0.0,68456.734
2026-08-30T19:00:56.807Z,65.456464,-149.311768,2629.82,666.28,2701.42,159.39,144.63,-2.71,2.96,142.72,147.78,144.2,237.71,0.0,1.053,1.053,1.053,,1,1.0,0.0,68457.305
2026-08-30T19:00:57.955Z,65.45575,-149.31111,2632.41,605.34,2705.41,159.03,144.26,-1.46,3.1,142.77,148.07,144.47,99.39,0.0,0.852,0.939,0.887,0.809,4,1.0,0.0,68458.461
2026-08-30T19:00:58.896Z,65.455158,-149.310552,2631.77,585.6,2706.61,158.88,144.1,-0.69,3.07,142.54,147.69,144.91,-5.3,0.0,0.958,0.958,0.958,,1,1.0,0.0,68459.414
2026-08-30T19:00:59.890Z,65.454547,-149.30996,2629.2,547.65,2706.0,157.58,142.8,-1.19,3.61,142.89,148.34,145.8,-114.98,0.0,0.888,0.931,0.904,2.403,3,1.0,0.0,68460.414
2026-08-30T19:01:00.861Z,65.453935,-149.309345,2626.62,509.68,2704.05,157.18,142.43,-0.26,3.16,144.24,149.55,146.78,-169.86,0.0,0.957,1.044,1.004,1.785,3,1.0,0.0,68461.383
2026-08-30T19:01:01.835Z,65.453328,-149.308722,2621.26,430.45,2700.77,157.4,142.67,0.18,3.87,144.93,150.55,147.44,-309.59,0.0,0.902,0.902,0.902,,1,1.0,0.0,68462.359
2026-08-30T19:01:02.820Z,65.452714,-149.308077,2613.66,400.07,2695.25,156.89,142.1,0.33,3.57,145.93,151.45,148.29,-429.37,0.0,0.913,0.931,0.922,0.654,3,1.0,0.0,68463.328
2026-08-30T19:01:03.800Z,65.452101,-149.307423,2605.24,382.5,2688.04,156.04,141.28,0.51,6.14,146.44,152.02,149.02,-489.2,0.0,0.99,0.997,0.994,0.286,3,1.0,0.0,68464.312
2026-08-30T19:01:04.957Z,65.451371,-149.30661,2594.81,370.51,2677.15,154.91,140.1,0.39,7.99,147.21,152.82,149.87,-513.76,0.0,1.035,1.049,1.042,0.006,2,1.0,0.0,68465.477
2026-08-30T19:01:05.990Z,65.450729,-149.305859,2586.41,374.04,2668.04,153.88,139.1,0.49,9.25,147.77,153.48,150.71,-481.41,0.0,1.048,1.048,1.048,,1,1.0,0.0,68466.523
2026-08-30T19:01:06.969Z,65.45012,-149.305106,2579.07,391.19,2660.15,152.58,137.79,0.97,8.52,148.59,154.34,151.48,-476.11,0.0,0.965,0.965,0.965,,1,1.0,0.0,68467.516
2026-08-30T19:01:07.778Z,65.44962,-149.304461,2572.11,400.08,2653.93,151.86,137.08,0.78,8.36,149.12,154.9,152.11,-504.02,0.0,0.966,0.975,0.97,0.998,2,1.0,0.0,68468.297
2026-08-30T19:01:08.962Z,65.448887,-149.303469,2562.16,420.99,2644.87,150.58,135.83,1.03,8.64,149.95,155.73,152.94,-498.67,0.0,1.022,1.037,1.029,0.729,4,1.0,0.0,68469.484
2026-08-30T19:01:09.923Z,65.448302,-149.302639,2553.08,432.43,2636.87,149.64,134.85,0.76,8.61,150.18,156.11,153.52,-556.25,0.0,0.983,0.983,0.983,,1,1.0,0.0,68470.453
2026-08-30T19:01:10.928Z,65.447696,-149.301743,2543.91,446.86,2627.18,148.44,133.64,1.51,8.91,151.38,157.18,154.42,-558.05,0.0,1.025,1.076,1.054,1.443,3,1.0,0.0,68471.469
2026-08-30T19:01:11.942Z,65.447089,-149.300808,2533.42,463.98,2616.12,147.4,132.64,1.15,8.67,151.75,157.61,154.88,-604.04,0.0,0.937,0.981,0.957,0.957,3,1.0,0.0,68472.477
2026-08-30T19:01:12.937Z,65.44649,-149.299846,2522.75,474.18,2606.27,146.87,132.06,1.76,7.05,152.75,158.68,155.79,-648.77,0.0,0.964,0.964,0.964,,1,1.0,0.0,68473.492
2026-08-30T19:01:13.962Z,65.44588,-149.298835,2509.91,483.93,2594.85,145.44,130.65,1.59,7.06,153.6,159.47,156.74,-733.03,0.0,0.955,0.998,0.977,0.424,3,1.0,0.0,68474.5
2026-08-30T19:01:14.960Z,65.44529,-149.297822,2497.85,493.66,2583.72,144.64,129.85,0.64,7.59,154.04,159.85,157.45,-676.11,0.0,1.099,1.099,1.099,,1,1.0,0.0,68475.5
2026-08-30T19:01:16.049Z,65.444656,-149.29669,2488.72,526.37,2572.74,143.25,128.47,0.25,7.16,154.45,160.26,157.93,-514.91,0.0,1.097,1.097,1.097,,1,1.0,0.0,68476.578
2026-08-30T19:01:17.011Z,65.444093,-149.29564,2482.7,567.82,2564.96,143.28,128.49,0.66,5.87,154.61,160.38,158.18,-435.97,0.0,1.001,1.001,1.001,,1,1.0,0.0,68477.531
2026-08-30T19:01:17.798Z,65.443648,-149.294784,2477.45,601.56,2559.35,142.14,127.35,-0.1,4.8,154.83,160.67,158.42,-387.63,0.0,0.999,1.041,1.021,0.7,2,1.0,0.0,68478.336
2026-08-30T19:01:18.796Z,65.44308,-149.293684,2473.6,640.6,2553.49,141.8,127.03,-0.92,3.36,155.18,160.88,158.44,-232.43,0.0,1.108,1.113,1.11,0.225,3,1.0,0.0,68479.32
2026-08-30T19:01:19.951Z,65.442427,-149.292386,2473.32,679.91,2550.11,141.29,126.52,-0.72,3.14,155.11,160.86,158.33,-75.44,0.0,1.008,1.047,1.028,0.136,2,1.0,0.0,68480.477
2026-08-30T19:01:20.954Z,65.441865,-149.29125,2472.7,716.01,2548.94,140.82,126.07,-0.65,3.66,155.24,160.95,158.38,-53.47,0.0,1.017,1.041,1.029,0.231,3,1.0,0.0,68481.477
2026-08-30T19:01:21.913Z,65.441328,-149.290151,2472.19,732.17,2548.14,140.59,125.8,-1.11,3.5,154.95,160.65,158.33,-22.52,0.0,1.015,1.015,1.015,,1,1.0,0.0,68482.43
2026-08-30T19:01:22.926Z,65.440766,-149.288982,2474.03,731.86,2548.29,139.66,124.88,-1.49,3.23,154.77,160.41,158.03,98.95,0.0,1.073,1.087,1.08,0.97,3,1.0,0.0,68483.43
2026-08-30T19:01:23.893Z,65.440233,-149.287855,2477.45,741.9,2550.2,139.69,124.93,-2.4,1.44,154.47,160.04,157.67,200.08,0.0,1.03,1.067,1.047,0.78,3,1.0,0.0,68484.406
2026-08-30T19:01:24.825Z,65.439723,-149.286768,2483.32,747.83,2553.85,138.93,124.12,-2.89,-0.9,153.85,159.34,156.94,349.16,0.0,1.103,1.103,1.103,,1,1.0,0.0,68485.328
2026-08-30T19:01:25.806Z,65.439192,-149.285628,2491.72,759.7,2560.09,139.21,124.5,-2.97,-0.81,152.98,158.32,155.83,470.44,0.0,1.056,1.056,1.056,,1,1.0,0.0,68486.336
2026-08-30T19:01:26.805Z,65.438657,-149.284476,2500.06,774.36,2567.84,139.55,124.77,-2.0,-1.6,152.11,157.51,154.97,437.97,0.0,0.887,0.96,0.919,0.319,3,1.0,0.0,68487.312
2026-08-30T19:01:27.948Z,65.438048,-149.283164,2505.39,785.6,2575.46,139.54,124.81,-1.37,-2.14,151.89,157.32,154.79,285.12,0.0,0.913,0.921,0.917,0.506,2,1.0,0.0,68488.469
2026-08-30T19:01:28.923Z,65.437528,-149.282055,2507.62,797.21,2579.65,139.53,124.73,-1.16,-2.38,151.42,156.73,154.11,176.99,0.0,0.943,0.97,0.957,0.104,3,1.0,0.0,68489.438
2026-08-30T19:01:29.867Z,65.437024,-149.28098,2508.39,808.61,2582.06,139.13,124.41,-0.48,-1.07,151.59,157.19,154.49,59.96,0.0,0.938,0.938,0.938,,1,1.0,0.0,68490.391
2026-08-30T19:01:30.865Z,65.436494,-149.279852,2506.05,809.06,2582.37,139.81,125.01,-0.09,-2.75,151.79,157.26,154.77,-119.86,0.0,0.902,0.909,0.905,0.993,3,1.0,0.0,68491.391
2026-08-30T19:01:31.847Z,65.435961,-149.278717,2502.4,815.94,2580.18,139.23,124.47,-0.31,-1.1,152.8,158.46,155.96,-148.41,0.0,0.977,0.993,0.985,0.374,3,1.0,0.0,68492.352
2026-08-30T19:01:32.982Z,65.435352,-149.277418,2499.23,837.97,2577.31,139.23,124.43,0.09,-0.25,153.28,158.56,156.19,-201.18,0.0,0.905,0.917,0.911,0.405,2,1.0,0.0,68493.484
2026-08-30T19:01:33.933Z,65.434836,-149.276315,2495.34,860.76,2574.02,139.32,124.58,-0.32,-1.24,153.18,158.46,156.1,-203.56,0.0,0.989,1.048,1.021,0.622,3,1.0,0.0,68494.438
2026-08-30T19:01:34.869Z,65.434334,-149.275238,2492.84,881.2,2570.88,139.38,124.59,0.15,-0.68,153.71,159.16,156.68,-175.96,0.0,0.999,0.999,0.999,,1,1.0,0.0,68495.375
2026-08-30T19:01:35.865Z,65.433795,-149.274073,2489.02,900.56,2567.85,138.81,124.06,1.02,1.35,154.7,160.17,157.52,-271.85,0.0,0.903,0.903,0.903,,1,1.0,0.0,68496.383
2026-08-30T19:01:36.860Z,65.433256,-149.272908,2480.62,920.61,2562.53,138.87,124.08,1.35,0.26,155.39,160.78,158.22,-472.05,0.0,0.871,0.883,0.878,0.955,3,1.0,0.0,68497.375
2026-08-30T19:01:37.807Z,65.432741,-149.27178,2470.85,930.58,2554.69,138.38,123.64,1.14,-1.56,155.39,160.38,157.79,-560.96,0.0,1.048,1.048,1.048,,1,1.0,0.0,68498.328
2026-08-30T19:01:38.776Z,65.432223,-149.270646,2460.66,935.75,2545.71,139.26,124.51,1.11,-2.94,155.25,160.55,157.99,-607.78,0.0,1.02,1.056,1.036,0.284,3,1.0,0.0,68499.289
2026-08-30T19:01:39.966Z,65.431574,-149.269241,2449.83,955.33,2535.08,139.49,124.75,0.18,-3.33,155.52,160.76,158.33,-505.17,0.0,1.065,1.091,1.083,0.398,4,1.0,0.0,68500.477
2026-08-30T19:01:40.906Z,65.431061,-149.268144,2444.32,966.99,2527.67,140.22,125.48,0.62,-3.95,155.78,161.21,158.67,-417.13,0.0,1.034,1.034,1.034,,1,1.0,0.0,68501.406
2026-08-30T19:01:41.859Z,65.43053,-149.267028,2437.31,976.98,2520.34,141.22,126.5,0.29,-5.52,156.57,161.86,159.21,-432.05,0.0,0.997,1.027,1.01,1.159,3,1.0,0.0,68502.383
2026-08-30T19:01:42.837Z,65.429979,-149.2659,2431.63,985.94,2512.62,142.1,127.34,-0.38,-8.23,156.68,161.83,159.05,-324.61,0.0,1.103,1.117,1.111,0.063,3,1.0,0.0,68503.359
2026-08-30T19:01:43.780Z,65.429446,-149.264846,2428.72,998.77,2507.5,141.88,127.09,-0.31,-9.1,155.78,160.7,157.89,-237.93,0.0,1.031,1.031,1.031,,1,1.0,0.0,68504.297
2026-08-30T19:01:44.958Z,65.428777,-149.263563,2426.08,1012.99,2503.37,142.62,127.88,-1.2,-8.09,153.61,158.08,155.27,-107.19,0.0,1.011,1.073,1.048,0.572,4,1.0,0.0,68505.461
2026-08-30T19:01:46.316Z,65.428004,-149.262134,2424.95,1028.03,2500.96,144.27,129.47,-0.19,-10.42,152.75,157.68,154.86,-107.64,0.0,0.924,0.924,0.924,,1,1.0,0.0,68506.82
2026-08-30T19:01:46.891Z,65.427678,-149.261544,2423.4,1042.5,2500.19,144.41,129.68,-0.33,-10.71,152.51,157.44,154.59,-149.42,0.0,0.889,0.889,0.889,,1,1.0,0.0,68507.398
2026-08-30T19:01:47.866Z,65.427112,-149.260557,2419.7,1048.49,2497.59,146.31,131.58,-0.17,-11.71,152.23,157.02,154.02,-206.62,0.0,0.967,0.993,0.981,0.057,3,1.0,0.0,68508.383
2026-08-30T19:01:48.821Z,65.426554,-149.25963,2415.6,1055.24,2494.44,146.87,132.11,-0.29,-10.74,151.51,156.35,153.03,-242.93,0.0,1.015,1.015,1.015,,1,1.0,0.0,68509.352
2026-08-30T19:01:49.820Z,65.425963,-149.25869,2411.21,1071.87,2490.42,148.15,133.44,-0.3,-9.22,151.13,156.12,152.92,-252.35,0.0,0.989,0.995,0.992,0.417,3,1.0,0.0,68510.352
2026-08-30T19:01:50.828Z,65.425364,-149.257771,2406.97,1062.95,2486.23,148.83,134.09,-0.49,-9.07,151.31,156.29,153.07,-251.83,0.0,0.997,1.006,1.0,0.235,3,1.0,0.0,68511.359
2026-08-30T19:01:51.984Z,65.424668,-149.256747,2402.6,1073.36,2481.72,149.93,135.16,-0.32,-9.84,151.39,156.36,152.96,-235.34,0.0,1.003,1.018,1.01,0.275,2,1.0,0.0,68512.5
2026-08-30T19:01:52.974Z,65.424064,-149.255891,2398.2,1091.6,2478.02,150.82,136.1,-0.15,-10.05,151.66,156.72,153.25,-270.4,0.0,0.972,0.978,0.974,0.466,3,1.0,0.0,68513.5
2026-08-30T19:01:53.945Z,65.423461,-149.255069,2393.27,1106.12,2473.64,152.87,138.12,-0.21,-10.91,151.52,156.37,152.85,-275.21,0.0,1.029,1.029,1.029,,1,1.0,0.0,68514.477
2026-08-30T19:01:54.959Z,65.422828,-149.254256,2388.86,1081.81,2469.01,153.57,138.83,-0.22,-11.14,151.35,156.26,152.85,-279.2,0.0,0.981,1.005,0.993,0.966,3,1.0,0.0,68515.469
2026-08-30T19:01:55.971Z,65.422189,-149.253472,2383.5,1009.16,2463.78,154.44,139.68,-0.44,-11.0,151.17,156.06,153.19,-309.63,0.0,0.991,0.991,0.991,,1,1.0,0.0,68516.484
2026-08-30T19:01:56.909Z,65.421591,-149.252774,2377.88,895.48,2458.68,155.15,140.43,-0.13,-10.36,151.82,156.72,153.32,-361.63,0.0,0.968,0.968,0.968,,1,1.0,0.0,68517.422
2026-08-30T19:01:57.878Z,65.42097,-149.252079,2371.53,750.37,2452.68,156.67,141.89,-0.89,-10.97,151.37,156.08,152.6,-351.2,0.0,0.991,1.05,1.022,0.624,3,1.0,0.0,68518.391
2026-08-30T19:01:58.851Z,65.420343,-149.251424,2367.4,762.0,2447.35,158.2,143.5,0.01,-10.63,151.06,155.84,152.08,-280.86,0.0,1.036,1.067,1.057,1.769,3,1.0,0.0,68519.359
2026-08-30T19:01:59.786Z,65.41973,-149.250823,,778.7,2442.19,159.51,144.77,0.77,-10.99,151.57,156.66,153.07,-412.04,0.0,0.85,0.85,0.85,,1,1.0,0.0,68520.375
2026-08-30T19:02:00.833Z,65.419043,-149.250189,2353.01,795.31,2435.34,160.57,145.81,0.03,-8.27,151.9,156.78,153.17,-425.67,0.0,0.983,1.093,1.038,1.123,3,1.0,0.0,68521.344
2026-08-30T19:02:01.799Z,65.418394,-149.249625,2347.39,809.65,2428.7,161.28,146.53,-0.0,-5.08,152.22,157.19,153.56,-360.05,0.0,1.042,1.073,1.056,0.213,3,1.0,0.0,68522.32
2026-08-30T19:02:02.953Z,65.417623,-149.248975,2342.16,821.4,2422.22,161.41,146.65,-0.2,-1.54,152.67,157.47,153.72,-282.76,0.0,1.012,1.017,1.015,0.071,2,1.0,0.0,68523.5
2026-08-30T19:02:03.973Z,65.416937,-149.248404,2338.64,852.92,2417.72,161.51,146.72,-0.24,0.13,152.79,157.61,153.78,-225.43,0.0,1.016,1.025,1.022,0.509,3,1.0,0.0,68524.492
2026-08-30T19:02:04.934Z,65.416292,-149.247863,2335.44,866.82,2414.34,161.2,146.43,-0.36,0.96,152.8,157.64,154.0,-208.37,0.0,0.999,0.999,0.999,,1,1.0,0.0,68525.445
2026-08-30T19:02:05.947Z,65.41561,-149.24729,2332.85,876.1,2411.2,161.66,146.88,-1.47,1.59,153.73,158.66,154.98,-121.94,0.0,1.132,1.132,1.132,,1,1.0,0.0,68526.453
2026-08-30T19:02:06.914Z,65.414957,-149.246735,2334.0,881.55,2409.92,161.11,146.32,-0.79,1.62,153.85,158.63,154.88,7.61,0.0,1.037,1.122,1.082,1.686,3,1.0,0.0,68527.414
2026-08-30T19:02:07.846Z,65.414323,-149.246191,2333.74,910.28,2409.85,160.73,145.93,-0.87,1.6,153.54,158.24,154.4,-43.63,0.0,0.922,0.922,0.922,,1,1.0,0.0,68528.367
2026-08-30T19:02:08.838Z,65.413656,-149.24561,2332.49,923.0,2408.93,160.55,145.78,-0.57,2.46,152.83,157.47,153.68,-68.35,0.0,1.032,1.05,1.043,1.093,3,1.0,0.0,68529.336
2026-08-30T19:02:09.787Z,65.413023,-149.245054,2330.38,937.12,2407.72,160.23,145.43,-0.3,0.51,152.95,157.94,154.18,-124.56,0.0,0.94,0.977,0.958,0.315,3,1.0,0.0,68530.273
2026-08-30T19:02:10.871Z,65.4123,-149.244418,2328.1,951.36,2405.38,161.09,146.31,-0.92,1.42,153.39,158.21,154.47,-93.03,0.0,1.027,1.043,1.035,0.032,2,1.0,0.0,68531.352
2026-08-30T19:02:11.827Z,65.411654,-149.243846,2327.28,962.85,2403.91,160.06,145.28,0.14,0.29,153.71,158.55,154.66,-108.38,0.0,0.911,1.022,0.968,1.586,3,1.0,0.0,68532.32
2026-08-30T19:02:12.910Z,65.410926,-149.243196,2322.46,975.57,2401.21,160.1,145.29,0.78,-3.24,153.94,158.85,154.79,-264.56,0.0,0.896,0.899,0.897,0.088,2,1.0,0.0,68533.398
2026-08-30T19:02:13.851Z,65.410298,-149.242635,2315.23,989.09,2396.45,160.1,145.36,0.9,-3.02,154.18,159.09,155.21,-416.92,0.0,0.894,0.913,0.903,0.68,3,1.0,0.0,68534.328
2026-08-30T19:02:14.948Z,65.409556,-149.241979,2305.5,1004.32,2389.16,161.03,146.23,1.33,-3.57,154.85,159.78,155.8,-501.1,0.0,0.996,1.01,1.003,0.745,2,1.0,0.0,68535.43
2026-08-30T19:02:15.911Z,65.408904,-149.241409,2295.41,995.51,2381.87,160.88,146.09,1.13,-3.1,154.92,159.69,155.83,-569.32,0.0,0.999,0.999,0.999,,1,1.0,0.0,68536.5
2026-08-30T19:02:16.945Z,65.408202,-149.24081,2285.37,1017.56,2372.75,161.43,146.67,1.21,-2.57,155.45,160.44,156.27,-601.04,0.0,0.997,0.997,0.997,,1,1.0,0.0,68537.445
2026-08-30T19:02:17.920Z,65.407534,-149.240247,2275.16,1020.95,2361.5,161.32,146.52,0.9,-3.02,156.01,160.9,156.78,-603.85,0.0,1.04,1.058,1.049,0.016,3,1.0,0.0,68538.43
2026-08-30T19:02:18.921Z,65.406847,-149.239675,2266.33,1025.4,2350.84,161.34,146.54,0.25,-2.54,156.41,161.38,157.3,-519.57,0.0,1.078,1.078,1.078,,1,1.0,0.0,68539.422
2026-08-30T19:02:19.899Z,65.406179,-149.23912,2260.06,1032.32,2342.54,161.02,146.23,-0.0,-0.51,156.5,161.07,157.2,-403.88,0.0,1.067,1.094,1.082,0.584,3,1.0,0.0,68540.391
2026-08-30T19:02:20.867Z,65.405509,-149.238558,2255.89,1041.56,2336.37,160.23,145.43,-0.04,0.2,155.96,160.56,156.69,-304.43,0.0,1.021,1.045,1.035,0.619,3,1.0,0.0,68541.375
2026-08-30T19:02:21.806Z,65.404876,-149.238018,2252.04,1049.88,2331.72,161.5,146.76,-1.19,-0.61,155.92,160.56,156.7,-238.15,0.0,1.086,1.086,1.086,,1,1.0,0.0,68542.336
2026-08-30T19:02:22.820Z,65.404175,-149.237425,2251.93,1061.65,2328.58,160.52,145.72,-1.9,-1.12,156.19,161.01,157.31,-22.47,0.0,1.178,1.196,1.188,0.571,3,1.0,0.0,68543.312
2026-08-30T19:02:23.958Z,65.403395,-149.236747,2255.46,1077.2,2329.12,161.19,146.39,-1.44,-2.43,156.54,161.15,157.17,122.69,0.0,1.039,1.141,1.098,1.719,4,1.0,0.0,68544.438
2026-08-30T19:02:24.852Z,65.40278,-149.236214,2257.05,1088.65,2330.86,161.02,146.29,0.06,-6.32,157.29,162.46,158.35,31.94,0.0,0.885,0.885,0.885,,1,1.0,0.0,68545.352
2026-08-30T19:02:25.827Z,65.40211,-149.235641,2253.03,1096.14,2330.43,162.27,147.5,0.31,-8.88,157.69,162.11,158.05,-196.54,0.0,0.959,0.959,0.959,,1,1.0,0.0,68546.328
2026-08-30T19:02:26.789Z,65.401444,-149.235095,2246.8,1100.69,2326.75,162.74,148.0,0.56,-9.98,157.42,162.21,158.18,-333.64,0.0,0.973,1.015,0.993,0.368,3,1.0,0.0,68547.289
2026-08-30T19:02:27.937Z,65.400644,-149.234494,2239.55,1104.11,2320.2,164.93,150.11,-0.45,-9.43,158.05,162.34,158.3,-300.83,0.0,1.163,1.183,1.173,0.878,2,1.0,0.0,68548.43
2026-08-30T19:02:28.886Z,65.399975,-149.234044,2237.89,1113.83,2316.03,164.8,150.05,-1.83,-2.26,157.15,162.2,157.88,-109.25,0.0,1.112,1.165,1.138,1.075,3,1.0,0.0,68549.383
2026-08-30T19:02:29.796Z,65.399326,-149.233619,2240.64,1125.84,2315.17,165.89,151.08,-3.04,-0.18,158.55,163.47,159.19,138.84,0.0,1.193,1.193,1.193,,1,1.0,0.0,68550.281
2026-08-30T19:02:30.965Z,65.398501,-149.233077,2251.88,1145.56,2320.2,165.54,150.78,-3.32,-0.25,156.98,161.19,156.85,506.26,0.0,1.103,1.237,1.187,3.012,4,1.0,0.0,68551.453
2026-08-30T19:02:31.871Z,65.397866,-149.232658,2262.13,1164.99,2328.19,165.69,150.9,-3.39,-0.84,155.72,160.16,155.84,604.2,0.0,0.983,0.983,0.983,,1,1.0,0.0,68552.352
2026-08-30T19:02:32.800Z,65.397222,-149.232235,2272.98,1188.85,2337.84,165.17,150.39,-3.46,0.28,154.21,158.55,154.2,667.43,0.0,1.014,1.019,1.016,0.183,3,1.0,0.0,68553.297
2026-08-30T19:02:33.967Z,65.396418,-149.23171,2284.71,1209.61,2350.23,165.67,150.89,-2.49,0.23,152.99,157.46,153.08,552.79,0.0,0.875,0.974,0.916,0.733,4,1.0,0.0,68554.453
2026-08-30T19:02:34.858Z,65.39581,-149.231307,2290.57,1221.9,2359.28,165.15,150.35,-2.51,-0.62,152.26,156.77,152.49,445.75,0.0,1.003,1.003,1.003,,1,1.0,0.0,68555.344
2026-08-30T19:02:35.811Z,65.395162,-149.230872,2295.7,1229.69,2366.47,164.09,149.28,-1.76,0.66,152.0,156.53,152.16,341.97,0.0,0.967,0.967,0.967,,1,1.0,0.0,68556.305
2026-08-30T19:02:36.974Z,65.39438,-149.230332,2299.1,1231.36,2373.17,164.6,149.83,-1.5,2.48,151.49,156.09,152.06,191.98,0.0,0.932,0.943,0.937,0.347,4,1.0,0.0,68557.461
2026-08-30T19:02:37.895Z,65.393761,-149.229893,2300.84,1230.45,2375.72,164.67,149.85,-1.77,3.19,151.47,156.06,151.92,158.45,0.0,1.041,1.041,1.041,,1,1.0,0.0,68558.383
2026-08-30T19:02:38.830Z,65.393126,-149.229438,2302.58,1227.15,2377.92,163.42,148.62,-1.04,2.25,151.26,155.94,151.7,96.72,0.0,0.943,0.984,0.962,0.18,3,1.0,0.0,68559.328
2026-08-30T19:02:39.799Z,65.392473,-149.228953,2302.19,1224.9,2380.0,163.72,148.94,-0.7,0.09,151.23,155.78,151.6,-3.25,0.0,0.928,0.952,0.94,0.236,3,1.0,0.0,68560.305
2026-08-30T19:02:40.909Z,65.391737,-149.228403,2299.55,1224.61,2378.64,162.7,147.91,-0.23,-0.78,150.99,155.62,151.61,-126.96,0.0,0.929,0.936,0.932,0.005,2,1.0,0.0,68561.398
2026-08-30T19:02:41.869Z,65.391087,-149.227912,2296.06,1222.87,2376.06,162.96,148.18,-0.81,-0.66,150.99,155.73,151.82,-170.64,0.0,0.948,0.972,0.959,0.899,3,1.0,0.0,68562.367
2026-08-30T19:02:42.965Z,65.390356,-149.227361,2293.84,1221.23,2373.76,163.64,148.89,-1.21,-2.21,151.72,156.52,152.33,-104.6,0.0,1.031,1.04,1.035,0.9,2,1.0,0.0,68563.445
2026-08-30T19:02:43.905Z,65.389723,-149.226885,2294.0,1255.39,2373.27,163.36,148.53,-0.87,-2.68,152.34,157.11,152.89,-32.91,0.0,0.995,1.063,1.03,1.176,3,1.0,0.0,68564.398
2026-08-30T19:02:44.828Z,65.389098,-149.226421,2293.55,1258.1,2372.58,163.4,148.63,-1.2,-1.29,152.43,157.14,152.89,-30.36,0.0,0.982,0.982,0.982,,1,1.0,0.0,68565.32
2026-08-30T19:02:45.793Z,65.388444,-149.225933,2293.43,1266.33,2371.86,163.22,148.42,-0.83,0.01,152.71,157.48,153.48,-20.62,0.0,0.976,0.976,0.976,,1,1.0,0.0,68566.32
2026-08-30T19:02:46.838Z,65.387739,-149.225399,2293.43,1270.69,2372.8,163.41,148.64,-2.11,0.99,152.9,157.56,153.49,47.12,0.0,0.979,1.087,1.033,1.445,3,1.0,0.0,68567.336
2026-08-30T19:02:47.974Z,65.386972,-149.224809,2297.55,1280.54,2373.45,162.71,147.9,-2.07,0.77,152.79,157.65,153.58,169.28,0.0,1.01,1.018,1.014,0.537,2,1.0,0.0,68568.477
2026-08-30T19:02:48.963Z,65.3863,-149.224284,2301.32,1293.68,2375.5,161.96,147.16,-2.23,1.09,153.2,157.78,153.69,220.77,0.0,1.061,1.066,1.063,0.248,3,1.0,0.0,68569.461
2026-08-30T19:02:49.890Z,65.385677,-149.223787,2305.96,1300.72,2379.42,162.27,147.49,-2.56,1.55,152.63,157.17,153.12,290.22,0.0,1.049,1.049,1.049,,1,1.0,0.0,68570.383
2026-08-30T19:02:50.835Z,65.385038,-149.223269,2312.09,1306.87,2383.62,161.87,147.06,-2.7,1.49,151.99,156.51,152.49,364.52,0.0,1.039,1.052,1.046,0.218,3,1.0,0.0,68571.336
2026-08-30T19:02:51.794Z,65.384394,-149.222739,2318.99,1318.74,2388.94,160.87,146.07,-2.05,2.91,151.43,155.94,151.99,391.66,0.0,0.962,1.02,0.994,1.643,3,1.0,0.0,68572.289
2026-08-30T19:02:52.909Z,65.38366,-149.222119,2325.1,1325.77,2395.2,161.54,146.74,-2.25,3.05,150.99,155.53,151.69,331.25,0.0,0.946,0.962,0.954,0.185,2,1.0,0.0,68573.398
2026-08-30T19:02:53.849Z,65.383037,-149.221581,2329.84,1338.32,2400.21,160.29,145.49,-2.51,3.42,150.79,155.26,151.4,326.94,0.0,1.0,1.043,1.023,0.195,3,1.0,0.0,68574.336
2026-08-30T19:02:54.942Z,65.382315,-149.220937,2335.73,1347.8,2406.66,159.9,145.12,-2.46,3.89,149.88,154.54,150.65,312.65,0.0,0.994,0.999,0.997,0.235,2,1.0,0.0,68575.414
2026-08-30T19:02:55.858Z,65.381721,-149.220388,2340.57,1353.06,2411.07,159.54,144.73,-2.39,3.68,149.63,154.17,150.23,321.78,0.0,1.022,1.022,1.022,,1,1.0,0.0,68576.312
2026-08-30T19:02:56.879Z,65.381067,-149.219768,2346.14,1365.21,2416.33,159.14,144.33,-2.45,3.25,149.07,153.59,149.63,330.81,0.0,1.018,1.019,1.018,0.412,2,1.0,0.0,68577.305
2026-08-30T19:02:57.970Z,65.380362,-149.219084,2351.18,1373.64,2422.02,158.18,143.36,-1.31,3.73,148.36,152.93,149.09,247.28,0.0,0.909,0.978,0.942,0.575,4,1.0,0.0,68578.391
2026-08-30T19:02:58.946Z,65.37974,-149.218462,2351.97,1381.25,2425.25,158.04,143.26,-0.95,4.44,148.04,152.67,148.97,90.27,0.0,0.9,0.917,0.909,0.237,2,1.0,0.0,68579.352
2026-08-30T19:02:59.796Z,65.379206,-149.217915,2350.78,1380.46,2426.06,157.68,142.86,-0.51,3.95,148.1,152.77,149.14,-32.84,0.0,0.928,0.931,0.929,0.158,3,1.0,0.0,68580.18
2026-08-30T19:03:00.834Z,65.37855,-149.217217,2347.32,1384.93,2424.73,156.7,141.89,-0.25,4.31,148.43,153.13,149.49,-162.26,0.0,0.939,0.964,0.952,0.204,4,1.0,0.0,68581.344
2026-08-30T19:03:01.974Z,65.377828,-149.216437,2342.17,1384.4,2421.15,156.16,141.35,-0.01,4.52,148.9,153.65,149.91,-251.94,0.0,0.974,0.975,0.974,0.119,2,1.0,0.0,68582.469
2026-08-30T19:03:02.914Z,65.377235,-149.215779,2336.94,1382.8,2417.0,155.45,140.64,0.46,0.78,149.27,154.0,150.22,-327.97,0.0,0.953,0.973,0.964,0.531,3,1.0,0.0,68583.414
2026-08-30T19:03:03.837Z,65.376655,-149.215121,2329.92,1380.19,2412.53,155.27,140.49,1.0,-2.18,149.69,154.44,150.64,-437.01,0.0,0.927,0.927,0.927,,1,1.0,0.0,68584.336
2026-08-30T19:03:04.787Z,65.376062,-149.214444,2320.51,1369.5,2404.64,156.0,141.21,1.6,-2.04,150.1,154.81,150.98,-571.09,0.0,0.91,0.914,0.912,0.154,3,1.0,0.0,68585.273
2026-08-30T19:03:05.959Z,65.375322,-149.213609,2306.72,1358.97,2393.97,155.61,140.83,0.04,-4.41,150.48,155.23,151.58,-622.39,0.0,0.984,1.061,1.024,0.93,2,1.0,0.0,68586.453
2026-08-30T19:03:06.881Z,65.374734,-149.212953,2299.78,1355.13,2385.04,156.44,141.68,-0.42,-5.84,151.02,155.68,152.02,-467.22,0.0,1.133,1.133,1.133,,1,1.0,0.0,68587.375
2026-08-30T19:03:07.852Z,65.374111,-149.21228,2295.55,1353.97,2378.57,156.94,142.16,-0.63,-5.52,151.25,155.94,152.34,-315.62,0.0,1.078,1.106,1.097,1.82,3,1.0,0.0,68588.344
2026-08-30T19:03:08.804Z,65.373491,-149.211625,2292.44,1352.98,2374.42,157.51,142.74,-0.75,-5.98,151.93,156.64,153.1,-231.37,0.0,1.058,1.066,1.062,0.347,3,1.0,0.0,68589.312
2026-08-30T19:03:09.941Z,65.37275,-149.210861,2288.3,1348.59,2369.77,157.75,142.99,-0.54,-6.84,152.97,157.65,153.99,-237.81,0.0,1.032,1.036,1.034,0.763,2,1.0,0.0,68590.453
2026-08-30T19:03:10.911Z,65.372115,-149.210225,2285.43,1347.13,2366.33,158.71,143.93,-1.03,-7.06,153.07,157.79,154.01,-153.85,0.0,1.082,1.111,1.099,0.541,3,1.0,0.0,68591.406
2026-08-30T19:03:11.835Z,65.371503,-149.209633,2284.63,1348.18,2364.18,159.21,144.44,-0.73,-6.5,153.14,157.79,153.96,-101.27,0.0,0.986,0.986,0.986,,1,1.0,0.0,68592.344
2026-08-30T19:03:12.811Z,65.370859,-149.209028,2282.75,1346.06,2361.3,159.76,144.99,-0.37,-5.47,153.14,157.74,153.85,-135.29,0.0,0.952,0.965,0.958,0.116,3,1.0,0.0,68593.312
2026-08-30T19:03:13.963Z,65.370088,-149.208328,2278.51,1340.24,2356.92,160.5,145.73,-0.55,-4.96,152.87,157.38,153.56,-210.24,0.0,0.948,0.951,0.95,0.137,4,1.0,0.0,68594.477
2026-08-30T19:03:14.910Z,65.369457,-149.207773,2275.72,1335.27,2353.79,161.14,146.33,-1.23,-5.45,152.64,157.21,153.38,-141.64,0.0,1.101,1.101,1.101,,1,1.0,0.0,68595.422
2026-08-30T19:03:15.923Z,65.368776,-149.207197,2275.22,1335.3,2351.78,161.86,147.1,-0.91,-5.87,152.63,157.26,153.38,-63.96,0.0,1.024,1.024,1.024,,1,1.0,0.0,68596.445
2026-08-30T19:03:16.899Z,65.368121,-149.206634,2274.79,1340.22,2350.75,162.41,147.62,-1.87,-6.53,152.56,157.09,153.29,-9.44,0.0,0.994,1.065,1.03,1.018,3,1.0,0.0,68597.492
2026-08-30T19:03:17.919Z,65.36744,-149.206122,2276.44,1343.08,2350.95,163.16,148.43,-1.21,-6.18,152.45,156.99,153.06,60.24,0.0,1.038,1.038,1.038,,1,1.0,0.0,68598.43
2026-08-30T19:03:18.890Z,65.366779,-149.205623,2277.39,1343.75,2351.84,163.89,149.1,-2.55,-7.2,152.13,156.62,152.64,87.27,0.0,0.944,1.047,0.99,2.552,3,1.0,0.0,68599.406
2026-08-30T19:03:19.869Z,65.366115,-149.205147,2281.8,1349.66,2353.91,164.52,149.75,-3.43,-7.34,151.94,156.51,152.38,279.37,0.0,1.137,1.146,1.142,0.244,3,1.0,0.0,68600.398
2026-08-30T19:03:20.828Z,65.365465,-149.204705,2290.94,1358.28,2361.25,165.4,150.64,-3.99,-7.59,151.55,156.03,151.75,510.46,0.0,1.114,1.114,1.114,,1,1.0,0.0,68601.352
2026-08-30T19:03:21.807Z,65.364807,-149.204281,2302.19,1369.56,2371.25,166.65,151.89,-3.67,-8.28,151.48,155.99,151.54,620.74,0.0,1.05,1.08,1.065,0.728,3,1.0,0.0,68602.328
2026-08-30T19:03:22.805Z,65.364128,-149.203871,2313.23,1389.54,2381.09,167.29,152.49,-4.01,-6.76,150.55,154.97,150.49,649.02,0.0,0.999,1.013,1.004,0.784,3,1.0,0.0,68603.336
2026-08-30T19:03:23.801Z,65.363454,-149.203486,2324.9,1407.18,2390.58,166.59,151.78,-4.23,-3.43,149.34,153.7,149.34,691.61,0.0,1.024,1.024,1.024,,1,1.0,0.0,68604.438
2026-08-30T19:03:24.937Z,65.362694,-149.203058,2338.78,1420.02,2403.39,167.85,153.09,-4.52,0.6,148.19,152.68,148.08,735.32,0.0,1.02,1.042,1.033,0.054,3,1.0,0.0,68605.562
2026-08-30T19:03:26.607Z,65.361577,-149.202429,2357.62,1294.86,2422.73,167.24,152.41,-3.08,-2.36,147.1,151.4,146.68,598.37,0.0,0.899,0.899,0.899,,1,1.0,0.0,68607.234
2026-08-30T19:03:27.312Z,65.361116,-149.202164,2362.97,1208.28,2429.69,167.14,152.38,-3.52,-2.87,146.31,150.57,146.25,520.18,0.0,0.93,0.93,0.93,,1,1.0,0.0,68607.938
2026-08-30T19:03:28.456Z,65.36036,-149.201733,2372.49,1212.58,2439.65,167.75,152.96,-3.85,-3.95,145.21,149.57,145.33,532.89,0.0,1.04,1.04,1.04,,1,1.0,0.0,68609.086
2026-08-30T19:03:29.163Z,65.359898,-149.201475,2379.36,1219.46,2445.93,167.96,153.17,-4.6,-3.31,144.35,148.6,144.35,595.47,0.0,1.08,1.08,1.08,,1,1.0,0.0,68609.781
2026-08-30T19:03:29.867Z,65.359442,-149.201225,2387.69,1230.98,2452.96,167.62,152.79,-5.25,0.85,143.44,147.85,143.47,703.09,0.0,1.115,1.115,1.115,,1,1.0,0.0,68610.477
2026-08-30T19:03:30.993Z,65.358711,-149.200821,2404.05,1244.01,2467.38,167.09,152.29,-3.86,3.79,142.4,146.75,142.28,781.62,0.0,1.011,1.011,1.011,,1,1.0,0.0,68611.609
2026-08-30T19:03:31.868Z,65.358151,-149.200496,2413.85,1248.68,2478.21,166.94,152.13,-3.39,2.65,141.78,146.38,142.08,650.87,0.0,0.888,0.896,0.892,0.062,2,1.0,0.0,68612.492
2026-08-30T19:03:33.017Z,65.357421,-149.200053,2422.62,1250.68,2489.51,165.57,150.74,-2.78,-0.26,142.96,147.74,143.56,476.34,0.0,0.975,0.975,0.975,,1,1.0,0.0,68613.641
2026-08-30T19:03:33.925Z,65.356833,-149.199685,2427.64,1287.64,2495.86,165.27,150.48,-2.7,-2.38,142.89,147.5,143.4,374.01,0.0,0.952,0.96,0.956,0.887,2,1.0,0.0,68614.523
2026-08-30T19:03:35.045Z,65.356119,-149.199229,2433.42,1296.61,2502.74,164.73,149.92,-2.13,-0.58,142.81,147.47,143.53,321.41,0.0,0.96,0.96,0.96,,1,1.0,0.0,68615.656
2026-08-30T19:03:36.236Z,65.355349,-149.198731,2438.0,1304.27,2508.34,165.57,150.78,-3.36,6.08,142.19,146.61,142.62,282.4,0.0,1.018,1.018,1.018,,1,1.0,0.0,68616.844
2026-08-30T19:03:37.355Z,65.354641,-149.198248,2445.14,1313.81,2515.45,163.85,148.98,-3.78,11.24,140.68,145.34,141.48,386.5,0.0,1.073,1.073,1.073,,1,1.0,0.0,68617.969
2026-08-30T19:03:38.042Z,65.354214,-149.197931,2450.54,1323.8,2520.02,162.44,147.58,-3.59,12.93,140.62,145.26,141.29,443.33,0.0,1.069,1.069,1.069,,1,1.0,0.0,68618.648
2026-08-30T19:03:38.913Z,65.353673,-149.197496,2457.6,1330.81,2527.22,161.06,146.19,-2.68,13.57,140.42,145.04,141.21,432.88,0.0,0.985,1.011,0.998,0.474,2,1.0,0.0,68619.508
2026-08-30T19:03:40.027Z,65.352992,-149.196893,2462.98,1332.23,2534.56,159.01,144.17,-1.78,14.14,140.49,145.26,141.43,267.07,0.0,0.908,0.908,0.908,,1,1.0,0.0,68620.633
2026-08-30T19:03:40.894Z,65.352466,-149.196381,2464.06,1335.88,2537.5,157.92,143.06,-1.18,11.94,140.01,144.54,140.83,98.13,0.0,0.922,0.928,0.925,0.05,2,1.0,0.0,68621.508
2026-08-30T19:03:41.993Z,65.351809,-149.195691,2461.94,1336.33,2538.59,156.33,141.5,-0.63,10.4,139.95,144.79,141.4,-87.44,0.0,0.95,0.956,0.954,0.188,3,1.0,0.0,68622.609
2026-08-30T19:03:43.139Z,65.351127,-149.194928,2457.61,1339.55,2536.33,155.2,140.35,-1.0,6.19,141.14,146.04,142.7,-177.09,0.0,0.992,0.992,0.992,,1,1.0,0.0,68623.766
2026-08-30T19:03:43.846Z,65.350707,-149.194438,2455.32,1337.28,2534.34,154.44,139.61,-0.37,5.17,141.8,146.76,143.4,-189.45,0.0,1.017,1.017,1.017,,1,1.0,0.0,68624.438
2026-08-30T19:03:44.935Z,65.350061,-149.193656,2448.87,1325.76,2530.97,153.31,138.49,2.09,4.94,143.26,148.26,144.58,-441.29,0.0,0.755,0.867,0.812,0.637,3,1.0,0.0,68625.516
2026-08-30T19:03:46.489Z,65.34913,-149.192497,2427.39,1305.73,2514.21,153.44,138.63,0.29,-2.14,144.72,149.77,146.38,-728.2,0.0,1.042,1.042,1.042,,1,1.0,0.0,68627.055
2026-08-30T19:03:47.134Z,65.348743,-149.192013,2420.52,1296.27,2506.35,153.47,138.67,-0.43,-2.9,145.79,150.92,147.5,-612.78,0.0,1.205,1.205,1.205,,1,1.0,0.0,68627.695
2026-08-30T19:03:48.169Z,65.348115,-149.191235,2414.76,1283.86,2496.92,153.9,139.15,-2.19,-2.93,146.34,151.11,147.94,-336.99,0.0,1.195,1.195,1.195,,1,1.0,0.0,68628.719
2026-08-30T19:03:48.795Z,65.347734,-149.190771,2414.63,1279.15,2493.57,154.45,139.65,-2.9,-2.84,146.34,151.08,147.79,-111.82,0.0,1.24,1.24,1.24,,1,1.0,0.0,68629.344
2026-08-30T19:03:49.795Z,65.347118,-149.190026,2419.17,1282.07,2492.92,154.16,139.37,-2.69,-1.46,146.18,150.88,147.4,162.54,0.0,1.095,1.164,1.13,0.79,3,1.0,0.0,68630.367
2026-08-30T19:03:50.818Z,65.346495,-149.189283,2424.25,1285.99,2495.88,154.94,140.09,-2.26,-1.62,146.07,150.88,147.32,232.77,0.0,0.998,0.998,0.998,,1,1.0,0.0,68631.352
2026-08-30T19:03:51.840Z,65.345876,-149.188545,2428.39,1298.38,2499.44,154.0,139.21,-2.3,-0.16,145.79,150.49,147.02,238.35,0.0,0.968,0.994,0.981,0.33,3,1.0,0.0,68632.359
2026-08-30T19:03:52.798Z,65.345288,-149.187817,2432.65,1302.65,2503.31,154.29,139.47,-2.46,-0.3,145.06,149.75,146.37,255.77,0.0,1.012,1.012,1.012,,1,1.0,0.0,68633.359
2026-08-30T19:03:53.833Z,65.344668,-149.187092,2437.21,1314.91,2507.34,154.21,139.44,-2.78,-2.35,144.83,149.46,145.91,274.57,0.0,0.991,1.025,1.004,1.044,3,1.0,0.0,68634.344
2026-08-30T19:03:54.956Z,65.343984,-149.186273,2442.25,1341.67,2513.33,154.68,139.88,-2.5,-2.43,144.31,149.16,145.54,251.66,0.0,0.975,0.986,0.981,0.265,2,1.0,0.0,68635.469
2026-08-30T19:03:55.967Z,65.343379,-149.185556,2446.27,1345.74,2518.9,154.51,139.7,-2.89,-2.16,144.35,149.09,145.3,266.48,0.0,1.038,1.038,1.038,,1,1.0,0.0,68636.477
2026-08-30T19:03:56.949Z,65.342788,-149.184859,2451.49,1304.56,2522.96,154.01,139.22,-2.74,-2.18,143.87,148.73,145.6,304.87,0.0,1.001,1.001,1.001,,1,1.0,0.0,68637.469
2026-08-30T19:03:57.936Z,65.342189,-149.184149,2457.59,1280.46,2528.56,155.14,140.34,-3.57,-2.11,144.17,148.83,145.28,388.51,0.0,0.994,1.071,1.031,1.08,3,1.0,0.0,68638.469
2026-08-30T19:03:58.933Z,65.341588,-149.183441,2465.46,1290.2,2534.94,154.88,140.09,-3.84,-2.32,143.15,147.76,144.51,434.23,0.0,1.001,1.035,1.014,0.846,3,1.0,0.0,68639.445
2026-08-30T19:03:59.879Z,65.341021,-149.182779,2473.66,1310.74,2541.53,154.22,139.38,-3.84,-2.86,142.96,147.75,144.14,513.66,0.0,1.073,1.073,1.073,,1,1.0,0.0,68640.391
2026-08-30T19:04:00.882Z,65.34042,-149.182081,2482.95,1333.73,2549.99,154.42,139.65,-3.03,-1.85,142.51,147.2,143.68,513.9,0.0,0.939,1.012,0.979,1.738,3,1.0,0.0,68641.383
2026-08-30T19:04:01.858Z,65.33984,-149.181402,2489.62,1362.57,2557.92,155.15,140.36,-3.75,-3.5,141.88,146.55,142.82,412.42,0.0,0.908,0.923,0.914,0.898,3,1.0,0.0,68642.375
2026-08-30T19:04:02.822Z,65.339263,-149.180737,2494.77,1240.45,2564.33,155.18,140.38,-2.96,-3.01,141.2,145.98,142.7,329.39,0.0,0.947,0.947,0.947,,1,1.0,0.0,68643.328
2026-08-30T19:04:03.797Z,65.33868,-149.180071,2497.4,1137.88,2569.12,155.64,140.85,-3.67,-3.14,141.36,146.0,142.59,193.98,0.0,0.903,0.926,0.917,1.233,3,1.0,0.0,68644.305
2026-08-30T19:04:04.976Z,65.337978,-149.179274,2503.47,1085.21,2573.73,155.4,140.61,-4.45,-2.81,140.66,145.36,141.52,390.41,0.0,1.195,1.243,1.225,1.692,4,1.0,0.0,68645.484
2026-08-30T19:04:06.348Z,65.337168,-149.178362,2516.76,1085.22,2583.68,156.02,141.22,-3.56,-3.02,139.98,144.7,140.82,502.08,0.0,0.953,0.953,0.953,,1,1.0,0.0,68646.852
2026-08-30T19:04:06.925Z,65.336827,-149.177983,2521.22,1073.42,2587.62,156.25,141.49,-4.68,-3.23,139.68,144.32,140.53,495.13,0.0,0.939,0.939,0.939,,1,1.0,0.0,68647.531
2026-08-30T19:04:07.810Z,65.336305,-149.177407,2530.25,1068.35,2594.79,156.71,141.86,-3.83,-3.46,139.18,143.88,140.12,591.75,0.0,1.1,1.155,1.128,2.465,2,1.0,0.0,68648.32
2026-08-30T19:04:08.835Z,65.335709,-149.176759,2539.47,1060.17,2604.12,156.89,142.13,-3.63,-3.14,138.94,143.71,139.71,510.93,0.0,0.915,0.915,0.915,,1,1.0,0.0,68649.383
2026-08-30T19:04:09.844Z,65.335104,-149.176112,2546.49,1051.36,2612.48,157.34,142.52,-3.55,-5.51,138.39,143.12,139.35,430.26,0.0,0.962,0.967,0.964,0.229,3,1.0,0.0,68650.398
2026-08-30T19:04:10.847Z,65.334512,-149.175495,2552.76,1041.11,2620.88,158.03,143.27,-2.8,-5.33,138.34,143.2,139.16,389.01,0.0,1.0,1.0,1.0,,1,1.0,0.0,68651.367
2026-08-30T19:04:11.882Z,65.333898,-149.17487,2557.38,1031.58,2627.61,158.23,143.36,-2.49,-4.97,137.88,142.7,139.24,249.59,0.0,0.895,0.906,0.899,0.7,3,1.0,0.0,68652.508
2026-08-30T19:04:13.113Z,65.333165,-149.174144,2560.77,1014.61,2632.67,158.88,144.05,-3.63,-3.95,137.77,142.7,139.09,221.49,0.0,0.995,0.995,0.995,,1,1.0,0.0,68653.672
2026-08-30T19:04:13.929Z,65.332679,-149.173674,2564.85,991.12,2635.96,158.58,143.79,-3.66,-3.09,137.7,142.5,138.82,296.66,0.0,1.081,1.087,1.084,0.495,2,1.0,0.0,68654.453
2026-08-30T19:04:14.948Z,65.332069,-149.173092,2570.58,979.2,2641.03,159.85,145.08,-3.12,-6.44,137.33,142.17,138.18,304.58,0.0,0.97,0.97,0.97,,1,1.0,0.0,68655.453
2026-08-30T19:04:15.951Z,65.33147,-149.172541,2575.73,985.05,2645.38,160.81,146.01,-3.36,-7.24,137.12,141.87,137.95,314.25,0.0,1.015,1.015,1.015,,1,1.0,0.0,68656.523
2026-08-30T19:04:17.076Z,65.330796,-149.171949,2581.75,987.59,2650.72,160.38,145.58,-2.82,-4.53,136.73,141.56,137.71,299.98,0.0,0.975,0.975,0.975,,1,1.0,0.0,68657.602
2026-08-30T19:04:17.884Z,65.330317,-149.171534,2585.04,990.18,2655.87,161.28,146.51,-2.5,-3.25,136.67,141.64,137.88,249.47,0.0,0.949,0.95,0.949,0.082,2,1.0,0.0,68658.539
2026-08-30T19:04:18.873Z,65.329715,-149.171028,2588.35,1000.39,2664.19,160.9,146.04,-3.1,-2.05,136.89,141.85,138.12,244.76,0.0,0.981,1.017,1.0,0.471,2,1.0,0.0,68659.406
2026-08-30T19:04:19.932Z,65.32908,-149.17049,2594.14,1009.72,2670.92,160.45,145.64,-2.76,-0.22,136.55,141.21,137.1,320.82,0.0,1.008,1.008,1.008,,1,1.0,0.0,68660.469
2026-08-30T19:04:20.938Z,65.328479,-149.169974,2599.19,1026.53,2677.21,161.26,146.45,-2.23,-1.79,135.28,140.21,136.42,251.52,0.0,0.811,0.89,0.845,1.282,3,1.0,0.0,68661.445
2026-08-30T19:04:21.879Z,65.327916,-149.169488,2602.41,1052.95,2682.34,161.35,146.55,-3.68,-3.55,135.17,140.18,136.31,281.18,0.0,1.059,1.059,1.059,,1,1.0,0.0,68662.398
2026-08-30T19:04:22.861Z,65.327336,-149.168996,2609.36,1077.41,2687.87,161.32,146.51,-2.99,-3.07,135.79,140.78,136.84,376.67,0.0,0.979,1.064,1.022,1.189,3,1.0,0.0,68663.383
2026-08-30T19:04:23.846Z,65.326747,-149.16849,2615.93,1114.07,2694.42,161.73,146.93,-3.76,-4.5,136.1,141.25,137.34,389.89,0.0,0.933,1.006,0.968,1.653,3,1.0,0.0,68664.383
2026-08-30T19:04:24.814Z,65.326163,-149.168029,2623.31,1155.75,2700.88,162.52,147.75,-4.46,-6.67,136.51,141.59,137.6,484.85,0.0,1.046,1.046,1.046,,1,1.0,0.0,68665.336
2026-08-30T19:04:25.838Z,65.325546,-149.167545,2634.78,1200.82,2709.77,163.69,148.92,-5.29,-8.56,136.16,141.08,136.83,660.31,0.0,1.153,1.153,1.153,,1,1.0,0.0,68666.359
2026-08-30T19:04:26.820Z,65.324946,-149.167108,2648.06,1233.79,2721.08,165.42,150.63,-4.61,-7.67,135.62,140.49,136.28,732.25,0.0,1.007,1.078,1.042,1.116,3,1.0,0.0,68667.352
2026-08-30T19:04:27.782Z,65.324366,-149.166713,2659.48,1251.74,2734.27,165.87,151.06,-4.81,-3.21,134.86,139.63,135.69,709.76,0.0,0.976,0.976,0.976,,1,1.0,0.0,68668.305
2026-08-30T19:04:28.987Z,65.323637,-149.166239,2672.42,1299.81,2748.34,165.76,150.97,-3.24,-2.01,134.68,139.71,135.58,606.52,0.0,0.892,0.989,0.943,1.271,4,1.0,0.0,68669.492
2026-08-30T19:04:29.922Z,65.323065,-149.165873,2678.49,1308.43,2756.24,166.3,151.49,-2.38,-4.82,134.67,139.73,135.68,395.05,0.0,0.851,0.851,0.851,,1,1.0,0.0,68670.438
2026-08-30T19:04:30.892Z,65.32248,-149.165509,2679.82,1250.61,2761.16,166.13,151.33,-1.91,-3.18,134.74,139.73,135.76,151.35,0.0,0.826,0.891,0.858,0.776,3,1.0,0.0,68671.406
2026-08-30T19:04:31.861Z,65.32189,-149.165147,2678.28,1184.49,2762.66,166.28,151.48,-1.79,-2.2,134.63,139.94,135.96,-18.36,0.0,0.913,0.987,0.954,0.796,3,1.0,0.0,68672.352
2026-08-30T19:04:32.963Z,65.321217,-149.164736,2675.36,1103.81,2761.65,166.32,151.51,-0.18,-0.87,135.87,141.08,136.84,-146.63,0.0,0.952,0.967,0.959,0.051,2,1.0,0.0,68673.469
2026-08-30T19:04:33.961Z,65.320603,-149.164362,2669.63,1053.39,2759.04,166.03,151.23,-1.23,-1.19,136.57,141.73,137.7,-301.65,0.0,0.879,0.911,0.891,1.853,3,1.0,0.0,68674.461
2026-08-30T19:04:34.892Z,65.320027,-149.16401,2664.57,1017.66,2755.16,166.43,151.63,-1.67,-3.63,136.71,141.84,138.29,-281.56,0.0,1.069,1.069,1.069,,1,1.0,0.0,68675.391
2026-08-30T19:04:35.884Z,65.31942,-149.163639,2661.65,988.06,2751.42,166.69,151.9,-2.87,-3.37,137.45,142.72,138.68,-153.07,0.0,1.118,1.118,1.118,,1,1.0,0.0,68676.391
2026-08-30T19:04:36.854Z,65.318809,-149.163288,2663.3,958.2,2749.38,167.0,152.19,-3.42,-3.29,137.79,142.94,138.92,64.54,0.0,1.135,1.161,1.15,0.918,3,1.0,0.0,68677.367
2026-08-30T19:04:37.818Z,65.31821,-149.162946,2668.19,950.98,2751.27,167.39,152.61,-4.03,-4.07,137.61,142.78,138.69,257.01,0.0,1.102,1.102,1.102,,1,1.0,0.0,68678.328
2026-08-30T19:04:38.790Z,65.317596,-149.162605,2675.56,925.91,2755.42,168.23,153.4,-4.7,-4.81,136.87,141.8,138.17,406.7,0.0,1.051,1.067,1.057,0.542,3,1.0,0.0,68679.312
2026-08-30T19:04:39.978Z,65.316858,-149.162214,2687.4,903.89,2763.76,168.41,153.63,-4.89,-4.79,136.38,141.37,137.39,570.11,0.0,1.05,1.069,1.063,1.322,4,1.0,0.0,68680.508
2026-08-30T19:04:40.961Z,65.316243,-149.161903,2697.93,882.5,2773.12,168.55,153.74,-4.83,-6.41,135.8,141.05,136.91,605.26,0.0,0.998,0.998,0.998,,1,1.0,0.0,68681.5
2026-08-30T19:04:41.948Z,65.315632,-149.161608,2707.52,861.47,2784.18,169.24,154.46,-4.79,-5.73,135.9,141.02,136.43,573.11,0.0,0.956,0.962,0.958,0.423,3,1.0,0.0,68682.477
2026-08-30T19:04:42.962Z,65.315006,-149.161321,2716.8,849.09,2795.0,169.94,155.15,-4.46,-5.27,135.69,140.78,136.39,549.14,0.0,0.953,0.986,0.971,0.708,3,1.0,0.0,68683.492
2026-08-30T19:04:43.951Z,65.314389,-149.161052,2725.06,848.65,2803.91,170.53,155.71,-3.98,-4.82,134.98,140.37,136.71,506.79,0.0,0.981,0.981,0.981,,1,1.0,0.0,68684.5
2026-08-30T19:04:44.957Z,65.313765,-149.160796,2731.96,843.35,2811.41,170.55,155.74,-3.59,-4.14,135.56,140.77,137.38,404.8,0.0,0.916,0.943,0.93,0.06,3,1.0,0.0,68685.477
2026-08-30T19:04:45.970Z,65.31312,-149.160543,2736.39,837.83,2816.73,171.47,156.7,-2.3,-4.75,136.27,141.71,137.83,264.06,0.0,0.944,0.944,0.944,,1,1.0,0.0,68686.484
2026-08-30T19:04:46.926Z,65.312517,-149.160318,2738.04,829.58,2819.96,171.74,156.89,-4.22,-6.94,136.43,141.49,137.46,199.51,0.0,1.039,1.039,1.039,,1,1.0,0.0,68687.438
2026-08-30T19:04:47.909Z,65.311908,-149.160103,2743.51,823.65,2823.52,172.15,157.39,-4.37,-6.64,135.59,140.73,136.62,336.01,0.0,1.179,1.203,1.193,2.023,3,1.0,0.0,68688.414
2026-08-30T19:04:48.891Z,65.311289,-149.159903,2751.18,819.15,2829.34,174.55,159.75,-5.1,-4.6,135.05,140.18,136.17,464.66,0.0,1.061,1.13,1.093,1.142,3,1.0,0.0,68689.422
2026-08-30T19:04:49.890Z,65.310662,-149.159724,2761.58,806.4,2837.77,173.21,158.38,-4.53,-2.91,135.36,140.77,136.33,551.15,0.0,1.016,1.016,1.016,,1,1.0,0.0,68690.43
2026-08-30T19:04:50.894Z,65.310036,-149.159549,2770.15,794.56,2846.63,173.66,158.86,-4.34,-4.42,135.19,140.48,136.26,501.49,0.0,0.951,0.957,0.954,0.416,3,1.0,0.0,68691.406
2026-08-30T19:04:51.850Z,65.309435,-149.159387,2778.21,786.07,2854.72,173.8,159.0,-4.06,-5.64,134.59,139.32,135.19,533.56,0.0,1.07,1.07,1.07,,1,1.0,0.0,68692.367
2026-08-30T19:04:52.852Z,65.308818,-149.159231,2788.69,790.19,2862.87,174.8,160.01,-4.06,-3.95,132.88,137.78,133.72,639.51,0.0,1.074,1.093,1.082,0.424,3,1.0,0.0,68693.359
2026-08-30T19:04:53.821Z,65.308217,-149.159093,2801.55,791.74,2873.49,175.25,160.45,-3.29,-3.57,131.29,135.98,131.65,745.48,0.0,1.044,1.091,1.066,1.256,3,1.0,0.0,68694.367
2026-08-30T19:04:54.810Z,65.30762,-149.158967,2812.98,791.74,2886.17,175.12,160.29,-2.56,-4.14,129.03,133.66,129.01,643.43,0.0,0.822,0.822,0.822,,1,1.0,0.0,68695.32
2026-08-30T19:04:55.807Z,65.307026,-149.158851,2823.15,797.39,2897.75,175.19,160.39,-3.17,-4.23,125.57,129.64,124.9,673.48,0.0,1.093,1.093,1.093,,1,1.0,0.0,68696.32
2026-08-30T19:04:56.781Z,65.30647,-149.158752,2835.39,800.5,2908.75,175.48,160.67,-1.87,-3.88,121.51,125.63,120.92,706.06,0.0,0.992,1.096,1.046,1.468,3,1.0,0.0,68697.312
2026-08-30T19:04:57.940Z,65.30583,-149.158642,2846.59,806.95,2921.28,175.58,160.75,-0.59,-3.45,117.11,121.13,116.66,550.73,0.0,0.877,0.879,0.878,0.224,2,1.0,0.0,68698.453
2026-08-30T19:04:58.908Z,65.305307,-149.158555,2850.4,815.84,2928.92,175.67,160.87,0.42,-5.8,113.58,117.56,113.14,264.17,0.0,0.73,0.767,0.754,3.321,3,1.0,0.0,68699.43
2026-08-30T19:04:59.881Z,65.304801,-149.158477,2849.46,824.8,2931.89,175.21,160.33,2.48,-8.11,111.5,115.67,111.15,-21.07,0.0,0.854,0.854,0.854,,1,1.0,0.0,68700.414
2026-08-30T19:05:00.867Z,65.304297,-149.158409,2842.76,828.82,2930.59,175.79,161.06,2.17,-7.56,109.87,114.04,109.57,-301.63,0.0,0.76,0.883,0.819,3.182,3,1.0,0.0,68701.398
2026-08-30T19:05:01.865Z,65.303793,-149.158356,2835.16,831.89,2925.41,178.17,163.4,0.48,-6.29,108.27,112.14,107.68,-347.15,0.0,0.969,1.065,1.012,2.589,3,1.0,0.0,68702.398
2026-08-30T19:05:02.860Z,65.303302,-149.158326,2832.35,840.79,2920.49,179.1,164.32,-0.02,-5.57,105.98,109.89,105.4,-187.96,0.0,1.112,1.112,1.112,,1,1.0,0.0,68703.391
2026-08-30T19:05:03.866Z,65.302811,-149.158316,2831.15,852.24,2917.79,178.98,164.13,1.18,-4.54,104.59,108.69,103.89,-142.49,0.0,0.954,1.062,1.012,1.501,3,1.0,0.0,68704.391
2026-08-30T19:05:04.846Z,65.302338,-149.158314,2827.03,857.68,2915.09,177.78,162.98,2.46,-2.19,103.42,107.35,102.55,-277.78,0.0,0.836,0.886,0.86,0.35,3,1.0,0.0,68705.375
2026-08-30T19:05:06.274Z,65.301662,-149.158312,2816.33,865.88,2907.55,179.24,164.44,1.46,-4.56,101.48,105.47,100.77,-402.96,0.0,1.019,1.019,1.019,,1,1.0,0.0,68706.797
2026-08-30T19:05:06.874Z,65.301384,-149.158313,2812.27,870.88,2903.8,179.57,164.77,0.79,-5.86,100.92,104.87,100.32,-380.84,0.0,1.066,1.066,1.066,,1,1.0,0.0,68707.406
2026-08-30T19:05:07.856Z,65.300928,-149.158328,2807.8,876.72,2898.21,179.89,165.1,0.04,-7.96,99.99,103.93,99.49,-276.19,0.0,1.074,1.074,1.074,,1,1.0,0.0,68708.398
2026-08-30T19:05:08.860Z,65.300468,-149.15836,2805.37,885.72,2892.34,181.34,166.59,-1.19,-9.01,99.18,103.11,98.31,-147.33,0.0,1.054,1.092,1.072,0.941,3,1.0,0.0,68709.391
2026-08-30T19:05:09.835Z,65.300022,-149.158416,2805.51,895.2,2889.5,182.79,168.0,-0.47,-7.28,98.07,101.99,97.07,-45.87,0.0,1.021,1.021,1.021,,1,1.0,0.0,68710.383
2026-08-30T19:05:10.837Z,65.299574,-149.158494,2804.28,904.99,2888.29,183.16,168.36,1.59,-4.93,97.4,101.48,96.56,-137.91,0.0,0.873,0.926,0.899,0.397,3,1.0,0.0,68711.375
2026-08-30T19:05:11.851Z,65.299122,-149.158581,2796.89,908.13,2885.32,184.06,169.29,4.62,-2.25,97.49,101.74,96.46,-462.08,0.0,0.816,0.822,0.82,0.752,3,1.0,0.0,68712.406
2026-08-30T19:05:12.859Z,65.298671,-149.158677,2780.98,903.77,2876.6,185.91,171.14,5.11,-2.55,98.24,102.66,97.56,-857.46,0.0,0.769,0.769,0.769,,1,1.0,0.0,68713.406
2026-08-30T19:05:13.876Z,65.298213,-149.158785,2764.59,895.69,2862.5,185.59,170.75,2.87,-6.1,99.22,103.56,98.65,-824.63,0.0,1.09,1.198,1.156,1.852,3,1.0,0.0,68714.43
2026-08-30T19:05:14.886Z,65.297755,-149.158913,2753.16,896.37,2849.44,185.58,170.81,1.01,-8.61,99.25,103.42,98.73,-674.88,0.0,1.116,1.116,1.116,,1,1.0,0.0,68715.445
2026-08-30T19:05:15.978Z,65.297266,-149.159075,2745.74,897.21,2838.34,187.81,173.07,-1.45,-11.53,98.82,102.74,98.11,-407.78,0.0,1.212,1.212,1.212,,1,1.0,0.0,68716.531
2026-08-30T19:05:17.003Z,65.296806,-149.159269,2745.35,901.66,2832.64,189.53,174.73,-1.17,-11.66,97.35,101.06,96.25,-95.29,0.0,1.172,1.172,1.172,,1,1.0,0.0,68717.562
2026-08-30T19:05:17.830Z,65.296444,-149.159449,2745.72,905.94,2831.37,190.33,175.56,-0.73,-10.18,96.32,100.08,95.35,-70.24,0.0,0.912,0.925,0.918,0.576,2,1.0,0.0,68718.398
2026-08-30T19:05:18.874Z,65.296,-149.159694,2743.78,903.8,2829.97,192.37,177.63,-1.15,-11.31,95.48,99.18,94.53,-115.58,0.0,0.939,0.952,0.946,0.94,3,1.0,0.0,68719.43
2026-08-30T19:05:19.897Z,65.295565,-149.159969,2743.01,902.72,2828.34,194.08,179.29,-2.36,-11.08,94.32,97.86,92.93,2.42,0.0,1.178,1.178,1.178,,1,1.0,0.0,68720.453
2026-08-30T19:05:20.924Z,65.295145,-149.160271,2744.28,902.27,2828.49,195.46,180.73,-3.46,-11.64,92.46,95.83,91.18,36.25,0.0,0.973,1.001,0.987,1.769,3,1.0,0.0,68721.461
2026-08-30T19:05:21.931Z,65.294745,-149.160592,2746.93,905.36,2829.59,198.37,183.62,-3.44,-9.37,90.62,93.83,88.96,153.52,0.0,1.121,1.121,1.121,,1,1.0,0.0,68722.477
2026-08-30T19:05:22.961Z,65.294347,-149.16094,2750.17,906.99,2832.27,199.59,184.77,-2.52,-2.75,89.4,92.72,87.92,139.23,0.0,0.948,0.98,0.962,0.072,3,1.0,0.0,68723.5
2026-08-30T19:05:23.961Z,65.293969,-149.161285,2751.06,908.39,2834.49,199.1,184.28,-1.47,0.82,88.42,91.81,86.83,50.28,0.0,0.977,0.977,0.977,,1,1.0,0.0,68724.484
2026-08-30T19:05:24.961Z,65.293593,-149.161622,2749.07,906.48,2834.89,198.14,183.28,-1.17,-1.39,87.98,91.41,86.72,-96.07,0.0,0.912,0.936,0.924,1.531,3,1.0,0.0,68725.5
2026-08-30T19:05:26.465Z,65.293022,-149.162121,2745.1,903.87,2831.79,197.53,182.73,-0.15,0.16,87.93,91.4,86.45,-148.82,0.0,0.986,0.986,0.986,,1,1.0,0.0,68727.023
2026-08-30T19:05:27.098Z,65.292784,-149.162326,2742.57,901.02,2830.12,197.84,183.03,0.51,-1.2,87.75,91.07,86.12,-239.06,0.0,0.886,0.886,0.886,,1,1.0,0.0,68727.648
2026-08-30T19:05:28.126Z,65.292398,-149.162656,2735.62,895.8,2825.39,197.79,182.96,0.01,-1.68,87.6,91.09,86.35,-349.07,0.0,0.991,0.991,0.991,,1,1.0,0.0,68728.68
2026-08-30T19:05:28.970Z,65.292083,-149.162924,2730.23,891.67,2820.83,197.56,182.75,0.27,-1.11,87.83,91.32,86.51,-369.01,0.0,1.026,1.029,1.027,0.342,2,1.0,0.0,68729.516
2026-08-30T19:05:29.789Z,65.291771,-149.163186,2724.76,888.21,2816.42,197.98,183.2,-0.03,-4.06,87.89,91.34,86.44,-384.84,0.0,1.003,1.01,1.007,0.21,2,1.0,0.0,68730.367
2026-08-30T19:05:30.830Z,65.291376,-149.163527,2718.13,883.14,2811.22,198.15,183.3,-0.01,-5.17,88.22,91.72,86.76,-369.25,0.0,1.026,1.026,1.026,,1,1.0,0.0,68731.414
2026-08-30T19:05:31.902Z,65.290975,-149.163884,2711.55,877.9,2805.19,198.33,183.55,0.07,-4.19,88.61,92.13,87.22,-378.9,0.0,0.973,0.989,0.981,1.254,3,1.0,0.0,68732.469
2026-08-30T19:05:32.945Z,65.290582,-149.164243,2704.85,873.48,2798.95,199.24,184.4,0.27,-5.93,88.93,92.36,87.37,-389.09,0.0,0.992,0.992,0.992,,1,1.0,0.0,68733.523
2026-08-30T19:05:33.808Z,65.290258,-149.164547,2698.86,866.76,2791.56,198.1,183.24,0.34,-6.33,88.43,91.66,87.1,-415.49,0.0,0.972,0.977,0.974,0.083,2,1.0,0.0,68734.391
2026-08-30T19:05:34.847Z,65.28987,-149.16492,2691.29,860.88,2783.14,199.45,184.73,0.12,-5.09,88.37,91.9,87.16,-412.08,0.0,0.982,1.016,0.998,0.583,3,1.0,0.0,68735.445
2026-08-30T19:05:36.432Z,65.289275,-149.1655,2680.12,853.17,2771.61,201.17,186.31,1.22,1.4,89.17,92.7,87.9,-444.58,0.0,0.995,0.995,0.995,,1,1.0,0.0,68737.031
2026-08-30T19:05:37.104Z,65.289022,-149.165747,2674.67,847.63,2766.55,200.32,185.46,1.55,1.77,89.54,93.05,88.24,-482.47,0.0,0.977,0.977,0.977,,1,1.0,0.0,68737.703
2026-08-30T19:05:38.226Z,65.288598,-149.166154,2664.77,837.86,2759.13,199.36,184.52,0.5,-1.06,90.08,93.59,88.77,-491.67,0.0,1.031,1.031,1.031,,1,1.0,0.0,68738.82
2026-08-30T19:05:38.899Z,65.288338,-149.166391,2659.85,833.63,2753.56,199.18,184.37,0.65,-0.4,90.44,93.94,89.1,-450.61,0.0,1.046,1.046,1.046,,1,1.0,0.0,68739.484
2026-08-30T19:05:39.958Z,65.287931,-149.166766,2652.9,825.74,2746.22,200.3,185.52,-0.13,-0.4,90.62,94.06,89.29,-390.36,0.0,1.005,1.028,1.016,0.573,3,1.0,0.0,68740.57
2026-08-30T19:05:41.065Z,65.287505,-149.167156,2647.83,821.75,2738.56,200.57,185.74,-0.91,-0.76,90.93,94.33,89.69,-281.76,0.0,1.035,1.035,1.035,,1,1.0,0.0,68741.633
2026-08-30T19:05:41.914Z,65.287173,-149.16746,2645.36,819.99,2734.07,199.99,185.17,-0.2,0.62,91.05,94.47,89.65,-209.41,0.0,1.077,1.08,1.078,0.801,2,1.0,0.0,68742.492
2026-08-30T19:05:42.935Z,65.286777,-149.167821,2640.65,817.31,2729.81,199.92,185.11,0.6,-1.06,90.83,94.2,89.5,-327.49,0.0,0.865,0.905,0.879,1.64,3,1.0,0.0,68743.516
2026-08-30T19:05:44.001Z,65.286366,-149.168195,2633.45,812.26,2723.71,199.91,185.09,0.77,-0.21,90.8,94.18,89.6,-369.57,0.0,1.026,1.026,1.026,,1,1.0,0.0,68744.578
2026-08-30T19:05:44.823Z,65.286048,-149.168483,2628.14,810.62,2718.61,199.92,185.11,-0.24,0.27,90.57,93.88,89.34,-356.93,0.0,1.019,1.045,1.032,0.415,2,1.0,0.0,68745.414
2026-08-30T19:05:45.958Z,65.285607,-149.16888,2622.37,808.01,2712.06,199.31,184.48,1.08,1.82,90.51,93.93,89.28,-332.12,0.0,0.993,0.993,0.993,,1,1.0,0.0,68746.562
2026-08-30T19:05:47.063Z,65.28518,-149.169255,2614.45,805.83,2705.51,198.63,183.76,2.76,2.92,90.81,94.21,89.49,-479.89,0.0,0.883,0.883,0.883,,1,1.0,0.0,68747.648
2026-08-30T19:05:47.911Z,65.28485,-149.169536,2605.07,800.92,2698.35,197.9,183.09,0.85,-0.19,91.4,95.0,90.31,-561.98,0.0,0.92,0.985,0.953,1.455,2,1.0,0.0,68748.539
2026-08-30T19:05:48.826Z,65.284491,-149.169836,2597.67,797.56,2689.97,197.5,182.63,-0.33,-2.68,91.94,95.3,90.69,-442.05,0.0,1.119,1.124,1.122,0.336,2,1.0,0.0,68749.453
2026-08-30T19:05:49.996Z,65.284026,-149.170222,2593.16,799.39,2680.89,196.97,182.19,-1.44,-5.31,91.47,94.73,90.16,-235.08,0.0,1.081,1.081,1.081,,1,1.0,0.0,68750.641
2026-08-30T19:05:50.911Z,65.283663,-149.17053,2591.62,803.79,2677.12,198.78,184.07,-0.85,-7.38,91.06,94.34,89.69,-163.12,0.0,0.998,1.015,1.006,0.345,2,1.0,0.0,68751.484
2026-08-30T19:05:51.970Z,65.28325,-149.170898,2588.52,808.66,2673.83,200.82,186.02,-0.39,-2.75,90.87,94.18,89.53,-197.43,0.0,0.995,0.995,0.995,,1,1.0,0.0,68752.531
2026-08-30T19:05:52.810Z,65.282926,-149.171197,2585.61,812.73,2671.28,200.13,185.26,-0.71,1.78,90.96,94.57,89.87,-191.05,0.0,1.025,1.025,1.025,0.023,2,1.0,0.0,68753.367
2026-08-30T19:05:53.833Z,65.282527,-149.171561,2582.8,818.43,2668.48,198.68,183.84,-1.35,7.6,91.93,95.41,90.71,-155.16,0.0,1.057,1.07,1.064,0.256,3,1.0,0.0,68754.398
2026-08-30T19:05:54.872Z,65.282118,-149.171908,2582.01,825.5,2666.02,198.55,183.72,-2.02,8.02,91.45,94.58,89.8,-47.94,0.0,1.105,1.105,1.105,,1,1.0,0.0,68755.438
2026-08-30T19:05:55.972Z,65.281683,-149.17224,2582.62,836.99,2665.64,196.83,181.91,-1.65,8.59,90.52,93.68,88.84,-2.6,0.0,1.038,1.038,1.038,,1,1.0,0.0,68756.531
2026-08-30T19:05:57.010Z,65.281277,-149.172517,2582.33,843.42,2665.45,194.15,179.27,-1.74,8.58,89.65,92.69,88.1,-20.31,0.0,1.011,1.011,1.011,,1,1.0,0.0,68757.555
2026-08-30T19:05:57.841Z,65.28095,-149.172714,2582.11,843.11,2665.78,192.39,177.46,-2.07,7.6,88.6,91.6,86.99,-0.99,0.0,1.046,1.064,1.055,0.337,2,1.0,0.0,68758.398
2026-08-30T19:05:58.883Z,65.280539,-149.172927,2582.68,862.4,2664.92,189.75,174.91,-0.53,5.13,88.3,91.47,86.92,-7.79,0.0,0.97,1.056,1.017,1.544,3,1.0,0.0,68759.438
2026-08-30T19:05:59.918Z,65.28013,-149.173112,2580.95,875.61,2664.93,189.13,174.32,-1.26,1.92,88.33,91.6,87.02,-69.12,0.0,0.982,0.982,0.982,,1,1.0,0.0,68760.461
2026-08-30T19:06:00.926Z,65.279728,-149.173279,2579.97,886.77,2663.73,189.19,174.39,-0.59,-0.64,88.9,92.22,87.41,-68.77,0.0,0.998,1.054,1.028,1.145,3,1.0,0.0,68761.484
2026-08-30T19:06:01.960Z,65.279317,-149.173445,2578.3,893.82,2662.74,189.37,174.55,-1.68,-3.85,88.71,91.84,87.11,-71.95,0.0,1.022,1.022,1.022,,1,1.0,0.0,68762.516
2026-08-30T19:06:02.974Z,65.278913,-149.173617,2577.9,931.58,2661.67,189.97,175.19,-1.02,-5.87,88.43,91.58,86.81,-44.87,0.0,1.025,1.067,1.048,0.909,3,1.0,0.0,68763.531
2026-08-30T19:06:03.994Z,65.278509,-149.173805,2577.41,971.39,2661.4,192.64,178.0,-2.37,-4.06,89.16,92.49,87.74,12.05,0.0,1.011,1.011,1.011,,1,1.0,0.0,68764.562
2026-08-30T19:06:04.839Z,65.278176,-149.173982,2579.43,1007.65,2661.74,195.92,181.15,-2.13,-3.29,89.05,92.25,87.45,104.53,0.0,1.051,1.06,1.056,0.807,2,1.0,0.0,68765.406
2026-08-30T19:06:05.942Z,65.27774,-149.174232,2582.29,1037.1,2663.58,194.34,179.44,-1.83,1.63,88.98,92.2,87.4,124.13,0.0,0.947,0.947,0.947,,1,1.0,0.0,68766.5
2026-08-30T19:06:06.973Z,65.277335,-149.174471,2583.76,1079.07,2665.56,192.89,178.03,-0.99,1.07,89.0,92.19,87.29,59.56,0.0,0.917,0.917,0.917,,1,1.0,0.0,68767.539
2026-08-30T19:06:07.800Z,65.277008,-149.174658,2583.51,1119.29,2665.9,191.65,176.81,-0.87,-0.11,89.03,92.3,87.49,18.89,0.0,0.963,0.99,0.977,0.158,2,1.0,0.0,68768.352
2026-08-30T19:06:08.830Z,65.276605,-149.174882,2582.5,1153.84,2666.54,191.96,177.18,0.21,1.37,89.27,92.61,87.76,-74.0,0.0,0.932,0.945,0.937,0.248,3,1.0,0.0,68769.383
2026-08-30T19:06:09.849Z,65.276201,-149.175102,2578.54,1161.41,2664.43,193.32,178.56,0.53,0.1,89.71,93.02,88.18,-206.46,0.0,0.953,0.953,0.953,,1,1.0,0.0,68770.391
2026-08-30T19:06:10.863Z,65.275799,-149.17532,2573.34,1206.5,2661.24,193.48,178.59,0.72,0.1,89.81,93.2,88.3,-285.0,0.0,0.942,0.976,0.96,0.532,3,1.0,0.0,68771.398
2026-08-30T19:06:11.861Z,65.275399,-149.175538,2567.86,1230.54,2656.79,191.24,176.38,0.14,-0.56,90.33,93.57,88.75,-310.64,0.0,1.003,1.003,1.003,,1,1.0,0.0,68772.398
2026-08-30T19:06:12.845Z,65.275001,-149.175751,2563.51,1242.69,2652.15,190.9,176.09,-0.19,-2.0,90.23,93.43,88.65,-247.58,0.0,1.079,1.107,1.094,1.753,3,1.0,0.0,68773.383
2026-08-30T19:06:13.855Z,65.2746,-149.175962,2560.35,1289.86,2648.27,191.62,176.84,-0.13,-2.93,90.16,93.33,88.53,-199.47,0.0,1.051,1.051,1.051,,1,1.0,0.0,68774.383
2026-08-30T19:06:14.842Z,65.274203,-149.176174,2557.39,1303.17,2645.03,192.12,177.32,-0.08,-1.46,89.9,93.11,88.3,-194.84,0.0,0.954,0.98,0.965,0.975,3,1.0,0.0,68775.383
2026-08-30T19:06:15.911Z,65.273779,-149.176405,2552.55,1272.64,2641.27,192.26,177.44,2.8,-1.86,90.29,93.62,88.65,-337.4,0.0,0.843,0.843,0.843,,1,1.0,0.0,68776.445
2026-08-30T19:06:16.918Z,65.273375,-149.176625,2542.26,1280.51,2633.32,192.43,177.65,2.76,1.99,91.07,94.49,89.45,-553.11,0.0,0.915,0.915,0.915,,1,1.0,0.0,68777.469
2026-08-30T19:06:17.938Z,65.272962,-149.176847,2530.2,1340.85,2623.15,192.88,178.04,3.41,3.07,92.0,95.54,90.47,-671.35,0.0,0.983,0.996,0.99,0.452,3,1.0,0.0,68778.492
2026-08-30T19:06:18.965Z,65.272539,-149.177062,2516.98,1345.06,2610.9,191.02,176.16,3.68,3.7,93.03,96.44,91.2,-742.5,0.0,0.994,0.994,0.994,,1,1.0,0.0,68779.555
2026-08-30T19:06:19.827Z,65.272182,-149.177232,2505.48,1318.98,2600.87,189.6,174.72,2.83,3.6,93.59,97.08,92.11,-767.59,0.0,0.978,0.986,0.982,1.467,2,1.0,0.0,68780.391
2026-08-30T19:06:20.858Z,65.271752,-149.177419,2494.35,1316.13,2589.11,188.37,173.54,1.02,-0.24,93.6,96.82,91.84,-622.38,0.0,1.095,1.1,1.097,0.413,3,1.0,0.0,68781.406
2026-08-30T19:06:21.874Z,65.271327,-149.177591,2487.4,1387.15,2579.59,187.71,172.89,-0.23,-2.56,93.08,96.23,91.43,-430.31,0.0,1.116,1.116,1.116,,1,1.0,0.0,68782.43
2026-08-30T19:06:22.900Z,65.270899,-149.177758,2483.46,1409.41,2573.01,187.88,173.11,0.26,-1.73,92.86,95.96,90.84,-296.19,0.0,1.057,1.117,1.09,1.449,3,1.0,0.0,68783.461
2026-08-30T19:06:23.931Z,65.270471,-149.177925,2478.49,1423.12,2567.91,189.02,174.24,-0.11,-2.11,92.04,94.99,90.14,-312.54,0.0,0.912,0.912,0.912,,1,1.0,0.0,68784.492
2026-08-30T19:06:24.952Z,65.270052,-149.178094,2474.51,1433.98,2562.97,190.72,175.96,-1.87,-2.5,91.65,94.82,89.93,-185.62,0.0,1.084,1.153,1.124,0.401,3,1.0,0.0,68785.492
2026-08-30T19:06:26.444Z,65.269448,-149.178362,2475.45,1433.8,2560.31,191.05,176.19,-1.26,-3.69,91.29,94.13,89.25,-6.48,0.0,0.984,0.984,0.984,,1,1.0,0.0,68786.969
2026-08-30T19:06:27.039Z,65.269196,-149.178481,2475.63,1430.51,2560.24,190.07,175.2,-1.11,-2.85,90.55,93.47,88.6,-5.52,0.0,0.94,0.94,0.94,,1,1.0,0.0,68787.602
2026-08-30T19:06:28.066Z,65.268788,-149.178678,2474.69,1421.34,2559.93,189.02,174.22,-1.29,-0.84,90.18,93.24,88.34,-57.41,0.0,0.939,0.939,0.939,,1,1.0,0.0,68788.609
2026-08-30T19:06:28.875Z,65.268462,-149.178831,2473.61,1417.43,2559.16,189.45,174.67,-1.14,0.37,90.17,93.23,88.41,-65.35,0.0,1.008,1.011,1.009,0.347,2,1.0,0.0,68789.422
2026-08-30T19:06:29.910Z,65.268045,-149.179026,2473.0,1418.14,2558.14,190.58,175.8,-2.61,-0.92,90.14,93.23,88.06,1.04,0.0,1.015,1.084,1.048,0.916,3,1.0,0.0,68790.516
2026-08-30T19:06:30.979Z,65.26762,-149.179225,2474.43,1429.89,2558.4,190.11,175.26,-1.76,-4.01,89.02,91.75,86.56,,0.0,0.948,0.948,0.948,,1,1.0,0.0,68791.711
2026-08-30T19:06:31.799Z,65.267299,-149.179376,2474.69,1441.26,2558.88,188.56,173.68,-1.08,-4.47,88.19,91.13,86.37,-2.89,0.0,0.929,0.929,0.929,,1,1.0,0.0,68792.336
2026-08-30T19:06:32.809Z,65.266902,-149.179567,2472.21,1448.59,2558.3,187.33,172.53,0.16,-4.23,88.13,91.25,86.54,-147.24,0.0,0.903,0.915,0.908,0.178,3,1.0,0.0,68793.352
2026-08-30T19:06:33.819Z,65.266504,-149.179754,2466.77,1446.06,2555.23,188.5,173.74,0.61,-5.08,88.76,91.94,87.11,-287.06,0.0,0.923,0.923,0.923,,1,1.0,0.0,68794.359
2026-08-30T19:06:34.832Z,65.266101,-149.179943,2460.22,1444.47,2550.74,190.33,175.58,0.72,-3.21,89.65,92.95,88.04,-360.96,0.0,0.964,0.977,0.973,0.541,3,1.0,0.0,68795.375
2026-08-30T19:06:36.283Z,65.26552,-149.180232,2453.23,1443.25,2543.74,192.1,177.27,-1.49,-5.49,90.38,93.23,88.2,-206.92,0.0,1.147,1.147,1.147,,1,1.0,0.0,68796.836
2026-08-30T19:06:36.907Z,65.265271,-149.180366,2452.61,1447.05,2541.5,191.69,176.86,-1.61,-6.25,89.69,92.42,87.5,-133.45,0.0,1.034,1.034,1.034,,1,1.0,0.0,68797.445
2026-08-30T19:06:37.909Z,65.26488,-149.180591,2452.08,1450.05,2539.36,190.53,175.68,-2.35,-8.57,88.6,91.4,86.7,-65.03,0.0,1.018,1.018,1.018,,1,1.0,0.0,68798.453
2026-08-30T19:06:38.914Z,65.264486,-149.180835,2451.42,1455.05,2537.8,190.57,175.83,-2.27,-11.85,88.0,90.96,86.38,-62.17,0.0,0.996,1.004,1.001,0.348,3,1.0,0.0,68799.461
2026-08-30T19:06:39.938Z,65.264096,-149.181101,2449.38,1456.73,2536.82,193.68,178.98,-2.8,-13.2,87.79,90.74,86.15,-105.2,0.0,0.99,0.99,0.99,,1,1.0,0.0,68800.492
2026-08-30T19:06:40.969Z,65.263706,-149.181401,2448.73,1462.2,2535.27,198.14,183.49,-2.54,-10.96,87.78,90.75,85.83,-13.04,0.0,1.098,1.112,1.104,1.114,3,1.0,0.0,68801.523
2026-08-30T19:06:41.990Z,65.263324,-149.181737,2450.34,1471.79,2535.52,202.12,187.39,-2.99,-7.97,87.54,90.38,85.33,74.19,0.0,1.014,1.014,1.014,,1,1.0,0.0,68802.531
2026-08-30T19:06:42.805Z,65.263024,-149.182027,2452.27,1478.98,2536.64,203.89,189.17,-1.6,-7.38,86.96,89.73,84.76,89.48,0.0,0.989,1.016,1.003,0.607,2,1.0,0.0,68803.383
2026-08-30T19:06:43.855Z,65.262649,-149.182421,2452.45,1488.54,2538.52,205.74,190.92,-0.97,-7.78,86.95,89.92,84.94,-4.55,0.0,0.916,0.919,0.917,0.347,3,1.0,0.0,68804.398
2026-08-30T19:06:44.869Z,65.262286,-149.182835,2449.83,1503.54,2538.4,205.63,190.83,-0.56,-6.14,87.03,89.99,85.18,-143.7,0.0,0.924,0.924,0.924,,1,1.0,0.0,68805.43
2026-08-30T19:06:45.960Z,65.261906,-149.183297,2446.54,1503.39,2535.25,206.08,191.28,-3.0,-3.35,87.2,90.21,85.48,-83.57,0.0,1.138,1.138,1.138,,1,1.0,0.0,68806.516
2026-08-30T19:06:46.975Z,65.26155,-149.183744,2448.06,1451.78,2534.35,205.79,190.96,-2.76,-1.27,87.2,90.12,85.26,39.28,0.0,1.043,1.043,1.043,,1,1.0,0.0,68807.508
2026-08-30T19:06:48.039Z,65.261175,-149.184215,2449.93,1510.78,2535.23,205.09,190.3,-2.57,-1.34,87.65,90.68,85.95,76.17,0.0,1.017,1.022,1.019,0.318,3,1.0,0.0,68808.586
2026-08-30T19:06:49.051Z,65.260821,-149.184657,2451.29,1515.7,2536.86,206.21,191.46,-2.52,-2.78,87.31,90.1,85.18,73.86,0.0,1.011,1.011,1.011,,1,1.0,0.0,68809.602
2026-08-30T19:06:49.878Z,65.260533,-149.18502,2451.98,1522.62,2537.11,206.8,191.97,-2.36,-4.7,86.71,89.52,84.68,48.53,0.0,1.002,1.007,1.005,0.158,2,1.0,0.0,68810.43
2026-08-30T19:06:50.890Z,65.260183,-149.185474,2452.28,1518.98,2537.6,206.34,191.54,-2.63,-6.42,86.46,89.42,84.62,32.96,0.0,0.995,1.003,1.0,0.035,3,1.0,0.0,68811.445
2026-08-30T19:06:51.917Z,65.259834,-149.185943,2452.82,1511.03,2538.27,206.88,192.08,-1.78,-2.73,86.69,89.62,84.77,18.46,0.0,0.969,0.969,0.969,,1,1.0,0.0,68812.469
2026-08-30T19:06:52.989Z,65.259464,-149.186446,2451.59,1466.31,2538.07,207.94,193.13,-1.2,1.48,86.69,89.65,84.83,-65.22,0.0,0.92,0.94,0.93,1.213,3,1.0,0.0,68813.547
2026-08-30T19:06:54.010Z,65.25912,-149.18691,2449.24,1502.88,2537.68,207.56,192.72,-0.76,3.54,87.06,90.28,85.41,-134.53,0.0,0.959,0.959,0.959,,1,1.0,0.0,68814.555
2026-08-30T19:06:54.822Z,65.258833,-149.187283,2445.94,1499.22,2535.95,206.6,191.76,-0.28,5.35,88.11,91.34,86.41,-220.26,0.0,0.977,0.988,0.983,1.111,2,1.0,0.0,68815.359
2026-08-30T19:06:55.895Z,65.258453,-149.187749,2440.83,1498.01,2530.86,205.09,190.19,-0.49,7.07,88.55,91.54,86.51,-246.34,0.0,1.04,1.04,1.04,,1,1.0,0.0,68816.445
2026-08-30T19:06:56.913Z,65.258087,-149.188164,2436.62,1492.78,2524.85,202.68,187.83,-0.13,3.08,88.42,91.38,86.35,-256.54,0.0,0.99,0.99,0.99,,1,1.0,0.0,68817.461
2026-08-30T19:06:57.925Z,65.257719,-149.18856,2432.28,1487.09,2520.24,202.12,187.28,-1.13,-2.96,88.89,92.06,86.56,-243.59,0.0,0.977,1.002,0.991,0.252,3,1.0,0.0,68818.469
2026-08-30T19:06:58.943Z,65.257348,-149.188955,2429.44,1485.81,2516.35,201.88,187.07,-3.07,-4.49,89.66,92.73,86.72,-137.25,0.0,1.11,1.11,1.11,,1,1.0,0.0,68819.469
2026-08-30T19:06:59.935Z,65.256985,-149.189349,2431.3,1491.85,2515.09,202.58,187.83,-3.55,-4.65,89.36,92.24,85.81,90.28,0.0,1.157,1.176,1.168,0.801,3,1.0,0.0,68820.484
2026-08-30T19:07:00.946Z,65.256618,-149.189759,2434.82,1501.78,2516.82,203.39,188.59,-1.18,-3.13,88.71,91.54,85.38,93.36,0.0,0.874,0.874,0.874,,1,1.0,0.0,68821.492
2026-08-30T19:07:01.957Z,65.256261,-149.190164,2434.43,1504.11,2517.95,204.13,189.36,-2.17,-3.79,88.33,91.26,85.11,16.94,0.0,0.881,0.957,0.919,1.09,3,1.0,0.0,68822.5
2026-08-30T19:07:02.979Z,65.2559,-149.190585,2434.5,1464.04,2517.9,203.79,188.93,-1.7,-2.52,88.05,90.87,84.77,4.08,0.0,0.998,0.998,0.998,,1,1.0,0.0,68823.523
2026-08-30T19:07:03.788Z,65.255611,-149.190922,2434.09,1502.05,2518.08,203.25,188.49,-1.47,-0.3,87.65,90.65,84.46,-28.62,0.0,0.985,0.992,0.988,0.263,2,1.0,0.0,68824.344
2026-08-30T19:07:04.794Z,65.255258,-149.191334,2432.24,1500.23,2517.27,204.9,190.1,-0.35,-1.38,88.47,91.55,85.35,-119.78,0.0,0.928,0.971,0.949,0.463,3,1.0,0.0,68825.344
2026-08-30T19:07:06.264Z,65.254736,-149.191948,2426.77,1494.19,2513.74,204.6,189.79,-0.84,-3.1,88.58,91.57,85.47,-191.91,0.0,1.007,1.007,1.007,,1,1.0,0.0,68826.797
2026-08-30T19:07:06.866Z,65.254522,-149.192203,2424.8,1491.59,2511.85,204.53,189.72,-0.37,-2.67,88.78,91.81,85.64,-199.79,0.0,1.002,1.002,1.002,,1,1.0,0.0,68827.422
2026-08-30T19:07:07.886Z,65.254164,-149.19263,2420.32,1479.66,2508.44,204.72,189.94,0.78,-2.39,89.31,92.38,85.95,-282.96,0.0,0.956,0.956,0.956,,1,1.0,0.0,68828.43
2026-08-30T19:07:08.903Z,65.253802,-149.193065,2413.59,1465.26,2503.51,206.48,191.7,0.33,-1.39,89.74,92.69,86.42,-369.0,0.0,0.949,0.967,0.957,0.575,3,1.0,0.0,68829.445
2026-08-30T19:07:09.919Z,65.253441,-149.193507,2407.36,1414.02,2497.42,206.0,191.15,-0.48,-0.64,89.0,91.81,86.67,-334.47,0.0,1.067,1.067,1.067,,1,1.0,0.0,68830.477
2026-08-30T19:07:10.946Z,65.253073,-149.193955,2402.61,1421.66,2491.88,205.41,190.57,-0.86,-0.55,88.45,91.25,86.56,-283.59,0.0,1.052,1.055,1.053,0.182,3,1.0,0.0,68831.508
2026-08-30T19:07:11.974Z,65.252707,-149.194397,2399.19,1442.58,2487.61,204.57,189.78,-1.36,-1.02,88.4,91.36,86.57,-199.49,0.0,1.061,1.061,1.061,,1,1.0,0.0,68832.539
2026-08-30T19:07:12.813Z,65.252405,-149.194758,2397.16,1435.16,2485.26,204.8,189.97,-1.63,-2.81,88.37,91.24,86.5,-174.49,0.0,0.975,0.993,0.984,0.417,2,1.0,0.0,68833.375
2026-08-30T19:07:13.848Z,65.252035,-149.195204,2395.25,1433.89,2482.92,203.68,188.86,-1.69,-3.21,88.26,91.1,86.3,-115.43,0.0,1.043,1.056,1.048,0.96,3,1.0,0.0,68834.398
2026-08-30T19:07:14.850Z,65.251675,-149.195639,2393.99,1431.16,2481.02,204.27,189.5,-2.77,-3.57,87.82,90.59,85.81,-74.04,0.0,1.033,1.033,1.033,,1,1.0,0.0,68835.383
2026-08-30T19:07:15.919Z,65.251302,-149.196098,2394.42,1428.91,2480.16,205.38,190.6,-2.35,-5.36,87.3,90.08,85.3,4.21,0.0,1.04,1.04,1.04,,1,1.0,0.0,68836.461
2026-08-30T19:07:16.914Z,65.250951,-149.196538,2394.58,1426.56,2480.08,205.22,190.4,-1.79,-6.44,86.99,89.82,85.15,-19.31,0.0,0.958,0.958,0.958,,1,1.0,0.0,68837.477
2026-08-30T19:07:17.942Z,65.250599,-149.196997,2393.11,1424.87,2479.48,205.21,190.43,-1.68,-6.14,87.03,89.9,85.11,-77.37,0.0,0.956,0.968,0.962,0.098,3,1.0,0.0,68838.492
2026-08-30T19:07:18.972Z,65.250249,-149.197465,2390.66,1420.32,2478.1,206.7,191.96,-1.22,-6.47,87.12,89.93,85.13,-140.1,0.0,0.968,0.968,0.968,,1,1.0,0.0,68839.5
2026-08-30T19:07:19.973Z,65.249903,-149.197942,2387.22,1411.32,2475.08,208.7,193.95,-1.52,-3.61,87.23,90.13,85.14,-167.35,0.0,1.014,1.073,1.047,0.26,3,1.0,0.0,68840.523
2026-08-30T19:07:20.992Z,65.249558,-149.198431,2384.96,1401.66,2472.01,209.84,195.02,-2.3,-4.32,87.19,89.94,84.97,-115.25,0.0,1.061,1.061,1.061,,1,1.0,0.0,68841.539
2026-08-30T19:07:21.822Z,65.24928,-149.198838,2384.13,1393.74,2470.33,209.07,194.24,-0.99,-3.79,86.71,89.49,84.81,-105.24,0.0,1.007,1.041,1.024,0.653,2,1.0,0.0,68842.375
2026-08-30T19:07:22.847Z,65.248936,-149.199351,2381.03,1387.33,2468.14,208.93,194.14,-0.54,-2.78,86.96,89.86,85.14,-189.03,0.0,0.922,0.927,0.925,0.32,3,1.0,0.0,68843.398
2026-08-30T19:07:23.879Z,65.248594,-149.199864,2376.65,1378.97,2464.7,209.51,194.75,-0.83,-2.01,87.3,90.07,85.4,-225.92,0.0,1.002,1.002,1.002,,1,1.0,0.0,68844.43
2026-08-30T19:07:24.901Z,65.248252,-149.200377,2372.76,1375.85,2460.88,210.91,196.12,-0.92,-0.59,87.48,90.41,85.64,-222.92,0.0,1.018,1.027,1.022,0.346,3,1.0,0.0,68845.445
2026-08-30T19:07:26.379Z,65.247756,-149.201121,2367.98,1369.91,2455.6,209.94,195.19,-1.31,-1.7,87.71,90.55,85.62,-178.87,0.0,1.036,1.036,1.036,,1,1.0,0.0,68846.914
2026-08-30T19:07:26.983Z,65.247552,-149.201428,2366.6,1368.53,2453.78,210.81,196.01,-2.02,-1.16,87.62,90.33,85.58,-144.66,0.0,1.024,1.024,1.024,,1,1.0,0.0,68847.523
2026-08-30T19:07:27.988Z,65.247216,-149.201937,2366.71,1363.58,2451.92,210.58,195.77,-3.41,-0.12,87.13,89.86,85.07,16.66,0.0,1.128,1.128,1.128,,1,1.0,0.0,68848.523
2026-08-30T19:07:28.781Z,65.24695,-149.20234,2368.79,1366.46,2452.31,210.58,195.77,-2.43,-2.68,86.58,89.19,84.37,71.96,0.0,1.009,1.04,1.025,0.374,2,1.0,0.0,68849.328
2026-08-30T19:07:29.813Z,65.246612,-149.202854,2369.07,1364.95,2453.26,210.51,195.7,-2.12,-4.37,86.02,88.77,84.11,-7.48,0.0,0.939,0.955,0.945,0.883,3,1.0,0.0,68850.359
2026-08-30T19:07:30.822Z,65.246285,-149.203358,2367.42,1364.41,2452.85,209.41,194.56,-1.86,-2.62,86.04,88.86,84.13,-68.5,0.0,1.028,1.028,1.028,,1,1.0,0.0,68851.375
2026-08-30T19:07:31.839Z,65.245953,-149.203867,2365.8,1361.98,2451.61,209.09,194.33,-3.16,-4.22,85.8,88.49,83.7,-63.1,0.0,0.999,1.028,1.013,0.61,3,1.0,0.0,68852.383
2026-08-30T19:07:32.845Z,65.245626,-149.204375,2366.59,1360.38,2450.97,210.58,195.86,-3.26,-3.97,85.56,88.31,83.29,48.28,0.0,1.096,1.096,1.096,,1,1.0,0.0,68853.398
2026-08-30T19:07:33.855Z,65.245301,-149.204892,2367.94,1361.27,2451.8,211.77,196.94,-1.08,-1.46,85.5,88.27,83.34,5.33,0.0,0.895,0.978,0.935,0.648,3,1.0,0.0,68854.406
2026-08-30T19:07:34.862Z,65.244977,-149.205407,2365.35,1358.04,2451.33,211.17,196.37,-0.82,-1.43,85.85,88.81,84.19,-129.19,0.0,0.926,0.926,0.926,,1,1.0,0.0,68855.414
2026-08-30T19:07:35.941Z,65.244627,-149.205967,2360.77,1353.33,2448.53,212.77,198.02,-0.74,-1.78,87.14,90.2,85.59,-229.88,0.0,0.968,0.968,0.968,,1,1.0,0.0,68856.492
2026-08-30T19:07:36.956Z,65.244295,-149.206507,2356.19,1349.21,2444.55,213.23,198.39,-1.77,-0.43,87.82,90.66,86.06,-220.66,0.0,1.091,1.091,1.091,,1,1.0,0.0,68857.508
2026-08-30T19:07:37.971Z,65.243962,-149.207052,2354.27,1349.67,2441.24,211.03,196.15,-1.44,0.08,88.19,90.97,86.35,-130.47,0.0,1.034,1.09,1.066,1.311,3,1.0,0.0,68858.508
2026-08-30T19:07:38.975Z,65.243626,-149.207589,2353.03,1348.63,2439.19,210.19,195.4,-1.96,-1.79,88.06,90.88,86.15,-85.02,0.0,1.012,1.012,1.012,,1,1.0,0.0,68859.523
2026-08-30T19:07:39.840Z,65.243344,-149.208039,2352.52,1310.08,2438.07,210.08,195.27,-2.3,-1.56,88.04,90.82,85.85,-48.05,0.0,1.016,1.02,1.018,0.601,2,1.0,0.0,68860.383
2026-08-30T19:07:40.849Z,65.243004,-149.208565,2352.0,1353.5,2437.29,209.95,195.14,-0.73,-0.29,88.02,90.93,85.95,-67.32,0.0,1.002,1.037,1.022,1.213,3,1.0,0.0,68861.398
2026-08-30T19:07:41.900Z,65.242651,-149.209108,2348.86,1353.77,2435.66,209.48,194.67,-0.34,-0.81,88.72,91.75,86.83,-172.75,0.0,0.95,0.95,0.95,,1,1.0,0.0,68862.453
2026-08-30T19:07:42.929Z,65.242303,-149.209634,2344.35,1352.13,2432.41,209.61,194.81,-0.41,-0.75,88.57,91.32,86.37,-235.78,0.0,0.987,1.006,0.998,0.117,3,1.0,0.0,68863.477
2026-08-30T19:07:43.951Z,65.241956,-149.210153,2339.84,1350.72,2428.34,209.18,194.39,-1.02,-2.25,88.46,91.23,86.56,-240.73,0.0,1.014,1.014,1.014,,1,1.0,0.0,68864.492
2026-08-30T19:07:44.947Z,65.241619,-149.210657,2337.1,1350.73,2424.66,210.42,195.67,-1.87,-4.09,88.29,91.08,86.17,-154.14,0.0,1.058,1.062,1.06,0.247,3,1.0,0.0,68865.484
2026-08-30T19:07:46.391Z,65.241134,-149.211398,2336.74,1310.41,2422.05,211.63,196.86,-2.11,-4.6,88.32,91.02,86.19,-26.36,0.0,1.009,1.009,1.009,,1,1.0,0.0,68866.938
2026-08-30T19:07:47.012Z,65.240926,-149.211727,2336.84,1357.8,2421.77,212.02,197.23,-1.97,-5.34,88.14,90.99,86.2,-24.52,0.0,0.959,0.959,0.959,,1,1.0,0.0,68867.562
2026-08-30T19:07:48.038Z,65.24059,-149.212272,2335.54,1363.33,2421.41,211.88,197.07,-1.75,-6.08,88.62,91.68,86.84,-93.71,0.0,0.936,0.936,0.936,,1,1.0,0.0,68868.578
2026-08-30T19:07:48.854Z,65.240321,-149.212719,2332.52,1360.2,2420.07,212.22,197.48,-0.74,-5.2,89.49,92.67,87.85,-218.97,0.0,0.908,0.922,0.915,0.33,2,1.0,0.0,68869.414
2026-08-30T19:07:49.881Z,65.239975,-149.213306,2324.79,1359.73,2415.24,213.52,198.74,0.82,-5.45,91.64,95.12,90.35,-451.07,0.0,0.859,0.884,0.874,0.782,3,1.0,0.0,68870.453
2026-08-30T19:07:50.921Z,65.239622,-149.213914,2311.42,1346.21,2406.65,214.57,199.81,0.27,-6.47,94.73,98.48,93.75,-707.98,0.0,0.919,0.919,0.919,,1,1.0,0.0,68871.492
2026-08-30T19:07:51.974Z,65.239254,-149.214567,2295.49,1332.51,2393.93,215.42,200.69,0.43,-4.74,98.35,102.12,97.54,-880.0,0.0,0.927,0.959,0.941,0.304,3,1.0,0.0,68872.547
2026-08-30T19:07:53.029Z,65.238874,-149.215256,2277.97,1283.89,2378.92,216.89,202.12,-0.23,-4.87,101.97,105.95,101.29,-929.4,0.0,1.044,1.044,1.044,,1,1.0,0.0,68873.594
2026-08-30T19:07:53.871Z,65.238559,-149.215842,2264.97,1308.65,2364.93,217.53,202.76,-0.46,-3.96,104.8,108.74,104.07,-923.45,0.0,1.004,1.01,1.007,0.443,2,1.0,0.0,68874.438
2026-08-30T19:07:54.909Z,65.238168,-149.21659,2250.16,1297.54,2348.71,217.99,203.21,-2.54,-3.36,107.34,111.05,106.71,-822.37,0.0,1.063,1.101,1.082,0.871,3,1.0,0.0,68875.461
2026-08-30T19:07:56.388Z,65.237605,-149.217706,2240.7,1287.41,2331.99,219.61,204.81,-5.05,-5.54,109.66,113.29,109.01,-297.5,0.0,1.24,1.24,1.24,,1,1.0,0.0,68876.93
2026-08-30T19:07:56.999Z,65.237368,-149.218195,2241.29,1288.09,2328.98,219.27,204.45,-5.38,-4.99,110.42,114.01,109.82,-91.27,0.0,1.155,1.155,1.155,,1,1.0,0.0,68877.539
2026-08-30T19:07:58.007Z,65.236987,-149.218997,2244.17,1291.73,2328.21,219.04,204.29,-4.86,-5.03,110.96,114.34,110.29,50.28,0.0,0.994,0.994,0.994,,1,1.0,0.0,68878.547
2026-08-30T19:07:58.813Z,65.236676,-149.219653,2246.09,1259.59,2329.05,220.44,205.66,-7.27,-5.02,111.96,115.87,112.02,189.95,0.0,1.075,1.132,1.104,0.538,2,1.0,0.0,68879.359
2026-08-30T19:07:59.829Z,65.236286,-149.220488,2255.47,1250.94,2333.52,220.66,205.86,-6.69,-4.61,114.6,118.25,113.67,486.76,0.0,1.085,1.185,1.139,1.929,3,1.0,0.0,68880.375
2026-08-30T19:08:00.843Z,65.235889,-149.221345,2266.02,1305.15,2342.15,220.64,205.82,-4.69,-4.34,115.8,119.56,115.17,499.24,0.0,0.954,0.954,0.954,,1,1.0,0.0,68881.406
2026-08-30T19:08:01.865Z,65.235482,-149.222226,2270.91,1257.51,2349.93,219.09,204.27,-3.01,-1.46,117.43,121.63,117.34,259.51,0.0,0.885,0.896,0.89,0.542,3,1.0,0.0,68882.43
2026-08-30T19:08:02.902Z,65.235064,-149.223116,2269.89,1249.19,2353.27,219.9,205.15,-3.38,-1.74,119.26,122.97,118.62,26.13,0.0,0.946,0.946,0.946,,1,1.0,0.0,68883.453
2026-08-30T19:08:03.932Z,65.234641,-149.224011,2270.37,1295.5,2353.92,220.57,205.76,-4.32,0.6,119.04,122.82,118.47,110.4,0.0,1.135,1.171,1.158,1.167,3,1.0,0.0,68884.477
2026-08-30T19:08:04.943Z,65.234227,-149.2249,2274.91,1293.06,2356.31,220.14,205.35,-4.58,-1.37,119.9,123.88,119.45,243.45,0.0,1.068,1.068,1.068,,1,1.0,0.0,68885.508
2026-08-30T19:08:06.080Z,65.233757,-149.225896,2280.87,1255.32,2360.92,220.1,205.29,-4.68,-2.46,120.99,124.86,120.68,285.59,0.0,0.994,0.994,0.994,,1,1.0,0.0,68886.672
2026-08-30T19:08:07.145Z,65.233313,-149.226838,2287.72,1313.75,2368.62,220.03,205.24,-4.5,-2.02,121.76,125.67,121.16,395.83,0.0,1.081,1.081,1.081,,1,1.0,0.0,68887.688
2026-08-30T19:08:07.967Z,65.23297,-149.227571,2293.63,1283.76,2374.65,220.29,205.51,-3.68,-1.71,122.35,126.31,122.04,370.7,0.0,0.918,0.94,0.929,0.556,2,1.0,0.0,68888.539
2026-08-30T19:08:08.826Z,65.232609,-149.228341,2297.85,1337.92,2380.0,220.81,206.02,-3.89,-1.11,123.02,127.01,122.65,314.47,0.0,0.936,0.959,0.947,0.254,2,1.0,0.0,68889.383
2026-08-30T19:08:09.858Z,65.232172,-149.229279,2302.94,1318.05,2385.63,220.39,205.56,-3.99,0.3,123.9,127.87,123.49,315.57,0.0,1.032,1.032,1.032,,1,1.0,0.0,68890.422
2026-08-30T19:08:10.900Z,65.231727,-149.230225,2308.49,1350.95,2390.66,220.33,205.57,-3.27,0.5,124.8,128.91,124.38,305.67,0.0,1.005,1.022,1.016,0.864,3,1.0,0.0,68891.461
2026-08-30T19:08:11.953Z,65.231273,-149.231183,2312.3,1355.83,2394.24,219.95,205.13,-3.22,0.96,125.81,129.94,125.57,222.35,0.0,0.946,0.946,0.946,,1,1.0,0.0,68892.508
2026-08-30T19:08:12.972Z,65.230824,-149.232121,2315.11,1355.54,2397.69,219.61,204.79,-2.28,3.18,126.59,130.77,126.5,164.51,0.0,0.968,0.989,0.98,0.579,3,1.0,0.0,68893.531
2026-08-30T19:08:14.004Z,65.23037,-149.233052,2315.38,1351.56,2399.3,218.27,203.45,-1.66,8.13,127.6,131.81,127.67,14.68,0.0,0.89,0.89,0.89,,1,1.0,0.0,68894.562
2026-08-30T19:08:14.833Z,65.229988,-149.233808,2313.95,1355.43,2399.56,217.61,202.76,-2.34,10.64,128.5,132.64,128.48,-33.95,0.0,0.985,1.013,0.999,0.313,2,1.0,0.0,68895.383
2026-08-30T19:08:15.918Z,65.229479,-149.234759,2314.05,1356.48,2399.8,215.78,200.91,-2.5,11.61,130.03,134.32,129.69,25.53,0.0,1.063,1.063,1.063,,1,1.0,0.0,68896.461
2026-08-30T19:08:16.940Z,65.228989,-149.235616,2315.87,1370.27,2399.82,213.66,198.74,-2.71,9.82,130.48,134.68,129.96,105.03,0.0,1.068,1.068,1.068,,1,1.0,0.0,68897.516
2026-08-30T19:08:17.802Z,65.228561,-149.236316,2318.2,1372.57,2401.06,212.36,197.54,-1.85,7.72,130.87,135.05,130.37,108.67,0.0,0.966,1.009,0.988,0.766,2,1.0,0.0,68898.352
2026-08-30T19:08:18.818Z,65.228049,-149.237121,2319.03,1387.95,2402.54,211.69,196.9,-2.47,5.71,131.45,135.72,131.34,64.89,0.0,0.938,0.986,0.96,1.013,3,1.0,0.0,68899.352
2026-08-30T19:08:19.847Z,65.227521,-149.237917,2320.53,1398.46,2403.73,212.91,198.13,-1.57,4.45,132.4,136.7,132.13,77.02,0.0,0.979,0.979,0.979,,1,1.0,0.0,68900.398
2026-08-30T19:08:20.857Z,65.226994,-149.238708,2320.14,1404.26,2404.6,211.47,196.6,-1.6,5.59,132.9,137.24,132.78,-19.18,0.0,0.902,0.963,0.931,1.142,3,1.0,0.0,68901.406
2026-08-30T19:08:21.875Z,65.226464,-149.239486,2318.92,1414.33,2404.15,209.86,195.06,-1.27,7.31,134.63,139.14,134.29,-49.51,0.0,1.025,1.025,1.025,,1,1.0,0.0,68902.414
2026-08-30T19:08:22.881Z,65.225925,-149.240249,2317.28,1427.49,2403.12,209.01,194.17,-2.19,6.19,135.35,139.71,135.28,-73.22,0.0,0.967,0.987,0.974,1.367,3,1.0,0.0,68903.43
2026-08-30T19:08:23.898Z,65.225372,-149.240993,2318.34,1445.48,2402.44,206.77,191.94,-4.1,6.52,135.83,140.16,135.61,118.56,0.0,1.161,1.161,1.161,,1,1.0,0.0,68904.445
2026-08-30T19:08:24.901Z,65.224812,-149.241701,2326.57,1453.9,2405.71,206.09,191.26,-4.1,7.41,135.98,140.24,135.43,420.61,0.0,1.177,1.241,1.213,2.397,3,1.0,0.0,68905.438
2026-08-30T19:08:26.353Z,65.223997,-149.242667,2338.96,1495.4,2416.64,205.43,190.66,-1.4,7.69,136.27,140.7,135.72,360.66,0.0,0.829,0.829,0.829,,1,1.0,0.0,68906.906
2026-08-30T19:08:26.975Z,65.223646,-149.243066,2339.92,1496.21,2420.26,205.2,190.36,-1.41,5.35,136.82,141.31,136.4,185.52,0.0,0.798,0.798,0.798,,1,1.0,0.0,68907.516
2026-08-30T19:08:27.981Z,65.223071,-149.243705,2338.79,1464.77,2422.59,203.93,189.14,-1.09,2.79,137.52,141.99,137.14,6.61,0.0,0.953,0.953,0.953,,1,1.0,0.0,68908.523
2026-08-30T19:08:28.794Z,65.222601,-149.244212,2336.98,1509.3,2422.46,203.24,188.4,-1.39,1.94,137.94,142.36,137.63,-77.92,0.0,0.948,0.955,0.951,0.845,2,1.0,0.0,68909.336
2026-08-30T19:08:29.820Z,65.221999,-149.244849,2335.45,1521.2,2421.38,202.4,187.61,-1.44,1.89,138.63,143.11,138.28,-71.87,0.0,1.023,1.03,1.028,0.873,3,1.0,0.0,68910.383
2026-08-30T19:08:30.832Z,65.221405,-149.245461,2334.38,1526.43,2420.56,202.35,187.56,-1.44,0.92,139.64,144.24,138.85,-60.97,0.0,1.01,1.01,1.01,,1,1.0,0.0,68911.383
2026-08-30T19:08:31.831Z,65.220812,-149.24606,2333.39,1535.81,2419.57,202.33,187.56,-1.38,2.31,140.49,145.02,139.29,-64.04,0.0,0.986,1.001,0.992,0.393,3,1.0,0.0,68912.367
2026-08-30T19:08:32.817Z,65.220226,-149.246645,2331.81,1548.41,2418.47,202.59,187.8,-0.43,-1.17,141.28,145.88,139.66,-121.1,0.0,0.943,0.943,0.943,,1,1.0,0.0,68913.359
2026-08-30T19:08:33.813Z,65.219632,-149.247235,2328.14,1559.66,2415.82,202.45,187.63,-1.43,-3.2,142.57,147.13,140.6,-165.32,0.0,0.959,1.018,0.988,1.171,3,1.0,0.0,68914.359
2026-08-30T19:08:34.846Z,65.219014,-149.247857,2327.66,1574.69,2413.32,202.67,187.89,-2.49,-3.59,143.12,147.64,140.87,9.38,0.0,1.123,1.16,1.143,0.14,3,1.0,0.0,68915.391
2026-08-30T19:08:36.306Z,65.218145,-149.248752,2338.6,1605.85,2417.03,203.62,188.91,-5.18,-4.14,142.03,146.16,138.94,563.89,0.0,1.298,1.298,1.298,,1,1.0,0.0,68916.844
2026-08-30T19:08:36.910Z,65.217783,-149.249135,2349.55,1617.0,2422.86,204.42,189.62,-6.22,-4.52,140.73,144.57,137.01,895.24,0.0,1.356,1.356,1.356,,1,1.0,0.0,68917.438
2026-08-30T19:08:37.887Z,65.217225,-149.249744,2373.71,1652.97,2439.06,204.09,189.28,-6.13,-3.11,137.13,140.58,132.9,1327.79,0.0,1.248,1.248,1.248,,1,1.0,0.0,68918.414
2026-08-30T19:08:38.901Z,65.216667,-149.250369,2400.34,1683.47,2462.69,204.35,189.59,-5.27,-2.19,133.26,136.57,129.04,1466.28,0.0,0.991,1.057,1.022,0.24,3,1.0,0.0,68919.414
2026-08-30T19:08:39.885Z,65.216133,-149.25097,2425.0,1727.15,2486.56,203.94,189.11,-3.95,-2.57,128.34,131.5,124.04,1428.13,0.0,0.936,0.989,0.97,1.98,3,1.0,0.0,68920.43
2026-08-30T19:08:40.882Z,65.215616,-149.251551,2443.64,1763.8,2509.64,203.5,188.72,-0.57,-2.94,123.51,126.68,119.71,1048.03,0.0,0.639,0.639,0.639,,1,1.0,0.0,68921.43
2026-08-30T19:08:41.875Z,65.215125,-149.252104,2451.75,1780.16,2526.2,203.9,189.1,0.32,-3.02,119.5,122.57,115.8,623.22,0.0,0.722,0.824,0.776,0.247,3,1.0,0.0,68922.414
2026-08-30T19:08:42.861Z,65.214647,-149.252643,2454.78,1794.71,2535.6,203.8,189.02,0.42,-2.5,115.87,119.14,112.66,285.89,0.0,0.83,0.83,0.83,,1,1.0,0.0,68923.406
2026-08-30T19:08:43.876Z,65.214175,-149.253177,2455.69,1807.11,2539.59,204.1,189.32,0.88,-2.24,113.29,116.4,109.97,118.74,0.0,0.966,0.974,0.969,0.93,3,1.0,0.0,68924.406
2026-08-30T19:08:44.857Z,65.213722,-149.253707,2455.78,1805.08,2541.43,204.69,189.93,-1.63,-1.55,110.74,114.03,107.48,107.9,0.0,0.976,1.092,1.036,1.533,3,1.0,0.0,68925.414
2026-08-30T19:08:46.300Z,65.213082,-149.254432,2462.57,1817.2,2544.43,204.99,190.25,-2.65,-4.71,107.36,110.52,104.08,297.1,0.0,1.078,1.078,1.078,,1,1.0,0.0,68926.852
2026-08-30T19:08:46.921Z,65.212817,-149.254744,2467.04,1836.82,2547.03,205.27,190.47,-0.98,-1.99,106.02,109.1,102.81,339.05,0.0,1.073,1.073,1.073,,1,1.0,0.0,68927.445
2026-08-30T19:08:47.890Z,65.212403,-149.255236,2471.51,1841.17,2551.77,204.96,190.18,-1.19,0.18,104.29,107.43,101.07,276.9,0.0,0.963,0.963,0.963,,1,1.0,0.0,68928.414
2026-08-30T19:08:48.903Z,65.211983,-149.25573,2473.81,1854.89,2555.75,203.92,189.08,2.2,4.52,102.26,105.52,99.17,72.47,0.0,0.773,0.936,0.856,1.24,3,1.0,0.0,68929.438
2026-08-30T19:08:49.890Z,65.21157,-149.256195,2468.44,1856.39,2555.54,202.86,188.09,1.95,8.34,101.61,105.03,98.67,-229.06,0.0,0.749,0.869,0.808,2.303,3,1.0,0.0,68930.43
2026-08-30T19:08:50.886Z,65.211153,-149.256628,2462.2,1857.77,2551.49,202.86,188.05,1.54,8.42,101.3,104.59,98.28,-303.92,0.0,1.014,1.014,1.014,,1,1.0,0.0,68931.414
2026-08-30T19:08:51.863Z,65.21074,-149.257023,2456.49,1861.49,2547.45,200.57,185.7,0.95,7.92,101.46,104.91,98.58,-328.33,0.0,1.013,1.058,1.036,0.634,3,1.0,0.0,68932.414
2026-08-30T19:08:52.867Z,65.210311,-149.257396,2452.06,1842.94,2542.63,198.28,183.44,0.67,7.56,101.34,104.7,98.28,-252.13,0.0,1.096,1.11,1.105,0.53,3,1.0,0.0,68933.406
2026-08-30T19:08:53.870Z,65.20988,-149.257732,2449.49,1881.33,2539.21,196.37,181.51,0.95,6.95,101.12,104.27,97.77,-183.49,0.0,1.046,1.046,1.046,,1,1.0,0.0,68934.398
2026-08-30T19:08:54.844Z,65.209457,-149.25803,2445.9,1884.83,2535.93,194.78,179.95,2.4,5.2,99.96,103.13,96.6,-271.44,0.0,0.92,0.962,0.943,0.643,3,1.0,0.0,68935.391
2026-08-30T19:08:55.911Z,65.208998,-149.258324,2437.91,1880.13,2529.67,193.0,178.17,2.36,2.73,99.55,102.83,96.37,-414.89,0.0,0.944,0.944,0.944,,1,1.0,0.0,68936.438
2026-08-30T19:08:56.889Z,65.208575,-149.258576,2430.0,1836.96,2521.7,192.97,178.17,1.99,0.33,99.36,102.6,96.15,-447.37,0.0,1.022,1.022,1.022,,1,1.0,0.0,68937.414
2026-08-30T19:08:57.888Z,65.208139,-149.258823,2422.48,1876.36,2513.73,191.96,177.16,1.63,0.34,99.08,102.29,95.91,-436.53,0.0,1.014,1.018,1.015,0.211,3,1.0,0.0,68938.422
2026-08-30T19:08:58.879Z,65.207714,-149.259055,2416.32,1877.44,2506.87,192.15,177.38,0.53,1.04,98.74,101.9,95.58,-361.58,0.0,1.044,1.072,1.058,0.568,3,1.0,0.0,68939.398
2026-08-30T19:08:59.832Z,65.207299,-149.259277,2412.8,1884.69,2501.69,191.75,176.93,0.42,-1.4,98.2,101.36,95.14,-245.99,0.0,1.073,1.073,1.073,,1,1.0,0.0,68940.375
2026-08-30T19:09:00.851Z,65.206861,-149.259506,2410.7,1888.47,2497.98,191.08,176.26,-0.51,-0.29,98.0,101.19,95.01,-130.1,0.0,1.002,1.018,1.007,0.898,3,1.0,0.0,68941.375
2026-08-30T19:09:01.827Z,65.206443,-149.259715,2409.41,1894.84,2495.99,189.69,174.9,2.62,1.26,97.96,101.35,95.16,-200.65,0.0,0.849,1.0,0.929,2.411,3,1.0,0.0,68942.367
2026-08-30T19:09:02.819Z,65.206016,-149.259915,2402.5,1891.83,2492.06,191.06,176.32,0.75,-2.15,98.48,101.6,95.31,-321.46,0.0,1.025,1.025,1.025,,1,1.0,0.0,68943.352
2026-08-30T19:09:03.814Z,65.205584,-149.260115,2397.58,1891.68,2487.23,191.17,176.39,0.55,-3.43,98.07,101.19,94.89,-279.56,0.0,1.06,1.096,1.077,0.26,3,1.0,0.0,68944.336
2026-08-30T19:09:04.815Z,65.205153,-149.260323,2394.09,1890.52,2483.24,191.11,176.28,0.9,-0.86,97.71,100.86,94.55,-232.74,0.0,1.023,1.047,1.038,1.136,3,1.0,0.0,68945.359
2026-08-30T19:09:06.260Z,65.204529,-149.260617,2386.63,1887.67,2476.69,189.13,174.35,2.45,1.87,97.96,101.07,94.66,-356.69,0.0,0.935,0.935,0.935,,1,1.0,0.0,68946.797
2026-08-30T19:09:06.863Z,65.20427,-149.26073,2381.74,1889.94,2472.81,189.36,174.59,1.69,-0.15,97.87,101.0,94.68,-423.25,0.0,0.942,0.942,0.942,,1,1.0,0.0,68947.406
2026-08-30T19:09:07.850Z,65.203846,-149.260908,2374.87,1888.61,2465.87,189.77,175.0,0.77,-3.92,98.08,101.3,94.96,-374.82,0.0,1.129,1.129,1.129,,1,1.0,0.0,68948.383
2026-08-30T19:09:08.846Z,65.203417,-149.261094,2370.0,1892.59,2459.81,190.44,175.67,0.37,-5.63,97.71,100.75,94.48,-302.05,0.0,1.048,1.07,1.056,0.429,3,1.0,0.0,68949.367
2026-08-30T19:09:09.845Z,65.202985,-149.261294,2366.41,1895.08,2455.01,190.91,176.14,0.41,-3.85,97.21,100.22,93.96,-241.61,0.0,1.029,1.04,1.033,0.412,3,1.0,0.0,68950.375
2026-08-30T19:09:10.822Z,65.202568,-149.261497,2362.82,1891.73,2451.06,191.17,176.35,0.31,-0.17,96.9,99.97,93.77,-223.96,0.0,1.007,1.007,1.007,,1,1.0,0.0,68951.352
2026-08-30T19:09:11.795Z,65.202152,-149.2617,2359.75,1891.64,2447.56,189.86,175.04,0.78,-0.81,96.47,99.42,93.21,-208.59,0.0,0.984,1.023,1.005,0.905,3,1.0,0.0,68952.328
2026-08-30T19:09:12.802Z,65.20173,-149.261897,2355.81,1893.0,2443.97,190.34,175.6,1.02,-2.03,95.84,98.79,92.47,-242.24,0.0,0.964,0.976,0.97,0.088,3,1.0,0.0,68953.328
2026-08-30T19:09:13.980Z,65.201238,-149.262125,2349.06,1891.17,2438.67,190.82,176.03,1.24,-1.49,95.39,98.44,92.23,-338.44,0.0,0.95,0.959,0.954,0.409,2,1.0,0.0,68954.508
2026-08-30T19:09:14.954Z,65.200828,-149.262315,2342.95,1889.9,2433.12,190.38,175.59,1.22,-0.14,95.48,98.55,92.35,-355.2,0.0,1.01,1.012,1.011,0.125,3,1.0,0.0,68955.461
2026-08-30T19:09:16.334Z,65.200246,-149.262579,2334.81,1892.73,2424.43,189.81,175.03,1.25,0.36,95.62,98.56,92.18,-348.97,0.0,0.994,0.994,0.994,,1,1.0,0.0,68956.844
2026-08-30T19:09:16.908Z,65.200005,-149.262685,2331.54,1889.46,2418.59,189.65,174.84,1.07,-0.24,95.46,98.4,91.85,-344.41,0.0,0.983,0.983,0.983,,1,1.0,0.0,68957.445
2026-08-30T19:09:17.920Z,65.199582,-149.262868,2324.84,1888.37,2408.62,188.08,173.3,2.03,-0.96,94.45,97.3,90.93,-425.32,0.0,0.922,0.978,0.952,0.67,3,1.0,0.0,68958.445
2026-08-30T19:09:18.901Z,65.199178,-149.263035,2316.81,1885.43,2400.03,190.09,175.41,0.55,-1.73,94.3,97.2,90.85,-427.11,0.0,1.059,1.059,1.059,,1,1.0,0.0,68959.438
2026-08-30T19:09:19.890Z,65.198769,-149.263204,2311.6,1886.4,2393.26,190.89,176.07,-0.06,-2.94,93.64,96.23,89.88,-318.44,0.0,1.099,1.105,1.102,0.485,3,1.0,0.0,68960.414
2026-08-30T19:09:20.869Z,65.198367,-149.263378,2308.54,1892.11,2388.98,190.02,175.21,0.19,-1.53,92.66,95.44,89.01,-227.96,0.0,1.03,1.044,1.038,0.766,3,1.0,0.0,68961.406
2026-08-30T19:09:21.847Z,65.19797,-149.263551,2304.45,1895.17,2385.01,189.38,174.59,1.95,-0.57,92.02,94.82,88.26,-303.26,0.0,0.895,0.895,0.895,,1,1.0,0.0,68962.391
2026-08-30T19:09:22.846Z,65.197571,-149.263719,2296.12,1841.87,2379.95,189.34,174.56,3.42,1.1,92.09,95.05,88.53,-493.03,0.0,0.872,0.876,0.874,0.258,3,1.0,0.0,68963.391
2026-08-30T19:09:23.840Z,65.197167,-149.263881,2284.03,1888.41,2371.57,189.33,174.56,2.3,1.59,92.66,95.62,89.46,-649.75,0.0,0.878,0.938,0.9,2.863,3,1.0,0.0,68964.375
2026-08-30T19:09:24.814Z,65.196768,-149.26404,2274.24,1886.5,2359.6,189.64,174.87,0.6,1.03,92.9,95.68,89.53,-523.33,0.0,1.181,1.181,1.181,,1,1.0,0.0,68965.383
2026-08-30T19:09:25.882Z,65.196331,-149.264196,2267.78,1853.03,2350.5,188.38,173.58,1.87,1.57,92.68,95.54,89.29,-448.59,0.0,0.998,0.998,0.998,,1,1.0,0.0,68966.406
2026-08-30T19:09:26.859Z,65.195933,-149.264337,2259.56,1842.77,2342.79,189.59,174.88,2.8,2.37,93.1,96.09,89.65,-527.27,0.0,0.948,0.948,0.948,,1,1.0,0.0,68967.383
2026-08-30T19:09:27.855Z,65.195522,-149.264481,2249.3,1876.66,2333.65,190.59,175.81,1.58,-3.18,93.65,96.49,90.13,-562.54,0.0,0.945,0.997,0.969,1.398,3,1.0,0.0,68968.391
2026-08-30T19:09:28.842Z,65.195117,-149.264634,2241.28,1871.63,2324.68,189.8,175.03,-0.51,-8.66,93.34,95.78,89.62,-467.98,0.0,1.08,1.12,1.101,0.661,3,1.0,0.0,68969.375
2026-08-30T19:09:29.825Z,65.194718,-149.264811,2237.47,1874.4,2317.84,191.41,176.72,-0.26,-10.12,92.97,95.64,89.37,-272.64,0.0,1.124,1.124,1.124,,1,1.0,0.0,68970.367
2026-08-30T19:09:30.822Z,65.194314,-149.265027,2235.13,1842.75,2313.62,194.15,179.45,-2.47,-14.38,92.21,94.78,88.52,-149.98,0.0,1.003,1.094,1.048,1.612,3,1.0,0.0,68971.383
2026-08-30T19:09:31.837Z,65.193913,-149.265292,2235.11,1846.92,2311.53,195.4,180.64,-0.68,-14.54,91.51,94.06,87.78,-82.28,0.0,1.036,1.147,1.095,2.095,3,1.0,0.0,68972.375
2026-08-30T19:09:32.829Z,65.193532,-149.265586,2231.52,1887.18,2309.62,196.79,182.11,-0.12,-16.02,91.0,93.69,87.5,-224.81,0.0,0.936,0.936,0.936,,1,1.0,0.0,68973.375
2026-08-30T19:09:33.844Z,65.193145,-149.265929,2225.27,1887.27,2304.71,199.64,184.97,0.57,-14.98,90.78,93.23,86.93,-324.94,0.0,0.964,0.977,0.971,0.276,3,1.0,0.0,68974.391
2026-08-30T19:09:34.870Z,65.192764,-149.266313,2217.71,1883.79,2298.45,203.94,189.32,1.64,-17.93,90.85,93.94,87.57,-452.41,0.0,0.888,0.91,0.898,1.59,3,1.0,0.0,68975.414
2026-08-30T19:09:36.324Z,65.192239,-149.266946,2203.15,1880.12,2286.82,209.92,195.27,1.55,-20.11,92.3,95.31,89.12,-558.51,0.0,1.035,1.035,1.035,,1,1.0,0.0,68976.859
2026-08-30T19:09:36.928Z,65.192025,-149.267254,2197.54,1874.54,2281.37,212.38,197.74,1.35,-19.71,92.85,95.61,89.49,-554.4,0.0,1.036,1.036,1.036,,1,1.0,0.0,68977.469
2026-08-30T19:09:37.918Z,65.191685,-149.267817,2188.65,1871.44,2272.38,216.34,201.64,0.94,-18.33,92.56,95.02,88.76,-528.26,0.0,1.092,1.092,1.092,,1,1.0,0.0,68978.461
2026-08-30T19:09:38.909Z,65.191367,-149.268416,2180.81,1832.74,2264.43,217.1,202.27,0.27,-14.97,90.98,93.35,87.49,-479.0,0.0,1.09,1.108,1.098,0.211,3,1.0,0.0,68979.453
2026-08-30T19:09:39.913Z,65.191063,-149.269048,2172.86,1865.65,2255.65,214.79,199.96,-0.15,-12.16,89.92,92.58,87.28,-502.86,0.0,0.953,0.953,0.953,,1,1.0,0.0,68980.461
2026-08-30T19:09:40.931Z,65.190758,-149.269706,2163.91,1854.39,2245.88,215.05,200.31,0.01,-11.67,90.78,93.13,88.01,-527.98,0.0,1.042,1.05,1.047,0.101,3,1.0,0.0,68981.469
2026-08-30T19:09:41.936Z,65.190461,-149.270376,2155.0,1851.9,2237.04,217.77,203.09,-0.48,-12.99,90.82,93.66,88.49,-494.53,0.0,1.097,1.097,1.097,,1,1.0,0.0,68982.469
2026-08-30T19:09:42.933Z,65.19017,-149.271054,2148.81,1849.14,2229.8,219.46,204.75,-0.9,-11.44,90.54,92.88,87.24,-369.59,0.0,1.031,1.055,1.043,0.381,3,1.0,0.0,68983.523
2026-08-30T19:09:43.985Z,65.189868,-149.271779,2144.48,1807.93,2224.25,221.69,206.95,-0.08,-10.63,90.09,92.63,87.01,-299.28,0.0,0.978,0.978,0.978,,1,1.0,0.0,68984.539
2026-08-30T19:09:44.814Z,65.18964,-149.272351,2139.82,1803.19,2220.18,222.2,207.45,1.06,-7.49,90.21,92.8,87.18,-364.6,0.0,0.905,0.916,0.911,0.099,2,1.0,0.0,68985.359
2026-08-30T19:09:45.894Z,65.189343,-149.273116,2131.31,1824.39,2213.34,221.67,206.83,1.31,-3.97,90.91,93.0,87.53,-446.66,0.0,0.904,0.904,0.904,,1,1.0,0.0,68986.43
2026-08-30T19:09:46.895Z,65.189066,-149.273828,2122.81,1815.05,2205.84,220.31,205.52,0.07,-6.25,89.09,91.17,85.38,-498.24,0.0,1.014,1.014,1.014,,1,1.0,0.0,68987.445
2026-08-30T19:09:47.905Z,65.188795,-149.27451,2113.69,1806.17,2197.36,221.74,207.09,-0.6,-5.9,87.31,89.81,84.34,-507.82,0.0,1.079,1.112,1.095,0.823,3,1.0,0.0,68988.445
2026-08-30T19:09:48.909Z,65.188525,-149.275194,2107.24,1758.06,2189.16,226.37,211.71,-0.46,-4.0,87.82,90.3,84.65,-375.61,0.0,1.127,1.127,1.127,,1,1.0,0.0,68989.453
2026-08-30T19:09:49.924Z,65.188259,-149.275894,2102.6,1769.9,2183.12,228.0,213.19,-0.16,-4.15,88.02,90.45,84.88,-329.8,0.0,0.984,1.028,1.005,0.645,3,1.0,0.0,68990.477
2026-08-30T19:09:50.942Z,65.187995,-149.276617,2098.1,1747.61,2177.74,225.21,210.35,-1.68,-1.85,88.96,91.52,86.25,-223.05,0.0,1.077,1.077,1.077,,1,1.0,0.0,68991.484
2026-08-30T19:09:51.947Z,65.187737,-149.27734,2096.7,1786.07,2174.44,224.22,209.44,-0.51,-2.55,89.9,92.3,86.97,-157.45,0.0,0.936,1.031,0.985,1.193,3,1.0,0.0,68992.492
2026-08-30T19:09:52.950Z,65.187474,-149.278076,2094.81,1783.59,2171.95,225.72,211.08,-3.85,-2.9,88.79,91.52,86.24,-48.15,0.0,1.042,1.042,1.042,,1,1.0,0.0,68993.492
2026-08-30T19:09:53.956Z,65.187217,-149.278808,2096.67,1742.5,2171.6,230.7,216.03,-0.34,-4.02,90.74,92.9,87.41,5.05,0.0,1.086,1.149,1.124,2.511,3,1.0,0.0,68994.508
2026-08-30T19:09:54.968Z,65.186958,-149.279559,2095.41,1786.42,2171.34,230.74,215.89,-2.67,-0.14,88.47,90.47,85.27,-23.57,0.0,1.002,1.002,1.002,,1,1.0,0.0,68995.492
2026-08-30T19:09:56.007Z,65.186701,-149.280338,2096.66,1791.08,2171.33,228.22,213.4,-2.88,-0.03,89.11,91.32,85.94,58.71,0.0,1.035,1.035,1.035,,1,1.0,0.0,68996.531
2026-08-30T19:09:56.984Z,65.186462,-149.281063,2099.12,1788.84,2172.6,229.34,214.72,-2.88,0.3,87.63,89.82,84.33,140.73,0.0,1.054,1.054,1.054,,1,1.0,0.0,68997.523
2026-08-30T19:09:57.795Z,65.186268,-149.281649,2101.37,1790.8,2174.45,232.12,217.38,-2.32,1.81,86.67,88.76,83.34,113.14,0.0,0.877,0.91,0.894,0.517,2,1.0,0.0,68998.344
2026-08-30T19:09:58.796Z,65.186031,-149.282376,2101.82,1795.21,2176.08,230.4,215.51,-2.21,1.99,85.06,87.09,81.8,43.5,0.0,0.951,1.002,0.979,0.279,3,1.0,0.0,68999.344
2026-08-30T19:09:59.802Z,65.185797,-149.283086,2100.27,1799.42,2176.32,226.96,212.1,-1.12,1.71,83.27,85.39,80.24,-102.16,0.0,0.91,0.91,0.91,,1,1.0,0.0,69000.352
2026-08-30T19:10:00.809Z,65.185564,-149.283781,2096.11,1793.1,2174.18,225.17,210.39,-0.9,0.38,83.35,85.92,80.64,-203.17,0.0,0.961,0.985,0.973,0.133,3,1.0,0.0,69001.359
2026-08-30T19:10:01.809Z,65.185322,-149.284471,2090.61,1787.12,2170.34,227.94,213.34,-0.31,0.7,84.81,87.23,81.93,-310.79,0.0,0.944,0.944,0.944,,1,1.0,0.0,69002.367
2026-08-30T19:10:02.835Z,65.185071,-149.285178,2084.67,1742.18,2164.96,231.69,216.89,-1.57,0.76,85.08,87.48,82.27,-292.95,0.0,1.009,1.071,1.041,0.531,3,1.0,0.0,69003.391
2026-08-30T19:10:03.851Z,65.184825,-149.285883,2080.84,1780.86,2160.23,226.76,211.76,-0.87,-0.28,85.53,87.85,82.56,-260.74,0.0,0.983,0.983,0.983,,1,1.0,0.0,69004.398
2026-08-30T19:10:04.850Z,65.184577,-149.286583,2076.59,1773.7,2155.92,223.38,208.67,-1.47,-2.98,85.53,87.87,82.73,-252.92,0.0,0.994,1.005,1.001,0.65,3,1.0,0.0,69005.391
2026-08-30T19:10:06.305Z,65.184213,-149.287589,2072.59,1761.55,2150.39,232.36,217.77,-0.65,-1.61,86.12,88.39,83.26,-163.5,0.0,1.031,1.031,1.031,,1,1.0,0.0,69006.859
2026-08-30T19:10:06.934Z,65.18406,-149.288027,2070.64,1757.84,2148.74,234.6,219.89,1.25,-3.95,86.13,88.48,83.5,-229.2,0.0,0.901,0.901,0.901,,1,1.0,0.0,69007.484
2026-08-30T19:10:07.947Z,65.183817,-149.28876,2063.98,1752.16,2144.31,231.58,216.64,-0.8,-4.91,87.08,89.71,84.8,-333.43,0.0,1.002,1.002,1.002,,1,1.0,0.0,69008.508
2026-08-30T19:10:08.966Z,65.183577,-149.289528,2058.93,1746.42,2138.82,229.71,214.99,-1.9,-3.41,88.13,90.52,85.42,-250.7,0.0,1.115,1.143,1.132,0.373,3,1.0,0.0,69009.516
2026-08-30T19:10:09.978Z,65.183339,-149.290299,2056.83,1739.37,2135.0,232.57,217.88,-1.94,-0.86,88.11,90.43,85.35,-158.25,0.0,1.035,1.035,1.035,,1,1.0,0.0,69010.523
2026-08-30T19:10:10.792Z,65.183153,-149.290915,2055.61,1737.98,2132.95,233.32,218.5,-2.34,-3.34,87.96,90.22,85.29,-112.94,0.0,1.033,1.036,1.035,0.069,2,1.0,0.0,69011.375
2026-08-30T19:10:11.846Z,65.182916,-149.291721,2055.94,1740.91,2131.5,230.99,216.13,-3.62,-4.04,87.56,89.75,84.78,36.0,0.0,1.102,1.146,1.128,1.107,3,1.0,0.0,69012.414
2026-08-30T19:10:12.910Z,65.182678,-149.292546,2059.1,1746.02,2132.61,227.04,212.13,-4.41,-1.04,86.02,87.88,83.35,141.7,0.0,1.037,1.037,1.037,,1,1.0,0.0,69013.484
2026-08-30T19:10:13.982Z,65.182442,-149.29335,2061.87,1748.48,2135.14,224.36,209.57,-1.92,0.13,84.46,86.84,82.41,85.4,0.0,0.956,1.04,1.001,1.185,3,1.0,0.0,69014.523
2026-08-30T19:10:15.046Z,65.182199,-149.294131,2060.75,1748.14,2136.07,223.78,209.07,-3.1,0.85,85.45,87.89,83.1,-2.8,0.0,0.99,0.99,0.99,,1,1.0,0.0,69015.703
2026-08-30T19:10:16.240Z,65.181915,-149.294972,2061.42,1751.34,2136.23,224.63,209.78,-2.91,7.85,85.88,88.15,82.95,47.26,0.0,1.077,1.077,1.077,,1,1.0,0.0,69016.773
2026-08-30T19:10:17.251Z,65.181663,-149.295673,2062.55,1754.4,2137.03,220.61,205.69,-1.12,4.82,85.49,88.04,82.97,34.68,0.0,1.05,1.05,1.05,,1,1.0,0.0,69017.789
2026-08-30T19:10:17.864Z,65.181504,-149.296092,2061.94,1751.79,2137.32,217.51,202.6,0.17,2.59,86.59,89.2,84.94,-67.08,0.0,0.873,0.873,0.873,,1,1.0,0.0,69018.43
2026-08-30T19:10:18.888Z,65.181226,-149.29678,2056.92,1749.11,2135.41,215.15,200.37,1.83,-0.19,87.4,89.83,84.88,-280.67,0.0,0.884,0.912,0.902,0.483,3,1.0,0.0,69019.438
2026-08-30T19:10:19.903Z,65.180939,-149.297443,2047.1,1742.01,2129.62,215.76,201.02,2.82,0.23,88.61,91.31,85.91,-533.0,0.0,0.872,0.872,0.872,,1,1.0,0.0,69020.453
2026-08-30T19:10:20.913Z,65.180643,-149.298095,2034.19,1727.81,2121.09,215.37,200.49,3.88,-1.92,90.3,92.98,87.41,-742.94,0.0,0.923,0.957,0.944,1.67,3,1.0,0.0,69021.469
2026-08-30T19:10:21.943Z,65.180333,-149.298751,2018.16,1714.1,2107.64,213.28,198.52,3.82,-3.32,91.79,94.42,88.95,-861.26,0.0,1.028,1.028,1.028,,1,1.0,0.0,69022.508
2026-08-30T19:10:22.992Z,65.180004,-149.299426,2002.18,1695.5,2091.18,215.13,200.42,3.28,-1.36,93.14,95.81,90.06,-864.44,0.0,0.977,1.048,1.014,0.59,3,1.0,0.0,69023.562
2026-08-30T19:10:24.034Z,65.179669,-149.300099,1987.64,1681.62,2076.29,215.62,200.85,4.02,-1.39,94.22,96.83,90.95,-868.97,0.0,0.964,0.964,0.964,,1,1.0,0.0,69024.586
2026-08-30T19:10:24.865Z,65.179402,-149.300627,1975.34,1673.29,2064.74,215.5,200.74,2.68,-5.44,95.71,98.38,92.6,-842.81,0.0,0.998,1.053,1.026,1.092,2,1.0,0.0,69025.438
2026-08-30T19:10:25.993Z,65.179029,-149.301365,1960.78,1660.26,2049.33,215.37,200.6,3.62,-5.21,97.05,99.72,94.25,-833.13,0.0,0.884,0.884,0.884,,1,1.0,0.0,69026.555
2026-08-30T19:10:27.042Z,65.178679,-149.302074,1946.96,1609.76,2034.61,215.26,200.49,2.05,-3.57,99.14,101.82,96.19,-732.86,0.0,1.112,1.112,1.112,,1,1.0,0.0,69027.609
2026-08-30T19:10:27.886Z,65.178395,-149.30265,1938.19,1633.66,2024.48,214.55,199.75,2.49,-2.68,99.88,102.39,96.83,-690.07,0.0,1.024,1.053,1.038,0.342,2,1.0,0.0,69028.438
2026-08-30T19:10:28.921Z,65.17804,-149.303356,1927.89,1623.24,2012.93,214.23,199.47,0.89,-5.56,99.61,101.91,96.39,-567.39,0.0,1.072,1.121,1.101,0.257,3,1.0,0.0,69029.469
2026-08-30T19:10:29.943Z,65.177688,-149.304056,1920.46,1616.23,2003.64,214.91,200.2,1.19,-6.48,99.64,101.97,96.41,-490.32,0.0,0.996,0.996,0.996,,1,1.0,0.0,69030.5
2026-08-30T19:10:30.969Z,65.177337,-149.304758,1913.14,1609.37,1994.85,216.22,201.48,1.48,-3.93,99.44,101.72,96.05,-439.05,0.0,1.039,1.06,1.051,1.624,3,1.0,0.0,69031.508
2026-08-30T19:10:31.979Z,65.176997,-149.305447,1905.69,1602.34,1986.02,216.01,201.22,1.95,-4.39,98.61,100.81,95.29,-468.07,0.0,0.959,0.959,0.959,,1,1.0,0.0,69032.539
2026-08-30T19:10:32.851Z,65.176704,-149.306043,1898.03,1594.57,1979.55,215.45,200.67,2.29,-4.72,98.12,100.32,94.71,-528.32,0.0,0.953,0.956,0.955,0.272,2,1.0,0.0,69033.516
2026-08-30T19:10:33.786Z,65.17639,-149.306682,1888.23,1587.17,1971.25,215.69,200.95,3.29,-5.14,97.62,99.85,94.19,-627.89,0.0,0.908,0.915,0.911,0.303,2,1.0,0.0,69034.336
2026-08-30T19:10:34.865Z,65.176035,-149.307411,1873.71,1570.51,1959.37,216.99,202.26,4.2,-6.09,97.22,99.39,93.76,-805.92,0.0,0.899,0.899,0.899,,1,1.0,0.0,69035.469
2026-08-30T19:10:36.032Z,65.175654,-149.308204,1855.93,1514.06,1944.31,218.4,203.66,2.97,-4.45,96.76,98.86,93.36,-843.69,0.0,1.053,1.053,1.053,,1,1.0,0.0,69036.578
2026-08-30T19:10:37.075Z,65.175316,-149.308926,1842.2,1542.95,1930.0,218.8,204.04,2.92,-3.85,96.12,98.18,92.71,-790.41,0.0,1.027,1.027,1.027,,1,1.0,0.0,69037.617
2026-08-30T19:10:37.885Z,65.175062,-149.309476,1832.23,1528.9,1919.63,218.85,204.09,2.64,-3.62,95.6,97.62,92.18,-756.52,0.0,1.014,1.017,1.016,0.25,2,1.0,0.0,69038.414
2026-08-30T19:10:38.870Z,65.174753,-149.310151,1820.69,1516.84,1907.45,218.93,204.17,2.56,-3.16,94.97,96.95,91.49,-717.15,0.0,1.014,1.022,1.018,0.204,3,1.0,0.0,69039.398
2026-08-30T19:10:39.834Z,65.174451,-149.310816,1809.54,1505.22,1895.55,218.95,204.18,3.14,-3.07,94.37,96.34,90.81,-708.76,0.0,0.991,0.991,0.991,,1,1.0,0.0,69040.375
2026-08-30T19:10:40.853Z,65.174141,-149.311501,1796.61,1491.83,1882.97,218.9,204.14,3.05,-4.89,93.85,95.84,90.28,-769.42,0.0,0.932,0.947,0.938,0.884,3,1.0,0.0,69041.367
2026-08-30T19:10:41.828Z,65.173844,,1783.56,1476.91,1869.24,219.22,204.48,3.11,-6.52,92.78,94.57,89.07,-801.87,0.0,0.965,0.978,0.972,0.266,3,1.0,0.0,69042.461
2026-08-30T19:10:42.908Z,65.173524,-149.312899,1768.1,1463.22,1856.76,220.43,205.72,3.69,-6.9,92.46,94.54,88.93,-855.88,0.0,0.991,0.991,0.991,,1,1.0,0.0,69043.461
2026-08-30T19:10:43.914Z,65.173229,-149.313595,1751.7,1447.08,1841.02,222.29,207.59,4.71,-3.45,92.8,94.88,89.0,-965.38,0.0,0.925,0.939,0.933,1.198,3,1.0,0.0,69044.461
2026-08-30T19:10:44.909Z,65.172941,-149.314287,1734.2,1429.88,1824.77,223.37,208.62,4.51,-1.11,93.07,95.07,89.21,-1016.61,0.0,1.009,1.009,1.009,,1,1.0,0.0,69045.438
2026-08-30T19:10:45.941Z,65.172639,-149.315019,1716.92,1412.9,1807.62,222.62,207.77,5.1,-0.55,93.74,95.7,89.87,-1005.01,0.0,0.957,0.957,0.957,,1,1.0,0.0,69046.469
2026-08-30T19:10:46.928Z,65.172351,-149.31572,1699.07,1395.7,1791.03,221.79,207.11,5.36,-1.52,93.78,95.74,89.82,-1080.45,0.0,0.923,0.923,0.923,,1,1.0,0.0,69047.469
2026-08-30T19:10:47.929Z,65.172059,-149.316415,1679.98,1376.83,1772.98,223.83,209.09,4.95,1.61,93.91,95.85,90.0,-1124.04,0.0,0.968,0.982,0.973,0.896,3,1.0,0.0,69048.453
2026-08-30T19:10:48.910Z,65.171773,-149.317098,1662.01,1317.05,1756.74,223.09,208.28,5.3,0.77,93.9,95.75,90.09,-1108.97,0.0,1.007,1.043,1.027,0.612,3,1.0,0.0,69049.438
2026-08-30T19:10:49.881Z,65.171485,-149.317779,1643.81,1341.06,1738.19,221.94,207.16,5.92,0.77,93.84,95.65,90.18,-1134.17,0.0,0.965,0.965,0.965,,1,1.0,0.0,69050.398
2026-08-30T19:10:50.883Z,65.171187,-149.318472,1623.75,1284.34,1718.11,221.64,206.86,6.3,1.07,93.94,95.76,90.43,-1201.78,0.0,0.946,0.95,0.947,0.247,3,1.0,0.0,69051.406
2026-08-30T19:10:51.853Z,65.170894,-149.319147,1603.21,1299.82,1698.9,221.54,206.78,6.27,0.57,94.32,96.22,90.83,-1245.92,0.0,0.979,0.989,0.985,0.382,3,1.0,0.0,69052.367
2026-08-30T19:10:52.807Z,65.170601,-149.319812,1582.87,1279.07,1678.42,221.85,207.12,6.07,0.53,95.01,96.88,91.4,-1254.55,0.0,1.034,1.034,1.034,,1,1.0,0.0,69053.328
2026-08-30T19:10:53.779Z,65.170306,-149.320482,1562.62,1258.71,1657.98,221.95,207.16,6.43,1.34,95.32,97.09,91.64,-1262.45,0.0,0.991,1.002,0.997,0.184,3,1.0,0.0,69054.297
2026-08-30T19:10:54.976Z,65.169937,-149.321309,1536.77,1206.32,1631.07,220.92,206.12,7.38,1.27,95.32,97.15,91.85,-1320.58,0.0,0.935,0.975,0.957,0.615,4,1.0,0.0,69055.516
2026-08-30T19:10:56.409Z,65.169491,-149.32229,1503.57,1173.17,1599.4,220.21,205.45,6.15,-0.5,96.02,97.72,92.51,-1349.87,0.0,1.04,1.04,1.04,,1,1.0,0.0,69056.938
2026-08-30T19:10:57.009Z,65.1693,-149.322706,1490.55,1160.4,1586.11,220.3,205.55,6.12,-0.34,96.08,97.77,92.66,-1311.15,0.0,1.056,1.056,1.056,,1,1.0,0.0,69057.523
2026-08-30T19:10:57.958Z,65.168997,-149.323364,1470.63,1140.58,1564.46,220.32,205.54,5.89,-0.33,96.54,98.28,93.16,-1277.57,0.0,1.016,1.016,1.016,,1,1.0,0.0,69058.492
2026-08-30T19:10:58.941Z,65.168683,-149.324042,1450.11,1120.18,1544.09,219.89,205.13,5.73,-1.08,96.76,98.45,93.21,-1248.3,0.0,1.02,1.05,1.035,0.112,3,1.0,0.0,69059.484
2026-08-30T19:10:59.939Z,65.168368,-149.324718,1430.4,1084.17,1524.55,219.56,204.79,5.71,-1.03,96.84,98.4,93.0,-1211.51,0.0,1.028,1.037,1.033,0.226,3,1.0,0.0,69060.453
2026-08-30T19:11:00.916Z,65.168057,-149.325387,1411.16,1080.01,1505.15,219.01,204.25,5.61,-0.44,96.8,98.27,93.02,-1189.83,0.0,1.011,1.011,1.011,,1,1.0,0.0,69061.445
2026-08-30T19:11:01.895Z,65.167742,-149.326059,1392.33,1061.05,1486.82,219.83,205.1,5.13,0.12,96.75,98.17,92.92,-1145.97,0.0,1.022,1.028,1.025,0.178,3,1.0,0.0,69062.43
2026-08-30T19:11:02.882Z,65.167422,-149.326737,1374.43,1043.75,1467.13,219.94,205.17,4.68,-0.22,96.52,97.89,92.7,-1085.4,0.0,1.031,1.033,1.032,0.119,3,1.0,0.0,69063.414
2026-08-30T19:11:03.880Z,65.167107,-149.327403,1357.91,1028.82,1449.63,219.6,204.82,4.31,-0.42,96.02,97.37,92.45,-1020.09,0.0,1.031,1.031,1.031,,1,1.0,0.0,69064.398
2026-08-30T19:11:04.866Z,65.166791,-149.328069,1342.15,1000.2,1433.39,219.04,204.28,4.43,-0.24,95.67,96.95,92.05,-974.71,0.0,1.015,1.021,1.017,0.088,3,1.0,0.0,69065.383
2026-08-30T19:11:05.908Z,65.166457,-149.328767,1325.0,994.7,1416.2,219.14,204.38,5.94,-1.45,95.34,96.63,91.38,-1026.21,0.0,0.918,0.918,0.918,,1,1.0,0.0,69066.43
2026-08-30T19:11:06.911Z,65.166137,-149.329437,1305.24,955.5,1398.2,219.42,204.68,5.54,-2.48,95.02,96.26,91.02,-1139.42,0.0,0.935,0.935,0.935,,1,1.0,0.0,69067.461
2026-08-30T19:11:07.909Z,65.165822,-149.330102,1285.23,953.64,1379.15,220.36,205.64,6.51,-1.06,94.73,95.93,90.5,-1196.88,0.0,0.965,1.0,0.982,0.718,3,1.0,0.0,69068.453
2026-08-30T19:11:08.910Z,65.16551,-149.330766,1263.46,931.89,1358.77,221.24,206.53,7.03,-1.82,94.6,95.78,90.15,-1301.54,0.0,0.906,0.906,0.906,,1,1.0,0.0,69069.438
2026-08-30T19:11:09.899Z,65.165203,-149.33142,1239.89,908.23,1338.64,221.59,206.8,5.88,-0.79,94.07,95.17,89.82,-1369.8,0.0,0.962,1.053,1.006,1.426,3,1.0,0.0,69070.422
2026-08-30T19:11:10.914Z,65.164893,-149.332088,1217.38,885.55,1314.55,220.43,205.67,6.34,-2.24,93.26,94.35,89.11,-1340.56,0.0,1.043,1.091,1.063,0.646,3,1.0,0.0,69071.438
2026-08-30T19:11:11.892Z,65.164593,-149.332742,1195.6,863.77,1292.2,221.05,206.32,5.61,-0.47,92.91,93.94,88.86,-1312.25,0.0,1.028,1.028,1.028,,1,1.0,0.0,69072.422
2026-08-30T19:11:12.874Z,65.164299,-149.333385,1175.68,843.77,1270.71,221.16,206.41,5.3,-0.86,92.48,93.42,88.49,-1239.08,0.0,1.038,1.051,1.045,0.321,3,1.0,0.0,69073.398
2026-08-30T19:11:13.896Z,65.163991,-149.334065,1155.89,823.91,1249.49,221.26,206.5,4.84,0.07,91.96,92.84,88.01,-1169.83,0.0,1.028,1.03,1.029,0.112,3,1.0,0.0,69074.43
2026-08-30T19:11:14.892Z,65.163694,-149.334719,1138.12,806.24,1230.74,220.94,206.17,4.8,-1.12,91.52,92.45,87.49,-1082.58,0.0,1.067,1.067,1.067,,1,1.0,0.0,69075.43
2026-08-30T19:11:15.938Z,65.163381,-149.335408,1119.07,786.4,1211.13,220.81,206.07,5.65,-1.14,91.17,92.08,86.99,-1123.52,0.0,0.92,0.92,0.92,,1,1.0,0.0,69076.469
2026-08-30T19:11:16.915Z,65.163095,-149.336041,1099.67,767.26,1192.3,220.92,206.17,6.1,-1.4,91.03,91.94,86.8,-1191.24,0.0,0.951,0.951,0.951,,1,1.0,0.0,69077.43
2026-08-30T19:11:17.894Z,65.162807,-149.33668,1078.67,732.87,1173.18,221.06,206.32,6.69,-1.63,91.02,91.92,86.67,-1271.27,0.0,0.947,0.949,0.948,0.035,3,1.0,0.0,69078.406
2026-08-30T19:11:18.882Z,65.16252,-149.337324,1056.11,723.1,1152.33,221.4,206.67,6.21,-1.73,90.98,91.82,86.64,-1341.98,0.0,0.941,0.96,0.949,1.225,3,1.0,0.0,69079.398
2026-08-30T19:11:19.835Z,65.162242,-149.337948,1035.04,701.53,1131.22,221.94,207.21,6.18,-0.52,90.74,91.5,86.47,-1312.55,0.0,1.04,1.04,1.04,,1,1.0,0.0,69080.344
2026-08-30T19:11:20.807Z,65.16196,-149.33859,1013.95,680.98,1109.81,222.26,207.5,6.14,-0.82,90.34,91.09,86.19,-1307.22,0.0,0.981,0.988,0.984,0.252,3,1.0,0.0,69081.32
2026-08-30T19:11:21.793Z,65.161676,-149.339235,992.63,642.32,1088.66,222.25,207.5,5.98,0.29,90.14,90.87,85.89,-1290.42,0.0,1.001,1.01,1.006,0.378,3,1.0,0.0,69082.32
2026-08-30T19:11:22.960Z,65.161341,-149.339994,967.57,626.1,1063.36,222.22,207.48,6.65,2.1,90.49,91.36,86.23,-1319.87,0.0,0.983,0.989,0.986,0.237,2,1.0,0.0,69083.5
2026-08-30T19:11:23.970Z,65.161049,-149.340654,944.06,603.89,1040.45,221.89,207.11,6.85,1.04,90.38,91.0,85.99,-1376.98,0.0,0.97,0.983,0.977,0.244,3,1.0,0.0,69084.531
2026-08-30T19:11:25.005Z,65.160747,-149.341325,919.94,583.97,1017.0,221.22,206.46,6.35,-0.24,90.17,90.75,85.84,-1373.11,0.0,1.025,1.025,1.025,,1,1.0,0.0,69085.555
2026-08-30T19:11:26.113Z,65.16043,-149.342029,895.57,563.0,992.07,221.35,206.62,6.15,-1.66,89.91,90.47,85.54,-1332.8,0.0,1.015,1.015,1.015,,1,1.0,0.0,69086.656
2026-08-30T19:11:27.167Z,65.160123,-149.342715,872.74,539.91,968.59,221.77,207.03,5.72,-1.05,89.5,89.98,85.22,-1295.26,0.0,1.013,1.013,1.013,,1,1.0,0.0,69087.719
2026-08-30T19:11:27.807Z,65.159942,-149.34312,859.52,525.68,954.21,221.98,207.23,5.67,-0.71,89.27,89.74,84.98,-1271.29,0.0,1.016,1.016,1.016,,1,1.0,0.0,69088.367
2026-08-30T19:11:28.863Z,65.159642,-149.343795,837.74,500.08,931.07,221.87,207.11,5.65,-2.0,88.83,89.25,84.56,-1254.73,0.0,0.991,0.998,0.995,0.386,3,1.0,0.0,69089.422
2026-08-30T19:11:29.910Z,65.159345,-149.344472,816.02,476.22,910.13,222.02,207.3,5.29,-1.79,88.49,88.91,84.18,-1238.42,0.0,1.002,1.002,1.002,,1,1.0,0.0,69090.461
2026-08-30T19:11:30.934Z,65.159056,-149.345138,794.94,442.14,889.3,222.91,208.17,4.37,-0.86,87.92,88.23,83.78,-1216.35,0.0,0.997,1.001,0.999,0.692,3,1.0,0.0,69091.492
2026-08-30T19:11:31.968Z,65.158772,-149.345796,775.51,413.69,869.02,222.98,208.22,4.63,0.38,87.09,87.36,83.26,-1148.42,0.0,1.038,1.038,1.038,,1,1.0,0.0,69092.516
2026-08-30T19:11:32.784Z,65.158544,-149.346327,760.11,392.28,853.27,222.71,207.95,4.45,0.96,86.7,87.03,82.86,-1132.45,0.0,0.986,0.987,0.986,0.257,2,1.0,0.0,69093.336
2026-08-30T19:11:33.812Z,65.158261,-149.346979,741.29,385.44,833.57,222.44,207.68,4.4,0.99,86.39,86.73,82.47,-1097.56,0.0,1.015,1.02,1.018,0.044,3,1.0,0.0,69094.391
2026-08-30T19:11:34.847Z,65.157975,-149.34763,723.11,372.36,815.1,221.94,207.18,4.15,1.11,86.03,86.27,82.06,-1060.59,0.0,1.014,1.014,1.014,,1,1.0,0.0,69095.383
2026-08-30T19:11:35.920Z,65.157684,-149.348289,705.04,354.6,796.77,221.65,206.89,4.01,2.74,85.58,85.78,81.64,-1028.56,0.0,1.01,1.01,1.01,,1,1.0,0.0,69096.461
2026-08-30T19:11:36.927Z,65.157404,-149.348907,688.43,331.72,778.11,219.63,204.76,1.6,1.67,84.81,84.89,81.11,-949.11,0.0,1.088,1.088,1.088,,1,1.0,0.0,69097.477
2026-08-30T19:11:37.950Z,65.15712,-149.349518,675.63,320.75,763.08,215.8,200.94,1.49,2.72,83.6,83.52,80.07,-785.96,0.0,1.081,1.136,1.111,1.209,3,1.0,0.0,69098.523
2026-08-30T19:11:39.137Z,65.156795,-149.350196,662.71,295.8,748.83,214.77,200.04,0.79,2.98,81.86,81.81,78.45,-679.95,0.0,1.034,1.034,1.034,,1,1.0,0.0,69099.688
2026-08-30T19:11:39.968Z,65.156557,-149.350659,654.36,290.8,740.01,215.22,200.45,0.21,2.59,80.8,80.8,77.35,-617.02,0.0,1.027,1.04,1.033,0.4,2,1.0,0.0,69100.531
2026-08-30T19:11:41.015Z,65.156269,-149.351212,644.76,274.15,729.42,212.87,198.02,0.35,1.86,79.71,79.68,76.29,-579.39,0.0,1.0,1.0,1.0,,1,1.0,0.0,69101.57
2026-08-30T19:11:41.859Z,65.156033,-149.351647,636.55,267.9,721.08,211.51,196.75,-0.03,0.79,78.82,78.82,75.49,-589.28,0.0,0.974,0.975,0.974,0.872,2,1.0,0.0,69102.422
2026-08-30T19:11:42.908Z,65.15574,-149.352172,626.17,252.78,710.95,214.2,199.58,-1.13,-2.46,78.01,78.01,74.58,-576.05,0.0,1.003,1.012,1.007,0.21,3,1.0,0.0,69103.477
2026-08-30T19:11:43.992Z,65.155443,-149.352704,616.98,236.02,701.91,216.71,201.97,-2.1,-2.07,76.71,76.68,73.51,-501.75,0.0,1.048,1.048,1.048,,1,1.0,0.0,69104.57
2026-08-30T19:11:44.826Z,65.155217,-149.353116,611.07,227.42,694.91,215.84,201.04,-0.95,-6.65,75.97,75.91,72.68,-467.69,0.0,1.022,1.046,1.034,0.92,2,1.0,0.0,69105.43
2026-08-30T19:11:45.989Z,65.15491,-149.353695,600.58,201.0,685.03,216.18,201.53,-1.2,-9.49,75.02,75.05,72.08,-551.35,0.0,0.948,0.948,0.948,,1,1.0,0.0,69106.586
2026-08-30T19:11:47.108Z,65.154626,-149.354269,589.6,196.3,674.01,219.71,205.1,-1.28,-7.18,74.57,74.59,71.59,-565.81,0.0,1.033,1.033,1.033,,1,1.0,0.0,69107.727
2026-08-30T19:11:47.812Z,65.154454,-149.354639,582.92,185.13,667.18,221.96,207.31,-0.98,-4.38,74.08,74.02,71.02,-578.04,0.0,0.995,0.995,0.995,,1,1.0,0.0,69108.438
2026-08-30T19:11:48.906Z,65.154192,-149.355225,571.88,168.06,656.62,223.73,209.0,-1.34,-0.53,73.58,73.59,70.62,-602.75,0.0,0.986,0.987,0.986,0.224,3,1.0,0.0,69109.555
2026-08-30T19:11:50.109Z,65.153909,-149.355876,559.89,142.17,645.78,223.06,208.26,-2.67,-0.09,72.81,72.73,69.97,-572.61,0.0,1.029,1.029,1.029,,1,1.0,0.0,69110.766
2026-08-30T19:11:50.849Z,65.153738,-149.356271,553.47,124.33,638.91,222.03,207.24,-2.95,-1.41,72.19,72.09,69.5,-529.47,0.0,1.036,1.036,1.036,,1,1.0,0.0,69111.523
2026-08-30T19:11:51.811Z,65.153515,-149.35678,545.96,103.96,629.72,221.58,206.85,-3.81,-0.02,71.49,71.4,69.01,-471.4,0.0,1.025,1.03,1.027,0.341,2,1.0,0.0,69112.484
2026-08-30T19:11:53.045Z,65.153232,-149.357428,538.46,94.84,620.01,221.65,206.9,-4.13,0.03,70.88,70.84,68.37,-359.71,0.0,1.058,1.058,1.058,,1,1.0,0.0,69113.695
2026-08-30T19:11:53.965Z,65.153021,-149.357907,534.04,84.47,614.54,221.63,206.88,-4.39,1.67,70.32,70.22,67.97,-322.87,0.0,1.002,1.015,1.008,0.287,2,1.0,0.0,69114.578
2026-08-30T19:11:55.084Z,65.152763,-149.358483,528.3,60.93,608.5,220.89,206.1,-4.66,0.64,69.59,69.51,67.42,-309.74,0.0,1.007,1.007,1.007,,1,1.0,0.0,69115.68
2026-08-30T19:11:56.249Z,65.152496,-149.359071,521.73,34.48,602.27,219.23,204.46,-4.79,-1.78,68.8,68.74,67.03,-346.09,0.0,0.954,0.954,0.954,,1,1.0,0.0,69116.844
2026-08-30T19:11:57.343Z,65.152249,-149.359613,516.18,22.81,596.23,219.11,204.4,-6.02,-1.55,68.32,68.23,66.54,-269.46,0.0,1.082,1.082,1.082,,1,1.0,0.0,69117.922
2026-08-30T19:11:57.998Z,65.1521,-149.359939,514.53,20.52,593.34,220.13,205.43,-6.18,-0.42,68.04,67.95,66.07,-183.03,0.0,1.096,1.096,1.096,,1,1.0,0.0,69118.578
2026-08-30T19:11:58.851Z,65.151907,-149.360363,513.6,18.84,590.9,220.79,206.05,-6.51,-0.57,67.45,67.33,65.47,-104.41,0.0,1.03,1.038,1.034,0.127,2,1.0,0.0,69119.43
2026-08-30T19:11:59.908Z,65.151673,-149.360875,513.2,16.27,589.35,220.68,205.92,-6.72,0.25,66.62,66.47,64.55,-43.14,0.0,1.016,1.016,1.016,,1,1.0,0.0,69120.469
2026-08-30T19:12:00.950Z,65.151445,-149.361374,512.83,13.71,588.66,219.86,205.08,-5.26,-1.42,65.75,65.58,63.64,-57.61,0.0,0.958,0.997,0.978,0.862,3,1.0,0.0,69121.508
2026-08-30T19:12:01.981Z,65.15122,-149.361865,510.39,9.78,587.35,219.31,204.58,-5.5,-2.15,64.82,64.65,62.93,-129.42,0.0,0.963,0.963,0.963,,1,1.0,0.0,69122.539
2026-08-30T19:12:02.818Z,65.151042,-149.362252,508.43,8.1,585.5,222.47,207.96,-4.43,-1.41,63.75,63.44,61.33,-100.58,1.0,1.006,1.134,1.072,1.237,2,1.0,0.0,69123.57
2026-08-30T19:12:03.879Z,65.150824,-149.362733,506.99,7.73,583.77,224.18,209.14,0.34,0.59,61.43,60.44,57.92,-84.36,1.0,1.002,1.002,1.002,,1,1.0,0.0,69124.469
2026-08-30T19:12:04.980Z,65.150614,-149.363213,506.25,7.67,582.35,223.59,209.04,-0.44,0.23,55.59,54.5,52.02,-40.76,1.0,1.035,1.035,1.035,,1,1.0,0.0,69125.555
2026-08-30T19:12:06.127Z,65.150419,-149.363656,506.36,7.74,581.75,224.02,209.26,-0.1,0.04,48.72,47.39,44.86,-4.3,1.0,1.053,1.053,1.053,,1,1.0,0.0,69126.695
2026-08-30T19:12:07.177Z,65.150264,-149.364009,506.74,7.69,581.77,224.13,209.41,-1.58,0.13,43.44,43.04,40.75,13.13,1.0,1.03,1.03,1.03,,1,1.0,0.0,69127.742
2026-08-30T19:12:07.821Z,65.150177,-149.36421,506.86,7.71,581.91,224.05,209.23,-0.87,-0.11,42.22,41.78,39.46,6.99,1.0,0.98,0.98,0.98,,1,1.0,0.0,69128.383
2026-08-30T19:12:08.855Z,65.15004,-149.364513,506.68,7.7,581.98,221.26,206.44,-0.35,0.2,40.18,39.79,37.42,-15.87,1.0,0.976,0.998,0.989,5.342,3,1.0,0.0,69129.414
2026-08-30T19:12:09.879Z,65.149905,-149.364787,506.02,7.74,581.65,219.79,205.01,-0.23,0.64,38.27,37.87,35.49,-32.21,1.0,1.017,1.017,1.017,,1,1.0,0.0,69130.438
2026-08-30T19:12:10.909Z,65.149775,-149.36504,505.37,7.68,581.1,219.11,204.42,0.01,0.43,35.87,35.03,32.4,-32.42,1.0,0.997,1.013,1.005,5.89,3,1.0,0.0,69131.461
2026-08-30T19:12:12.115Z,65.149642,-149.365295,504.89,7.64,580.48,219.06,204.35,-0.64,-0.09,29.7,29.2,26.86,-17.27,1.0,1.037,1.037,1.037,,1,1.0,0.0,69132.703
2026-08-30T19:12:12.963Z,65.149561,-149.365453,504.79,7.68,580.24,219.4,204.69,0.29,0.01,27.18,26.19,23.64,-10.47,1.0,0.973,1.011,0.992,2.2,2,1.0,0.0,69133.562
2026-08-30T19:12:14.066Z,65.149469,-149.365632,504.93,7.68,580.13,219.78,205.04,-1.32,0.05,24.25,23.82,21.31,4.77,1.0,1.005,1.005,1.005,,1,1.0,0.0,69134.664
2026-08-30T19:12:14.954Z,65.149402,-149.365765,505.11,7.69,580.2,219.92,205.19,-1.24,-0.13,22.51,22.08,19.61,8.73,1.0,0.978,1.007,0.992,2.941,2,1.0,0.0,69135.547
2026-08-30T19:12:16.102Z,65.149324,-149.365919,505.46,7.69,580.43,220.12,205.38,-1.46,-0.14,19.78,19.36,16.91,17.57,1.0,0.997,0.997,0.997,,1,1.0,0.0,69136.68
2026-08-30T19:12:17.319Z,65.149256,-149.366057,505.87,7.65,580.79,220.69,205.99,-1.78,-0.48,16.58,16.31,13.91,18.56,1.0,0.995,0.995,0.995,,1,1.0,0.0,69137.969
2026-08-30T19:12:18.046Z,65.14922,-149.36613,506.08,7.68,581.02,221.32,206.59,-0.27,-0.88,14.86,14.24,11.93,17.65,1.0,0.989,0.989,0.989,,1,1.0,0.0,69138.672
2026-08-30T19:12:18.938Z,65.149183,-149.366207,506.37,7.7,581.28,221.81,207.09,-1.75,-0.83,13.36,13.12,10.71,16.6,1.0,0.982,1.023,1.003,0.29,2,1.0,0.0,69139.539
2026-08-30T19:12:20.065Z,65.149142,-149.366294,506.6,7.65,581.6,221.89,207.16,-1.49,-0.58,11.79,11.52,9.17,16.07,1.0,0.979,0.979,0.979,,1,1.0,0.0,69140.664
2026-08-30T19:12:20.925Z,65.149115,-149.366351,506.84,7.67,581.82,221.95,207.22,-1.35,-0.31,10.62,10.35,8.02,13.93,1.0,1.009,1.016,1.012,2.219,2,1.0,0.0,69141.523
2026-08-30T19:12:21.818Z,65.149091,-149.366403,506.99,7.65,582.02,221.96,207.22,-1.3,-0.33,9.43,9.19,6.86,10.73,1.0,0.973,1.002,0.988,0.654,2,1.0,0.0,69142.492
2026-08-30T19:12:23.029Z,65.149063,-149.366462,507.12,7.66,582.22,222.04,207.28,-1.34,-0.21,8.05,7.8,5.5,8.06,1.0,0.989,0.989,0.989,,1,1.0,0.0,69143.664
2026-08-30T19:12:23.928Z,65.149046,-149.366498,507.25,7.69,582.35,221.99,207.24,-1.26,-0.6,7.02,6.76,4.45,7.99,1.0,0.988,1.005,0.996,0.717,2,1.0,0.0,69144.547
2026-08-30T19:12:25.056Z,65.149029,-149.366534,507.3,7.62,582.46,223.34,208.79,-1.24,-0.49,5.69,5.39,3.13,5.15,1.0,0.98,0.98,0.98,,1,1.0,0.0,69145.648
2026-08-30T19:12:26.261Z,65.14902,-149.366562,507.36,7.66,582.54,237.89,223.74,-0.97,-0.15,3.62,3.36,1.6,2.93,1.0,0.998,0.998,0.998,,1,1.0,0.0,69146.891
2026-08-30T19:12:27.425Z,65.149018,-149.366582,507.4,7.65,582.6,252.81,238.47,-0.86,-0.39,2.67,2.48,1.18,0.96,1.0,1.002,1.002,1.002,,1,1.0,0.0,69148.047
2026-08-30T19:12:28.135Z,65.149017,-149.366591,507.41,7.69,582.61,260.49,246.14,-1.1,-0.28,2.25,2.17,1.1,1.19,1.0,1.003,1.003,1.003,,1,1.0,0.0,69148.812
2026-08-30T19:12:28.893Z,65.149018,-149.3666,507.4,7.66,582.63,267.03,252.61,-0.4,-0.42,1.88,1.77,1.0,0.57,1.0,0.997,0.997,0.997,,1,1.0,0.0,69149.562
2026-08-30T19:12:30.134Z,65.149019,-149.366614,507.41,7.67,582.63,277.26,262.87,-0.65,-0.58,1.43,1.37,1.03,0.55,1.0,0.997,0.997,0.997,,1,1.0,0.0,69150.805
2026-08-30T19:12:30.896Z,65.14902,-149.366622,507.43,7.69,582.64,283.52,269.12,-0.52,-0.79,1.19,1.12,1.08,-0.32,1.0,1.002,1.002,1.002,,1,1.0,0.0,69151.57
2026-08-30T19:12:31.867Z,65.149022,-149.366632,507.41,7.71,582.64,292.29,277.94,-0.56,-0.72,0.93,0.85,1.19,-0.85,1.0,0.999,1.005,1.002,1.961,2,1.0,0.0,69152.547
2026-08-30T19:12:33.122Z,65.149027,-149.366645,507.41,7.66,582.63,304.82,290.53,-0.31,-0.65,0.53,0.47,1.35,-0.33,1.0,1.007,1.007,1.007,,1,1.0,0.0,69153.812
2026-08-30T19:12:33.894Z,65.14903,-149.366653,507.39,7.67,582.62,313.82,299.62,-0.44,-0.29,0.33,0.28,1.53,-0.94,1.0,1.009,1.009,1.009,,1,1.0,0.0,69154.602
2026-08-30T19:12:35.199Z,65.149038,-149.366664,507.38,7.66,582.61,330.47,316.29,-0.37,-0.27,0.0,0.0,1.67,-0.4,1.0,0.995,0.995,0.995,,1,1.0,0.0,69155.891
2026-08-30T19:12:36.574Z,65.149049,-149.366669,507.35,7.67,582.59,350.08,335.98,-0.23,-0.19,0.0,0.0,1.91,-2.1,1.0,1.005,1.005,1.005,,1,1.0,0.0,69157.297
2026-08-30T19:12:37.892Z,65.149061,-149.366664,507.32,7.61,582.55,10.79,356.74,-0.21,-0.08,0.0,0.0,2.18,-0.17,1.0,1.008,1.008,1.008,,1,1.0,0.0,69158.656
2026-08-30T19:12:38.736Z,65.149069,-149.366656,507.33,7.68,582.55,20.37,5.75,-0.21,-0.15,0.2,0.34,2.88,-1.76,1.0,1.009,1.009,1.009,,1,1.0,0.0,69159.383
2026-08-30T19:12:39.933Z,65.149083,-149.366639,507.26,7.66,582.52,28.91,14.53,-0.28,0.32,0.77,0.87,3.31,-4.51,1.0,1.01,1.01,1.01,,1,1.0,0.0,69160.57
2026-08-30T19:12:40.651Z,65.149092,-149.366624,507.19,7.64,582.47,35.68,20.98,-0.28,0.0,1.24,1.4,3.79,-3.04,1.0,0.999,0.999,0.999,,1,1.0,0.0,69161.281
2026-08-30T19:12:41.359Z,65.149102,-149.366606,507.15,7.62,582.44,35.77,21.04,0.17,0.05,1.7,1.81,4.21,-3.92,1.0,0.998,0.998,0.998,,1,1.0,0.0,69161.992
2026-08-30T19:12:42.535Z,65.149121,-149.366573,507.07,7.69,582.35,38.83,24.23,-0.0,0.38,2.5,2.65,4.97,-5.47,1.0,1.009,1.009,1.009,,1,1.0,0.0,69163.18
2026-08-30T19:12:43.263Z,65.149133,-149.366547,506.94,7.64,582.28,39.89,25.14,-0.11,0.06,2.98,3.14,5.47,-5.85,1.0,0.976,0.976,0.976,,1,1.0,0.0,69163.922
2026-08-30T19:12:44.010Z,65.149148,-149.366519,506.87,7.71,582.2,39.91,25.16,-0.52,0.38,3.47,3.67,6.01,-6.48,1.0,0.995,0.995,0.995,,1,1.0,0.0,69164.719
2026-08-30T19:12:45.362Z,65.149177,-149.366458,506.67,7.68,582.02,40.07,25.33,-0.55,0.14,4.42,4.55,6.9,-7.36,1.0,0.996,0.996,0.996,,1,1.0,0.0,69166.148
2026-08-30T19:12:46.875Z,65.149215,-149.366383,506.45,7.64,581.81,40.31,25.59,-0.27,-0.05,5.34,5.51,7.86,-9.93,1.0,0.991,0.991,0.991,,1,1.0,0.0,69167.664
2026-08-30T19:12:48.313Z,65.149255,-149.366301,506.19,7.68,581.58,40.65,25.91,-0.17,0.16,6.25,6.43,8.75,-11.5,1.0,0.973,0.973,0.973,,1,1.0,0.0,69169.031
2026-08-30T19:12:49.299Z,65.149286,-149.366239,505.95,7.63,581.39,40.85,26.11,-0.14,0.35,6.9,7.05,9.4,-13.24,1.0,0.999,1.012,1.006,0.947,2,1.0,0.0,69170.016
2026-08-30T19:12:50.577Z,65.149329,-149.366151,505.68,7.61,581.12,40.85,26.11,-0.59,0.24,7.64,7.79,10.12,-12.54,1.0,0.999,0.999,0.999,,1,1.0,0.0,69171.234
2026-08-30T19:12:51.320Z,65.149355,-149.366097,505.58,7.66,580.98,40.77,26.05,-0.37,0.17,8.09,8.21,10.52,-10.45,1.0,1.028,1.028,1.028,,1,1.0,0.0,69171.977
2026-08-30T19:12:52.515Z,65.1494,-149.366006,505.3,7.63,580.74,40.84,26.18,-0.62,0.07,8.71,8.83,11.14,-11.0,1.0,0.96,0.96,0.96,,1,1.0,0.0,69173.164
2026-08-30T19:12:53.438Z,65.149434,-149.36593,505.15,7.64,580.58,44.26,29.54,-0.14,0.55,9.21,9.31,11.6,-12.25,1.0,0.971,1.017,0.994,4.37,2,1.0,0.0,69174.07
2026-08-30T19:12:54.601Z,65.149479,-149.365826,505.0,7.68,580.38,44.1,29.33,-0.48,-0.37,9.77,9.85,12.11,-9.69,1.0,0.986,0.986,0.986,,1,1.0,0.0,69175.25
2026-08-30T19:12:55.338Z,65.149508,-149.365758,504.94,7.67,580.27,44.09,29.32,-0.99,-0.22,10.05,10.16,12.41,-7.24,1.0,1.001,1.001,1.001,,1,1.0,0.0,69175.977
2026-08-30T19:12:56.602Z,65.149561,-149.365637,504.88,7.69,580.16,43.9,29.19,-0.75,0.03,10.52,10.58,12.82,-2.65,1.0,1.009,1.009,1.009,,1,1.0,0.0,69177.242
2026-08-30T19:12:57.810Z,65.149613,-149.365519,504.86,7.68,580.1,43.78,29.0,-0.88,-0.08,10.79,10.82,13.06,0.18,1.0,0.999,0.999,0.999,,1,1.0,0.0,69178.461
2026-08-30T19:12:58.544Z,65.149645,-149.365445,504.86,7.64,580.09,43.64,28.88,-1.0,-0.29,10.9,10.92,13.17,1.5,1.0,0.991,0.991,0.991,,1,1.0,0.0,69179.219
2026-08-30T19:12:59.501Z,65.149687,-149.36535,504.99,7.69,580.13,43.54,28.8,-1.13,-0.22,11.0,11.03,13.21,5.88,1.0,1.004,1.012,1.008,1.27,2,1.0,0.0,69180.156
2026-08-30T19:13:00.705Z,65.149741,-149.36523,505.17,7.7,580.26,43.31,28.58,-1.12,-0.82,11.09,11.12,13.26,8.68,1.0,1.002,1.002,1.002,,1,1.0,0.0,69181.375
2026-08-30T19:13:01.461Z,65.149775,-149.365154,505.3,7.65,580.37,43.18,28.42,-1.0,-1.08,11.14,11.14,13.3,7.78,1.0,1.0,1.0,1.0,,1,1.0,0.0,69182.133
2026-08-30T19:13:02.421Z,65.149817,-149.365057,505.47,7.68,580.53,43.1,28.4,-1.41,-0.33,11.18,11.2,13.3,12.31,1.0,0.989,1.011,1.0,1.591,2,1.0,0.0,69183.094
2026-08-30T19:13:03.657Z,65.149873,-149.364934,505.79,7.63,580.79,42.99,28.22,-1.23,-0.55,11.19,11.19,13.28,12.9,1.0,0.994,0.994,0.994,,1,1.0,0.0,69184.328
2026-08-30T19:13:04.417Z,65.149907,-149.364859,506.01,7.69,580.97,42.95,28.18,-1.26,-0.19,11.15,11.14,13.25,14.4,1.0,1.02,1.02,1.02,,1,1.0,0.0,69185.078
2026-08-30T19:13:05.804Z,65.149969,-149.364722,506.27,7.66,581.3,42.85,28.13,-1.5,0.13,10.71,10.58,12.66,15.78,1.0,0.99,1.033,1.012,1.097,2,1.0,0.0,69186.469
2026-08-30T19:13:07.024Z,65.150021,-149.364609,506.58,7.7,581.59,42.72,27.96,-1.24,-0.89,9.64,9.42,11.51,12.59,1.0,1.022,1.022,1.022,,1,1.0,0.0,69187.656
2026-08-30T19:13:07.738Z,65.15005,-149.364546,506.71,7.66,581.73,42.83,28.08,-1.19,-0.19,8.85,8.64,10.7,11.29,1.0,1.005,1.005,1.005,,1,1.0,0.0,69188.383
2026-08-30T19:13:08.470Z,65.150076,-149.364488,506.76,7.62,581.86,42.9,28.16,-0.9,0.18,8.04,7.8,9.95,6.82,1.0,0.976,0.976,0.976,,1,1.0,0.0,69189.117
2026-08-30T19:13:09.653Z,65.150115,-149.364402,506.84,7.68,582.0,42.91,28.18,-0.86,-0.03,6.87,6.7,8.86,4.19,1.0,1.017,1.017,1.017,,1,1.0,0.0,69190.281
2026-08-30T19:13:10.369Z,65.150137,-149.364355,506.86,7.68,582.04,42.92,28.17,-0.7,-0.49,6.44,6.34,8.47,0.82,1.0,0.991,0.991,0.991,,1,1.0,0.0,69191.0
2026-08-30T19:13:11.453Z,65.150168,-149.364286,506.88,7.68,582.07,42.98,28.23,-0.82,-0.36,6.05,6.0,8.13,0.97,1.0,0.994,1.02,1.008,1.073,3,1.0,0.0,69192.086
2026-08-30T19:13:12.616Z,65.1502,-149.364216,506.87,7.67,582.09,43.03,28.32,-0.61,-0.31,5.75,5.71,7.87,-0.88,1.0,0.984,0.984,0.984,,1,1.0,0.0,69193.258
2026-08-30T19:13:13.342Z,65.150219,-149.364172,506.82,7.62,582.07,46.23,31.78,-0.82,-0.19,5.55,5.51,7.58,-1.19,1.0,1.015,1.015,1.015,,1,1.0,0.0,69194.141
2026-08-30T19:13:14.402Z,65.150242,-149.364104,506.79,7.67,582.04,56.39,42.07,-0.5,-0.04,5.44,5.42,7.25,-4.37,1.0,0.99,1.018,1.004,3.225,2,1.0,0.0,69195.094
2026-08-30T19:13:15.698Z,65.150261,-149.364012,506.62,7.57,581.95,74.14,59.99,-0.88,0.25,5.51,5.55,6.77,-2.8,1.0,0.978,0.978,0.978,,1,1.0,0.0,69196.398
2026-08-30T19:13:17.059Z,65.150266,-149.363913,506.58,7.66,581.88,92.4,78.2,-0.34,0.25,5.74,5.8,6.32,-5.09,1.0,0.972,0.972,0.972,,1,1.0,0.0,69197.727
2026-08-30T19:13:18.289Z,65.15026,-149.36383,506.56,7.67,581.82,107.38,93.05,-0.68,0.45,5.99,6.01,5.89,-2.38,1.0,1.021,1.021,1.021,,1,1.0,0.0,69198.93
2026-08-30T19:13:19.022Z,65.150253,-149.363786,506.49,7.64,581.77,113.29,98.71,-1.1,0.4,6.16,6.21,5.93,-2.2,1.0,0.984,0.984,0.984,,1,1.0,0.0,69199.656
2026-08-30T19:13:19.747Z,65.150244,-149.363743,506.53,7.64,581.76,114.25,99.52,-1.14,0.35,6.18,6.14,5.83,2.19,1.0,1.006,1.006,1.006,,1,1.0,0.0,69200.375
2026-08-30T19:13:20.908Z,65.150231,-149.363676,506.7,7.7,581.83,117.38,102.9,-1.55,0.86,6.15,6.17,5.66,7.24,1.0,1.008,1.008,1.008,,1,1.0,0.0,69201.531
2026-08-30T19:13:21.614Z,65.150222,-149.363638,506.84,7.68,581.92,124.28,109.94,-1.65,0.83,6.32,6.4,5.59,10.74,1.0,1.003,1.003,1.003,,1,1.0,0.0,69202.234
2026-08-30T19:13:22.312Z,65.150211,-149.363604,506.99,7.66,582.04,131.83,117.51,-1.97,0.74,6.59,6.67,5.53,13.27,1.0,0.997,0.997,0.997,,1,1.0,0.0,69202.938
2026-08-30T19:13:23.474Z,65.150188,-149.363559,507.27,7.66,582.29,146.19,131.92,-1.84,0.58,7.0,7.08,5.44,13.77,1.0,0.999,0.999,0.999,,1,1.0,0.0,69204.109
2026-08-30T19:13:24.388Z,65.150168,-149.363533,507.47,7.66,582.49,151.78,137.04,-1.84,0.34,7.33,7.36,5.59,13.66,1.0,0.993,1.002,0.998,0.472,2,1.0,0.0,69204.992
2026-08-30T19:13:25.508Z,65.150142,-149.363499,507.67,7.65,582.72,151.66,136.92,-1.59,0.44,7.57,7.64,5.88,11.22,1.0,1.004,1.004,1.004,,1,1.0,0.0,69206.109
2026-08-30T19:13:26.694Z,65.150113,-149.363462,507.83,7.66,582.92,151.25,136.44,-1.53,0.45,7.97,8.04,6.31,9.11,1.0,0.996,0.996,0.996,,1,1.0,0.0,69207.305
2026-08-30T19:13:27.832Z,65.150085,-149.363422,507.94,7.67,583.07,146.82,131.9,-1.32,0.47,8.29,8.37,6.84,5.13,1.0,0.993,0.993,0.993,,1,1.0,0.0,69208.438
2026-08-30T19:13:28.521Z,65.150067,-149.363392,507.99,7.66,583.13,143.02,128.03,-1.1,0.46,8.54,8.58,7.16,4.66,1.0,1.0,1.0,1.0,,1,1.0,0.0,69209.156
2026-08-30T19:13:29.430Z,65.150044,-149.363345,508.02,7.65,583.19,135.95,120.92,-1.58,0.59,8.7,8.76,7.65,0.99,1.0,0.991,0.999,0.995,3.476,2,1.0,0.0,69210.062
2026-08-30T19:13:30.589Z,65.150015,-149.363273,508.1,7.64,583.26,133.33,118.61,-1.01,0.85,9.01,9.06,7.99,4.33,1.0,1.029,1.029,1.029,,1,1.0,0.0,69211.195
2026-08-30T19:13:31.461Z,65.149993,-149.363219,508.15,7.6,583.3,135.71,121.13,-1.13,0.71,9.41,9.53,8.29,4.73,1.0,0.993,1.014,1.004,2.324,2,1.0,0.0,69212.055
2026-08-30T19:13:32.562Z,65.149961,-149.363151,508.17,7.69,583.36,140.98,126.42,-0.9,0.4,10.0,10.14,8.74,1.0,1.0,0.995,0.995,0.995,,1,1.0,0.0,69213.156
2026-08-30T19:13:33.444Z,65.149932,-149.3631,508.19,7.74,583.38,145.65,131.09,-1.31,0.51,10.51,10.63,9.08,1.91,1.0,0.998,1.016,1.007,0.549,2,1.0,0.0,69214.039
2026-08-30T19:13:34.322Z,65.149901,-149.363053,508.22,7.62,583.41,149.35,134.74,-1.84,1.15,10.78,10.82,9.29,-2.17,1.0,0.979,1.014,0.997,4.416,2,1.0,0.0,69214.906
2026-08-30T19:13:35.397Z,65.149861,-149.363,508.41,7.57,583.54,152.73,138.1,0.33,0.98,11.0,10.96,9.25,1.61,1.0,0.929,0.929,0.929,,1,1.0,0.0,69215.977
2026-08-30T19:13:36.536Z,65.149817,-149.362951,508.54,7.72,583.61,156.5,141.87,-1.21,0.92,11.28,11.24,9.34,6.47,1.0,1.043,1.043,1.043,,1,1.0,0.0,69217.102
2026-08-30T19:13:37.581Z,65.149775,-149.362911,508.84,7.72,583.8,159.69,145.04,-1.4,0.37,11.37,11.44,9.36,13.61,1.0,1.045,1.045,1.045,,1,1.0,0.0,69218.172
2026-08-30T19:13:38.446Z,65.14974,-149.362882,508.9,7.7,583.97,162.5,147.87,-0.97,0.34,11.61,11.73,9.63,9.16,1.0,0.973,1.009,0.991,1.046,2,1.0,0.0,69219.039
2026-08-30T19:13:39.323Z,65.149702,-149.362856,508.9,7.67,584.06,163.94,149.16,-1.56,0.17,11.91,11.97,9.9,4.84,1.0,0.971,0.998,0.985,1.381,2,1.0,0.0,69219.906
2026-08-30T19:13:40.416Z,65.149655,-149.362819,509.06,7.64,584.17,158.25,143.26,-1.6,0.35,12.19,12.23,10.28,9.76,1.0,1.003,1.003,1.003,,1,1.0,0.0,69221.0
2026-08-30T19:13:41.477Z,65.149609,-149.362764,509.2,7.67,584.31,146.13,131.06,-1.65,0.59,12.2,12.25,10.71,8.64,1.0,0.985,1.002,0.995,0.236,3,1.0,0.0,69222.109
2026-08-30T19:13:42.612Z,65.149563,-149.362684,509.3,7.68,584.44,143.47,128.72,-1.04,0.6,12.67,12.8,11.34,2.95,1.0,1.006,1.006,1.006,,1,1.0,0.0,69223.203
2026-08-30T19:13:43.457Z,65.149527,-149.362621,509.27,7.65,584.47,143.31,128.57,-1.03,0.53,13.17,13.3,11.84,-0.54,1.0,0.987,1.009,0.998,0.379,2,1.0,0.0,69224.062
2026-08-30T19:13:44.558Z,65.149478,-149.362534,509.25,7.67,584.47,143.14,128.39,-1.26,0.66,13.76,13.88,12.42,0.94,1.0,1.001,1.001,1.001,,1,1.0,0.0,69225.164
2026-08-30T19:13:45.817Z,65.14942,-149.362431,509.35,7.69,584.51,143.97,129.35,-1.32,0.39,14.32,14.42,12.92,4.95,1.0,1.0,1.002,1.001,0.164,2,1.0,0.0,69226.422
2026-08-30T19:13:46.933Z,65.149365,-149.362343,509.59,7.67,584.66,150.82,136.39,-0.98,0.3,14.87,14.96,13.21,11.23,1.0,0.994,0.994,0.994,,1,1.0,0.0,69227.547
2026-08-30T19:13:47.629Z,65.149327,-149.362298,509.75,7.67,584.79,155.87,141.2,-1.27,0.04,15.23,15.34,13.45,11.99,1.0,0.995,0.995,0.995,,1,1.0,0.0,69228.242
2026-08-30T19:13:48.318Z,65.149287,-149.362257,509.92,7.67,584.93,156.11,141.37,-0.55,-0.24,15.53,15.64,13.73,8.31,1.0,1.015,1.015,1.015,,1,1.0,0.0,69228.922
2026-08-30T19:13:49.449Z,65.149222,-149.362188,509.94,7.69,585.06,156.01,141.27,-1.84,0.12,16.01,16.1,14.21,9.43,1.0,1.022,1.022,1.022,,1,1.0,0.0,69230.062
2026-08-30T19:13:50.317Z,65.149169,-149.362132,510.3,7.72,585.24,155.88,141.13,-2.2,-0.11,16.13,16.16,14.27,24.73,1.0,1.003,1.018,1.011,0.396,2,1.0,0.0,69230.93
2026-08-30T19:13:51.452Z,65.149101,-149.362059,510.71,7.64,585.68,155.56,140.81,1.28,-1.1,16.42,16.45,14.66,4.21,1.0,0.953,0.953,0.953,,1,1.0,0.0,69232.062
2026-08-30T19:13:52.327Z,65.149047,-149.362001,510.45,7.71,585.72,155.68,140.94,-1.1,-0.59,16.75,16.85,14.97,-1.44,1.0,1.0,1.016,1.008,0.158,2,1.0,0.0,69232.938
2026-08-30T19:13:53.450Z,65.148976,-149.361923,510.79,7.71,585.78,154.26,139.32,-2.23,-0.11,16.82,16.79,14.93,20.55,1.0,1.033,1.033,1.033,,1,1.0,0.0,69234.078
2026-08-30T19:13:54.338Z,65.148921,-149.361856,511.22,7.67,586.08,151.7,136.94,-1.27,0.53,16.69,16.67,14.87,20.58,1.0,0.996,0.997,0.996,0.583,2,1.0,0.0,69234.945
2026-08-30T19:13:55.466Z,65.148853,-149.361769,511.47,7.65,586.44,152.76,138.25,-1.11,0.36,16.36,16.28,14.34,14.13,1.0,0.994,0.994,0.994,,1,1.0,0.0,69236.078
2026-08-30T19:13:56.729Z,65.148777,-149.361696,511.53,7.69,586.65,166.0,151.7,-1.43,0.89,15.74,15.65,13.33,7.93,1.0,1.009,1.009,1.009,,1,1.0,0.0,69237.359
2026-08-30T19:13:57.910Z,65.148706,-149.36167,511.74,7.71,586.79,176.42,162.07,-3.02,0.19,14.59,14.34,11.92,16.78,1.0,1.006,1.006,1.006,,1,1.0,0.0,69238.531
2026-08-30T19:13:58.613Z,65.148667,-149.36167,512.19,7.67,587.02,185.4,171.16,-2.78,-0.1,13.71,13.44,10.77,29.37,1.0,1.018,1.018,1.018,,1,1.0,0.0,69239.258
2026-08-30T19:13:59.345Z,65.148631,-149.361683,512.61,7.66,587.37,194.49,180.26,-0.48,0.2,12.7,12.41,9.87,23.8,1.0,1.006,1.006,1.006,,1,1.0,0.0,69239.984
2026-08-30T19:14:00.528Z,65.148581,-149.361728,512.8,7.71,587.76,208.0,193.66,-1.47,-0.36,11.49,11.25,8.72,12.52,1.0,1.013,1.013,1.013,,1,1.0,0.0,69241.133
2026-08-30T19:14:01.408Z,65.148551,-149.361774,512.92,7.67,587.95,217.79,203.43,-1.09,-0.27,10.48,10.27,7.87,9.13,1.0,0.996,1.008,1.002,2.351,2,1.0,0.0,69242.023
2026-08-30T19:14:02.656Z,65.148518,-149.361846,512.89,7.7,588.08,226.83,212.39,-0.36,-0.02,9.45,9.3,7.1,-1.76,1.0,1.011,1.011,1.011,,1,1.0,0.0,69243.328
2026-08-30T19:14:03.416Z,65.148502,-149.361891,512.74,7.66,588.05,233.04,218.72,-0.08,0.24,8.93,8.79,6.8,-8.87,1.0,1.0,1.0,1.0,,1,1.0,0.0,69244.102
2026-08-30T19:14:04.689Z,65.148482,-149.361973,512.41,7.69,587.83,246.22,231.85,0.19,0.5,8.24,8.18,6.59,-15.04,1.0,1.013,1.013,1.013,,1,1.0,0.0,69245.383
2026-08-30T19:14:05.470Z,65.148473,-149.362025,512.1,7.68,587.62,250.72,236.23,0.37,0.58,8.07,8.04,6.58,-19.7,1.0,0.98,0.98,0.98,,1,1.0,0.0,69246.133
2026-08-30T19:14:07.307Z,65.14846,-149.362159,511.22,7.67,586.89,263.64,249.25,0.3,1.37,8.4,8.51,7.64,-29.73,1.0,0.995,0.995,0.995,,1,1.0,0.0,69248.023
2026-08-30T19:14:08.120Z,65.148458,-149.362227,510.8,7.67,586.48,273.02,259.08,-0.14,1.74,8.36,8.18,7.76,-27.07,1.0,1.0,1.0,1.0,,1,1.0,0.0,69248.867
2026-08-30T19:14:09.456Z,65.148471,-149.362333,510.45,7.68,585.96,300.35,286.07,-0.77,1.41,7.13,6.99,7.67,-15.88,1.0,1.005,1.005,1.005,,1,1.0,0.0,69250.117
2026-08-30T19:14:10.201Z,65.148487,-149.362385,510.3,7.69,585.75,308.84,294.46,-0.61,0.97,6.56,6.45,7.45,-13.05,1.0,1.004,1.004,1.004,,1,1.0,0.0,69250.969
2026-08-30T19:14:11.572Z,65.148517,-149.362466,510.11,7.7,585.49,315.83,301.32,-0.02,0.75,5.28,5.07,6.33,-9.61,1.0,1.026,1.026,1.026,,1,1.0,0.0,69252.273
2026-08-30T19:14:12.356Z,65.148534,-149.362503,509.97,7.7,585.35,316.98,302.25,1.05,0.8,2.95,1.46,2.34,-8.69,1.0,0.995,0.995,0.995,,1,1.0,0.0,69253.039
2026-08-30T19:14:13.598Z,65.14854,-149.362516,509.97,7.71,585.21,316.71,301.97,-2.07,0.71,0.01,0.0,0.17,-1.99,1.0,1.005,1.005,1.005,,1,1.0,0.0,69254.25
2026-08-30T19:14:14.337Z,65.148541,-149.362516,509.95,7.69,585.2,316.74,302.0,-0.29,0.76,0.0,0.0,0.08,-1.33,1.0,0.997,0.997,0.997,,1,1.0,0.0,69254.984
2026-08-30T19:14:15.067Z,65.14854,-149.362516,509.96,7.7,585.19,316.72,301.98,-1.27,0.73,0.0,0.0,0.05,-0.4,1.0,1.001,1.001,1.001,,1,1.0,0.0,69255.711
2026-08-30T19:14:16.780Z,65.14854,-149.362516,509.96,7.7,585.18,316.73,301.99,-0.97,0.73,0.0,0.0,0.02,-0.09,1.0,1.0,1.0,1.0,,1,1.0,0.0,69257.422
2026-08-30T19:14:17.505Z,65.148541,-149.362516,509.95,7.69,585.18,316.74,301.99,-0.9,0.73,0.0,0.0,0.01,-0.04,1.0,1.0,1.0,1.0,,1,1.0,0.0,69258.156
2026-08-30T19:14:18.612Z,65.148541,-149.362516,509.96,7.69,585.18,316.73,301.99,-0.92,0.73,0.0,0.0,0.0,-0.02,1.0,0.999,0.999,0.999,,1,1.0,0.0,69259.227
2026-08-30T19:14:19.309Z,65.148541,-149.362516,509.96,7.69,585.18,316.73,301.99,-0.92,0.73,0.0,0.0,0.0,-0.02,1.0,1.0,1.0,1.0,,1,1.0,0.0,69259.953
2026-08-30T19:14:20.035Z,65.148541,-149.362516,509.96,7.69,585.18,316.73,301.99,-0.92,0.73,0.0,0.0,0.0,0.01,1.0,1.0,1.0,1.0,,1,1.0,0.0,69260.68
2026-08-30T19:14:21.212Z,65.148541,-149.362516,509.96,7.69,585.18,316.73,301.99,-0.93,0.73,0.0,0.0,0.0,0.01,1.0,1.0,1.0,1.0,,1,1.0,0.0,69261.836
2026-08-30T19:14:21.924Z,65.148541,-149.362516,509.96,7.69,585.18,316.73,301.99,-0.92,0.73,0.0,0.0,0.0,-0.02,1.0,1.0,1.0,1.0,,1,1.0,0.0,69262.547
2026-08-30T19:14:22.622Z,65.148541,-149.362516,509.96,7.69,585.18,316.73,301.99,-0.92,0.73,0.0,0.0,0.0,0.01,1.0,1.0,1.0,1.0,,1,1.0,0.0,69263.25
2026-08-30T19:14:23.795Z,65.148541,-149.362516,509.96,7.69,585.18,316.73,301.99,-0.93,0.73,0.0,0.0,0.0,0.01,1.0,1.0,1.0,1.0,,1,1.0,0.0,69264.43
2026-08-30T19:14:24.516Z,65.148541,-149.362516,509.96,7.69,585.18,316.73,301.99,-0.92,0.73,0.0,0.0,0.0,-0.01,1.0,1.0,1.0,1.0,,1,1.0,0.0,69265.148
2026-08-30T19:14:25.832Z,65.148541,-149.362516,509.96,7.69,585.18,316.73,301.99,-0.93,0.73,0.0,0.0,0.0,0.01,1.0,1.0,1.0,1.0,0.001,2,1.0,0.0,69266.484
2026-08-30T19:14:26.987Z,65.148541,-149.362516,509.96,7.69,585.18,316.73,301.99,-0.93,0.73,0.0,0.0,0.0,0.0,1.0,1.0,1.0,1.0,,1,1.0,0.0,69267.602
2026-08-30T19:14:27.715Z,65.148541,-149.362516,509.96,7.69,585.18,316.73,301.99,-0.92,0.73,0.0,0.0,0.0,-0.01,1.0,1.0,1.0,1.0,,1,1.0,0.0,69268.32
2026-08-30T19:14:28.397Z,65.148541,-149.362516,509.96,7.69,585.18,316.73,301.99,-0.92,0.73,0.0,0.0,0.0,0.0,1.0,1.0,1.0,1.0,,1,1.0,0.0,69268.953
2026-08-30T19:14:29.444Z,65.148541,-149.362516,509.96,7.69,585.18,316.73,301.99,-0.92,0.73,0.0,0.0,0.0,0.0,1.0,1.0,1.0,1.0,,1,1.0,0.0,69270.016
2026-08-30T19:14:30.490Z,65.148541,-149.362516,509.96,7.69,585.18,316.73,301.99,-0.92,0.73,0.0,0.0,0.0,0.0,1.0,1.0,1.0,1.0,0.019,3,1.0,0.0,69271.039
2026-08-30T19:14:31.502Z,65.148541,-149.362516,509.96,7.69,585.18,316.74,301.99,-0.92,0.74,0.0,0.0,0.01,0.01,1.0,1.0,1.0,1.0,,1,1.0,0.0,69272.031
2026-08-30T19:14:32.292Z,65.148541,-149.362516,509.96,7.69,585.18,316.74,301.99,-0.93,0.73,0.0,0.0,0.0,0.01,1.0,1.0,1.0,1.0,0.023,2,1.0,0.0,69272.812
2026-08-30T19:14:33.489Z,65.148541,-149.362516,509.96,7.69,585.18,316.73,301.99,-0.92,0.73,0.0,0.0,0.0,-0.02,1.0,1.0,1.0,1.0,0.015,4,1.0,0.0,69273.961
2026-08-30T19:14:34.380Z,65.148541,-149.362516,509.96,7.69,585.18,316.73,301.99,-0.93,0.73,0.0,0.0,0.0,0.01,1.0,1.0,1.0,1.0,,1,1.0,0.0,69274.867
2026-08-30T19:14:35.386Z,65.148541,-149.362516,509.96,7.69,585.18,316.73,301.99,-0.92,0.73,0.0,0.0,0.0,0.01,1.0,1.0,1.0,1.0,0.007,2,1.0,0.0,69275.836
2026-08-30T19:14:36.285Z,65.148541,-149.362516,509.96,7.69,585.18,316.73,301.99,-0.92,0.73,0.0,0.0,0.0,0.0,1.0,1.0,1.0,1.0,0.016,3,1.0,0.0,69276.75
2026-08-30T19:14:37.326Z,65.148541,-149.362516,509.96,7.69,585.18,316.73,301.99,-0.92,0.73,0.0,0.0,0.0,-0.0,1.0,1.0,1.0,1.0,0.019,2,1.0,0.0,69277.781
2026-08-30T19:14:38.429Z,65.148541,-149.362516,509.96,7.69,585.18,316.73,301.99,-0.92,0.73,0.0,0.0,0.0,0.0,1.0,1.0,1.0,1.0,0.016,4,1.0,0.0,69278.867
2026-08-30T19:14:39.445Z,65.148541,-149.362516,509.96,7.69,585.18,316.73,301.99,-0.92,0.73,0.0,0.0,0.0,-0.0,1.0,1.0,1.0,1.0,0.016,2,1.0,0.0,69279.883
2026-08-30T19:14:40.343Z,65.148541,-149.362516,509.96,7.69,585.18,316.73,301.99,-0.92,0.73,0.0,0.0,0.0,-0.01,1.0,1.0,1.0,1.0,0.019,3,1.0,0.0,69280.766
2026-08-30T19:14:41.406Z,65.148541,-149.362516,509.96,7.69,585.18,316.73,301.99,-0.92,0.73,0.0,0.0,0.0,-0.01,1.0,1.0,1.0,1.0,0.017,4,1.0,0.0,69281.82
2026-08-30T19:14:42.357Z,65.148541,-149.362516,509.96,7.69,585.18,316.73,301.99,-0.92,0.73,0.0,0.0,0.0,0.01,1.0,1.0,1.0,1.0,0.008,2,1.0,0.0,69283.125
2026-08-30T19:14:43.378Z,65.148541,-149.362516,509.96,7.69,585.18,316.73,301.99,-0.92,0.73,0.0,0.0,0.0,-0.01,1.0,1.0,1.0,1.0,0.01,2,1.0,0.0,69283.945
2026-08-30T19:14:44.423Z,65.148541,-149.362516,509.96,7.69,585.18,316.73,301.99,-0.92,0.73,0.0,0.0,0.0,-0.0,1.0,1.0,1.0,1.0,0.005,3,1.0,0.0,69284.984
2026-08-30T19:14:45.512Z,65.148541,-149.362516,509.96,7.69,585.18,316.73,301.99,-0.92,0.73,0.0,0.0,0.0,-0.0,1.0,1.0,1.0,1.0,,1,1.0,0.0,69286.023
2026-08-30T19:14:46.479Z,65.148541,-149.362516,509.96,7.69,585.18,316.73,301.99,-0.92,0.73,0.0,0.0,0.0,0.0,1.0,1.0,1.0,1.0,,1,1.0,0.0,69286.93
2026-08-30T19:14:47.324Z,65.148541,-149.362516,509.96,7.69,585.18,316.73,301.99,-0.92,0.73,0.0,0.0,0.0,0.0,1.0,1.0,1.0,1.0,,1,1.0,0.0,69287.773
2026-08-30T19:14:48.416Z,65.148541,-149.362516,509.96,7.69,585.18,316.73,301.99,-0.92,0.73,0.0,0.0,0.0,0.0,1.0,1.0,1.0,1.0,0.0,4,1.0,0.0,69288.859
2026-08-30T19:14:49.320Z,65.148541,-149.362516,509.96,7.69,585.18,316.73,301.99,-0.92,0.73,0.0,0.0,0.0,0.0,1.0,1.0,1.0,1.0,0.0,3,1.0,0.0,69289.758
2026-08-30T19:14:50.327Z,65.148541,-149.362516,509.96,7.69,585.18,316.73,301.99,-0.92,0.73,0.0,0.0,0.0,0.0,1.0,1.0,1.0,1.0,0.0,2,1.0,0.0,69290.758
2026-08-30T19:14:51.417Z,65.148541,-149.362516,509.96,7.69,585.18,316.73,301.99,-0.92,0.73,0.0,0.0,0.0,0.0,1.0,1.0,1.0,1.0,0.0,4,1.0,0.0,69291.859
2026-08-30T19:14:52.415Z,65.148541,-149.362516,509.96,7.69,585.18,316.73,301.99,-0.92,0.73,0.0,0.0,0.0,0.0,1.0,1.0,1.0,1.0,0.0,2,1.0,0.0,69292.828
2026-08-30T19:14:53.277Z,65.148541,-149.362516,509.96,7.69,585.18,316.73,301.99,-0.92,0.73,0.0,0.0,0.0,0.0,1.0,1.0,1.0,1.0,0.0,3,1.0,0.0,69293.688
2026-08-30T19:14:54.343Z,65.148541,-149.362516,509.96,7.69,585.18,316.73,301.99,-0.92,0.73,0.0,0.0,0.0,0.0,1.0,1.0,1.0,1.0,0.0,4,1.0,0.0,69294.742
2026-08-30T19:14:55.479Z,65.148541,-149.362516,509.96,7.69,585.18,316.73,301.99,-0.92,0.73,0.0,0.0,0.0,-0.0,1.0,1.0,1.0,1.0,0.0,2,1.0,0.0,69295.883
2026-08-30T19:14:56.348Z,65.148541,-149.362516,509.96,7.69,585.18,316.73,301.99,-0.92,0.73,0.0,0.0,0.0,0.0,1.0,1.0,1.0,1.0,0.0,3,1.0,0.0,69296.766
2026-08-30T19:14:57.324Z,65.148541,-149.362516,509.96,7.69,585.18,316.73,301.99,-0.92,0.73,0.0,0.0,0.0,-0.0,1.0,1.0,1.0,1.0,0.0,2,1.0,0.0,69297.719
2026-08-30T19:14:58.366Z,65.148541,-149.362516,509.96,7.69,585.18,316.73,301.99,-0.92,0.73,0.0,0.0,0.0,0.0,1.0,1.0,1.0,1.0,0.0,4,1.0,0.0,69299.156
2026-08-30T19:14:59.698Z,65.148541,-149.362516,509.96,7.69,585.18,316.73,301.99,-0.92,0.73,0.0,0.0,0.0,-0.0,1.0,1.0,1.0,1.0,,1,1.0,0.0,69300.32
2026-08-30T19:15:00.397Z,65.148541,-149.362516,509.96,7.69,585.18,316.73,301.99,-0.92,0.73,0.0,0.0,0.0,0.0,1.0,1.0,1.0,1.0,,1,1.0,0.0,69301.008
2026-08-30T19:15:01.495Z,65.148541,-149.362516,509.96,7.69,585.18,316.73,301.99,-0.92,0.73,0.0,0.0,0.0,0.0,1.0,1.0,1.0,1.0,0.0,3,1.0,0.0,69302.094
2026-08-30T19:15:02.605Z,65.148541,-149.362516,509.96,7.69,585.18,316.73,301.99,-0.92,0.73,0.0,0.0,0.0,-0.0,1.0,1.0,1.0,1.0,,1,1.0,0.0,69303.211
2026-08-30T19:15:03.469Z,65.148541,-149.362516,509.96,7.69,585.18,316.73,301.99,-0.92,0.73,0.0,0.0,0.0,0.0,1.0,1.0,1.0,1.0,0.0,2,1.0,0.0,69304.086
2026-08-30T19:15:04.596Z,65.148541,-149.362516,509.96,7.69,585.18,316.73,301.99,-0.92,0.73,0.0,0.0,0.0,-0.0,1.0,1.0,1.0,1.0,,1,1.0,0.0,69305.188
2026-08-30T19:15:05.843Z,65.148541,-149.362516,509.96,7.69,585.18,316.73,301.99,-0.92,0.73,0.0,0.0,0.0,0.0,1.0,1.0,1.0,1.0,0.0,2,1.0,0.0,69306.438
2026-08-30T19:15:06.947Z,65.148541,-149.362516,509.96,7.69,585.18,316.73,301.99,-0.92,0.73,0.0,0.0,0.0,0.0,1.0,1.0,1.0,1.0,,1,1.0,0.0,69307.547
2026-08-30T19:15:07.632Z,65.148541,-149.362516,509.96,7.69,585.18,316.73,301.99,-0.92,0.73,0.0,0.0,0.0,-0.0,1.0,1.0,1.0,1.0,,1,1.0,0.0,69308.227
2026-08-30T19:15:08.310Z,65.148541,-149.362516,509.96,7.69,585.18,316.73,301.99,-0.92,0.73,0.0,0.0,0.0,0.0,1.0,1.0,1.0,1.0,,1,1.0,0.0,69308.961
2026-08-30T19:15:09.537Z,65.148541,-149.362516,509.96,7.69,585.18,316.73,301.99,-0.92,0.73,0.0,0.0,0.0,-0.0,1.0,1.0,1.0,1.0,,1,1.0,0.0,69310.211
2026-08-30T19:15:10.468Z,65.148541,-149.362516,509.96,7.69,585.18,316.73,301.99,-0.92,0.73,0.0,0.0,0.0,0.0,1.0,1.0,1.0,1.0,0.0,2,1.0,0.0,69311.078
2026-08-30T19:15:11.682Z,65.148541,-149.362516,509.96,7.69,585.18,316.73,301.99,-0.92,0.73,0.0,0.0,0.0,-0.0,1.0,1.0,1.0,1.0,,1,1.0,0.0,69312.398
2026-08-30T19:15:12.495Z,65.148541,-149.362516,509.96,7.69,585.18,316.73,301.99,-0.92,0.73,0.0,0.0,0.0,0.0,1.0,1.0,1.0,1.0,,1,1.0,0.0,69313.195
2026-08-30T19:15:13.490Z,65.148541,-149.362516,509.96,7.69,585.18,316.73,301.99,-0.92,0.73,0.0,0.0,0.0,-0.0,1.0,1.0,1.0,1.0,0.0,2,1.0,0.0,69314.172
2026-08-30T19:15:14.736Z,65.148541,-149.362516,509.96,7.69,585.18,316.73,301.99,-0.92,0.73,0.0,0.0,0.0,-0.0,1.0,1.0,1.0,1.0,,1,1.0,0.0,69315.406
2026-08-30T19:15:15.489Z,65.148541,-149.362516,509.96,7.69,585.18,316.73,301.99,-0.92,0.73,0.0,0.0,0.0,-0.0,1.0,1.0,1.0,1.0,,1,1.0,0.0,69316.172
2026-08-30T19:15:17.299Z,65.148541,-149.362516,509.96,7.69,585.18,316.73,301.99,-0.92,0.73,0.0,0.0,0.0,0.0,1.0,1.0,1.0,1.0,,1,1.0,0.0,69317.961
2026-08-30T19:15:18.048Z,65.148541,-149.362516,509.96,7.69,585.18,316.73,301.99,-0.92,0.73,0.0,0.0,0.0,-0.0,1.0,1.0,1.0,1.0,,1,1.0,0.0,69318.742
2026-08-30T19:15:19.308Z,65.148541,-149.362516,509.96,7.69,585.18,316.73,301.99,-0.92,0.73,0.0,0.0,0.0,-0.0,1.0,1.0,1.0,1.0,,1,1.0,0.0,69319.961
2026-08-30T19:15:20.048Z,65.148541,-149.362516,509.96,7.69,585.18,316.73,301.99,-0.92,0.73,0.0,0.0,0.0,-0.0,1.0,1.0,1.0,1.0,,1,1.0,0.0,69320.68
2026-08-30T19:15:21.225Z,65.148541,-149.362516,509.96,7.69,585.18,316.73,301.99,-0.92,0.73,0.0,0.0,0.0,0.0,1.0,1.0,1.0,1.0,,1,1.0,0.0,69321.945
2026-08-30T19:15:22.038Z,65.148541,-149.362516,509.96,7.69,585.18,316.73,301.99,-0.92,0.73,0.0,0.0,0.0,-0.0,1.0,1.0,1.0,1.0,,1,1.0,0.0,69322.781
2026-08-30T19:15:22.873Z,65.148541,-149.362516,509.96,7.69,585.18,316.73,301.99,-0.92,0.73,0.0,0.0,0.0,0.0,1.0,1.0,1.0,1.0,,1,1.0,0.0,69323.562
2026-08-30T19:15:24.149Z,65.148541,-149.362516,509.96,7.69,585.18,316.73,301.99,-0.92,0.73,0.0,0.0,0.0,0.0,1.0,1.0,1.0,1.0,,1,1.0,0.0,69324.859
2026-08-30T19:15:24.952Z,65.148541,-149.362516,509.96,7.69,585.18,316.73,301.99,-0.92,0.73,0.0,0.0,0.0,-0.0,1.0,1.0,1.0,1.0,,1,1.0,0.0,69325.656
2026-08-30T19:15:26.817Z,65.148541,-149.362516,509.96,7.69,585.18,316.73,301.99,-0.92,0.73,0.0,0.0,0.0,0.0,1.0,1.0,1.0,1.0,,1,1.0,0.0,69327.555
2026-08-30T19:15:27.814Z,65.148541,-149.362516,509.96,7.69,585.18,316.73,301.99,-0.92,0.73,0.0,0.0,0.0,-0.0,1.0,1.0,1.0,1.0,0.0,2,1.0,0.0,69328.508
2026-08-30T19:15:29.102Z,65.148541,-149.362516,509.96,7.69,585.18,316.73,,-0.92,0.73,0.0,0.0,0.0,-0.0,1.0,1.0,1.0,1.0,,1,1.0,0.0,69329.883
2026-08-30T19:15:29.969Z,65.148541,-149.362516,509.96,7.69,585.18,316.73,301.99,-0.92,0.73,0.0,0.0,0.0,0.0,1.0,1.0,1.0,1.0,,1,1.0,0.0,69330.68
2026-08-30T19:15:31.275Z,65.148541,-149.362516,509.96,7.69,585.18,316.73,301.99,-0.92,0.73,0.0,0.0,0.0,-0.0,1.0,1.0,1.0,1.0,,1,1.0,0.0,69331.984
2026-08-30T19:15:32.076Z,65.148541,-149.362516,509.96,7.69,585.18,316.73,301.99,-0.92,0.73,0.0,0.0,0.0,-0.0,1.0,1.0,1.0,1.0,,1,1.0,0.0,69332.781
2026-08-30T19:15:33.369Z,65.148541,-149.362516,509.96,7.69,585.18,316.73,301.99,-0.92,0.73,0.0,0.0,0.0,0.0,1.0,1.0,1.0,1.0,,1,1.0,0.0,69334.078
2026-08-30T19:15:34.167Z,65.148541,-149.362516,509.96,7.69,585.18,316.73,301.99,-0.92,0.73,0.0,0.0,0.0,0.0,1.0,1.0,1.0,1.0,,1,1.0,0.0,69334.859
2026-08-30T19:15:35.495Z,65.148541,-149.362516,509.96,7.69,585.18,316.73,301.99,-0.92,0.73,0.0,0.0,0.0,0.0,1.0,1.0,1.0,1.0,,1,1.0,0.0,69336.219
2026-08-30T19:15:36.918Z,65.148541,-149.362516,509.96,7.69,585.18,316.73,301.99,-0.92,0.73,0.0,0.0,0.0,-0.0,1.0,1.0,1.0,1.0,,1,1.0,0.0,69337.648
2026-08-30T19:15:38.300Z,65.148541,-149.362516,509.96,7.69,585.18,316.73,301.99,-0.92,0.73,0.0,0.0,0.0,0.0,1.0,1.0,1.0,1.0,,1,1.0,0.0,69339.039
2026-08-30T19:15:39.127Z,65.148541,-149.362516,509.96,7.69,585.18,316.73,301.99,-0.92,0.73,0.0,0.0,0.0,-0.0,1.0,1.0,1.0,1.0,,1,1.0,0.0,69339.828
2026-08-30T19:15:40.415Z,65.148541,-149.362516,509.96,7.69,585.18,316.73,301.99,-0.92,0.73,0.0,0.0,0.0,-0.0,1.0,1.0,1.0,1.0,,1,1.0,0.0,69341.125
2026-08-30T19:15:41.421Z,65.148541,-149.362516,509.96,7.69,585.18,316.73,301.99,-0.92,0.73,0.0,0.0,0.0,-0.0,1.0,1.0,1.0,1.0,0.0,2,1.0,0.0,69342.102
2026-08-30T19:15:42.685Z,65.148541,-149.362516,509.96,7.69,585.18,316.73,301.99,-0.92,0.73,0.0,0.0,0.0,-0.0,1.0,1.0,1.0,1.0,,1,1.0,0.0,69343.375
2026-08-30T19:15:43.458Z,65.148541,-149.362516,509.96,7.69,585.18,316.73,301.99,-0.92,0.73,0.0,0.0,0.0,-0.0,1.0,1.0,1.0,1.0,,1,1.0,0.0,69344.156
2026-08-30T19:15:44.755Z,65.148541,-149.362516,509.96,7.69,585.18,316.73,301.99,-0.92,0.73,0.0,0.0,0.0,0.0,1.0,1.0,1.0,1.0,,1,1.0,0.0,69345.453
2026-08-30T19:15:45.539Z,65.148541,-149.362516,509.96,7.69,585.18,316.73,301.99,-0.92,0.73,0.0,0.0,0.0,-0.0,1.0,1.0,1.0,1.0,,1,1.0,0.0,69346.242
2026-08-30T19:15:47.435Z,65.148541,-149.362516,509.96,7.69,585.18,316.73,301.99,-0.92,0.73,0.0,0.0,0.0,0.0,1.0,1.0,1.0,1.0,,1,1.0,0.0,69348.133
2026-08-30T19:15:48.217Z,65.148541,-149.362516,509.96,7.69,585.18,316.73,301.99,-0.92,0.73,0.0,0.0,0.0,0.0,1.0,1.0,1.0,1.0,,1,1.0,0.0,69348.922
2026-08-30T19:15:49.522Z,65.148541,-149.362516,509.96,7.69,585.18,316.73,301.99,-0.92,0.73,0.0,0.0,0.0,0.0,1.0,1.0,1.0,1.0,,1,1.0,0.0,69350.219
2026-08-30T19:15:50.309Z,65.148541,-149.362516,509.96,7.69,585.18,316.73,301.99,-0.92,0.73,0.0,0.0,0.0,0.0,1.0,1.0,1.0,1.0,,1,1.0,0.0,69351.0
2026-08-30T19:15:51.583Z,65.148541,-149.362516,509.96,7.69,585.18,316.73,301.99,-0.92,0.73,0.0,0.0,0.0,0.0,1.0,1.0,1.0,1.0,,1,1.0,0.0,69352.281
2026-08-30T19:15:52.377Z,65.148541,-149.362516,509.96,7.69,585.18,316.73,301.99,-0.92,0.73,0.0,0.0,0.0,0.0,1.0,1.0,1.0,1.0,,1,1.0,0.0,69353.07
2026-08-30T19:15:53.656Z,65.148541,-149.362516,509.96,7.69,585.18,316.73,301.99,-0.92,0.73,0.0,0.0,0.0,0.0,1.0,1.0,1.0,1.0,,1,1.0,0.0,69354.359
2026-08-30T19:15:54.440Z,65.148541,-149.362516,509.96,7.69,585.18,316.73,301.99,-0.92,0.73,0.0,0.0,0.0,-0.0,1.0,1.0,1.0,1.0,,1,1.0,0.0,69355.148
2026-08-30T19:15:55.729Z,65.148541,-149.362516,509.96,7.69,585.18,316.73,301.99,-0.92,0.73,0.0,0.0,0.0,0.0,1.0,1.0,1.0,1.0,,1,1.0,0.0,69356.461
2026-08-30T19:15:57.123Z,65.148541,-149.362516,509.96,7.69,585.18,316.73,301.99,-0.92,0.73,0.0,0.0,0.0,-0.0,1.0,1.0,1.0,1.0,,1,1.0,0.0,69357.836
2026-08-30T19:15:58.470Z,65.148541,-149.362516,509.96,7.69,585.18,316.73,301.99,-0.92,0.73,0.0,0.0,0.0,0.0,1.0,1.0,1.0,1.0,,1,1.0,0.0,69359.188
2026-08-30T19:15:59.280Z,65.148541,-149.362516,509.96,7.69,585.18,316.73,301.99,-0.92,0.73,0.0,0.0,0.0,0.0,1.0,1.0,1.0,1.0,,1,1.0,0.0,69359.984
2026-08-30T19:16:00.578Z,65.148541,-149.362516,509.96,7.69,585.18,316.73,301.99,-0.92,0.73,0.0,0.0,0.0,-0.0,1.0,1.0,1.0,1.0,,1,1.0,0.0,69361.273
2026-08-30T19:16:01.376Z,65.148541,-149.362516,509.96,7.69,585.18,316.73,301.99,-0.92,0.73,0.0,0.0,0.0,-0.0,1.0,1.0,1.0,1.0,,1,1.0,0.0,69362.07
2026-08-30T19:16:02.651Z,65.148541,-149.362516,509.96,7.69,585.18,316.73,301.99,-0.92,0.73,0.0,0.0,0.0,0.0,1.0,1.0,1.0,1.0,,1,1.0,0.0,69363.367
2026-08-30T19:16:03.455Z,65.148541,-149.362516,509.96,7.69,585.18,316.73,301.99,-0.92,0.73,0.0,0.0,0.0,-0.0,1.0,1.0,1.0,1.0,,1,1.0,0.0,69364.172
2026-08-30T19:16:04.776Z,65.148541,-149.362516,509.96,7.69,585.18,316.73,301.99,-0.92,0.73,0.0,0.0,0.0,0.0,1.0,1.0,1.0,1.0,,1,1.0,0.0,69365.477
2026-08-30T19:16:05.566Z,65.148541,-149.362516,509.96,7.69,585.18,316.73,301.99,-0.92,0.73,0.0,0.0,0.0,0.0,1.0,1.0,1.0,1.0,,1,1.0,0.0,69366.266
2026-08-30T19:16:07.446Z,65.148541,-149.362516,509.96,7.69,585.18,316.73,301.99,-0.92,0.73,0.0,0.0,0.0,-0.0,1.0,1.0,1.0,1.0,,1,1.0,0.0,69368.188
2026-08-30T19:16:08.281Z,65.148541,-149.362516,509.96,7.69,585.18,316.73,301.99,-0.92,0.73,0.0,0.0,0.0,-0.0,1.0,1.0,1.0,1.0,,1,1.0,0.0,69368.977
2026-08-30T19:16:09.562Z,65.148541,-149.362516,509.96,7.69,585.18,316.73,301.99,-0.92,0.73,0.0,0.0,0.0,0.0,1.0,1.0,1.0,1.0,,1,1.0,0.0,69370.25
2026-08-30T19:16:10.347Z,65.148541,-149.362516,509.96,7.69,585.18,316.73,301.99,-0.92,0.73,0.0,0.0,0.0,0.0,1.0,1.0,1.0,1.0,,1,1.0,0.0,69371.047
2026-08-30T19:16:11.633Z,65.148541,-149.362516,509.96,7.69,585.18,316.73,301.99,-0.92,0.73,0.0,0.0,0.0,-0.0,1.0,1.0,1.0,1.0,,1,1.0,0.0,69372.328
2026-08-30T19:16:12.778Z,65.148541,-149.362516,509.96,7.69,585.18,316.73,301.99,-0.92,0.73,0.0,0.0,0.0,-0.0,1.0,1.0,1.0,1.0,0.0,3,1.0,0.0,69373.469
2026-08-30T19:16:14.054Z,65.148541,-149.362516,509.96,7.69,585.18,316.73,301.99,-0.92,0.73,0.0,0.0,0.0,0.0,1.0,1.0,1.0,1.0,,1,1.0,0.0,69374.75
2026-08-30T19:16:14.848Z,65.148541,-149.362516,509.96,7.69,585.18,316.73,301.99,-0.92,0.73,0.0,0.0,0.0,0.0,1.0,1.0,1.0,1.0,,1,1.0,0.0,69375.547
2026-08-30T19:16:16.733Z,65.148541,-149.362516,509.96,7.69,585.18,316.73,301.99,-0.92,0.73,0.0,0.0,0.0,0.0,1.0,1.0,1.0,1.0,,1,1.0,0.0,69377.43
2026-08-30T19:16:17.517Z,65.148541,-149.362516,509.96,7.69,585.18,316.73,301.99,-0.92,0.73,0.0,0.0,0.0,0.0,1.0,1.0,1.0,1.0,,1,1.0,0.0,69378.227
2026-08-30T19:16:18.799Z,65.148541,-149.362516,509.96,7.69,585.18,316.73,301.99,-0.92,0.73,0.0,0.0,0.0,0.0,1.0,1.0,1.0,1.0,,1,1.0,0.0,69379.516
2026-08-30T19:16:19.615Z,65.148541,-149.362516,509.96,7.69,585.18,316.73,301.99,-0.92,0.73,0.0,0.0,0.0,0.0,1.0,1.0,1.0,1.0,,1,1.0,0.0,69380.297
2026-08-30T19:16:20.876Z,65.148541,-149.362516,509.96,7.69,585.18,316.73,301.99,-0.92,0.73,0.0,0.0,0.0,0.0,1.0,1.0,1.0,1.0,,1,1.0,0.0,69381.586
2026-08-30T19:16:21.680Z,65.148541,-149.362516,509.96,7.69,585.18,316.73,301.99,-0.92,0.73,0.0,0.0,0.0,-0.0,1.0,1.0,1.0,1.0,,1,1.0,0.0,69382.367
2026-08-30T19:16:22.943Z,65.148541,-149.362516,509.96,7.69,585.18,316.73,301.99,-0.92,0.73,0.0,0.0,0.0,0.0,1.0,1.0,1.0,1.0,,1,1.0,0.0,69383.641
2026-08-30T19:16:23.726Z,65.148541,-149.362516,509.96,7.69,585.18,316.73,301.99,-0.92,0.73,0.0,0.0,0.0,0.0,1.0,1.0,1.0,1.0,,1,1.0,0.0,69384.43
2026-08-30T19:16:25.009Z,65.148541,-149.362516,509.96,7.69,585.18,316.73,301.99,-0.92,0.73,0.0,0.0,0.0,0.0,1.0,1.0,1.0,1.0,,1,1.0,0.0,69385.711
2026-08-30T19:16:26.396Z,65.148541,-149.362516,509.96,7.69,585.18,316.73,301.99,-0.92,0.73,0.0,0.0,0.0,0.0,1.0,1.0,1.0,1.0,,1,1.0,0.0,69387.094
2026-08-30T19:16:27.673Z,65.148541,-149.362516,509.96,7.69,585.18,316.73,301.99,-0.92,0.73,0.0,0.0,0.0,0.0,1.0,1.0,1.0,1.0,,1,1.0,0.0,69388.383
2026-08-30T19:16:28.467Z,65.148541,-149.362516,509.96,7.69,585.18,316.73,301.99,-0.92,0.73,0.0,0.0,0.0,0.0,1.0,1.0,1.0,1.0,,1,1.0,0.0,69389.172
2026-08-30T19:16:29.766Z,65.148541,-149.362516,509.96,7.69,585.18,316.73,301.99,-0.92,0.73,0.0,0.0,0.0,0.0,1.0,1.0,1.0,1.0,,1,1.0,0.0,69390.477
2026-08-30T19:16:30.560Z,65.148541,-149.362516,509.96,7.69,585.18,316.73,301.99,-0.92,0.73,0.0,0.0,0.0,-0.0,1.0,1.0,1.0,1.0,,1,1.0,0.0,69391.273
2026-08-30T19:16:31.875Z,65.148541,-149.362516,509.96,7.69,585.18,316.73,301.99,-0.92,0.73,0.0,0.0,0.0,0.0,1.0,1.0,1.0,1.0,,1,1.0,0.0,69392.586
2026-08-30T19:16:32.679Z,65.148541,-149.362516,509.96,7.69,585.18,316.73,301.99,-0.92,0.73,0.0,0.0,0.0,-0.0,1.0,1.0,1.0,1.0,,1,1.0,0.0,69393.367
2026-08-30T19:16:33.943Z,65.148541,-149.362516,509.96,7.69,585.18,316.73,301.99,-0.92,0.73,0.0,0.0,0.0,-0.0,1.0,1.0,1.0,1.0,,1,1.0,0.0,69394.664
2026-08-30T19:16:34.756Z,65.148541,-149.362516,509.96,7.69,585.18,316.73,301.99,-0.92,0.73,0.0,0.0,0.0,-0.0,1.0,1.0,1.0,1.0,,1,1.0,0.0,69395.453
2026-08-30T19:16:36.046Z,65.148541,-149.362516,509.96,7.69,585.18,316.73,301.99,-0.92,0.73,0.0,0.0,0.0,0.0,1.0,1.0,1.0,1.0,,1,1.0,0.0,69396.75
2026-08-30T19:16:37.418Z,65.148541,-149.362516,509.96,7.69,585.18,316.73,301.99,-0.92,0.73,0.0,0.0,0.0,0.0,1.0,1.0,1.0,1.0,,1,1.0,0.0,69398.125
2026-08-30T19:16:38.693Z,65.148541,-149.362516,509.96,7.69,585.18,316.73,301.99,-0.92,0.73,0.0,0.0,0.0,-0.0,1.0,1.0,1.0,1.0,,1,1.0,0.0,69399.391
2026-08-30T19:16:39.486Z,65.148541,-149.362516,509.96,7.69,585.18,316.73,301.99,-0.92,0.73,0.0,0.0,0.0,0.0,1.0,1.0,1.0,1.0,,1,1.0,0.0,69400.18
2026-08-30T19:16:40.768Z,65.148541,-149.362516,509.96,7.69,585.18,316.73,301.99,-0.92,0.73,0.0,0.0,0.0,0.0,1.0,1.0,1.0,1.0,,1,1.0,0.0,69401.461
2026-08-30T19:16:41.546Z,65.148541,-149.362516,509.96,7.69,585.18,316.73,301.99,-0.92,0.73,0.0,0.0,0.0,-0.0,1.0,1.0,1.0,1.0,,1,1.0,0.0,69402.219
2026-08-30T19:16:42.805Z,65.148541,-149.362516,509.96,7.69,585.18,316.73,301.99,-0.92,0.73,0.0,0.0,0.0,-0.0,1.0,1.0,1.0,1.0,,1,1.0,0.0,69403.508
2026-08-30T19:16:43.608Z,65.148541,-149.362516,509.96,7.69,585.18,316.73,301.99,-0.92,0.73,0.0,0.0,0.0,-0.0,1.0,1.0,1.0,1.0,,1,1.0,0.0,69404.305
2026-08-30T19:16:44.894Z,65.148541,-149.362516,509.96,7.69,585.18,316.73,301.99,-0.92,0.73,0.0,0.0,0.0,-0.0,1.0,1.0,1.0,1.0,,1,1.0,0.0,69405.586
2026-08-30T19:16:46.263Z,65.148541,-149.362516,509.96,7.69,585.18,316.73,301.99,-0.92,0.73,0.0,0.0,0.0,-0.0,1.0,1.0,1.0,1.0,,1,1.0,0.0,69406.953
2026-08-30T19:16:47.596Z,65.148541,-149.362516,509.96,7.69,585.18,316.73,301.99,-0.92,0.73,0.0,0.0,0.0,-0.0,1.0,1.0,1.0,1.0,,1,1.0,0.0,69408.32
2026-08-30T19:16:48.424Z,65.148541,-149.362516,509.96,7.69,585.18,316.73,301.99,-0.92,0.73,0.0,0.0,0.0,-0.0,1.0,1.0,1.0,1.0,,1,1.0,0.0,69409.148
2026-08-30T19:16:49.895Z,65.148541,-149.362516,509.96,7.69,585.18,316.73,301.99,-0.92,0.73,0.0,0.0,0.0,-0.0,1.0,1.0,1.0,1.0,,1,1.0,0.0,69410.617
2026-08-30T19:16:50.720Z,65.148541,-149.362516,509.96,7.69,585.18,316.73,301.99,-0.92,0.73,0.0,0.0,0.0,-0.0,1.0,1.0,1.0,1.0,,1,1.0,0.0,69411.453
2026-08-30T19:16:52.050Z,65.148541,-149.362516,509.96,7.69,585.18,316.73,301.99,-0.92,0.73,0.0,0.0,0.0,-0.0,1.0,1.0,1.0,1.0,,1,1.0,0.0,69412.773
2026-08-30T19:16:52.863Z,65.148541,-149.362516,509.96,7.69,585.18,316.73,301.99,-0.92,0.73,0.0,0.0,0.0,0.0,1.0,1.0,1.0,1.0,,1,1.0,0.0,69413.562
2026-08-30T19:16:54.168Z,65.148541,-149.362516,509.96,7.69,585.18,316.73,301.99,-0.92,0.73,0.0,0.0,0.0,0.0,1.0,1.0,1.0,1.0,,1,1.0,0.0,69414.883
2026-08-30T19:16:54.977Z,65.148541,-149.362516,509.96,7.69,585.18,316.73,301.99,-0.92,0.73,0.0,0.0,0.0,-0.0,1.0,1.0,1.0,1.0,,1,1.0,0.0,69415.68
2026-08-30T19:16:56.844Z,65.148541,-149.362516,509.96,7.69,585.18,316.73,301.99,-0.92,0.73,0.0,0.0,0.0,-0.0,1.0,1.0,1.0,1.0,,1,1.0,0.0,69417.539
2026-08-30T19:16:57.999Z,65.148541,-149.362516,509.96,7.69,585.18,316.73,301.99,-0.92,0.73,0.0,0.0,0.0,0.0,1.0,1.0,1.0,1.0,0.0,3,1.0,0.0,69418.688
2026-08-30T19:16:59.273Z,65.148541,-149.362516,509.96,7.69,585.18,316.73,301.99,-0.92,0.73,0.0,0.0,0.0,-0.0,1.0,1.0,1.0,1.0,,1,1.0,0.0,69419.945
2026-08-30T19:17:00.027Z,65.148541,-149.362516,509.96,7.69,585.18,316.73,301.99,-0.92,0.73,0.0,0.0,0.0,-0.0,1.0,1.0,1.0,1.0,,1,1.0,0.0,69420.727
2026-08-30T19:17:01.787Z,65.148541,-149.362516,509.96,7.69,585.18,316.73,301.99,-0.92,0.73,0.0,0.0,0.0,0.0,1.0,1.0,1.0,1.0,,1,1.0,0.0,69422.477
2026-08-30T19:17:02.566Z,65.148541,-149.362516,509.96,7.69,585.18,316.73,301.99,-0.92,0.73,0.0,0.0,0.0,0.0,1.0,1.0,1.0,1.0,,1,1.0,0.0,69423.242
2026-08-30T19:17:03.803Z,65.148541,-149.362516,509.96,7.69,585.18,316.73,301.99,-0.92,0.73,0.0,0.0,0.0,0.0,1.0,1.0,1.0,1.0,,1,1.0,0.0,69424.453
2026-08-30T19:17:04.533Z,65.148541,-149.362516,509.96,7.69,585.18,316.73,301.99,-0.92,0.73,0.0,0.0,0.0,0.0,1.0,1.0,1.0,1.0,,1,1.0,0.0,69425.172
