t,lat,lon,alt_ft,agl_ft,alt_ind_ft,hdg_true,hdg_mag,pitch,bank,ias_kt,tas_kt,gs_kt,vs_fpm,on_ground,g_min,g_max,g_rms,acc_y_rms,b_n,sim_rate,slew,sim_time
2026-08-30T00:36:25.810Z,25.763488,87.421941,128.55,5.38,445.61,137.28,137.29,0.4,0.64,0.31,0.3,0.0,0.15,1.0,0.999,1.001,1.0,0.121,6,1.0,0.0,2186.472
2026-08-30T00:36:26.951Z,25.763488,87.421941,128.55,5.38,445.62,137.28,137.29,0.4,0.65,0.3,0.3,0.0,0.09,1.0,1.0,1.0,1.0,0.031,3,1.0,0.0,2187.612
2026-08-30T00:36:28.168Z,25.763488,87.421941,128.56,5.39,445.62,137.28,137.29,0.39,0.71,0.3,0.3,0.01,0.25,1.0,1.0,1.0,1.0,,1,1.0,0.0,2188.824
2026-08-30T00:36:28.912Z,25.763488,87.421941,128.56,5.39,445.62,137.28,137.29,0.34,0.76,0.3,0.31,0.01,0.24,1.0,1.0,1.0,1.0,,1,1.0,0.0,2189.577
2026-08-30T00:36:29.860Z,25.763488,87.421941,128.56,5.39,445.62,137.31,137.32,0.32,0.8,0.29,0.3,0.02,0.31,1.0,1.0,1.0,1.0,0.115,2,1.0,0.0,2190.514
2026-08-30T00:36:31.071Z,25.763488,87.421942,128.6,5.43,445.63,137.65,137.68,0.3,1.66,0.29,0.28,0.05,2.29,1.0,1.002,1.002,1.002,,1,1.0,0.0,2191.741
2026-08-30T00:36:32.030Z,25.763488,87.421942,128.59,5.42,445.66,138.0,138.02,0.28,0.65,0.29,0.34,0.04,-1.54,1.0,0.989,1.0,0.995,0.378,2,1.0,0.0,2192.701
2026-08-30T00:36:33.265Z,25.763488,87.421942,128.6,5.44,444.85,138.34,138.36,0.25,1.83,0.29,0.28,0.03,1.97,1.0,1.003,1.003,1.003,,1,1.0,0.0,2193.921
2026-08-30T00:36:34.005Z,25.763488,87.421942,128.61,5.44,444.35,138.5,138.51,0.76,0.78,0.3,0.5,0.19,2.44,0.0,0.986,0.986,0.986,,1,1.0,0.0,2194.665
2026-08-30T00:36:34.953Z,25.763487,87.421942,128.88,5.73,444.18,138.66,138.67,1.76,0.92,0.41,1.06,0.82,14.11,0.0,1.005,1.007,1.006,0.281,2,1.0,0.0,2195.642
2026-08-30T00:36:36.801Z,25.763479,87.421947,129.41,6.36,444.68,138.68,138.69,1.28,0.95,0.94,2.24,2.0,5.93,0.0,0.984,0.984,0.984,,1,1.0,0.0,2197.499
2026-08-30T00:36:37.587Z,25.763472,87.421951,129.33,6.32,444.84,138.64,138.65,0.66,0.92,1.23,2.54,2.32,4.0,0.0,1.003,1.003,1.003,,1,1.0,0.0,2198.281
2026-08-30T00:36:38.856Z,25.76346,87.421958,129.55,6.6,445.69,138.57,138.57,-0.57,0.94,1.64,2.63,2.44,21.3,0.0,1.015,1.015,1.015,,1,1.0,0.0,2199.557
2026-08-30T00:36:39.646Z,25.763452,87.421962,129.97,7.07,446.34,138.54,138.54,-0.86,0.88,1.83,2.55,2.4,28.51,0.0,1.004,1.004,1.004,,1,1.0,0.0,2200.343
2026-08-30T00:36:40.921Z,25.763439,87.421967,130.64,7.84,447.17,138.55,138.56,-0.9,0.83,2.01,2.34,2.32,28.71,0.0,0.997,0.997,0.997,,1,1.0,0.0,2201.633
2026-08-30T00:36:41.722Z,25.76343,87.421969,131.01,8.21,447.59,138.61,138.62,-0.31,0.83,2.07,2.43,2.45,25.76,0.0,0.996,0.996,0.996,,1,1.0,0.0,2202.425
2026-08-30T00:36:43.011Z,25.763415,87.421973,131.67,8.96,448.26,138.81,138.82,2.42,2.09,2.28,3.3,3.22,20.01,0.0,0.998,0.998,0.998,,1,1.0,0.0,2203.706
2026-08-30T00:36:43.799Z,25.763404,87.421977,131.91,9.23,448.61,138.9,138.92,2.53,2.19,2.54,4.04,3.89,18.15,0.0,0.999,0.999,0.999,,1,1.0,0.0,2204.5
2026-08-30T00:36:45.103Z,25.763383,87.42199,132.25,9.52,449.03,138.98,139.0,2.37,1.95,3.18,5.24,5.04,17.5,0.0,1.002,1.002,1.002,,1,1.0,0.0,2205.817
2026-08-30T00:36:46.534Z,25.763354,87.422011,132.66,9.93,449.46,138.94,138.94,2.14,-0.96,4.07,6.5,6.37,17.57,0.0,0.998,0.998,0.998,,1,1.0,0.0,2207.262
2026-08-30T00:36:47.864Z,25.763318,87.422032,133.07,10.34,449.85,138.83,138.84,1.9,-1.98,4.98,7.55,7.76,19.68,0.0,1.003,1.003,1.003,,1,1.0,0.0,2208.605
2026-08-30T00:36:48.697Z,25.76329,87.422044,133.36,10.64,450.11,138.79,138.8,1.85,0.56,5.57,8.19,8.46,22.57,0.0,1.004,1.004,1.004,,1,1.0,0.0,2209.44
2026-08-30T00:36:50.051Z,25.76324,87.422066,134.03,11.31,450.65,138.71,138.72,1.62,1.11,6.51,9.12,9.34,30.47,0.0,1.002,1.002,1.002,,1,1.0,0.0,2210.726
2026-08-30T00:36:50.812Z,25.763209,87.42208,134.48,11.77,451.04,138.66,138.67,1.68,0.87,7.04,9.66,9.87,33.81,0.0,1.002,1.002,1.002,,1,1.0,0.0,2211.486
2026-08-30T00:36:52.044Z,25.763157,87.422105,135.25,12.6,451.75,138.59,138.6,1.81,0.5,7.89,10.56,10.77,36.67,0.0,1.002,1.002,1.002,,1,1.0,0.0,2212.685
2026-08-30T00:36:52.765Z,25.763124,87.422122,135.72,13.01,452.19,138.59,138.61,1.88,0.48,8.4,11.14,11.3,37.88,0.0,1.002,1.002,1.002,,1,1.0,0.0,2213.398
2026-08-30T00:36:53.663Z,25.763082,87.422145,136.31,13.6,452.76,140.92,141.05,1.97,0.74,9.06,12.0,12.0,38.23,0.0,1.001,1.001,1.001,0.045,2,1.0,0.0,2214.282
2026-08-30T00:36:54.813Z,25.763025,87.422177,137.02,14.32,453.49,146.08,146.26,2.16,1.05,9.99,13.2,12.94,36.32,0.0,1.0,1.0,1.0,,1,1.0,0.0,2215.449
2026-08-30T00:36:55.532Z,25.762987,87.422199,137.45,14.74,453.93,148.74,148.86,2.32,0.78,10.59,13.88,13.6,36.11,0.0,1.001,1.001,1.001,,1,1.0,0.0,2216.171
2026-08-30T00:36:56.788Z,25.762915,87.422238,138.21,15.52,454.71,151.31,151.35,2.44,-4.74,11.68,15.09,14.94,35.51,0.0,1.002,1.002,1.002,,1,1.0,0.0,2217.431
2026-08-30T00:36:57.975Z,25.762837,87.422267,138.95,16.25,455.42,151.34,151.34,2.1,-4.69,12.73,16.13,16.46,39.84,0.0,1.011,1.011,1.011,,1,1.0,0.0,2218.627
2026-08-30T00:36:58.713Z,25.762782,87.422281,139.47,16.79,455.9,151.17,151.17,1.81,-4.04,13.36,16.72,17.39,44.45,0.0,1.009,1.009,1.009,,1,1.0,0.0,2219.362
2026-08-30T00:36:59.652Z,25.762706,87.422294,140.27,17.6,456.59,150.99,151.0,1.67,-2.04,14.15,17.43,18.44,50.75,0.0,1.007,1.008,1.007,0.184,2,1.0,0.0,2220.257
2026-08-30T00:37:00.759Z,25.762611,87.422308,141.52,18.86,457.59,150.96,150.97,1.63,1.22,15.04,18.27,19.24,70.46,0.0,1.016,1.016,1.016,,1,1.0,0.0,2221.348
2026-08-30T00:37:01.593Z,25.762538,87.422319,142.72,20.05,458.59,150.95,150.95,1.71,1.96,15.7,18.87,19.67,55.33,0.0,0.996,1.008,1.002,1.029,2,1.0,0.0,2222.167
2026-08-30T00:37:02.643Z,25.762444,87.422338,142.38,19.67,459.28,150.8,150.8,0.28,3.07,16.46,19.23,19.81,9.18,0.0,0.947,0.981,0.965,0.437,3,1.0,0.0,2223.194
2026-08-30T00:37:03.654Z,25.762353,87.422359,142.58,19.91,459.41,150.58,150.58,-1.34,3.05,17.04,19.14,19.42,27.55,0.0,1.022,1.022,1.022,,1,1.0,0.0,2224.214
2026-08-30T00:37:04.675Z,25.762266,87.422384,143.22,20.56,459.81,150.3,150.31,-3.01,2.88,17.35,18.38,18.49,38.31,0.0,1.002,1.014,1.007,0.022,3,1.0,0.0,2225.219
2026-08-30T00:37:05.663Z,25.762185,87.42241,143.77,21.11,460.33,150.11,150.12,-3.78,2.66,17.35,17.38,17.34,35.46,0.0,0.997,0.997,0.997,,1,1.0,0.0,2226.203
2026-08-30T00:37:06.800Z,25.7621,87.422441,144.29,21.63,460.93,150.08,150.09,-2.76,2.38,17.01,16.25,16.08,20.27,0.0,0.987,0.987,0.987,,1,1.0,0.0,2227.493
2026-08-30T00:37:08.030Z,25.762015,87.422475,144.09,21.4,461.22,150.06,150.07,-2.29,2.6,16.53,15.48,15.26,-23.15,0.0,0.961,0.961,0.961,,1,1.0,0.0,2228.663
2026-08-30T00:37:08.741Z,25.761968,87.422496,143.39,20.69,460.96,150.05,150.06,-2.2,2.87,16.19,15.01,14.73,-45.52,0.0,0.989,0.989,0.989,,1,1.0,0.0,2229.387
2026-08-30T00:37:09.657Z,25.761911,87.422523,142.33,19.63,460.25,150.06,150.08,-2.83,2.19,15.73,14.24,13.93,-57.12,0.0,0.999,1.005,1.002,0.131,2,1.0,0.0,2230.287
2026-08-30T00:37:10.820Z,25.761844,87.422558,141.03,18.35,459.07,150.06,150.07,-3.35,1.57,15.02,13.14,12.79,-62.29,0.0,1.0,1.0,1.0,,1,1.0,0.0,2231.45
2026-08-30T00:37:11.527Z,25.761806,87.422579,140.34,17.68,458.33,150.06,150.07,-4.08,1.01,14.49,12.24,11.88,-50.07,0.0,1.027,1.027,1.027,,1,1.0,0.0,2232.167
2026-08-30T00:37:12.653Z,25.761751,87.422609,139.59,16.94,457.38,150.06,150.07,-4.41,-0.68,13.55,10.78,10.46,-44.1,0.0,1.0,1.003,1.002,0.203,3,1.0,0.0,2233.285
2026-08-30T00:37:13.796Z,25.761701,87.422632,138.68,16.05,456.49,150.28,150.29,-4.63,-2.5,12.44,9.23,9.08,-43.33,0.0,1.001,1.001,1.001,,1,1.0,0.0,2234.405
2026-08-30T00:37:14.684Z,25.761665,87.422643,138.14,15.52,455.84,150.55,150.57,-4.58,-2.91,11.48,8.07,8.3,-38.73,0.0,1.006,1.01,1.008,0.012,2,1.0,0.0,2235.435
2026-08-30T00:37:16.038Z,25.761615,87.422647,137.37,14.76,455.0,152.54,152.65,-4.19,-2.49,9.97,6.59,7.6,-36.01,0.0,1.007,1.007,1.007,,1,1.0,0.0,2236.735
2026-08-30T00:37:17.407Z,25.761569,87.422638,136.72,14.13,454.25,155.38,155.48,-2.91,2.45,8.6,5.62,6.75,-32.36,0.0,1.004,1.004,1.004,,1,1.0,0.0,2238.091
2026-08-30T00:37:18.648Z,25.761532,87.422629,136.2,13.62,453.67,158.52,158.64,-0.93,5.21,7.58,5.45,5.67,-34.43,0.0,0.997,0.997,0.997,,1,1.0,0.0,2239.335
2026-08-30T00:37:19.425Z,25.761512,87.422626,135.77,13.2,453.31,159.77,159.81,-0.18,5.62,7.11,5.5,5.32,-37.71,0.0,0.997,0.997,0.997,,1,1.0,0.0,2240.099
2026-08-30T00:37:20.677Z,25.761482,87.42263,135.48,12.96,452.77,160.24,160.25,0.13,5.51,6.58,5.7,5.28,-8.4,0.0,1.019,1.019,1.019,,1,1.0,0.0,2241.354
2026-08-30T00:37:21.438Z,25.761464,87.422638,135.6,13.09,452.69,160.92,160.97,0.03,3.88,6.38,5.8,5.47,1.81,0.0,1.006,1.006,1.006,,1,1.0,0.0,2242.133
2026-08-30T00:37:22.700Z,25.761437,87.422656,135.82,13.33,452.77,163.05,163.15,0.16,0.47,6.16,5.96,5.67,7.98,0.0,1.0,1.0,1.0,,1,1.0,0.0,2243.386
2026-08-30T00:37:23.474Z,25.761419,87.422667,136.0,13.52,452.89,164.63,164.74,0.68,-1.69,6.1,6.11,5.73,7.7,0.0,0.999,0.999,0.999,,1,1.0,0.0,2244.141
2026-08-30T00:37:24.713Z,25.761388,87.42268,136.08,13.62,453.06,167.99,168.1,-0.05,-2.64,6.08,6.3,5.88,6.97,0.0,1.002,1.002,1.002,,1,1.0,0.0,2245.4
2026-08-30T00:37:25.479Z,25.761368,87.422684,136.12,13.67,453.12,170.17,170.31,-0.81,-2.88,6.08,6.23,5.92,6.87,0.0,1.002,1.002,1.002,,1,1.0,0.0,2246.175
2026-08-30T00:37:27.330Z,25.761319,87.422676,136.25,13.83,453.23,175.04,175.13,-2.19,0.41,5.96,5.64,5.7,8.71,0.0,1.002,1.002,1.002,,1,1.0,0.0,2248.01
2026-08-30T00:37:28.505Z,25.76129,87.422665,136.41,14.01,453.35,178.6,178.71,-2.5,4.93,5.74,5.05,4.7,8.88,0.0,1.0,1.002,1.001,0.04,3,1.0,0.0,2249.17
2026-08-30T00:37:29.723Z,25.761265,87.42266,136.51,14.13,453.49,181.98,182.14,-2.26,4.0,5.37,4.35,3.81,2.97,0.0,0.996,0.996,0.996,,1,1.0,0.0,2250.386
2026-08-30T00:37:30.466Z,25.761252,87.42266,136.52,14.15,453.54,184.07,184.15,-1.83,3.65,5.11,3.97,3.53,-0.92,0.0,0.998,0.998,0.998,,1,1.0,0.0,2251.131
2026-08-30T00:37:31.415Z,25.761237,87.422663,136.44,14.09,453.54,186.09,186.18,-1.93,3.23,4.73,3.47,3.26,-4.16,0.0,0.999,1.0,0.999,0.165,2,1.0,0.0,2252.071
2026-08-30T00:37:32.627Z,25.76122,87.422671,136.33,14.01,453.45,188.93,189.05,-1.77,-0.04,4.21,2.79,2.6,-6.39,0.0,1.001,1.001,1.001,,1,1.0,0.0,2253.275
2026-08-30T00:37:33.359Z,25.761211,87.422674,136.19,13.89,453.38,190.34,190.43,-1.75,-0.62,3.88,2.41,2.07,-9.13,0.0,0.996,0.996,0.996,,1,1.0,0.0,2254.0
2026-08-30T00:37:34.448Z,25.761201,87.422677,136.04,13.76,453.22,192.46,192.55,-1.45,-0.37,3.38,2.07,1.53,0.32,0.0,0.999,1.011,1.004,0.766,3,1.0,0.0,2255.097
2026-08-30T00:37:35.628Z,25.761193,87.422675,136.82,14.53,453.45,194.71,194.78,0.93,-0.16,3.0,2.36,1.97,27.6,0.0,1.013,1.013,1.013,,1,1.0,0.0,2256.284
2026-08-30T00:37:36.914Z,25.761182,87.422667,137.92,15.65,454.27,195.59,195.62,3.95,0.01,2.98,3.84,3.66,36.52,0.0,0.998,0.998,0.998,,1,1.0,0.0,2257.589
2026-08-30T00:37:38.151Z,25.761163,87.422652,138.85,16.6,455.22,195.71,195.72,4.95,-0.13,3.52,5.94,5.94,40.68,0.0,1.006,1.006,1.006,,1,1.0,0.0,2258.84
2026-08-30T00:37:38.928Z,25.761146,87.422639,139.43,17.21,455.79,196.01,196.09,4.66,-0.09,4.12,7.33,7.33,46.76,0.0,1.01,1.01,1.01,,1,1.0,0.0,2259.628
2026-08-30T00:37:40.236Z,25.761107,87.422611,140.64,18.48,456.87,198.01,198.05,4.06,2.21,5.45,9.47,9.37,61.36,0.0,1.009,1.009,1.009,,1,1.0,0.0,2260.959
2026-08-30T00:37:41.051Z,25.761077,87.422591,141.68,19.56,457.68,198.35,198.39,3.83,1.95,6.34,10.62,10.43,77.87,0.0,1.017,1.017,1.017,,1,1.0,0.0,2261.68
2026-08-30T00:37:42.216Z,25.761025,87.422561,143.77,21.72,459.31,198.72,198.71,3.85,1.46,7.76,12.31,12.09,106.23,0.0,1.017,1.017,1.017,,1,1.0,0.0,2262.85
2026-08-30T00:37:42.935Z,25.76099,87.422542,145.24,23.25,460.56,198.37,198.36,3.93,1.34,8.65,13.29,13.06,104.04,0.0,1.002,1.002,1.002,,1,1.0,0.0,2263.573
2026-08-30T00:37:43.652Z,25.760951,87.422521,146.11,24.11,461.78,198.0,197.99,3.67,1.28,9.58,14.3,14.01,72.7,0.0,0.956,0.956,0.956,,1,1.0,0.0,2264.304
2026-08-30T00:37:44.878Z,25.760877,87.422485,146.81,24.91,463.08,198.91,198.98,3.49,1.62,11.15,15.96,15.6,46.72,0.0,0.999,0.999,0.999,,1,1.0,0.0,2265.544
2026-08-30T00:37:46.195Z,25.760787,87.422445,147.74,25.93,464.09,200.69,200.77,3.49,1.53,12.87,17.67,17.3,45.96,0.0,1.006,1.006,1.006,,1,1.0,0.0,2266.881
2026-08-30T00:37:47.408Z,25.760694,87.422405,148.69,26.96,465.02,202.48,202.53,2.2,-2.75,14.34,18.8,18.43,51.75,0.0,1.004,1.004,1.004,,1,1.0,0.0,2268.036
2026-08-30T00:37:48.112Z,25.76064,87.422379,149.26,27.56,465.57,203.8,203.92,0.88,-5.66,15.12,19.13,18.72,57.51,0.0,1.007,1.007,1.007,,1,1.0,0.0,2268.727
2026-08-30T00:37:48.802Z,25.760586,87.422349,149.93,28.22,466.15,207.93,208.41,-0.71,-8.91,15.75,19.07,18.67,69.55,0.0,1.021,1.021,1.021,,1,1.0,0.0,2269.414
2026-08-30T00:37:49.939Z,25.760506,87.422291,151.42,29.66,467.35,224.69,225.38,-0.99,-15.7,16.49,18.58,18.22,78.03,0.0,1.022,1.022,1.022,,1,1.0,0.0,2270.562
2026-08-30T00:37:50.638Z,25.760464,87.422244,152.31,30.5,468.23,237.09,237.67,-0.1,-17.98,16.76,18.38,18.17,65.21,0.0,1.027,1.027,1.027,,1,1.0,0.0,2271.299
2026-08-30T00:37:51.384Z,25.760433,87.422184,152.89,30.95,469.02,246.48,246.93,0.39,-17.14,16.99,18.57,18.62,49.26,0.0,1.041,1.041,1.041,,1,1.0,0.0,2272.025
2026-08-30T00:37:52.560Z,25.760413,87.422074,153.65,31.54,469.98,257.22,257.63,-0.56,-10.19,17.37,19.19,19.58,57.91,0.0,1.046,1.046,1.046,,1,1.0,0.0,2273.197
2026-08-30T00:37:53.463Z,25.760414,87.421984,155.81,33.7,471.08,270.35,271.04,-0.26,-1.31,17.75,19.75,19.74,172.63,0.0,1.107,1.125,1.116,0.415,2,1.0,0.0,2274.1
2026-08-30T00:37:54.646Z,25.760421,87.421865,163.14,41.02,475.39,281.46,281.55,-1.69,6.91,18.13,19.4,19.49,372.93,0.0,1.102,1.102,1.102,,1,1.0,0.0,2275.277
2026-08-30T00:37:55.354Z,25.760425,87.421794,169.22,47.05,479.77,282.31,282.39,-1.29,10.03,18.23,19.2,19.76,457.73,0.0,1.057,1.057,1.057,,1,1.0,0.0,2275.987
2026-08-30T00:37:56.589Z,25.760416,87.421667,180.65,58.32,489.69,284.5,284.55,2.23,9.92,18.3,19.11,21.54,511.55,0.0,1.002,1.002,1.002,,1,1.0,0.0,2277.233
2026-08-30T00:37:57.761Z,25.760391,87.421538,190.83,68.26,499.2,285.45,285.38,2.82,9.64,18.47,20.03,23.95,509.48,0.0,0.999,0.999,0.999,,1,1.0,0.0,2278.404
2026-08-30T00:37:58.483Z,25.760369,87.421453,196.94,74.28,506.5,283.38,283.33,3.33,8.2,18.77,21.26,25.54,508.71,0.0,1.009,1.009,1.009,,1,1.0,0.0,2279.129
2026-08-30T00:37:59.397Z,25.760336,87.421339,204.91,82.12,515.34,280.61,280.37,5.28,3.22,19.41,23.41,27.12,519.12,0.0,1.005,1.009,1.007,0.626,2,1.0,0.0,2280.05
2026-08-30T00:38:00.606Z,25.760294,87.421177,216.36,93.46,527.77,267.62,267.26,5.03,-2.45,21.11,27.8,28.9,584.02,0.0,1.044,1.044,1.044,,1,1.0,0.0,2281.266
2026-08-30T00:38:01.351Z,25.76027,87.42107,224.29,101.27,534.12,263.57,263.56,4.54,-1.78,22.41,29.25,30.01,622.65,0.0,1.034,1.034,1.034,,1,1.0,0.0,2281.993
2026-08-30T00:38:02.442Z,25.760235,87.420904,236.52,113.37,544.14,266.03,266.31,4.15,-0.53,24.27,30.57,31.53,661.93,0.0,1.018,1.02,1.019,0.25,3,1.0,0.0,2283.055
2026-08-30T00:38:03.567Z,25.7602,87.420723,249.67,126.39,556.27,269.39,269.41,4.19,-0.79,25.99,31.96,32.96,691.38,0.0,1.016,1.016,1.016,,1,1.0,0.0,2284.175
2026-08-30T00:38:04.427Z,25.760178,87.42058,259.91,136.57,566.01,271.33,271.5,4.37,-1.06,27.21,32.89,34.14,709.47,0.0,1.013,1.015,1.014,0.014,2,1.0,0.0,2285.017
2026-08-30T00:38:05.639Z,25.760149,87.420367,274.57,151.14,580.31,277.54,277.65,4.58,-1.39,28.75,33.86,35.66,723.48,0.0,1.003,1.01,1.006,0.525,2,1.0,0.0,2286.209
2026-08-30T00:38:06.682Z,25.760132,87.420177,287.37,163.94,592.86,277.92,277.93,4.5,-1.56,30.03,35.45,36.99,742.62,0.0,1.017,1.017,1.017,,1,1.0,0.0,2287.233
2026-08-30T00:38:07.501Z,25.760123,87.420022,297.85,174.49,603.63,279.88,280.05,4.4,-1.33,31.05,36.22,38.07,765.28,0.0,1.022,1.023,1.022,0.358,2,1.0,0.0,2288.036
2026-08-30T00:38:08.486Z,25.760115,87.419828,310.86,187.54,616.19,283.24,283.18,4.39,-1.6,32.16,37.3,39.14,787.72,0.0,1.014,1.015,1.014,0.287,3,1.0,0.0,2289.007
2026-08-30T00:38:09.438Z,25.760118,87.419635,323.86,200.62,628.43,277.23,276.99,4.18,-2.13,33.4,39.47,40.35,811.44,0.0,1.02,1.02,1.02,,1,1.0,0.0,2289.951
2026-08-30T00:38:10.410Z,25.760126,87.419435,337.27,214.06,640.72,271.96,271.98,4.07,-1.54,34.79,40.99,41.69,829.35,0.0,1.01,1.014,1.012,0.317,3,1.0,0.0,2290.901
2026-08-30T00:38:11.372Z,25.760134,87.419227,350.77,227.56,655.82,275.91,276.02,4.17,-1.53,36.15,42.2,43.01,831.98,0.0,0.999,1.001,1.0,0.373,3,1.0,0.0,2291.859
2026-08-30T00:38:12.441Z,25.76015,87.418991,365.48,242.23,670.58,276.64,276.62,4.2,-1.96,37.62,43.7,44.5,828.2,0.0,1.001,1.002,1.002,0.154,2,1.0,0.0,2292.918
2026-08-30T00:38:13.374Z,25.76017,87.418778,378.33,255.02,682.69,275.88,275.88,4.05,-2.04,38.9,45.03,45.81,829.38,0.0,1.005,1.007,1.006,0.38,3,1.0,0.0,2293.839
2026-08-30T00:38:14.431Z,25.760199,87.41853,392.96,269.55,696.97,276.08,276.12,4.07,-2.12,40.34,46.48,47.31,832.03,0.0,1.005,1.006,1.006,0.292,2,1.0,0.0,2294.886
2026-08-30T00:38:15.379Z,25.76023,87.418301,406.12,282.52,709.92,277.2,277.25,4.07,-2.14,41.63,47.81,48.67,833.04,0.0,1.004,1.005,1.004,0.249,2,1.0,0.0,2295.826
2026-08-30T00:38:16.394Z,25.760268,87.41805,420.16,296.35,723.95,278.73,278.78,4.09,-2.17,43.0,49.22,50.1,832.61,0.0,1.002,1.003,1.003,0.079,2,1.0,0.0,2296.83
2026-08-30T00:38:17.483Z,25.760317,87.417772,435.29,311.2,739.1,280.33,280.37,4.18,0.34,44.48,50.76,51.66,829.7,0.0,1.0,1.004,1.002,0.141,4,1.0,0.0,2297.92
2026-08-30T00:38:18.488Z,25.760365,87.417508,449.2,324.8,751.3,281.36,281.38,4.2,1.81,45.86,52.21,53.07,826.45,0.0,1.0,1.002,1.001,0.219,2,1.0,0.0,2298.923
2026-08-30T00:38:19.375Z,25.760409,87.417274,461.12,336.38,764.3,281.2,281.19,4.17,1.58,47.04,53.45,54.3,823.13,0.0,1.0,1.001,1.0,0.354,3,1.0,0.0,2299.789
2026-08-30T00:38:20.443Z,25.760463,87.41698,475.44,350.4,778.5,280.63,280.63,5.3,3.36,48.49,54.99,56.02,794.65,0.0,0.978,0.988,0.982,0.456,4,1.0,0.0,2300.857
2026-08-30T00:38:21.398Z,25.76051,87.416706,487.18,362.13,789.9,280.17,280.16,6.38,4.11,49.85,56.7,57.88,731.23,0.0,0.956,0.96,0.958,0.037,2,1.0,0.0,2301.836
2026-08-30T00:38:22.483Z,25.760561,87.416388,498.38,373.21,803.93,279.12,279.1,7.0,3.87,51.47,58.95,60.15,636.94,0.0,0.949,0.958,0.954,0.559,4,1.0,0.0,2302.905
2026-08-30T00:38:23.475Z,25.760606,87.416081,507.27,382.07,814.78,277.96,277.95,6.67,3.74,53.16,61.22,62.29,558.84,0.0,0.973,0.975,0.974,0.412,2,1.0,0.0,2303.908
2026-08-30T00:38:24.368Z,25.760644,87.415798,514.49,389.38,823.09,277.17,277.16,6.46,3.51,54.77,63.15,64.16,511.16,0.0,0.983,0.99,0.987,0.27,3,1.0,0.0,2304.8
2026-08-30T00:38:25.490Z,25.76069,87.415427,523.12,398.4,832.49,276.35,276.34,6.09,3.47,56.83,65.4,66.35,473.46,0.0,0.99,1.001,0.994,0.28,3,1.0,0.0,2305.924
2026-08-30T00:38:26.507Z,25.760729,87.415084,530.62,405.8,840.42,275.72,275.72,6.02,2.86,58.73,67.34,68.27,451.77,0.0,0.998,0.999,0.998,0.006,2,1.0,0.0,2306.934
2026-08-30T00:38:27.397Z,25.760761,87.414772,536.9,412.32,847.0,275.21,275.21,5.95,0.2,60.35,68.98,69.91,427.59,0.0,0.985,0.991,0.988,0.469,3,1.0,0.0,2307.809
2026-08-30T00:38:28.460Z,25.760803,87.414387,543.76,419.87,854.46,275.14,275.16,6.07,-1.22,62.34,70.98,71.92,387.48,0.0,0.982,0.986,0.984,0.533,4,1.0,0.0,2308.904
2026-08-30T00:38:29.445Z,25.760844,87.414024,549.31,425.53,860.66,275.9,275.94,6.15,-0.84,64.09,72.8,73.71,347.15,0.0,0.983,0.983,0.983,0.002,2,1.0,0.0,2309.866
2026-08-30T00:38:30.324Z,25.760884,87.413695,553.6,429.93,867.86,276.49,276.51,6.21,-0.57,65.67,74.43,75.32,308.11,0.0,0.978,0.983,0.98,0.461,3,1.0,0.0,2310.744
2026-08-30T00:38:31.402Z,25.760937,87.413278,559.62,435.84,873.96,277.6,277.64,6.24,-0.65,67.64,76.58,77.71,367.68,0.0,1.028,1.096,1.067,0.386,4,1.0,0.0,2311.826
2026-08-30T00:38:32.392Z,25.760991,87.412885,568.3,443.99,878.92,278.62,278.65,6.45,-0.81,69.48,78.66,80.02,505.51,0.0,1.101,1.103,1.102,0.391,2,1.0,0.0,2312.812
2026-08-30T00:38:33.462Z,25.761055,87.412447,580.86,458.05,888.42,279.35,279.37,6.57,-0.93,71.52,81.01,82.57,665.54,0.0,1.083,1.098,1.092,0.659,4,1.0,0.0,2313.878
2026-08-30T00:38:34.419Z,25.761118,87.412044,593.7,470.58,899.19,279.53,279.54,6.33,-0.85,73.41,83.18,84.73,759.1,0.0,1.036,1.041,1.038,0.718,2,1.0,0.0,2314.833
2026-08-30T00:38:35.290Z,25.76118,87.411672,605.42,482.58,911.35,279.81,279.83,7.35,-0.85,75.15,84.97,86.77,771.46,0.0,0.972,1.013,0.993,0.049,2,1.0,0.0,2315.702
2026-08-30T00:38:36.337Z,25.761262,87.411211,617.72,495.06,926.25,280.16,280.18,7.91,-1.18,77.27,87.51,89.38,694.29,0.0,0.942,0.952,0.947,0.936,4,1.0,0.0,2316.758
2026-08-30T00:38:37.318Z,25.761344,87.410768,626.6,504.22,935.72,280.56,280.58,8.73,-2.08,79.36,90.02,91.95,560.76,0.0,0.918,0.918,0.918,0.184,2,1.0,0.0,2317.737
2026-08-30T00:38:38.389Z,25.761445,87.410268,633.18,510.04,943.88,281.25,281.29,8.6,-5.17,81.78,93.11,94.84,399.85,0.0,0.93,0.937,0.933,0.649,4,1.0,0.0,2318.812
2026-08-30T00:38:39.363Z,25.761547,87.409805,636.78,513.73,949.34,282.56,282.59,8.55,-8.56,84.11,95.88,97.5,263.17,0.0,0.954,0.956,0.955,0.524,2,1.0,0.0,2319.784
2026-08-30T00:38:40.437Z,25.761679,87.409282,638.64,515.41,953.19,285.42,285.52,8.45,-7.98,86.76,98.87,100.32,136.99,0.0,0.963,0.976,0.967,0.841,4,1.0,0.0,2320.864
2026-08-30T00:38:41.433Z,25.761817,87.408792,638.94,515.63,954.96,287.28,287.33,8.25,-7.5,89.27,101.5,102.85,48.32,0.0,0.986,0.988,0.987,0.599,2,1.0,0.0,2321.862
2026-08-30T00:38:42.324Z,25.761954,87.408347,638.34,514.98,955.41,289.7,289.77,8.22,-7.38,91.48,103.69,104.96,-16.56,0.0,0.984,0.989,0.986,0.723,3,1.0,0.0,2322.746
2026-08-30T00:38:43.400Z,25.76214,87.407798,636.36,512.94,954.67,291.13,291.16,8.25,-7.37,94.12,106.27,107.48,-96.56,0.0,0.977,0.984,0.981,0.704,4,1.0,0.0,2323.828
2026-08-30T00:38:44.383Z,25.762324,87.407294,633.18,509.82,952.73,293.06,293.12,8.33,-7.63,96.48,108.56,109.71,-176.29,0.0,0.971,0.975,0.973,0.682,2,1.0,0.0,2324.805
2026-08-30T00:38:45.472Z,25.762547,87.406729,627.98,504.36,949.78,294.71,294.75,8.39,-7.78,99.06,111.08,112.15,-269.77,0.0,0.97,0.978,0.974,0.454,3,1.0,0.0,2325.895
2026-08-30T00:38:46.474Z,25.762768,87.406208,621.75,498.14,945.63,296.36,296.41,8.39,-7.8,101.38,113.37,114.35,-354.65,0.0,0.976,0.978,0.977,0.613,2,1.0,0.0,2326.91
2026-08-30T00:38:47.372Z,25.762981,87.405736,615.28,491.09,941.21,297.78,297.84,7.31,-7.88,103.43,115.33,116.18,-389.14,0.0,0.987,1.034,1.009,0.247,3,1.0,0.0,2327.803
2026-08-30T00:38:48.460Z,25.76326,87.405158,608.98,484.36,935.55,298.23,298.2,6.51,-7.71,105.85,117.33,118.13,-329.04,0.0,1.061,1.083,1.073,0.512,4,1.0,0.0,2328.902
2026-08-30T00:38:49.493Z,25.763538,87.404618,604.49,480.15,929.98,298.25,298.29,6.72,-7.16,107.95,119.06,119.96,-296.21,0.0,1.01,1.024,1.017,0.723,2,1.0,0.0,2329.924
2026-08-30T00:38:50.380Z,25.763794,87.404144,599.64,474.74,923.45,299.45,299.49,7.08,-7.16,109.7,120.59,121.4,-345.78,0.0,0.936,0.982,0.962,0.362,3,1.0,0.0,2330.827
2026-08-30T00:38:51.486Z,25.764125,87.403557,590.59,466.82,915.25,300.87,300.92,7.07,-7.5,111.82,122.55,123.24,-473.81,0.0,0.928,0.943,0.937,0.83,4,1.0,0.0,2331.942
2026-08-30T00:38:52.325Z,25.764387,87.403116,582.36,458.5,908.13,302.03,302.08,7.05,-7.8,113.33,123.96,124.6,-554.91,0.0,0.971,0.971,0.971,,1,1.0,0.0,2332.767
2026-08-30T00:38:53.424Z,25.76475,87.40253,570.25,445.77,897.28,303.55,303.6,6.99,-7.95,115.29,125.77,126.36,-633.94,0.0,0.981,0.986,0.984,0.655,4,1.0,0.0,2333.868
2026-08-30T00:38:54.328Z,25.765057,87.402058,559.81,436.12,888.59,304.8,304.85,6.95,-7.84,116.85,127.2,127.78,-680.09,0.0,0.991,0.996,0.993,0.339,3,1.0,0.0,2334.787
2026-08-30T00:38:55.685Z,25.765543,87.401345,543.24,419.87,872.71,306.55,306.59,6.66,-7.63,119.14,129.23,129.85,-717.99,0.0,1.001,1.002,1.002,0.602,2,1.0,0.0,2336.161
2026-08-30T00:38:56.413Z,25.765817,87.400962,534.36,410.19,863.44,307.33,307.38,6.46,-7.48,120.34,130.76,131.44,-727.34,0.0,1.012,1.023,1.018,0.469,2,1.0,0.0,2336.89
2026-08-30T00:38:57.326Z,25.766167,87.400488,523.17,400.06,852.03,308.49,308.54,6.53,-7.5,121.87,132.03,132.65,-732.09,0.0,1.023,1.023,1.023,,1,1.0,0.0,2337.807
2026-08-30T00:38:58.467Z,25.766626,87.399893,509.05,384.93,837.86,309.96,310.01,5.3,-7.59,123.63,133.36,133.97,-708.77,0.0,0.994,1.061,1.019,1.667,4,1.0,0.0,2338.959
2026-08-30T00:38:59.345Z,25.766986,87.399445,500.65,376.47,827.85,311.18,311.23,4.16,-7.68,124.81,133.65,134.26,-583.28,0.0,1.136,1.136,1.136,,1,1.0,0.0,2339.819
2026-08-30T00:39:00.470Z,25.76746,87.39888,493.43,369.47,816.39,312.51,312.55,4.48,-7.79,126.05,134.14,134.88,-425.15,0.0,1.063,1.114,1.088,0.395,4,1.0,0.0,2340.944
2026-08-30T00:39:01.354Z,25.767847,87.398436,488.64,364.83,809.81,313.84,313.88,4.59,-7.57,126.9,134.59,135.33,-364.66,0.0,1.001,1.001,1.001,,1,1.0,0.0,2341.842
2026-08-30T00:39:02.291Z,25.768262,87.397981,483.38,361.01,804.2,314.75,314.79,4.72,-7.48,127.68,135.01,135.75,-358.88,0.0,0.991,0.991,0.991,0.68,3,1.0,0.0,2342.775
2026-08-30T00:39:03.447Z,25.768788,87.397424,476.33,351.58,796.83,316.23,316.26,4.79,-7.63,128.45,135.27,135.99,-369.6,0.0,0.969,0.985,0.977,0.539,4,1.0,0.0,2343.913
2026-08-30T00:39:04.311Z,25.769188,87.397016,470.5,345.1,792.26,317.02,317.06,4.9,-7.58,128.98,135.78,136.51,-399.29,0.0,0.986,0.986,0.986,,1,1.0,0.0,2344.781
2026-08-30T00:39:05.488Z,25.769744,87.39647,462.53,334.2,785.31,318.41,318.46,3.96,-7.69,129.67,136.37,137.04,-380.6,0.0,1.008,1.06,1.038,1.07,3,1.0,0.0,2345.94
2026-08-30T00:39:06.340Z,25.770156,87.396083,458.0,331.78,780.36,319.4,319.44,3.98,-7.72,130.14,136.6,137.32,-330.38,0.0,1.048,1.048,1.048,,1,1.0,0.0,2346.812
2026-08-30T00:39:07.463Z,25.770709,87.395582,453.22,326.36,774.69,320.74,320.78,3.2,-7.72,130.64,136.68,137.38,-253.55,0.0,1.034,1.064,1.047,0.394,4,1.0,0.0,2347.923
2026-08-30T00:39:08.374Z,25.771168,87.395182,450.97,320.59,771.13,321.83,321.86,3.25,-7.49,130.95,136.64,137.41,-168.76,0.0,1.062,1.063,1.063,0.751,3,1.0,0.0,2348.868
2026-08-30T00:39:09.471Z,25.771724,87.394719,449.55,321.65,768.45,323.03,323.07,3.26,-7.58,131.22,136.68,137.5,-102.4,0.0,1.016,1.02,1.018,0.509,2,1.0,0.0,2349.922
2026-08-30T00:39:10.387Z,25.772201,87.394336,448.57,322.06,766.99,324.02,324.03,3.3,-4.91,131.4,136.65,137.47,-80.73,0.0,1.002,1.012,1.008,0.842,3,1.0,0.0,2350.84
2026-08-30T00:39:11.419Z,25.772731,87.393921,447.46,313.68,765.69,324.44,324.48,3.24,-0.12,131.5,136.34,137.17,-72.22,0.0,1.012,1.017,1.014,0.186,2,1.0,0.0,2351.878
2026-08-30T00:39:12.330Z,25.773202,87.393556,446.54,317.57,764.64,325.17,325.17,3.21,-0.65,131.55,136.41,137.24,-60.59,0.0,1.004,1.007,1.006,0.257,3,1.0,0.0,2352.77
2026-08-30T00:39:13.436Z,25.773784,87.393109,445.65,322.84,761.6,325.12,325.14,3.21,-1.36,131.58,136.38,137.21,-46.26,0.0,1.006,1.016,1.01,0.845,4,1.0,0.0,2353.874
2026-08-30T00:39:14.466Z,25.774323,87.392693,445.47,321.75,760.88,325.08,325.1,3.29,-1.26,131.63,136.42,137.17,-16.39,0.0,1.013,1.014,1.013,0.256,2,1.0,0.0,2354.96
2026-08-30T00:39:15.473Z,25.774849,87.3923,445.5,321.58,758.85,325.86,325.88,3.27,-1.5,131.55,135.78,136.62,-5.83,0.0,1.004,1.005,1.005,0.445,2,1.0,0.0,2355.928
2026-08-30T00:39:16.323Z,25.775296,87.391964,445.53,318.88,760.32,325.94,325.95,3.18,-1.1,131.45,135.83,136.66,2.19,0.0,1.003,1.003,1.003,,1,1.0,0.0,2356.785
2026-08-30T00:39:17.448Z,25.775894,87.39152,446.92,312.13,760.87,326.35,326.36,3.04,-0.88,131.37,135.96,136.82,82.4,0.0,1.036,1.08,1.062,1.164,4,1.0,0.0,2357.895
2026-08-30T00:39:18.344Z,25.776366,87.391171,449.25,316.8,763.58,326.4,326.4,3.47,-0.61,131.35,135.98,136.84,106.84,0.0,0.974,1.038,1.012,1.336,3,1.0,0.0,2358.783
2026-08-30T00:39:19.327Z,25.776884,87.390792,449.7,323.76,765.59,326.37,326.38,3.42,-0.75,131.33,136.05,136.83,31.77,0.0,0.927,0.933,0.93,0.185,2,1.0,0.0,2359.758
2026-08-30T00:39:20.395Z,25.777448,87.390382,448.63,322.7,765.97,326.49,326.5,3.5,-0.95,131.34,136.12,136.86,-38.68,0.0,0.953,0.978,0.968,1.01,4,1.0,0.0,2360.826
2026-08-30T00:39:21.395Z,25.777975,87.39,447.16,320.65,765.22,326.63,326.65,3.11,-1.07,131.36,136.14,136.85,-61.14,0.0,1.002,1.01,1.006,0.603,2,1.0,0.0,2361.831
2026-08-30T00:39:22.481Z,25.77855,87.389586,447.4,310.96,764.48,326.85,326.87,2.0,-1.1,131.36,135.9,136.55,32.76,0.0,1.058,1.094,1.078,1.133,4,1.0,0.0,2362.912
2026-08-30T00:39:23.473Z,25.779084,87.389206,450.19,292.1,765.51,327.09,327.11,2.18,-1.01,131.26,135.49,136.19,131.18,0.0,1.036,1.051,1.044,0.503,2,1.0,0.0,2363.903
2026-08-30T00:39:24.340Z,25.779544,87.388881,453.12,327.98,767.62,327.29,327.3,2.08,-0.98,131.11,135.13,135.86,180.04,0.0,1.007,1.011,1.009,0.292,3,1.0,0.0,2364.782
2026-08-30T00:39:25.441Z,25.780127,87.388471,458.23,332.84,771.27,327.47,327.48,0.56,-1.03,130.85,134.49,135.11,295.81,0.0,1.044,1.101,1.073,1.576,3,1.0,0.0,2365.854
2026-08-30T00:39:26.409Z,25.780638,87.388113,466.35,343.28,776.74,327.8,327.82,0.43,-1.06,130.48,133.58,134.18,459.42,0.0,1.098,1.101,1.1,0.758,2,1.0,0.0,2366.826
2026-08-30T00:39:27.493Z,25.781206,87.38772,477.61,356.47,785.59,328.06,328.07,0.57,-0.96,129.91,132.63,133.26,578.72,0.0,1.024,1.067,1.044,0.449,4,1.0,0.0,2367.907
2026-08-30T00:39:28.474Z,25.781721,87.387365,488.23,365.69,794.79,328.28,328.29,0.71,-0.94,129.31,131.83,132.48,619.94,0.0,1.0,1.001,1.001,0.644,2,1.0,0.0,2368.909
2026-08-30T00:39:29.374Z,25.782188,87.387047,497.74,373.88,802.92,328.6,328.62,0.82,-1.11,128.72,131.01,131.66,626.22,0.0,0.998,1.0,0.999,0.608,3,1.0,0.0,2369.786
2026-08-30T00:39:30.441Z,25.782742,87.386671,508.97,386.74,815.3,328.87,328.87,0.74,-1.12,127.94,130.16,130.82,633.78,0.0,1.008,1.019,1.014,0.86,4,1.0,0.0,2370.86
2026-08-30T00:39:31.416Z,25.783248,87.386333,519.62,396.23,826.12,327.91,327.9,0.67,-0.75,127.24,129.51,130.17,654.11,0.0,1.016,1.017,1.016,0.224,2,1.0,0.0,2371.833
2026-08-30T00:39:32.486Z,25.783803,87.385964,532.05,410.82,838.11,327.7,327.69,0.52,-0.72,126.53,129.26,129.99,696.38,0.0,1.007,1.014,1.011,0.997,4,1.0,0.0,2372.91
2026-08-30T00:39:33.469Z,25.784313,87.385627,544.5,427.08,849.85,325.6,325.59,0.57,-0.4,125.98,128.7,129.57,735.26,0.0,0.994,1.0,0.997,0.234,2,1.0,0.0,2373.884
2026-08-30T00:39:34.327Z,25.784752,87.385337,555.16,434.6,861.59,326.53,326.53,0.58,-1.07,125.5,128.33,129.13,743.1,0.0,0.994,0.995,0.994,0.714,3,1.0,0.0,2374.729
2026-08-30T00:39:35.362Z,25.785283,87.384992,567.99,442.83,874.36,325.07,325.07,0.67,-1.01,124.91,127.63,128.69,745.13,0.0,0.995,1.002,0.998,0.76,3,1.0,0.0,2375.758
2026-08-30T00:39:36.298Z,25.785764,87.38468,579.6,457.99,885.51,327.8,327.92,0.68,-1.72,124.37,127.21,127.93,741.11,0.0,0.999,1.001,1.0,0.658,2,1.0,0.0,2376.697
2026-08-30T00:39:37.336Z,25.786297,87.38434,591.93,470.94,897.74,329.85,329.86,0.83,0.43,123.73,126.27,126.97,715.04,0.0,0.995,1.005,1.0,0.863,4,1.0,0.0,2377.737
2026-08-30T00:39:38.389Z,25.786835,87.383997,603.85,481.21,910.29,329.97,329.98,0.99,4.31,123.18,126.48,127.22,684.22,0.0,0.991,1.024,1.003,1.124,4,1.0,0.0,2378.791
2026-08-30T00:39:39.308Z,25.787304,87.383695,614.21,490.83,922.44,329.31,329.3,0.73,4.18,122.79,125.91,126.6,681.57,0.0,1.019,1.021,1.02,0.125,2,1.0,0.0,2379.713
2026-08-30T00:39:40.351Z,25.787828,87.38335,626.36,504.6,934.3,328.74,328.74,0.54,4.01,122.28,125.29,125.97,707.18,0.0,1.034,1.042,1.038,1.049,4,1.0,0.0,2380.755
2026-08-30T00:39:41.390Z,25.788344,87.383001,639.72,516.87,945.95,328.68,328.7,0.2,3.81,121.74,124.76,125.44,777.47,0.0,1.036,1.079,1.05,1.727,4,1.0,0.0,2381.803
2026-08-30T00:39:42.342Z,25.78881,87.382681,653.96,530.69,958.07,328.32,328.32,0.64,4.24,121.25,124.19,124.96,867.49,0.0,1.044,1.055,1.049,0.293,2,1.0,0.0,2382.748
2026-08-30T00:39:43.403Z,25.789332,87.382317,670.67,547.84,973.35,327.91,327.89,0.72,4.43,120.7,124.02,124.81,912.06,0.0,0.997,1.017,1.005,0.544,4,1.0,0.0,2383.802
2026-08-30T00:39:44.459Z,25.789845,87.381952,686.73,553.66,989.1,327.2,327.17,0.66,4.4,120.26,123.63,124.4,909.98,0.0,1.001,1.014,1.007,0.789,4,1.0,0.0,2384.864
2026-08-30T00:39:45.573Z,25.790383,87.381561,703.68,577.62,1005.34,326.61,326.61,0.67,4.21,119.8,123.2,123.95,914.13,0.0,1.01,1.016,1.013,0.764,2,1.0,0.0,2385.98
2026-08-30T00:39:46.421Z,25.790785,87.381262,716.81,554.45,1019.32,326.33,326.34,0.67,4.1,119.47,122.92,123.59,931.52,0.0,1.007,1.013,1.01,0.846,3,1.0,0.0,2386.822
2026-08-30T00:39:47.475Z,25.791284,87.380886,733.87,575.64,1035.8,325.77,325.76,0.57,4.1,119.01,122.37,123.07,958.23,0.0,0.999,1.014,1.006,0.509,4,1.0,0.0,2387.873
2026-08-30T00:39:48.401Z,25.791717,87.380554,748.81,607.52,1050.39,325.26,325.26,0.59,4.19,118.61,121.93,122.63,965.15,0.0,1.001,1.003,1.002,0.278,2,1.0,0.0,2388.791
2026-08-30T00:39:49.435Z,25.792197,87.380178,765.5,640.39,1066.75,325.28,325.26,0.79,4.34,118.12,121.3,122.07,968.45,0.0,1.002,1.017,1.007,0.734,4,1.0,0.0,2389.823
2026-08-30T00:39:50.486Z,25.792676,87.379799,782.73,657.83,1083.31,324.09,324.07,0.6,4.56,117.6,120.83,121.53,989.98,0.0,0.996,1.01,1.002,0.689,4,1.0,0.0,2390.879
2026-08-30T00:39:51.419Z,25.7931,87.379457,798.51,673.23,1094.29,323.72,323.74,0.6,4.32,117.19,120.71,121.41,1011.95,0.0,1.001,1.004,1.002,0.529,2,1.0,0.0,2391.818
2026-08-30T00:39:52.475Z,25.793577,87.379068,816.86,688.87,1109.42,323.82,323.81,0.58,3.85,116.77,120.34,121.05,1030.04,0.0,0.983,0.995,0.988,0.759,4,1.0,0.0,2392.863
2026-08-30T00:39:53.415Z,25.794003,87.378716,833.11,705.83,1124.83,323.27,323.27,0.62,3.9,116.4,120.02,120.73,1028.44,0.0,0.993,0.999,0.996,0.604,2,1.0,0.0,2393.802
2026-08-30T00:39:54.438Z,25.794458,87.378333,850.54,713.09,1141.42,322.82,322.81,0.65,4.19,116.01,119.68,120.4,1023.4,0.0,0.993,1.0,0.997,0.766,4,1.0,0.0,2394.826
2026-08-30T00:39:55.433Z,25.794898,87.377958,867.44,732.58,1157.72,322.31,322.3,0.64,4.39,115.64,119.35,120.09,1019.23,0.0,0.998,1.001,0.999,0.737,3,1.0,0.0,2395.814
2026-08-30T00:39:56.336Z,25.795293,87.377614,882.72,756.89,1173.7,321.84,321.84,0.65,4.4,115.31,119.05,119.81,1016.83,0.0,1.002,1.002,1.002,0.386,2,1.0,0.0,2396.714
2026-08-30T00:39:57.351Z,25.795731,87.377225,899.8,774.42,1191.1,321.5,321.5,0.4,3.9,114.95,118.82,119.53,1014.07,0.0,0.996,1.002,1.0,0.628,4,1.0,0.0,2397.726
2026-08-30T00:39:58.380Z,25.796173,87.376826,917.09,789.93,1208.58,320.89,320.87,0.65,3.95,114.65,118.66,119.4,1008.73,0.0,0.999,1.008,1.003,1.096,4,1.0,0.0,2398.758
2026-08-30T00:39:59.480Z,25.796641,87.376397,935.79,812.06,1227.77,321.01,320.99,0.6,4.12,114.3,117.86,118.59,1019.52,0.0,0.987,1.03,1.005,0.571,3,1.0,0.0,2399.859
2026-08-30T00:40:00.310Z,25.796988,87.376072,950.01,827.25,1241.67,319.45,319.42,0.71,3.57,113.95,117.64,118.38,1027.61,0.0,0.995,1.01,1.001,0.934,3,1.0,0.0,2400.684
2026-08-30T00:40:01.324Z,25.797411,87.375672,967.74,844.6,1258.46,319.1,319.08,0.87,-0.75,113.45,116.34,117.14,1046.84,0.0,1.014,1.035,1.023,0.844,4,1.0,0.0,2401.701
2026-08-30T00:40:02.440Z,25.797866,87.375239,987.95,864.01,1278.4,318.95,318.97,0.58,-0.94,112.78,116.01,116.78,1083.1,0.0,1.013,1.022,1.016,0.494,3,1.0,0.0,2402.812
2026-08-30T00:40:03.343Z,25.79824,87.374886,1004.84,879.34,1295.38,319.37,319.38,0.56,-1.01,112.32,115.76,116.52,1103.16,0.0,1.002,1.021,1.011,0.404,3,1.0,0.0,2403.727
2026-08-30T00:40:04.444Z,25.798695,87.374462,1025.44,898.34,1315.24,320.01,320.03,0.53,-0.99,111.84,115.92,116.71,1124.2,0.0,0.995,1.012,1.002,0.606,3,1.0,0.0,2404.819
2026-08-30T00:40:05.428Z,25.799105,87.374086,1044.31,916.58,1333.79,320.13,320.15,0.58,-1.34,111.58,116.01,116.82,1133.97,0.0,0.974,0.991,0.984,0.86,3,1.0,0.0,2405.799
2026-08-30T00:40:06.307Z,25.79947,87.373752,1060.44,934.43,1350.26,320.27,320.26,0.72,-1.19,111.46,116.15,117.0,1113.36,0.0,0.996,0.998,0.997,0.564,2,1.0,0.0,2406.682
2026-08-30T00:40:07.322Z,25.799898,87.373365,1079.19,952.89,1369.17,320.41,320.42,0.67,-0.89,111.29,115.91,116.76,1105.74,0.0,0.992,1.013,1.004,0.628,4,1.0,0.0,2407.706
2026-08-30T00:40:08.342Z,25.800325,87.372983,1097.7,971.6,1387.83,320.89,320.9,0.66,-0.89,111.11,115.66,116.52,1096.07,0.0,0.991,0.996,0.994,0.369,4,1.0,0.0,2408.709
2026-08-30T00:40:09.439Z,25.800787,87.372575,1117.6,989.21,1406.64,321.26,321.27,0.65,-1.09,110.89,115.44,116.28,1090.92,0.0,0.992,0.999,0.996,0.614,3,1.0,0.0,2409.808
2026-08-30T00:40:10.459Z,25.80122,87.372197,1136.16,1009.34,1426.18,321.35,321.35,0.89,-1.23,110.68,115.21,116.13,1091.34,0.0,0.983,0.993,0.987,0.444,4,1.0,0.0,2410.836
2026-08-30T00:40:11.351Z,25.801599,87.371872,1152.54,1022.68,1442.65,321.68,321.7,1.07,-1.33,110.4,114.29,115.26,1094.53,0.0,0.98,0.992,0.986,0.42,2,1.0,0.0,2411.726
2026-08-30T00:40:12.365Z,25.802028,87.371507,1170.75,1043.31,1460.97,322.68,322.69,0.86,-1.14,110.03,114.21,115.13,1078.64,0.0,0.982,0.995,0.988,0.402,4,1.0,0.0,2412.748
2026-08-30T00:40:13.387Z,25.802463,87.371144,1188.89,1061.47,1479.32,322.98,322.99,0.83,-1.02,109.7,114.06,114.97,1069.0,0.0,0.993,1.002,0.997,1.001,4,1.0,0.0,2413.808
2026-08-30T00:40:14.342Z,25.802871,87.370807,1205.89,1078.13,1496.4,323.31,323.32,0.74,-1.03,109.43,113.87,114.72,1069.18,0.0,1.008,1.008,1.008,0.424,2,1.0,0.0,2414.718
2026-08-30T00:40:15.317Z,25.803288,87.370466,1222.69,1096.55,1513.66,323.42,323.43,0.84,-1.06,109.13,113.54,114.45,1042.29,0.0,1.007,1.017,1.012,0.936,3,1.0,0.0,2415.692
2026-08-30T00:40:16.336Z,25.80372,87.370117,1240.42,1113.45,1533.27,324.15,324.18,0.82,-1.11,108.86,113.56,114.49,1045.58,0.0,1.013,1.027,1.017,0.727,4,1.0,0.0,2416.75
2026-08-30T00:40:17.474Z,25.804213,87.369726,1260.26,1132.64,1553.06,324.33,324.34,0.96,-1.12,108.62,113.4,114.37,1044.43,0.0,1.003,1.004,1.004,0.735,3,1.0,0.0,2417.889
2026-08-30T00:40:18.333Z,25.804584,87.369436,1275.18,1147.54,1566.88,324.82,324.84,1.07,-1.26,108.47,113.28,114.28,1045.36,0.0,1.0,1.002,1.001,0.666,3,1.0,0.0,2418.72
2026-08-30T00:40:19.366Z,25.805033,87.369089,1293.31,1165.83,1584.6,325.08,325.09,0.88,-1.03,108.28,113.19,114.16,1046.21,0.0,0.994,1.007,0.999,0.569,4,1.0,0.0,2419.759
2026-08-30T00:40:20.464Z,25.805511,87.368727,1312.42,1184.31,1603.41,325.04,325.01,0.81,-0.98,108.11,113.0,113.86,1050.94,0.0,1.001,1.004,1.002,0.526,3,1.0,0.0,2420.845
2026-08-30T00:40:21.288Z,25.805872,87.368458,1327.23,1199.14,1617.88,324.2,324.19,0.76,-0.68,107.97,113.19,114.27,1070.72,0.0,1.004,1.004,1.004,0.73,3,1.0,0.0,2421.663
2026-08-30T00:40:22.307Z,25.806323,87.368129,1345.52,1215.74,1636.32,322.73,322.72,0.56,-0.34,107.95,113.6,114.75,1079.52,0.0,0.993,0.996,0.994,0.702,4,1.0,0.0,2422.687
2026-08-30T00:40:23.414Z,25.806817,87.367774,1365.96,1236.0,1656.27,322.14,322.11,0.94,-0.98,107.9,112.94,114.39,1107.64,0.0,0.998,1.002,1.0,1.158,3,1.0,0.0,2423.829
2026-08-30T00:40:24.306Z,25.807213,87.367492,1382.92,1251.8,1672.25,321.27,321.29,1.08,-1.18,107.72,112.81,114.51,1120.63,0.0,0.977,0.981,0.979,0.975,3,1.0,0.0,2424.687
2026-08-30T00:40:25.306Z,25.807663,87.367178,1401.17,1271.83,1692.64,322.54,322.56,0.95,-1.37,107.63,113.24,114.75,1095.27,0.0,0.967,0.982,0.972,0.633,3,1.0,0.0,2425.716
2026-08-30T00:40:26.453Z,25.808181,87.366824,1421.67,1292.62,1712.81,323.1,323.12,0.68,-1.09,107.64,113.43,114.9,1076.52,0.0,0.986,0.991,0.989,0.905,3,1.0,0.0,2426.862
2026-08-30T00:40:27.327Z,25.808579,87.366556,1437.36,1308.31,1728.6,322.86,322.85,0.8,-0.97,107.65,113.41,115.08,1077.29,0.0,0.997,1.008,1.003,1.194,3,1.0,0.0,2427.766
2026-08-30T00:40:28.312Z,25.809031,87.366259,1455.08,1325.38,1745.16,322.89,322.91,0.86,-0.83,107.66,113.57,115.29,1086.06,0.0,1.003,1.005,1.004,0.132,2,1.0,0.0,2428.702
2026-08-30T00:40:29.345Z,25.809508,87.365949,1473.82,1344.49,1763.32,323.53,323.54,0.88,-0.99,107.72,113.82,115.53,1082.66,0.0,0.993,0.996,0.996,0.644,4,1.0,0.0,2429.725
2026-08-30T00:40:30.448Z,25.810018,87.365625,1493.33,1363.84,1783.42,324.4,324.52,0.79,-1.01,107.84,114.7,116.15,1060.84,0.0,0.992,0.999,0.996,0.487,3,1.0,0.0,2430.816
2026-08-30T00:40:31.458Z,25.810492,87.365324,1510.86,1381.37,1801.6,329.13,329.14,0.66,-1.97,108.17,115.07,116.1,1052.21,0.0,1.015,1.022,1.019,0.569,4,1.0,0.0,2431.84
2026-08-30T00:40:32.344Z,25.810907,87.365071,1526.47,1396.73,1817.11,328.53,328.54,0.79,-1.32,108.35,114.92,116.05,1061.11,0.0,1.012,1.013,1.012,0.455,2,1.0,0.0,2432.701
2026-08-30T00:40:33.348Z,25.811379,87.364783,1544.35,1412.29,1834.72,329.62,329.64,1.02,5.08,108.45,114.67,115.77,1061.99,0.0,0.994,1.004,0.999,0.926,4,1.0,0.0,2433.71
2026-08-30T00:40:34.348Z,25.811845,87.364493,1561.45,1411.97,1852.46,329.82,329.81,0.82,6.26,108.42,113.86,114.75,1022.72,0.0,0.991,0.997,0.994,0.34,4,1.0,0.0,2434.705
2026-08-30T00:40:35.364Z,25.812313,87.364192,1578.57,1445.84,1869.88,328.54,328.51,1.08,6.35,108.11,113.08,114.14,1025.13,0.0,1.024,1.031,1.028,0.066,2,1.0,0.0,2435.732
2026-08-30T00:40:36.369Z,25.812766,87.363889,1596.01,1398.03,1887.17,328.22,328.21,1.01,6.36,107.83,113.09,114.11,1036.12,0.0,1.015,1.021,1.017,1.0,4,1.0,0.0,2436.734
2026-08-30T00:40:37.444Z,25.813244,87.363556,1614.3,1352.17,1906.72,327.36,327.33,0.83,6.55,107.59,113.05,114.03,1034.04,0.0,1.028,1.037,1.034,0.204,3,1.0,0.0,2437.805
2026-08-30T00:40:38.444Z,25.813688,87.363236,1631.92,1501.73,1923.52,326.35,326.33,0.76,6.65,107.41,112.97,113.92,1053.31,0.0,1.018,1.024,1.021,0.886,4,1.0,0.0,2438.801
2026-08-30T00:40:39.317Z,25.814071,87.362951,1647.66,1517.51,1938.61,325.71,325.7,0.73,4.04,107.27,112.88,113.81,1070.08,0.0,1.005,1.017,1.011,0.888,2,1.0,0.0,2439.678
2026-08-30T00:40:40.323Z,25.814511,87.36262,1666.11,1476.4,1958.13,325.14,325.14,0.67,-2.55,107.11,112.76,113.68,1089.83,0.0,1.006,1.015,1.011,0.489,4,1.0,0.0,2440.698
2026-08-30T00:40:41.336Z,25.814954,87.362291,1684.66,1552.13,1975.99,325.56,325.58,0.92,-2.23,106.95,112.6,113.6,1090.35,0.0,0.989,0.999,0.995,0.599,4,1.0,0.0,2441.698
2026-08-30T00:40:42.425Z,25.815428,87.361946,1703.95,1576.38,1994.86,326.39,326.41,0.94,-1.77,106.79,112.52,113.54,1076.48,0.0,0.99,0.991,0.991,0.573,3,1.0,0.0,2442.774
2026-08-30T00:40:43.410Z,25.815867,87.361633,1721.58,1593.02,2012.38,326.96,326.97,0.89,-1.77,106.64,112.46,113.47,1068.55,0.0,0.997,1.003,0.998,0.721,4,1.0,0.0,2443.765
2026-08-30T00:40:44.295Z,25.816261,87.361358,1737.37,1606.54,2028.03,327.91,327.95,1.05,-2.19,106.52,112.3,113.36,1073.18,0.0,1.007,1.013,1.01,0.622,2,1.0,0.0,2444.658
2026-08-30T00:40:45.431Z,25.816769,87.36101,1757.33,1626.02,2047.87,328.11,328.11,1.93,-1.92,106.36,112.28,113.51,1035.15,0.0,0.95,0.987,0.97,0.198,4,1.0,0.0,2445.79
2026-08-30T00:40:46.295Z,25.817157,87.360751,1770.37,1638.55,2063.13,328.56,328.57,3.88,-1.79,106.28,112.42,114.03,912.1,0.0,0.87,0.889,0.88,0.889,2,1.0,0.0,2446.652
2026-08-30T00:40:47.307Z,25.817619,87.360448,1781.19,1649.52,2077.23,328.98,328.99,4.11,-1.92,106.32,113.35,114.91,693.44,0.0,0.85,0.896,0.873,0.216,4,1.0,0.0,2447.675
2026-08-30T00:40:48.329Z,25.818089,87.360146,1789.32,1657.61,2088.0,329.49,329.5,3.84,-2.24,106.6,114.35,115.79,544.7,0.0,0.922,0.963,0.944,0.797,4,1.0,0.0,2448.689
2026-08-30T00:40:49.397Z,25.818588,87.359832,1797.22,1662.28,2097.04,330.05,330.07,3.63,-2.27,107.08,115.27,116.67,477.18,0.0,0.992,0.998,0.996,0.483,3,1.0,0.0,2449.76
2026-08-30T00:40:50.428Z,25.819076,87.359532,1804.76,1660.61,2105.07,330.64,330.66,3.69,-2.11,107.62,116.08,117.47,446.41,0.0,0.989,1.001,0.996,0.344,4,1.0,0.0,2450.803
2026-08-30T00:40:51.294Z,25.819493,87.359282,1810.71,1639.04,2111.12,331.08,331.09,3.68,-2.0,108.11,116.75,118.13,424.34,0.0,0.995,0.995,0.995,0.467,2,1.0,0.0,2451.66
2026-08-30T00:40:52.308Z,25.819982,87.358993,1817.36,1687.74,2118.47,331.64,331.65,3.77,-1.98,108.71,117.48,118.92,399.73,0.0,0.987,0.993,0.99,0.446,4,1.0,0.0,2452.669
2026-08-30T00:40:53.318Z,25.820476,87.358707,1823.56,1688.66,2125.19,332.13,332.14,3.79,-0.14,109.34,118.27,119.7,373.56,0.0,0.985,0.991,0.989,1.104,4,1.0,0.0,2453.678
2026-08-30T00:40:54.369Z,25.820993,87.35841,1829.39,1699.95,2131.58,332.42,332.41,3.9,6.79,110.01,119.06,120.49,340.77,0.0,0.985,0.986,0.986,0.241,3,1.0,0.0,2454.729
2026-08-30T00:40:55.316Z,25.82146,87.358134,1834.23,1705.55,2136.85,331.73,331.7,3.76,6.42,110.64,119.81,121.2,318.7,0.0,0.993,0.999,0.996,0.246,3,1.0,0.0,2455.684
2026-08-30T00:40:56.396Z,25.82199,87.357809,1839.6,1711.54,2142.48,330.7,330.68,3.75,5.88,111.37,120.61,121.97,303.0,0.0,0.997,1.003,0.999,0.727,3,1.0,0.0,2456.76
2026-08-30T00:40:57.406Z,25.822485,87.357496,1844.41,1715.11,2147.51,329.9,329.89,3.75,5.35,112.05,121.31,122.67,290.46,0.0,0.994,0.998,0.997,0.77,4,1.0,0.0,2457.771
2026-08-30T00:40:58.475Z,25.82301,87.357154,1849.32,1719.05,2152.61,329.13,329.12,3.78,5.31,112.76,122.06,123.4,277.1,0.0,0.992,0.996,0.994,0.47,3,1.0,0.0,2458.828
2026-08-30T00:40:59.486Z,25.823503,87.356824,1853.68,1721.32,2157.21,328.47,328.46,3.79,5.5,113.43,122.75,124.09,262.85,0.0,0.994,0.997,0.996,0.516,4,1.0,0.0,2459.843
2026-08-30T00:41:00.344Z,25.823926,87.356534,1857.18,1719.92,2160.96,327.88,327.87,3.81,5.53,114.0,123.35,124.67,246.59,0.0,0.991,0.993,0.992,0.509,2,1.0,0.0,2460.706
2026-08-30T00:41:01.364Z,25.824423,87.356184,1860.92,1718.92,2165.02,327.15,327.14,3.8,5.4,114.66,124.0,125.34,227.73,0.0,0.992,0.996,0.994,0.538,4,1.0,0.0,2461.715
2026-08-30T00:41:02.349Z,25.824904,87.355837,1864.34,1729.52,2168.49,326.54,326.52,3.8,5.29,115.28,124.61,125.98,213.03,0.0,0.993,0.997,0.996,0.409,4,1.0,0.0,2462.71
2026-08-30T00:41:03.402Z,25.825415,87.355458,1867.8,1736.74,2172.28,325.8,325.78,3.79,5.32,115.93,125.3,126.65,200.0,0.0,0.996,0.997,0.997,0.622,3,1.0,0.0,2463.766
2026-08-30T00:41:04.409Z,25.825902,87.355087,1870.86,1742.61,2175.59,325.17,325.15,3.78,5.34,116.55,125.92,127.26,185.99,0.0,0.991,0.999,0.995,0.778,4,1.0,0.0,2464.773
2026-08-30T00:41:05.420Z,25.826392,87.354705,1873.72,1746.28,2178.69,324.48,324.46,3.8,5.42,117.16,126.54,127.88,171.65,0.0,0.994,0.997,0.996,0.194,2,1.0,0.0,2465.781
2026-08-30T00:41:06.417Z,25.82687,87.354324,1876.22,1749.73,2181.45,323.82,323.81,3.78,4.54,117.75,127.16,128.46,156.32,0.0,0.989,0.997,0.994,0.513,4,1.0,0.0,2466.782
2026-08-30T00:41:07.474Z,25.827379,87.35391,1878.74,1750.71,2184.16,323.24,323.24,3.71,0.58,118.37,127.78,129.06,146.4,0.0,0.998,1.001,0.999,1.036,3,1.0,0.0,2467.831
2026-08-30T00:41:08.488Z,25.827867,87.353512,1881.08,1745.8,2186.34,323.19,323.19,3.71,-0.63,118.95,128.35,129.62,139.89,0.0,0.994,1.004,0.998,0.946,4,1.0,0.0,2468.845
2026-08-30T00:41:09.349Z,25.828283,87.353174,1882.98,1742.4,2187.73,323.56,323.56,3.73,-0.27,119.47,129.4,130.69,140.02,0.0,0.98,0.983,0.982,0.443,2,1.0,0.0,2469.711
2026-08-30T00:41:10.373Z,25.828782,87.352773,1885.19,1748.9,2189.86,323.56,323.56,3.85,-0.09,120.16,129.93,131.12,122.41,0.0,0.961,0.968,0.964,0.686,4,1.0,0.0,2470.727
2026-08-30T00:41:11.362Z,25.829271,87.35238,1886.28,1750.65,2191.49,323.92,323.91,3.82,-0.22,120.7,129.99,131.24,77.79,0.0,0.977,0.99,0.984,0.643,4,1.0,0.0,2471.724
2026-08-30T00:41:12.415Z,25.829793,87.351964,1887.17,1752.06,2192.37,323.97,323.98,3.82,-0.29,121.23,130.56,131.8,59.09,0.0,1.0,1.004,1.002,1.186,3,1.0,0.0,2472.773
2026-08-30T00:41:13.408Z,25.830284,87.351574,1887.87,1752.43,2193.53,324.2,324.21,3.69,-0.19,121.73,131.19,132.41,48.27,0.0,0.992,0.998,0.996,0.823,4,1.0,0.0,2473.769
2026-08-30T00:41:14.470Z,25.830817,87.351154,1888.48,1753.04,2194.16,324.17,324.17,3.8,-0.32,122.28,131.7,132.94,37.04,0.0,0.991,1.0,0.995,0.657,3,1.0,0.0,2474.83
2026-08-30T00:41:15.426Z,25.831296,87.350777,1888.88,1753.19,2194.93,324.33,324.33,3.82,-0.36,122.76,132.14,133.39,29.39,0.0,0.989,0.997,0.993,0.344,3,1.0,0.0,2475.793
2026-08-30T00:41:16.299Z,25.831739,87.350431,1889.37,1752.35,2195.01,324.31,324.3,3.72,-0.32,123.22,132.98,134.25,37.04,0.0,0.989,0.995,0.992,0.185,2,1.0,0.0,2476.669
2026-08-30T00:41:17.313Z,25.832252,87.35003,1890.0,1746.46,2195.17,324.41,324.42,3.81,-0.28,123.82,133.55,134.83,29.92,0.0,0.953,0.966,0.96,1.316,4,1.0,0.0,2477.673
2026-08-30T00:41:18.321Z,25.832767,87.349628,1890.0,1751.84,2195.98,324.94,324.95,3.78,-0.43,124.36,133.83,135.06,1.67,0.0,0.977,0.985,0.982,0.718,4,1.0,0.0,2478.685
2026-08-30T00:41:19.399Z,25.833321,87.349199,1889.47,1754.55,2196.18,324.73,324.73,3.84,-0.39,124.89,134.8,136.04,-22.32,0.0,0.995,1.002,0.999,0.452,3,1.0,0.0,2479.763
2026-08-30T00:41:20.403Z,25.833842,87.348795,1888.59,1752.93,2195.64,324.73,324.72,3.82,-0.31,125.53,135.32,136.52,-48.15,0.0,0.995,1.004,1.001,0.5,4,1.0,0.0,2480.775
2026-08-30T00:41:21.485Z,25.834402,87.348362,1887.48,1751.12,2194.16,324.66,324.67,3.73,-0.18,126.07,135.65,136.87,-48.94,0.0,1.014,1.036,1.027,0.518,3,1.0,0.0,2481.846
2026-08-30T00:41:22.295Z,25.834823,87.348037,1886.88,1750.53,2194.15,324.91,324.91,3.79,-0.29,126.46,135.96,137.18,-47.33,0.0,0.995,1.001,0.997,0.693,3,1.0,0.0,2482.662
2026-08-30T00:41:23.327Z,25.83536,87.347624,1885.74,1748.55,2193.04,325.16,325.18,3.88,-0.14,126.86,135.83,137.04,-74.93,0.0,0.982,1.0,0.99,0.28,4,1.0,0.0,2483.692
2026-08-30T00:41:24.402Z,25.835926,87.347193,1883.5,1746.48,2192.25,325.3,325.29,4.14,-0.33,127.18,136.15,137.36,-113.29,0.0,0.989,1.0,0.994,1.446,3,1.0,0.0,2484.768
2026-08-30T00:41:25.366Z,25.836432,87.346809,1880.34,1744.36,2189.79,325.07,325.08,4.11,-0.31,127.48,136.53,137.67,-184.2,0.0,0.939,0.961,0.947,1.088,3,1.0,0.0,2485.744
2026-08-30T00:41:26.452Z,25.837004,87.346376,1875.59,1700.6,2186.69,325.34,325.34,3.93,-0.39,127.82,136.9,138.0,-238.0,0.0,0.976,0.994,0.985,0.695,3,1.0,0.0,2486.823
2026-08-30T00:41:27.465Z,25.837541,87.345972,1871.25,1738.23,2182.85,325.45,325.45,3.81,-0.37,128.14,137.17,138.28,-245.04,0.0,1.0,1.013,1.006,0.631,4,1.0,0.0,2487.84
2026-08-30T00:41:28.358Z,25.838009,87.34562,1867.72,1734.12,2179.33,325.55,325.55,3.81,-0.33,128.41,137.38,138.48,-240.45,0.0,1.004,1.005,1.004,0.456,2,1.0,0.0,2488.721
2026-08-30T00:41:29.382Z,25.838552,87.345213,1863.66,1730.41,2175.3,325.69,325.69,3.92,-0.3,128.69,137.61,138.72,-242.23,0.0,0.992,0.999,0.995,0.82,4,1.0,0.0,2489.744
2026-08-30T00:41:30.385Z,25.839092,87.344808,1859.35,1725.95,2171.19,325.77,325.76,3.94,-0.3,128.96,137.87,138.97,-252.27,0.0,0.988,0.994,0.991,0.618,4,1.0,0.0,2490.757
2026-08-30T00:41:31.477Z,25.839671,87.344379,1854.58,1721.15,2166.58,325.87,325.87,3.98,-0.31,129.25,138.15,139.25,-263.3,0.0,0.99,0.995,0.993,0.822,3,1.0,0.0,2491.84
2026-08-30T00:41:32.485Z,25.840217,87.343974,1849.87,1705.24,2162.04,325.98,325.97,3.95,-0.38,129.51,138.41,139.5,-273.66,0.0,0.987,0.995,0.993,1.036,4,1.0,0.0,2492.859
2026-08-30T00:41:33.367Z,25.840691,87.343623,1845.76,1704.29,2158.01,326.02,326.02,3.93,-0.34,129.74,138.61,139.7,-276.86,0.0,0.998,1.0,0.999,0.268,2,1.0,0.0,2493.726
2026-08-30T00:41:34.366Z,25.841231,87.343224,1841.18,1699.49,2153.39,326.13,326.14,3.95,-0.29,129.99,138.83,139.92,-275.86,0.0,0.993,1.005,1.001,0.869,4,1.0,0.0,2494.745
2026-08-30T00:41:35.343Z,25.841755,87.342838,1836.58,1700.13,2148.88,326.21,326.21,3.92,-0.3,130.22,139.05,140.13,-282.49,0.0,0.99,0.996,0.992,0.56,3,1.0,0.0,2495.717
2026-08-30T00:41:36.428Z,25.842343,87.342407,1831.3,1694.14,2143.74,326.31,326.31,3.96,-0.32,130.47,139.27,140.35,-290.12,0.0,0.995,0.997,0.996,0.816,3,1.0,0.0,2496.798
2026-08-30T00:41:37.446Z,25.842895,87.342001,1826.23,1689.02,2138.75,326.37,326.37,3.93,-0.35,130.7,139.49,140.57,-296.05,0.0,0.99,1.002,0.996,0.964,4,1.0,0.0,2497.824
2026-08-30T00:41:38.349Z,25.843381,87.341647,1821.78,1683.87,2134.34,326.44,326.45,4.0,-0.35,130.91,139.83,140.93,-293.55,0.0,0.997,1.005,1.001,0.742,2,1.0,0.0,2498.712
2026-08-30T00:41:39.372Z,25.843939,87.341242,1817.12,1679.09,2129.46,326.58,326.58,3.89,-0.3,131.17,140.06,141.13,-283.83,0.0,0.979,1.006,0.992,1.261,4,1.0,0.0,2499.737
2026-08-30T00:41:40.382Z,25.844496,87.340838,1812.17,1675.27,2124.6,326.63,326.63,3.9,-0.27,131.41,140.23,141.3,-291.0,0.0,0.99,0.993,0.991,0.36,4,1.0,0.0,2500.753
2026-08-30T00:41:41.467Z,25.845089,87.340409,1806.77,1667.22,2118.65,326.7,326.69,3.93,-0.32,131.65,140.41,141.48,-297.84,0.0,0.986,1.001,0.993,0.562,3,1.0,0.0,2501.838
2026-08-30T00:41:42.472Z,25.845643,87.34001,1801.19,1662.8,2113.43,327.4,327.42,4.03,-0.62,131.8,140.05,141.12,-326.1,0.0,0.99,1.031,1.006,1.054,4,1.0,0.0,2502.843
2026-08-30T00:41:43.358Z,25.846128,87.339663,1796.53,1658.52,2108.71,327.29,327.3,3.76,-0.25,131.82,139.56,140.62,-303.0,0.0,0.973,1.0,0.987,0.282,2,1.0,0.0,2503.722
2026-08-30T00:41:44.375Z,25.846691,87.339265,1792.4,1655.54,2104.0,327.2,327.18,3.55,0.15,131.81,140.07,141.14,-265.93,0.0,0.944,0.965,0.956,1.117,4,1.0,0.0,2504.731
2026-08-30T00:41:45.315Z,25.847207,87.338901,1787.84,1633.17,2099.91,327.33,327.33,4.12,-0.31,131.93,140.34,141.41,-290.28,0.0,0.908,0.983,0.939,1.184,3,1.0,0.0,2505.656
2026-08-30T00:41:46.337Z,25.847774,87.338502,1782.43,1645.01,2095.06,327.29,327.29,4.09,-0.37,132.07,140.59,141.63,-311.87,0.0,0.983,0.985,0.984,0.422,3,1.0,0.0,2506.675
2026-08-30T00:41:47.322Z,25.848318,87.338121,1776.94,1644.9,2089.95,327.42,327.42,4.08,-0.46,132.24,140.83,141.85,-328.1,0.0,0.986,0.995,0.991,0.513,4,1.0,0.0,2507.641
2026-08-30T00:41:48.299Z,25.848862,87.33774,1771.41,1597.08,2084.58,327.52,327.52,4.01,-0.42,132.41,140.95,141.97,-334.17,0.0,0.995,0.999,0.996,0.739,3,1.0,0.0,2508.607
2026-08-30T00:41:49.444Z,25.849493,87.3373,1766.25,1629.81,2078.81,327.47,327.49,3.95,-0.16,132.2,139.12,140.13,-285.79,0.0,0.932,0.994,0.964,1.025,5,1.0,0.0,2509.773
2026-08-30T00:41:50.458Z,25.85005,87.336912,1761.24,1622.15,2074.1,328.02,328.01,3.84,-0.41,131.96,139.29,140.28,-298.34,0.0,0.99,1.004,0.999,1.218,3,1.0,0.0,2510.804
2026-08-30T00:41:51.462Z,25.850603,87.336528,1755.79,1614.01,2067.98,327.76,327.76,4.04,-0.24,131.84,139.44,140.47,-315.05,0.0,0.988,1.01,1.0,0.651,4,1.0,0.0,2511.772
2026-08-30T00:41:52.443Z,25.851144,87.336153,1750.65,1610.42,2062.41,327.89,327.89,3.98,-0.23,131.8,139.65,140.68,-313.58,0.0,0.999,1.008,1.004,0.533,3,1.0,0.0,2512.742
2026-08-30T00:41:53.389Z,25.851668,87.33579,1745.72,1606.47,2057.2,327.89,327.89,3.93,-0.23,131.82,139.85,140.88,-310.63,0.0,0.998,1.005,1.0,0.672,4,1.0,0.0,2513.797
2026-08-30T00:41:54.474Z,25.852267,87.335376,1740.22,1521.94,2051.94,327.61,327.58,4.14,-0.07,131.9,140.0,141.07,-302.78,0.0,0.999,1.006,1.002,0.655,4,1.0,0.0,2514.835
2026-08-30T00:41:55.521Z,25.852849,87.334975,1735.15,1600.84,2046.65,327.57,327.54,3.91,-0.28,132.08,141.02,142.05,-295.3,0.0,0.991,0.994,0.993,0.926,2,1.0,0.0,2515.889
2026-08-30T00:41:56.324Z,25.853297,87.334664,1731.17,1593.28,2043.01,327.83,327.84,3.8,-0.47,132.3,141.0,142.01,-296.94,0.0,0.985,0.988,0.986,0.546,3,1.0,0.0,2516.697
2026-08-30T00:41:57.348Z,25.853869,87.334268,1725.85,1588.54,2038.21,328.02,328.05,3.99,-0.44,132.54,141.1,142.13,-308.28,0.0,0.975,0.994,0.983,0.407,4,1.0,0.0,2517.713
2026-08-30T00:41:58.439Z,25.854472,87.333852,1719.91,1584.05,2032.82,328.12,328.1,4.05,-0.29,132.76,141.27,142.28,-331.14,0.0,0.976,0.992,0.984,0.873,3,1.0,0.0,2518.771
2026-08-30T00:41:59.425Z,25.85503,87.333469,1714.12,1577.89,2027.36,327.96,327.96,4.02,-0.09,132.94,141.45,142.45,-342.45,0.0,0.996,1.001,0.998,0.616,4,1.0,0.0,2519.753
2026-08-30T00:42:00.438Z,25.855597,87.33308,1708.22,1572.75,2021.61,328.03,328.03,4.0,-0.12,133.12,141.62,142.62,-348.61,0.0,0.993,0.999,0.997,0.574,3,1.0,0.0,2520.75
2026-08-30T00:42:01.391Z,25.856132,87.332713,1702.58,1565.84,2016.59,328.09,328.08,3.99,-0.24,133.29,141.77,142.76,-353.43,0.0,0.994,0.998,0.996,0.673,4,1.0,0.0,2521.69
2026-08-30T00:42:02.326Z,25.856663,87.33235,1696.96,1501.88,2010.8,328.15,328.14,3.97,-0.35,133.46,141.91,142.89,-356.54,0.0,0.994,0.999,0.997,0.798,4,1.0,0.0,2522.623
2026-08-30T00:42:03.478Z,25.857306,87.331911,1690.17,1551.47,2003.81,328.19,328.18,4.09,-0.3,133.67,142.2,143.25,-351.34,0.0,0.993,0.999,0.996,0.663,4,1.0,0.0,2523.754
2026-08-30T00:42:04.398Z,25.857826,87.331556,1685.0,1548.99,1998.42,328.17,328.17,3.83,-0.41,133.84,141.94,142.89,-353.19,0.0,0.984,0.995,0.99,0.668,4,1.0,0.0,2524.698
2026-08-30T00:42:05.456Z,25.858418,87.331151,1678.85,1546.55,1992.42,328.29,328.3,3.65,-0.82,133.78,141.27,142.2,-347.62,0.0,0.985,0.99,0.987,0.364,3,1.0,0.0,2525.79
2026-08-30T00:42:06.432Z,25.858969,87.330773,1672.38,1540.71,1987.01,328.4,328.38,3.91,-0.2,133.69,141.25,142.19,-377.2,0.0,0.988,1.024,1.006,1.046,4,1.0,0.0,2526.774
2026-08-30T00:42:07.467Z,25.859551,87.330376,1666.37,1536.28,1982.54,328.33,328.34,3.78,0.12,133.76,142.82,143.81,-341.46,0.0,0.982,1.024,1.006,1.244,3,1.0,0.0,2527.811
2026-08-30T00:42:08.458Z,25.860114,87.329995,1661.21,1529.98,1976.45,328.31,328.29,4.09,0.01,134.11,142.8,143.68,-346.53,0.0,0.944,0.962,0.954,0.809,4,1.0,0.0,2528.834
2026-08-30T00:42:09.345Z,25.860614,87.329652,1655.01,1522.39,1971.25,327.83,327.82,4.09,-0.41,134.26,142.56,143.54,-385.91,0.0,1.059,1.069,1.064,0.989,2,1.0,0.0,2529.701
2026-08-30T00:42:10.348Z,25.861183,87.32926,1648.5,1515.28,1963.51,327.92,327.92,3.9,-0.35,134.42,142.73,143.69,-380.5,0.0,1.013,1.025,1.018,0.392,4,1.0,0.0,2530.716
2026-08-30T00:42:11.365Z,25.861758,87.328866,1642.48,1506.9,1956.52,328.01,328.0,3.84,-0.31,134.56,142.83,143.78,-361.62,0.0,1.006,1.018,1.013,0.389,4,1.0,0.0,2531.72
2026-08-30T00:42:12.421Z,25.862356,87.328454,1636.34,1500.43,1949.96,328.09,328.09,3.88,-0.3,134.71,142.91,143.87,-352.94,0.0,0.993,1.0,0.998,0.488,3,1.0,0.0,2532.781
2026-08-30T00:42:13.427Z,25.862925,87.328067,1630.42,1499.99,1943.97,328.17,328.16,3.94,-0.31,134.83,142.99,143.96,-356.99,0.0,0.991,0.995,0.993,0.59,4,1.0,0.0,2533.78
2026-08-30T00:42:14.488Z,25.863524,87.327657,1623.93,1492.95,1937.59,328.25,328.25,4.01,-0.28,134.96,143.1,144.06,-367.7,0.0,0.989,0.994,0.991,0.34,3,1.0,0.0,2534.84
2026-08-30T00:42:15.433Z,25.864067,87.327288,1618.01,1487.03,1932.25,328.39,328.39,4.03,-0.17,135.17,144.28,145.4,-370.07,0.0,0.998,1.007,1.004,0.778,3,1.0,0.0,2535.794
2026-08-30T00:42:16.301Z,25.864564,87.326952,1612.15,1481.09,1927.29,328.68,328.7,3.62,-0.21,135.39,143.05,143.9,-417.36,0.0,0.994,0.998,0.996,0.308,2,1.0,0.0,2536.667
2026-08-30T00:42:17.313Z,25.865144,87.326569,1604.12,1472.58,1920.72,328.94,328.93,4.13,-0.74,135.41,143.29,144.25,-437.37,0.0,1.026,1.075,1.052,0.93,4,1.0,0.0,2537.67
2026-08-30T00:42:18.317Z,25.865721,87.326185,1597.5,1462.47,1912.93,328.94,328.94,3.95,-0.37,135.47,143.34,144.29,-404.98,0.0,1.006,1.063,1.032,0.873,4,1.0,0.0,2538.688
2026-08-30T00:42:19.385Z,25.866332,87.325781,1590.44,1456.8,1905.07,329.08,329.06,3.99,-0.17,135.46,143.04,144.0,-401.24,0.0,0.999,1.016,1.005,0.278,3,1.0,0.0,2539.744
2026-08-30T00:42:20.390Z,25.866907,87.3254,1584.43,1450.2,1898.3,328.55,328.52,3.79,-0.25,135.39,142.69,143.68,-362.57,0.0,0.982,1.003,0.991,0.681,4,1.0,0.0,2540.754
2026-08-30T00:42:21.448Z,25.867508,87.325001,1578.01,1443.05,1891.76,329.11,329.1,4.06,-2.27,135.26,142.53,143.47,-370.36,0.0,0.959,0.992,0.975,0.639,3,1.0,0.0,2541.81
2026-08-30T00:42:22.451Z,25.868084,87.324625,1571.65,1436.97,1885.51,329.08,329.06,4.04,-6.21,135.21,142.94,143.89,-382.84,0.0,0.993,0.999,0.996,0.657,4,1.0,0.0,2542.82
2026-08-30T00:42:23.328Z,25.868589,87.324301,1565.73,1431.08,1879.85,329.98,330.0,4.06,-5.59,135.26,143.07,144.01,-397.07,0.0,0.992,0.995,0.994,0.513,2,1.0,0.0,2543.696
2026-08-30T00:42:24.331Z,25.869171,87.323936,1559.47,1425.38,1873.33,330.52,330.53,4.01,-5.2,135.19,142.42,143.39,-369.59,0.0,0.997,1.006,1.002,0.694,4,1.0,0.0,2544.693
2026-08-30T00:42:25.291Z,25.869728,87.323593,1553.73,1420.32,1867.45,331.09,331.08,4.06,-1.36,135.13,142.46,143.41,-373.69,0.0,0.969,0.975,0.972,1.127,3,1.0,0.0,2545.649
2026-08-30T00:42:26.364Z,25.87035,87.323213,1546.62,1413.95,1860.4,331.1,331.09,3.99,-1.47,135.05,142.07,143.0,-392.4,0.0,0.986,1.002,0.994,0.884,3,1.0,0.0,2546.718
2026-08-30T00:42:27.364Z,25.870936,87.322858,1539.84,1407.89,1852.31,331.3,331.3,4.02,-1.88,134.94,142.2,143.15,-396.87,0.0,1.0,1.014,1.005,0.854,4,1.0,0.0,2547.728
2026-08-30T00:42:28.423Z,25.871551,87.322488,1532.93,1400.32,1846.11,331.75,331.75,3.92,-1.97,134.9,142.38,143.29,-395.53,0.0,0.99,1.005,0.997,0.78,3,1.0,0.0,2548.793
2026-08-30T00:42:29.443Z,25.872147,87.322134,1526.27,1393.19,1838.85,331.85,331.86,3.96,-1.81,134.88,142.29,143.22,-395.22,0.0,0.999,1.006,1.004,0.983,4,1.0,0.0,2549.806
2026-08-30T00:42:30.309Z,25.872655,87.321836,1520.39,1387.75,1833.68,332.11,332.09,4.01,-1.64,134.9,142.5,143.45,-400.2,0.0,1.004,1.005,1.004,0.426,2,1.0,0.0,2550.674
2026-08-30T00:42:31.312Z,25.873244,87.321493,1513.82,1381.23,1827.62,331.91,331.89,3.87,-1.66,134.95,142.7,143.59,-396.13,0.0,0.994,1.013,1.004,0.682,4,1.0,0.0,2551.669
2026-08-30T00:42:32.305Z,25.87383,87.321153,1507.34,1373.69,1821.29,332.34,332.34,4.01,-1.17,135.04,142.8,143.7,-391.67,0.0,0.996,1.004,1.0,0.44,4,1.0,0.0,2552.675
2026-08-30T00:42:33.369Z,25.874459,87.32079,1500.03,1323.28,1814.3,332.75,332.75,4.33,-1.46,135.11,142.52,143.36,-412.87,0.0,0.999,1.026,1.012,1.265,3,1.0,0.0,2553.736
2026-08-30T00:42:34.374Z,25.875053,87.320455,1493.07,1352.55,1805.73,333.22,333.22,3.83,-1.74,135.03,141.92,142.79,-407.22,0.0,1.033,1.072,1.055,0.404,4,1.0,0.0,2554.748
2026-08-30T00:42:35.414Z,25.875662,87.320113,1486.57,1352.4,1798.84,332.88,332.89,3.89,-1.04,134.92,142.05,142.97,-381.21,0.0,1.017,1.02,1.019,0.142,2,1.0,0.0,2555.774
2026-08-30T00:42:36.416Z,25.876259,87.319781,1480.62,1345.3,1793.12,333.34,333.34,3.89,-1.15,134.87,142.15,143.07,-362.79,0.0,0.997,1.012,1.006,0.706,4,1.0,0.0,2556.797
2026-08-30T00:42:37.305Z,25.876786,87.319491,1475.72,1340.67,1787.2,333.29,333.28,3.84,-1.05,134.84,142.13,143.08,-334.86,0.0,0.98,0.993,0.986,0.976,2,1.0,0.0,2557.675
2026-08-30T00:42:38.335Z,25.877398,87.319155,1470.21,1334.49,1782.06,333.77,333.78,3.89,-1.57,134.74,141.39,142.32,-329.25,0.0,0.956,0.974,0.966,0.646,4,1.0,0.0,2558.726
2026-08-30T00:42:39.365Z,25.878007,87.318824,1464.36,1328.34,1776.28,333.49,333.47,3.98,-1.71,134.6,141.56,142.51,-344.39,0.0,0.973,0.991,0.984,0.639,4,1.0,0.0,2559.725
2026-08-30T00:42:40.427Z,25.878635,87.318483,1457.75,1321.28,1770.7,333.63,333.63,3.91,-1.15,134.58,142.14,143.05,-362.32,0.0,1.0,1.006,1.003,0.448,3,1.0,0.0,2560.828
2026-08-30T00:42:41.467Z,25.879259,87.318148,1451.22,1284.09,1764.75,334.1,334.09,3.94,-1.11,134.66,142.25,143.18,-371.51,0.0,0.982,1.003,0.99,0.55,4,1.0,0.0,2561.825
2026-08-30T00:42:42.364Z,25.879793,87.317863,1445.61,1278.48,1759.33,334.23,334.22,4.02,-1.19,134.74,142.35,143.28,-375.95,0.0,0.988,0.991,0.99,0.686,2,1.0,0.0,2562.718
2026-08-30T00:42:43.364Z,25.880389,87.317546,1439.25,1281.2,1753.03,334.47,334.49,4.07,-1.46,134.85,142.5,143.42,-380.79,0.0,1.006,1.01,1.007,0.47,4,1.0,0.0,2563.747
2026-08-30T00:42:44.385Z,25.881002,87.317227,1432.84,1295.05,1746.67,334.58,334.58,3.89,-1.31,134.92,142.41,143.32,-376.31,0.0,1.012,1.035,1.025,1.316,4,1.0,0.0,2564.768
2026-08-30T00:42:45.408Z,25.881618,87.316907,1426.52,1286.87,1740.26,335.02,335.04,3.73,-1.45,134.98,142.27,143.18,-372.61,0.0,1.004,1.006,1.005,0.649,2,1.0,0.0,2565.795
2026-08-30T00:42:46.441Z,25.882237,87.316589,1420.03,1279.97,1733.82,335.0,334.98,4.03,-0.95,134.97,142.17,143.12,-376.13,0.0,0.976,0.999,0.985,0.194,4,1.0,0.0,2566.82
2026-08-30T00:42:47.341Z,25.882782,87.31631,1413.91,1240.61,1728.05,334.41,334.41,4.14,-0.96,135.08,143.22,144.14,-405.95,0.0,0.988,0.996,0.992,0.112,2,1.0,0.0,2567.701
2026-08-30T00:42:48.367Z,25.883399,87.315994,1406.69,1262.73,1721.45,335.12,335.12,4.02,-1.58,135.16,142.55,143.45,-410.53,0.0,1.016,1.041,1.031,1.374,4,1.0,0.0,2568.785
2026-08-30T00:42:49.419Z,25.884036,87.315671,1399.69,1183.73,1714.4,335.41,335.4,3.9,-1.76,135.22,142.65,143.56,-397.75,0.0,1.004,1.015,1.009,0.881,4,1.0,0.0,2569.78
2026-08-30T00:42:50.473Z,25.884673,87.315352,1393.08,1233.14,1708.38,334.83,334.83,3.82,-1.42,135.3,142.95,143.85,-380.94,0.0,0.978,1.003,0.99,0.865,3,1.0,0.0,2570.835
2026-08-30T00:42:51.487Z,25.885289,87.315043,1386.9,1234.34,1700.88,335.85,335.85,3.94,-1.18,135.42,143.0,143.93,-373.07,0.0,0.99,0.999,0.995,0.567,4,1.0,0.0,2571.855
2026-08-30T00:42:52.364Z,25.885825,87.314778,1381.48,1238.35,1694.74,335.83,335.82,3.19,-1.17,135.52,142.92,143.88,-351.93,0.0,1.004,1.031,1.017,1.422,2,1.0,0.0,2572.74
2026-08-30T00:42:53.376Z,25.886437,87.314476,1378.75,1229.86,1689.31,336.01,336.0,0.84,-1.36,135.53,142.39,143.26,-147.68,0.0,1.13,1.195,1.16,1.498,4,1.0,0.0,2573.741
2026-08-30T00:42:54.385Z,25.88705,87.314176,1382.01,1232.34,1688.36,336.22,336.22,1.13,-1.33,135.34,141.5,142.42,106.92,0.0,1.113,1.173,1.138,0.857,4,1.0,0.0,2574.751
2026-08-30T00:42:55.416Z,25.88767,87.313875,1387.41,1214.06,1691.13,336.51,336.51,1.39,-1.28,134.99,140.7,141.65,242.53,0.0,1.013,1.03,1.022,0.081,2,1.0,0.0,2575.777
2026-08-30T00:42:56.413Z,25.888273,87.313586,1392.52,1253.17,1696.31,336.79,336.79,1.47,-1.08,134.54,140.01,140.99,278.6,0.0,0.983,1.002,0.99,0.78,4,1.0,0.0,2576.779
2026-08-30T00:42:57.288Z,25.888794,87.313337,1396.81,1259.64,1700.8,336.84,336.83,1.54,-0.99,134.11,139.39,140.37,285.85,0.0,0.999,1.003,1.001,0.102,2,1.0,0.0,2577.662
2026-08-30T00:42:58.299Z,25.889402,87.31305,1401.29,1265.26,1706.03,337.23,337.23,1.4,-1.17,133.64,139.68,140.63,265.52,0.0,1.001,1.013,1.008,0.831,4,1.0,0.0,2578.648
2026-08-30T00:42:59.294Z,25.889993,87.312773,1405.94,1260.26,1709.87,337.15,337.14,1.34,-0.95,133.29,139.0,139.97,289.83,0.0,1.035,1.063,1.051,0.528,4,1.0,0.0,2579.625
2026-08-30T00:43:00.305Z,25.890599,87.312491,1411.61,1270.29,1714.69,337.36,337.36,1.4,-0.91,132.85,138.31,139.3,323.14,0.0,1.015,1.021,1.019,1.053,3,1.0,0.0,2580.658
2026-08-30T00:43:01.307Z,25.891195,87.312216,1417.47,1278.5,1719.96,337.55,337.54,1.37,-0.97,132.36,137.65,138.65,343.49,0.0,1.004,1.007,1.005,0.722,4,1.0,0.0,2581.709
2026-08-30T00:43:02.408Z,25.891848,87.311918,1424.18,1285.67,1726.24,337.71,337.7,1.31,-1.03,131.79,136.97,137.98,363.81,0.0,1.004,1.016,1.012,0.922,3,1.0,0.0,2582.808
2026-08-30T00:43:03.466Z,25.892471,87.311635,1431.06,1292.2,1732.75,337.96,337.95,1.37,-1.08,131.21,136.3,137.33,381.39,0.0,1.004,1.01,1.007,0.509,4,1.0,0.0,2583.827
2026-08-30T00:43:04.328Z,25.89298,87.311407,1436.56,1297.68,1738.26,337.75,337.71,0.99,-1.26,130.79,136.18,137.15,368.78,0.0,1.006,1.011,1.009,0.059,2,1.0,0.0,2584.69
2026-08-30T00:43:05.471Z,25.893652,87.311107,1442.69,1306.1,1744.95,338.14,338.15,1.46,-1.0,130.29,135.7,136.75,347.95,0.0,1.005,1.055,1.033,0.962,4,1.0,0.0,2585.839
2026-08-30T00:43:06.360Z,25.894169,87.310875,1448.27,1311.72,1750.08,338.36,338.35,1.44,-0.87,129.87,135.2,136.25,369.12,0.0,1.017,1.021,1.019,0.142,2,1.0,0.0,2586.742
2026-08-30T00:43:07.388Z,25.894779,87.310608,1455.02,1318.84,1756.57,338.51,338.5,1.43,-0.89,129.38,134.66,135.71,387.64,0.0,1.002,1.014,1.009,0.917,4,1.0,0.0,2587.743
2026-08-30T00:43:08.391Z,25.895363,87.310354,1461.87,1325.32,1762.96,338.66,338.65,1.36,-1.03,128.89,134.13,135.17,406.95,0.0,1.004,1.014,1.01,0.868,4,1.0,0.0,2588.746
2026-08-30T00:43:09.448Z,25.895977,87.310088,1469.51,1334.35,1770.31,338.86,338.86,1.35,-1.09,128.37,133.55,134.6,428.48,0.0,1.009,1.012,1.01,0.765,3,1.0,0.0,2589.804
2026-08-30T00:43:10.454Z,25.896564,87.309838,1477.1,1340.98,1776.95,339.07,339.07,1.33,-1.08,127.85,133.0,134.06,446.14,0.0,1.003,1.01,1.008,0.779,4,1.0,0.0,2590.818
2026-08-30T00:43:11.311Z,25.89706,87.309627,1483.71,1346.82,1782.83,339.25,339.24,1.36,-0.13,127.41,132.55,133.61,457.13,0.0,1.001,1.006,1.004,0.937,2,1.0,0.0,2591.673
2026-08-30T00:43:12.324Z,25.897645,87.309379,1491.44,1354.27,1790.05,339.2,339.18,1.57,6.06,126.88,132.04,133.14,450.76,0.0,0.985,0.993,0.989,0.292,4,1.0,0.0,2592.696
2026-08-30T00:43:13.359Z,25.898235,87.309119,1498.86,1362.23,1797.9,338.44,338.41,1.6,6.14,126.35,131.36,132.4,436.53,0.0,0.994,1.002,0.999,0.892,4,1.0,0.0,2593.723
2026-08-30T00:43:14.429Z,25.89884,87.308844,1507.29,1368.11,1806.98,337.24,337.19,1.35,5.76,125.71,130.64,131.73,492.13,0.0,1.03,1.054,1.045,0.823,3,1.0,0.0,2594.786
2026-08-30T00:43:15.371Z,25.899374,87.308591,1516.17,1375.96,1815.32,337.03,337.01,1.18,5.31,125.19,130.21,131.27,527.77,0.0,0.977,0.983,0.979,0.76,3,1.0,0.0,2595.735
2026-08-30T00:43:16.430Z,25.899958,87.308305,1525.68,1385.51,1824.55,336.19,336.16,1.2,5.52,124.63,129.7,130.75,535.88,0.0,0.99,1.004,0.997,0.837,3,1.0,0.0,2596.796
2026-08-30T00:43:17.450Z,25.900518,87.308022,1534.78,1395.3,1833.07,335.43,335.4,1.29,5.88,124.11,129.24,130.3,536.33,0.0,0.998,1.004,1.001,0.287,4,1.0,0.0,2597.803
2026-08-30T00:43:18.302Z,25.900986,87.307777,1542.45,1403.27,1840.25,334.74,334.72,1.39,6.03,123.69,128.87,129.95,534.61,0.0,1.001,1.001,1.001,0.145,2,1.0,0.0,2598.669
2026-08-30T00:43:19.319Z,25.901533,87.307479,1551.36,1412.53,1849.89,334.35,334.32,1.4,5.9,123.21,128.48,129.57,526.65,0.0,0.99,1.002,0.998,0.824,4,1.0,0.0,2599.675
2026-08-30T00:43:20.320Z,25.902066,87.307182,1560.02,1421.83,1859.1,333.02,332.99,1.39,5.84,122.77,128.12,129.2,526.8,0.0,1.002,1.012,1.008,0.674,4,1.0,0.0,2600.674
2026-08-30T00:43:21.373Z,25.902625,87.306857,1569.49,1431.64,1868.58,332.24,332.21,1.35,5.71,122.32,127.75,128.81,537.11,0.0,1.009,1.011,1.01,0.162,3,1.0,0.0,2601.731
2026-08-30T00:43:22.377Z,25.903153,87.306541,1578.73,1438.99,1877.71,331.45,331.42,1.34,5.76,121.91,127.37,128.44,548.94,0.0,1.006,1.01,1.009,0.431,4,1.0,0.0,2602.738
2026-08-30T00:43:23.439Z,25.903702,87.3062,1588.67,1448.93,1887.49,330.65,330.62,1.36,5.81,121.49,127.0,128.06,558.56,0.0,1.003,1.007,1.005,0.462,3,1.0,0.0,2603.792
2026-08-30T00:43:24.439Z,25.904216,87.305871,1598.19,1459.21,1896.89,329.81,329.78,1.34,5.86,121.11,126.67,127.7,569.15,0.0,1.007,1.013,1.01,0.628,4,1.0,0.0,2604.792
2026-08-30T00:43:25.444Z,25.904727,87.305533,1607.87,1466.37,1907.37,328.83,328.78,1.26,5.86,120.74,126.21,127.21,571.82,0.0,0.994,1.007,1.0,0.76,2,1.0,0.0,2605.801
2026-08-30T00:43:26.455Z,25.905234,87.305187,1617.9,1475.78,1917.31,327.9,327.85,1.21,5.88,120.29,125.94,126.93,595.79,0.0,0.991,1.006,1.001,0.194,4,1.0,0.0,2606.807
2026-08-30T00:43:27.307Z,25.905656,87.304888,1626.55,1481.3,1925.31,327.75,327.77,1.24,5.51,120.08,126.19,127.21,607.14,0.0,0.989,0.991,0.99,1.069,2,1.0,0.0,2607.667
2026-08-30T00:43:28.316Z,25.906152,87.304525,1636.87,1495.38,1935.12,327.4,327.33,1.43,3.08,119.83,125.77,126.81,602.83,0.0,0.961,0.977,0.971,0.626,4,1.0,0.0,2608.672
2026-08-30T00:43:29.309Z,25.906637,87.304166,1646.47,1506.79,1944.9,325.72,325.72,1.54,0.77,119.57,125.54,126.56,584.14,0.0,0.981,0.989,0.985,0.756,4,1.0,0.0,2609.663
2026-08-30T00:43:30.363Z,25.90715,87.303787,1656.5,1517.05,1956.38,325.88,325.88,1.53,-4.04,119.29,125.23,126.28,574.23,0.0,0.999,1.003,1.001,1.262,3,1.0,0.0,2610.725
2026-08-30T00:43:31.372Z,25.90764,87.303429,1665.74,1527.0,1965.95,326.86,326.89,1.39,-5.15,119.04,125.09,126.08,557.75,0.0,0.985,0.996,0.99,0.18,4,1.0,0.0,2611.724
2026-08-30T00:43:32.432Z,25.908163,87.303057,1675.54,1536.44,1976.45,327.37,327.38,1.67,-0.93,118.78,125.04,126.11,550.25,0.0,0.967,0.988,0.978,1.193,3,1.0,0.0,2612.791
2026-08-30T00:43:33.446Z,25.908665,87.302708,1684.47,1545.77,1984.75,327.9,327.9,1.52,-0.69,118.59,124.68,125.77,544.46,0.0,0.977,1.026,1.006,0.669,4,1.0,0.0,2613.802
2026-08-30T00:43:34.292Z,25.909083,87.30242,1692.26,1552.79,1991.76,328.21,328.19,1.34,-1.04,118.41,124.59,125.63,547.78,0.0,0.986,0.997,0.992,0.204,2,1.0,0.0,2614.643
2026-08-30T00:43:35.410Z,25.909637,87.302044,1702.56,1563.34,2001.68,328.7,328.7,1.29,-1.27,118.14,124.11,125.13,556.14,0.0,1.009,1.024,1.016,0.958,4,1.0,0.0,2615.765
2026-08-30T00:43:36.417Z,25.910136,87.301709,1712.36,1573.6,2011.02,329.14,329.11,1.34,-1.22,117.85,123.75,124.8,578.37,0.0,1.018,1.028,1.023,0.588,4,1.0,0.0,2616.792
2026-08-30T00:43:37.321Z,25.910583,87.301412,1721.58,1582.83,2019.82,328.08,328.07,1.76,-0.36,117.55,122.71,123.87,616.55,0.0,0.999,1.008,1.004,0.832,2,1.0,0.0,2617.707
2026-08-30T00:43:38.346Z,25.911087,87.301081,1732.93,1592.67,2030.42,329.48,329.5,1.31,-0.63,116.99,122.13,123.18,633.02,0.0,0.987,1.002,0.992,0.585,4,1.0,0.0,2618.718
2026-08-30T00:43:39.352Z,25.911581,87.300759,1743.55,1603.1,2040.27,329.72,329.71,1.28,-0.99,116.51,121.84,122.9,637.73,0.0,1.008,1.015,1.011,0.748,4,1.0,0.0,2619.746
2026-08-30T00:43:40.451Z,25.912123,87.300409,1755.05,1614.92,2051.77,329.6,329.59,1.21,-1.04,116.06,121.64,122.71,625.7,0.0,1.01,1.021,1.016,0.889,3,1.0,0.0,2620.861
2026-08-30T00:43:41.323Z,25.912548,87.300138,1764.24,1623.93,2061.8,329.82,329.83,1.37,-1.05,115.73,121.37,122.5,639.72,0.0,1.019,1.028,1.025,0.52,3,1.0,0.0,2621.699
2026-08-30T00:43:42.348Z,25.913057,87.299816,1775.58,1635.02,2073.08,330.57,330.56,1.33,-0.91,115.37,120.98,122.12,649.62,0.0,1.001,1.014,1.006,0.55,4,1.0,0.0,2622.719
2026-08-30T00:43:43.433Z,25.913591,87.299482,1787.33,1646.08,2084.69,330.79,330.78,1.3,-0.86,115.03,121.03,122.15,654.0,0.0,1.0,1.008,1.005,0.592,3,1.0,0.0,2623.798
2026-08-30T00:43:44.448Z,25.914091,87.299172,1798.55,1656.75,2095.68,330.87,330.85,1.29,-0.83,114.76,120.79,121.9,660.85,0.0,0.999,1.006,1.002,0.839,4,1.0,0.0,2624.813
2026-08-30T00:43:45.472Z,25.914598,87.298861,1809.75,1654.6,2106.74,331.26,331.25,1.3,-0.82,114.51,120.6,121.69,654.2,0.0,0.983,0.99,0.986,0.807,2,1.0,0.0,2625.85
2026-08-30T00:43:46.300Z,25.915007,87.298612,1818.72,1677.12,2115.88,331.34,331.34,1.47,-0.83,114.29,120.11,121.23,646.23,0.0,0.996,1.001,0.998,0.257,3,1.0,0.0,2626.681
2026-08-30T00:43:47.315Z,25.915506,87.298312,1829.17,1691.54,2126.81,332.05,332.05,1.42,-0.95,113.97,119.88,120.98,626.36,0.0,0.997,1.005,0.999,0.616,4,1.0,0.0,2627.691
2026-08-30T00:43:48.434Z,25.916056,87.297985,1840.65,1702.69,2138.46,331.58,331.57,1.35,-1.04,113.67,119.71,120.8,623.68,0.0,0.997,1.004,1.001,0.388,3,1.0,0.0,2628.812
2026-08-30T00:43:49.463Z,25.916567,87.297684,1851.89,1710.78,2149.4,332.29,332.27,1.38,-0.87,113.39,119.43,120.53,649.17,0.0,1.012,1.02,1.016,0.579,4,1.0,0.0,2629.854
2026-08-30T00:43:50.375Z,25.917015,87.297423,1861.94,1720.04,2159.21,332.26,332.26,1.37,-0.75,113.16,119.27,120.36,660.15,0.0,0.999,1.002,1.001,0.344,2,1.0,0.0,2630.762
2026-08-30T00:43:51.399Z,25.917523,87.29713,1873.67,1731.67,2170.45,332.29,332.28,1.12,-1.06,112.9,118.98,120.06,683.27,0.0,1.004,1.014,1.009,0.412,4,1.0,0.0,2631.772
2026-08-30T00:43:52.430Z,25.918028,87.296839,1885.7,1743.7,2181.84,332.8,332.8,1.31,-0.83,112.63,118.73,119.83,693.73,0.0,0.996,1.016,1.005,0.697,4,1.0,0.0,2632.821
2026-08-30T00:43:53.354Z,25.918488,87.296578,1896.49,1753.19,2192.75,332.94,332.92,1.47,-0.52,112.4,118.5,119.64,697.28,0.0,0.993,0.993,0.993,0.363,2,1.0,0.0,2633.729
2026-08-30T00:43:54.390Z,25.918997,87.296291,1908.56,1765.15,2204.41,333.11,333.1,1.35,-0.44,112.15,118.43,119.56,698.73,0.0,0.986,1.0,0.995,0.863,4,1.0,0.0,2634.764
2026-08-30T00:43:55.354Z,25.919474,87.296024,1919.64,1776.58,2216.15,333.27,333.26,1.34,-0.89,111.93,118.01,119.08,686.14,0.0,0.997,1.002,0.999,0.221,3,1.0,0.0,2635.751
2026-08-30T00:43:56.305Z,25.919941,87.295765,1930.44,1787.8,2227.15,333.54,333.54,1.36,-1.2,111.63,117.59,118.73,688.1,0.0,1.015,1.023,1.019,0.197,2,1.0,0.0,2636.712
2026-08-30T00:43:57.367Z,25.920464,87.295477,1942.75,1799.6,2239.44,333.63,333.62,1.32,-0.9,111.32,117.39,118.55,693.95,0.0,1.001,1.012,1.005,0.886,4,1.0,0.0,2637.77
2026-08-30T00:43:58.405Z,25.920978,87.295198,1954.81,1811.63,2251.46,334.11,334.12,1.3,-0.95,111.06,117.23,118.38,695.39,0.0,0.993,1.001,0.998,0.494,4,1.0,0.0,2638.808
2026-08-30T00:43:59.348Z,25.921442,87.29495,1965.8,1819.27,2262.38,334.5,334.49,1.27,-0.79,110.84,117.06,118.21,700.04,0.0,1.001,1.006,1.004,0.226,2,1.0,0.0,2639.749
2026-08-30T00:44:00.395Z,25.921962,87.294675,1978.04,1833.73,2275.4,334.78,334.77,1.18,-0.79,110.6,117.13,118.25,686.43,0.0,1.0,1.005,1.002,0.592,4,1.0,0.0,2640.797
2026-08-30T00:44:01.444Z,25.922476,87.294406,1989.62,1847.26,2286.74,335.1,335.1,1.24,-0.79,110.47,117.5,118.76,680.69,0.0,1.007,1.015,1.011,0.675,4,1.0,0.0,2641.843
2026-08-30T00:44:02.386Z,25.922945,87.294165,2000.43,1855.91,2297.33,335.28,335.28,1.35,-0.64,110.42,117.19,118.92,687.65,0.0,0.994,1.005,0.999,0.213,2,1.0,0.0,2642.784
2026-08-30T00:44:03.434Z,25.923474,87.293897,2012.59,1869.0,2309.2,335.63,335.62,1.36,-0.95,110.31,117.02,118.7,687.97,0.0,0.999,1.001,1.0,0.476,4,1.0,0.0,2643.848
2026-08-30T00:44:04.290Z,25.923903,87.293683,2022.43,1878.83,2319.8,335.71,335.71,1.3,-1.25,110.15,116.46,118.17,693.62,0.0,0.998,1.001,1.0,0.528,3,1.0,0.0,2644.694
2026-08-30T00:44:05.428Z,25.924471,87.293401,2035.2,1891.84,2333.65,335.37,335.3,1.34,-0.68,110.21,118.2,119.95,674.16,0.0,1.016,1.048,1.033,0.245,2,1.0,0.0,2645.824
2026-08-30T00:44:06.473Z,25.925004,87.293138,2046.85,1907.13,2344.76,335.56,335.61,1.2,-0.66,110.43,118.3,120.01,675.33,0.0,1.001,1.022,1.009,0.825,4,1.0,0.0,2646.881
2026-08-30T00:44:07.426Z,25.925487,87.292901,2057.71,1916.72,2354.97,337.02,337.01,1.4,-0.91,110.64,118.42,120.18,683.23,0.0,1.019,1.026,1.023,0.365,2,1.0,0.0,2647.832
2026-08-30T00:44:08.485Z,25.926029,87.292642,2070.43,1930.78,2367.01,336.56,336.55,1.28,-0.91,110.72,118.1,119.86,712.17,0.0,0.991,1.017,1.003,0.798,4,1.0,0.0,2648.882
2026-08-30T00:44:09.415Z,25.926505,87.292416,2081.41,1940.86,2377.78,337.4,337.42,1.28,-0.98,110.74,117.88,119.6,697.92,0.0,0.978,0.982,0.98,0.27,2,1.0,0.0,2649.828
2026-08-30T00:44:10.486Z,25.92705,87.292163,2093.33,1953.32,2390.21,337.91,337.88,1.23,-0.79,110.64,117.39,119.05,672.37,0.0,0.998,1.003,1.001,0.345,4,1.0,0.0,2650.889
2026-08-30T00:44:11.335Z,25.927479,87.291968,2102.53,1962.12,2399.72,337.56,337.55,1.48,-0.75,110.48,117.1,118.89,668.41,0.0,1.011,1.035,1.025,0.614,3,1.0,0.0,2651.759
2026-08-30T00:44:12.329Z,25.927989,87.291738,2113.9,1974.24,2410.9,337.6,337.61,1.29,-1.0,110.3,117.21,118.97,681.73,0.0,1.007,1.01,1.008,0.63,2,1.0,0.0,2652.757
2026-08-30T00:44:13.418Z,25.928544,87.291492,2127.03,1987.98,2423.54,338.75,338.72,1.33,-1.26,110.38,118.62,120.38,727.63,0.0,0.989,0.997,0.992,0.767,4,1.0,0.0,2653.822
2026-08-30T00:44:14.349Z,25.929034,87.291277,2138.79,1998.79,2434.9,338.08,338.09,1.24,-0.9,110.61,118.74,120.49,732.9,0.0,0.991,0.993,0.992,0.492,2,1.0,0.0,2654.762
2026-08-30T00:44:15.396Z,25.929571,87.291042,2151.14,2010.99,2447.42,338.88,338.86,1.22,-0.84,110.8,118.75,120.49,716.32,0.0,0.983,0.984,0.983,0.605,3,1.0,0.0,2655.791
2026-08-30T00:44:16.447Z,25.930124,87.290805,2163.51,2023.35,2459.52,339.05,339.05,1.29,-0.62,110.9,118.82,120.58,702.43,0.0,0.991,1.001,0.996,0.768,4,1.0,0.0,2656.867
2026-08-30T00:44:17.402Z,25.93062,87.290593,2174.26,2030.56,2470.83,339.17,339.15,1.24,-0.73,111.07,119.18,120.94,682.13,0.0,0.998,1.0,0.999,0.191,2,1.0,0.0,2657.823
2026-08-30T00:44:18.470Z,25.931176,87.290358,2186.18,2042.51,2483.74,338.96,338.96,1.47,-0.87,111.17,118.69,120.51,680.12,0.0,0.998,1.008,1.002,0.904,4,1.0,0.0,2658.88
2026-08-30T00:44:19.426Z,25.931675,87.290149,2197.02,2052.43,2494.64,339.71,339.71,1.37,-1.16,111.12,118.38,120.18,678.5,0.0,0.991,0.993,0.992,0.123,2,1.0,0.0,2659.833
2026-08-30T00:44:20.494Z,25.932233,87.289919,2209.04,2064.45,2506.25,339.94,339.93,1.3,-0.92,111.02,118.23,120.01,675.14,0.0,0.998,1.003,1.0,0.58,4,1.0,0.0,2660.907
2026-08-30T00:44:21.444Z,25.932727,87.289718,2219.96,2074.73,2516.73,340.63,340.63,1.4,-1.21,110.86,117.63,119.46,694.42,0.0,1.006,1.01,1.008,0.372,2,1.0,0.0,2661.855
2026-08-30T00:44:22.291Z,25.933167,87.28954,2230.14,2084.93,2526.63,340.44,340.43,1.35,-0.77,110.64,116.93,118.78,719.02,0.0,0.984,0.994,0.988,0.623,3,1.0,0.0,2662.706
2026-08-30T00:44:23.373Z,25.933727,87.289318,2243.58,2098.6,2539.68,340.8,340.79,1.31,-0.51,110.29,116.98,118.8,730.72,0.0,0.976,0.979,0.978,0.492,4,1.0,0.0,2663.777
2026-08-30T00:44:24.315Z,25.934219,87.289126,2255.06,2110.08,2551.19,340.8,340.8,1.39,-0.78,110.1,117.13,118.95,728.19,0.0,0.982,0.982,0.982,0.569,2,1.0,0.0,2664.73
2026-08-30T00:44:25.362Z,25.93476,87.288917,2267.55,2122.43,2563.82,341.24,341.23,1.24,-0.95,109.95,117.21,119.02,717.93,0.0,0.986,0.991,0.988,0.361,3,1.0,0.0,2665.774
2026-08-30T00:44:26.320Z,25.935259,87.288728,2278.67,2133.53,2575.21,341.48,341.49,1.26,-1.11,109.85,117.32,119.13,697.53,0.0,0.989,0.996,0.993,0.413,2,1.0,0.0,2666.724
2026-08-30T00:44:27.380Z,25.935811,87.288521,2290.17,2143.14,2587.39,341.43,341.41,1.33,-0.97,109.85,117.48,119.3,664.65,0.0,0.998,1.0,0.999,0.713,4,1.0,0.0,2667.794
2026-08-30T00:44:28.341Z,25.936315,87.288334,2300.74,2153.74,2598.25,341.99,341.99,1.5,-0.94,109.93,118.22,120.05,662.18,0.0,1.004,1.011,1.008,0.827,2,1.0,0.0,2668.748
2026-08-30T00:44:29.408Z,25.936883,87.288129,2312.74,2165.37,2610.05,342.12,342.09,1.12,-0.78,110.18,118.73,120.52,669.85,0.0,1.002,1.026,1.018,1.307,4,1.0,0.0,2669.816
2026-08-30T00:44:30.361Z,25.937387,87.287949,2322.95,2175.57,2620.37,341.92,341.91,1.27,-0.83,110.4,118.96,120.78,652.07,0.0,1.002,1.013,1.008,0.24,2,1.0,0.0,2670.76
2026-08-30T00:44:31.418Z,25.937954,87.287748,2334.34,2139.29,2631.95,342.64,342.64,1.27,-0.77,110.61,119.25,121.06,636.22,0.0,1.007,1.015,1.011,0.664,4,1.0,0.0,2671.827
2026-08-30T00:44:32.368Z,25.938458,87.287574,2343.81,2148.77,2641.82,343.0,342.99,1.35,-0.86,110.81,119.14,120.98,619.26,0.0,1.02,1.022,1.021,0.099,2,1.0,0.0,2672.781
2026-08-30T00:44:33.441Z,25.939034,87.287378,2355.04,2207.55,2652.86,343.22,343.2,1.22,-1.23,110.91,118.99,120.8,627.63,0.0,1.007,1.017,1.013,0.628,4,1.0,0.0,2673.837
2026-08-30T00:44:34.384Z,25.939538,87.287208,2364.89,2217.39,2662.69,343.82,343.82,1.33,-1.15,110.92,118.66,120.48,625.57,0.0,0.998,0.999,0.999,0.211,2,1.0,0.0,2674.783
2026-08-30T00:44:35.432Z,25.940102,87.287023,2375.8,2221.31,2673.68,345.28,345.25,1.35,-0.92,110.8,118.11,119.94,616.33,0.0,1.008,1.03,1.021,0.902,3,1.0,0.0,2675.841
2026-08-30T00:44:36.413Z,25.940623,87.286858,2385.92,2231.46,2683.75,344.16,344.15,1.35,-0.38,110.65,117.95,119.77,631.68,0.0,1.012,1.016,1.014,0.746,2,1.0,0.0,2676.822
2026-08-30T00:44:37.462Z,25.941184,87.286682,2397.62,2250.06,2695.55,344.04,344.02,1.32,-0.54,110.43,117.61,119.42,657.39,0.0,0.994,1.007,1.0,0.792,4,1.0,0.0,2677.864
2026-08-30T00:44:38.391Z,25.941677,87.286528,2408.52,2260.98,2705.61,344.71,344.73,1.39,-0.88,109.98,115.06,116.9,703.29,0.0,0.979,0.988,0.984,0.69,2,1.0,0.0,2678.796
2026-08-30T00:44:39.298Z,25.942152,87.286382,2419.9,2272.38,2716.26,345.04,345.01,1.36,-1.06,109.29,114.65,116.45,725.83,0.0,0.964,0.969,0.967,0.635,3,1.0,0.0,2679.706
2026-08-30T00:44:40.350Z,25.942697,87.286214,2432.71,2290.49,2728.22,344.34,344.33,1.45,-0.99,108.68,114.95,116.87,731.5,0.0,0.977,0.984,0.98,0.823,4,1.0,0.0,2680.741
2026-08-30T00:44:41.458Z,25.943276,87.286035,2446.26,2223.1,2743.48,345.22,345.23,1.52,0.71,108.21,114.66,116.52,727.47,0.0,0.988,0.99,0.989,0.331,3,1.0,0.0,2681.846
2026-08-30T00:44:42.294Z,25.943706,87.285901,2456.06,2232.89,2752.96,345.32,345.28,1.45,7.61,107.93,114.77,116.65,712.42,0.0,0.982,0.985,0.984,0.418,3,1.0,0.0,2682.672
2026-08-30T00:44:43.309Z,25.944233,87.285729,2467.57,2244.39,2764.55,343.95,343.91,1.21,7.48,107.68,114.81,116.64,691.6,0.0,0.983,1.001,0.992,0.496,4,1.0,0.0,2683.684
2026-08-30T00:44:44.407Z,25.944796,87.28553,2480.17,2325.23,2776.98,342.11,342.03,0.91,7.36,107.49,114.92,116.73,693.38,0.0,1.01,1.013,1.011,0.744,3,1.0,0.0,2684.776
2026-08-30T00:44:45.389Z,25.945296,87.28534,2491.61,2343.28,2788.31,341.23,341.22,1.04,7.07,107.38,114.93,116.76,698.83,0.0,1.004,1.026,1.017,0.583,3,1.0,0.0,2685.758
2026-08-30T00:44:46.463Z,25.945847,87.285118,2504.28,2355.91,2800.86,340.52,340.47,1.44,7.43,107.26,114.71,116.64,697.33,0.0,0.997,1.003,1.001,0.75,3,1.0,0.0,2686.847
2026-08-30T00:44:47.307Z,25.946271,87.284936,2513.96,2365.6,2810.31,339.58,339.59,1.56,7.99,107.08,114.25,116.25,690.72,0.0,0.993,0.995,0.994,0.498,3,1.0,0.0,2687.691
2026-08-30T00:44:48.340Z,25.946784,87.284701,2525.38,2380.12,2821.16,339.38,339.34,1.55,7.87,106.88,114.2,116.26,667.24,0.0,0.983,0.992,0.987,1.033,4,1.0,0.0,2688.718
2026-08-30T00:44:49.436Z,25.947325,87.284439,2536.96,2393.38,2833.35,339.63,339.46,1.5,7.17,106.68,114.09,116.19,640.57,0.0,0.979,0.996,0.986,0.806,3,1.0,0.0,2689.817
2026-08-30T00:44:50.463Z,25.947828,87.284186,2548.23,2404.68,2844.77,333.09,333.07,1.29,8.1,106.56,114.18,116.18,671.41,0.0,1.019,1.06,1.042,0.69,4,1.0,0.0,2690.842
2026-08-30T00:44:51.373Z,25.948269,87.283948,2559.42,2409.94,2855.61,333.73,333.71,1.19,7.65,106.48,114.17,116.21,718.4,0.0,1.028,1.04,1.034,0.023,2,1.0,0.0,2691.75
2026-08-30T00:44:52.407Z,25.948765,87.283671,2572.66,2423.17,2868.07,331.79,331.73,1.25,7.64,106.45,114.28,116.27,756.06,0.0,1.0,1.025,1.016,0.991,4,1.0,0.0,2692.782
2026-08-30T00:44:53.419Z,25.949247,87.283387,2585.94,2382.12,2881.06,330.17,330.13,1.52,7.55,106.44,114.4,116.47,775.42,0.0,1.008,1.011,1.01,0.566,4,1.0,0.0,2693.793
2026-08-30T00:44:54.295Z,25.94966,87.283133,2597.25,2393.41,2892.05,328.64,328.59,1.32,7.64,106.42,114.53,116.58,772.19,0.0,1.021,1.03,1.026,0.574,2,1.0,0.0,2694.667
2026-08-30T00:44:55.463Z,25.950201,87.282782,2612.46,2466.75,2907.48,327.34,327.28,1.48,7.54,106.37,114.02,116.11,790.04,0.0,1.022,1.031,1.027,0.753,4,1.0,0.0,2695.856
2026-08-30T00:44:56.388Z,25.950628,87.282494,2625.22,2479.52,2919.93,326.55,326.52,1.26,7.26,106.29,114.18,116.22,816.9,0.0,1.02,1.029,1.024,0.443,2,1.0,0.0,2696.764
2026-08-30T00:44:57.403Z,25.951092,87.282167,2639.51,2492.79,2934.02,324.33,324.26,1.47,7.28,106.11,112.91,115.12,830.98,0.0,1.01,1.027,1.018,1.016,4,1.0,0.0,2697.792
2026-08-30T00:44:58.432Z,25.951545,87.281834,2655.2,2508.56,2949.56,323.97,323.97,1.09,7.61,105.61,111.77,113.87,932.39,0.0,0.996,1.042,1.024,1.508,4,1.0,0.0,2698.819
2026-08-30T00:44:59.332Z,25.951932,87.281537,2670.33,2523.68,2963.96,323.13,323.07,1.16,7.72,105.19,111.81,113.96,970.41,0.0,0.942,0.945,0.943,0.292,2,1.0,0.0,2699.718
2026-08-30T00:45:00.362Z,25.952379,87.281183,2687.65,2542.61,2980.04,321.04,320.98,1.47,7.96,104.79,111.65,114.0,994.09,0.0,0.944,0.955,0.951,0.716,4,1.0,0.0,2700.744
2026-08-30T00:45:01.411Z,25.952819,87.280816,2705.51,2559.59,2997.69,319.76,319.72,1.37,7.66,104.49,111.76,114.1,1017.97,0.0,0.949,0.959,0.953,0.764,4,1.0,0.0,2701.782
2026-08-30T00:45:02.282Z,25.953185,87.280501,2720.61,2574.73,3013.32,318.45,318.39,1.39,7.33,104.28,111.49,113.89,1027.46,0.0,0.953,0.953,0.953,0.347,2,1.0,0.0,2702.661
2026-08-30T00:45:03.311Z,25.953605,87.280123,2738.47,2592.57,3031.15,315.37,315.27,1.64,7.39,103.99,110.74,113.47,1047.53,0.0,0.95,0.978,0.96,1.053,4,1.0,0.0,2703.704
2026-08-30T00:45:04.349Z,25.954016,87.279733,2757.02,2610.58,3048.47,315.54,315.56,1.25,7.51,103.62,110.71,113.08,1071.79,0.0,0.962,0.978,0.967,0.86,4,1.0,0.0,2704.72
2026-08-30T00:45:05.399Z,25.954432,87.279323,2776.37,2626.99,3067.04,314.43,314.35,1.32,6.99,103.35,110.64,113.08,1089.21,0.0,0.942,0.943,0.942,0.017,2,1.0,0.0,2705.784
2026-08-30T00:45:06.433Z,25.954827,87.278919,2795.41,2646.05,3085.63,312.06,312.01,1.26,2.43,103.02,110.07,112.71,1099.42,0.0,0.918,0.939,0.929,0.81,4,1.0,0.0,2706.808
2026-08-30T00:45:07.341Z,25.955176,87.278559,2811.88,2662.49,3101.74,313.58,313.62,1.52,1.0,102.79,110.05,112.46,1079.48,0.0,0.91,0.918,0.914,0.347,2,1.0,0.0,2707.726
2026-08-30T00:45:08.374Z,25.955566,87.278154,2829.8,2681.94,3120.92,314.55,314.57,1.49,1.75,102.41,108.88,111.3,1074.85,0.0,0.921,0.944,0.934,0.969,4,1.0,0.0,2708.752
2026-08-30T00:45:09.401Z,25.955954,87.277756,2849.2,2700.59,3139.2,315.83,315.81,1.34,2.12,101.85,108.46,110.78,1110.25,0.0,0.874,0.886,0.879,1.245,4,1.0,0.0,2709.785
2026-08-30T00:45:10.296Z,25.956294,87.277407,2866.48,2717.89,3155.72,316.23,316.25,1.31,2.0,101.71,110.0,112.28,1141.75,0.0,0.876,0.877,0.876,0.271,2,1.0,0.0,2710.673
2026-08-30T00:45:11.312Z,25.956682,87.27701,2884.87,2736.22,3174.92,316.94,316.94,0.7,2.29,101.83,110.71,112.81,1085.43,0.0,0.879,0.882,0.881,0.861,4,1.0,0.0,2711.691
2026-08-30T00:45:12.353Z,25.957082,87.276604,2902.42,2754.92,3193.47,316.43,316.4,0.92,1.33,101.96,110.59,112.77,1039.52,0.0,0.887,0.937,0.914,0.59,4,1.0,0.0,2712.72
2026-08-30T00:45:13.455Z,25.957508,87.276171,2920.58,2774.04,3211.91,316.55,316.51,2.41,0.37,102.05,110.52,113.0,978.1,0.0,0.882,0.889,0.885,0.854,3,1.0,0.0,2713.823
2026-08-30T00:45:14.477Z,25.957901,87.275775,2935.07,2788.49,3228.1,316.91,316.92,2.69,-1.18,102.12,111.02,113.48,872.9,0.0,0.849,0.866,0.86,0.885,4,1.0,0.0,2714.847
2026-08-30T00:45:15.520Z,25.958312,87.275365,2948.08,2800.59,3241.98,317.4,317.39,2.76,-1.18,102.31,111.52,113.96,776.11,0.0,0.885,0.896,0.89,0.473,2,1.0,0.0,2715.893
2026-08-30T00:45:16.345Z,25.958639,87.275042,2957.77,2810.27,3252.36,317.82,317.8,3.02,-0.83,102.5,111.76,114.22,724.98,0.0,0.904,0.915,0.911,1.429,3,1.0,0.0,2716.727
2026-08-30T00:45:17.388Z,25.959051,87.274638,2969.14,2821.66,3266.31,317.5,317.52,3.5,-0.68,102.78,112.43,115.02,677.28,0.0,0.899,0.955,0.93,1.194,4,1.0,0.0,2717.763
2026-08-30T00:45:18.488Z,25.959495,87.274208,2980.95,2834.46,3278.46,319.3,319.28,2.85,-1.39,103.09,112.79,115.23,649.35,0.0,0.908,0.919,0.915,0.722,3,1.0,0.0,2718.88
2026-08-30T00:45:19.329Z,25.959835,87.273884,2989.39,2842.89,3287.29,318.83,318.82,2.62,-1.76,103.39,113.46,115.9,615.87,0.0,0.923,0.928,0.926,0.743,3,1.0,0.0,2719.712
2026-08-30T00:45:20.355Z,25.960251,87.273491,2999.4,2850.96,3297.62,319.28,319.26,3.23,-1.56,103.6,112.4,114.97,600.54,0.0,0.922,0.94,0.933,0.286,4,1.0,0.0,2720.728
2026-08-30T00:45:21.458Z,25.9607,87.27307,3010.53,2861.9,3308.67,319.58,319.58,3.38,0.02,103.7,112.93,115.55,602.48,0.0,0.927,0.939,0.933,0.603,3,1.0,0.0,2721.833
2026-08-30T00:45:22.490Z,25.961122,87.272675,3020.63,2872.01,3319.2,320.37,320.36,3.13,2.46,103.91,113.63,116.22,586.97,0.0,0.913,0.925,0.918,0.56,4,1.0,0.0,2722.868
2026-08-30T00:45:23.387Z,25.961494,87.272326,3029.13,2880.5,3328.21,320.31,320.28,2.98,2.14,104.21,114.33,116.83,574.18,0.0,0.917,0.922,0.92,0.017,2,1.0,0.0,2723.764
2026-08-30T00:45:24.427Z,25.961921,87.271927,3038.82,2893.22,3337.8,319.85,319.83,2.88,2.03,104.61,114.81,117.29,567.43,0.0,0.925,0.929,0.927,0.617,4,1.0,0.0,2724.802
2026-08-30T00:45:25.408Z,25.96233,87.271538,3048.08,2902.49,3346.99,319.69,319.67,2.94,2.13,104.99,115.11,117.61,562.49,0.0,0.923,0.93,0.927,0.887,3,1.0,0.0,2725.787
2026-08-30T00:45:26.308Z,25.962703,87.271184,3056.43,2910.94,3355.12,319.48,319.46,3.05,2.26,105.3,115.49,117.95,554.53,0.0,0.914,0.914,0.914,0.206,2,1.0,0.0,2726.687
2026-08-30T00:45:27.340Z,25.963129,87.270774,3065.53,2920.05,3364.14,319.37,319.35,3.06,2.24,105.68,115.97,118.39,530.27,0.0,0.915,0.918,0.916,0.44,4,1.0,0.0,2727.727
2026-08-30T00:45:28.442Z,25.963582,87.270335,3074.76,2929.21,3374.98,318.59,318.56,2.99,2.04,106.08,116.48,118.94,512.66,0.0,0.925,0.942,0.932,1.126,4,1.0,0.0,2728.816
2026-08-30T00:45:29.335Z,25.963953,87.269972,3082.23,2936.69,3383.35,318.54,318.51,3.23,2.09,106.43,116.9,119.43,512.29,0.0,0.921,0.936,0.929,0.088,2,1.0,0.0,2729.715
2026-08-30T00:45:30.350Z,25.964373,87.269556,3091.29,2945.08,3392.02,318.22,318.2,3.05,2.48,106.85,117.48,119.98,522.44,0.0,0.912,0.923,0.916,0.479,4,1.0,0.0,2730.745
2026-08-30T00:45:31.405Z,25.964806,87.269122,3100.01,2953.79,3400.28,318.31,318.29,2.95,2.23,107.27,117.83,120.3,500.97,0.0,0.909,0.92,0.915,0.75,4,1.0,0.0,2731.781
2026-08-30T00:45:32.310Z,25.965181,87.268744,3107.19,2960.64,3407.45,317.99,317.96,3.09,2.16,107.62,118.18,120.65,483.55,0.0,0.92,0.927,0.923,0.958,2,1.0,0.0,2732.691
2026-08-30T00:45:33.349Z,25.965609,87.26831,3115.4,2968.85,3415.67,317.68,317.66,3.05,2.12,108.01,118.62,121.06,476.63,0.0,0.923,0.933,0.928,0.717,4,1.0,0.0,2733.73
2026-08-30T00:45:34.367Z,25.966029,87.267881,3123.31,2975.98,3423.55,318.07,318.02,3.23,2.09,108.26,117.88,120.34,469.71,0.0,0.917,0.925,0.922,0.733,4,1.0,0.0,2734.748
2026-08-30T00:45:35.427Z,25.96646,87.267438,3131.57,2984.23,3431.66,317.31,317.29,2.9,2.64,108.41,118.76,121.12,463.89,0.0,0.919,0.929,0.924,0.673,2,1.0,0.0,2735.799
2026-08-30T00:45:36.457Z,25.966886,87.267001,3138.7,2990.73,3439.53,317.52,317.51,2.78,2.25,108.75,119.43,121.69,428.0,0.0,0.895,0.921,0.908,0.649,4,1.0,0.0,2736.828
2026-08-30T00:45:37.353Z,25.967256,87.266619,3144.41,2996.43,3445.94,317.25,317.22,2.98,1.91,109.11,119.97,122.17,363.36,0.0,0.9,0.908,0.904,0.125,2,1.0,0.0,2737.746
2026-08-30T00:45:38.413Z,25.967693,87.266164,3148.0,3001.02,3451.52,316.78,316.75,3.34,1.97,109.52,120.44,122.7,254.69,0.0,0.981,1.043,1.017,0.524,4,1.0,0.0,2738.783
2026-08-30T00:45:39.437Z,25.968116,87.26572,3151.75,3004.8,3455.8,316.52,316.48,3.38,2.16,109.95,120.79,123.1,239.53,0.0,1.012,1.018,1.014,0.536,4,1.0,0.0,2739.827
2026-08-30T00:45:40.358Z,25.968499,87.265314,3155.73,3008.61,3459.53,316.41,316.4,3.13,2.46,110.29,121.31,123.59,253.17,0.0,1.003,1.006,1.005,0.628,2,1.0,0.0,2740.746
2026-08-30T00:45:41.388Z,25.968923,87.26486,3159.34,3012.19,3463.68,316.09,316.05,2.93,2.25,110.7,121.35,123.54,213.3,0.0,1.009,1.033,1.019,0.828,4,1.0,0.0,2741.771
2026-08-30T00:45:42.418Z,25.969343,87.264404,3163.15,3004.35,3467.37,315.62,315.6,2.93,2.25,111.0,121.67,123.9,231.83,0.0,1.035,1.047,1.042,0.722,4,1.0,0.0,2742.798
2026-08-30T00:45:43.327Z,25.969713,87.263999,3167.03,3008.23,3470.95,315.49,315.46,3.03,2.16,111.27,121.82,123.97,243.54,0.0,1.008,1.009,1.008,0.115,2,1.0,0.0,2743.7
2026-08-30T00:45:44.353Z,25.970134,87.263534,3170.78,3018.74,3475.22,315.17,315.14,3.09,2.2,111.48,121.87,124.1,219.98,0.0,1.006,1.023,1.014,0.763,4,1.0,0.0,2744.752
2026-08-30T00:45:45.377Z,25.970548,87.263073,3174.36,3022.32,3479.24,314.95,314.93,3.2,2.29,111.71,122.2,124.44,212.71,0.0,1.004,1.015,1.009,0.545,3,1.0,0.0,2745.787
2026-08-30T00:45:46.346Z,25.970941,87.26263,3177.73,3030.32,3482.53,314.61,314.58,3.35,2.28,111.94,122.58,124.82,209.23,0.0,1.004,1.006,1.005,0.354,2,1.0,0.0,2746.724
2026-08-30T00:45:47.378Z,25.971358,87.262155,3181.05,3033.63,3485.86,314.38,314.35,3.02,2.25,112.22,122.99,125.21,202.48,0.0,0.986,1.013,0.994,0.731,4,1.0,0.0,2747.753
2026-08-30T00:45:48.399Z,25.971769,87.261685,3185.13,3038.19,3489.37,314.1,314.07,2.77,2.16,112.52,123.28,125.48,239.74,0.0,1.023,1.039,1.03,0.939,4,1.0,0.0,2748.78
2026-08-30T00:45:49.314Z,25.972135,87.26126,3189.5,3042.58,3493.13,313.89,313.86,2.75,2.16,112.76,123.48,125.7,272.91,0.0,1.017,1.021,1.019,0.077,2,1.0,0.0,2749.688
2026-08-30T00:45:50.336Z,25.972546,87.260781,3194.64,3043.94,3497.88,313.7,313.67,2.84,2.17,113.01,123.68,125.94,290.55,0.0,0.997,1.01,1.003,0.371,4,1.0,0.0,2750.722
2026-08-30T00:45:51.358Z,25.972958,87.260296,3199.73,3049.04,3502.88,313.44,313.41,2.84,2.23,113.25,123.92,126.2,293.8,0.0,0.996,1.0,0.998,0.405,4,1.0,0.0,2751.752
2026-08-30T00:45:52.471Z,25.973403,87.259767,3205.1,3056.74,3507.75,313.2,313.17,2.87,2.26,113.5,124.18,126.48,288.29,0.0,0.994,1.001,0.997,0.877,3,1.0,0.0,2752.852
2026-08-30T00:45:53.298Z,25.973732,87.259374,3209.0,3060.64,3510.82,312.98,312.96,2.86,2.23,113.68,124.36,126.68,286.1,0.0,0.993,1.002,0.999,1.077,3,1.0,0.0,2753.678
2026-08-30T00:45:54.317Z,25.974136,87.258886,3213.83,3065.34,3515.86,312.74,312.71,2.81,2.2,113.9,124.59,126.92,284.36,0.0,0.995,1.004,1.0,0.857,4,1.0,0.0,2754.704
2026-08-30T00:45:55.395Z,25.974562,87.258368,3218.81,3070.33,3520.74,312.48,312.46,2.81,2.19,114.12,124.83,127.16,279.59,0.0,0.994,0.997,0.996,0.59,2,1.0,0.0,2755.768
2026-08-30T00:45:56.415Z,25.974966,87.257872,3223.48,3072.89,3524.94,312.39,312.37,2.71,2.05,114.35,125.2,127.5,274.85,0.0,0.992,1.0,0.997,0.628,4,1.0,0.0,2756.796
2026-08-30T00:45:57.324Z,25.975323,87.257429,3227.52,3076.93,3529.45,312.05,312.02,2.86,2.22,114.56,125.3,127.6,267.21,0.0,0.992,0.995,0.994,0.152,2,1.0,0.0,2757.714
2026-08-30T00:45:58.363Z,25.975731,87.256919,3232.11,3084.34,3535.49,311.6,311.57,2.82,2.12,114.77,125.62,127.91,262.2,0.0,0.972,0.992,0.983,0.998,4,1.0,0.0,2758.754
2026-08-30T00:45:59.395Z,25.976134,87.256406,3236.05,3088.26,3540.62,311.18,311.16,2.86,2.26,115.03,126.17,128.46,233.63,0.0,0.983,0.999,0.993,0.6,4,1.0,0.0,2759.795
2026-08-30T00:46:00.348Z,25.976505,87.255931,3239.38,3088.2,3544.69,310.98,310.95,2.9,2.24,115.37,126.85,129.16,220.85,0.0,0.994,0.997,0.996,0.122,2,1.0,0.0,2760.744
2026-08-30T00:46:01.404Z,25.976915,87.255398,3243.24,3092.07,3548.22,310.47,310.44,2.85,2.35,115.77,127.21,129.51,221.91,0.0,0.998,1.004,1.001,0.565,4,1.0,0.0,2761.836
2026-08-30T00:46:02.303Z,25.977268,87.254937,3246.63,3091.81,3551.21,310.38,310.35,2.73,2.19,116.07,127.4,129.65,223.83,0.0,0.998,1.002,1.0,0.808,3,1.0,0.0,2762.708
2026-08-30T00:46:03.484Z,25.977716,87.254337,3250.9,3103.31,3555.45,310.29,310.27,2.74,2.07,116.43,127.59,129.81,216.41,0.0,0.992,0.993,0.992,0.602,3,1.0,0.0,2763.955
2026-08-30T00:46:04.409Z,25.978079,87.253861,3253.89,3106.21,3558.56,309.86,309.83,2.59,2.33,116.65,127.85,129.98,183.49,0.0,0.98,1.0,0.989,0.627,3,1.0,0.0,2764.801
2026-08-30T00:46:05.503Z,25.9785,87.2533,3256.27,3108.59,3561.64,309.74,309.7,2.84,2.26,116.94,128.38,130.54,149.74,0.0,1.017,1.02,1.019,0.281,2,1.0,0.0,2765.889
2026-08-30T00:46:06.355Z,25.978827,87.252861,3258.16,3110.54,3563.71,309.61,309.58,2.95,2.2,117.19,128.53,130.7,142.49,0.0,1.006,1.008,1.007,0.785,3,1.0,0.0,2766.73
2026-08-30T00:46:07.368Z,25.979218,87.252331,3260.45,3112.83,3565.93,309.43,309.4,2.82,2.39,117.49,128.85,131.01,132.25,0.0,1.001,1.005,1.004,0.511,4,1.0,0.0,2767.743
2026-08-30T00:46:08.455Z,25.979632,87.251764,3262.95,3114.43,3568.11,308.91,308.89,2.71,2.28,117.78,128.91,131.1,160.99,0.0,1.023,1.032,1.027,0.824,3,1.0,0.0,2768.821
2026-08-30T00:46:09.457Z,25.980015,87.251236,3266.67,3118.14,3570.94,308.93,308.91,2.74,1.9,117.98,129.04,131.23,196.23,0.0,0.991,1.0,0.996,0.72,4,1.0,0.0,2769.82
2026-08-30T00:46:10.315Z,25.980339,87.250785,3269.51,3120.17,3573.76,308.55,308.51,2.66,1.69,118.16,129.29,131.45,196.46,0.0,0.999,1.0,0.999,0.216,2,1.0,0.0,2770.666
2026-08-30T00:46:11.313Z,25.980715,87.250255,3272.67,3123.32,3576.67,308.25,308.22,2.99,2.44,118.35,129.39,131.6,189.09,0.0,0.984,0.994,0.988,0.82,4,1.0,0.0,2771.656
2026-08-30T00:46:12.296Z,25.981082,87.249733,3275.58,3127.76,3579.43,307.72,307.7,2.83,2.65,118.52,129.69,131.86,177.11,0.0,0.989,1.002,0.996,0.695,4,1.0,0.0,2772.626
2026-08-30T00:46:13.306Z,25.981462,87.249185,3278.06,3130.23,3582.38,307.85,307.81,2.91,2.4,118.73,129.92,132.11,156.35,0.0,1.004,1.016,1.012,0.427,3,1.0,0.0,2773.647
2026-08-30T00:46:14.306Z,25.981831,87.24865,3280.63,3132.44,3584.78,307.39,307.36,2.89,2.24,118.91,130.05,132.26,159.38,0.0,1.008,1.011,1.009,0.364,4,1.0,0.0,2774.646
2026-08-30T00:46:15.304Z,25.982201,87.248106,3283.43,3135.24,3588.25,307.26,307.23,2.95,1.92,119.05,129.73,131.97,164.97,0.0,1.008,1.009,1.009,0.369,3,1.0,0.0,2775.7
2026-08-30T00:46:16.433Z,25.982614,87.247496,3286.81,3137.78,3591.73,307.17,307.15,2.89,2.15,119.05,129.62,131.86,175.38,0.0,0.998,1.0,0.999,0.704,3,1.0,0.0,2776.823
2026-08-30T00:46:17.472Z,25.982994,87.246932,3289.93,3140.9,3594.87,307.01,306.98,2.87,2.24,119.08,129.74,131.97,179.78,0.0,1.0,1.004,1.002,0.665,4,1.0,0.0,2777.866
2026-08-30T00:46:18.404Z,25.983329,87.246428,3292.76,3143.95,3597.68,306.65,306.62,2.83,2.31,119.11,129.74,131.98,185.92,0.0,0.995,0.999,0.997,0.728,2,1.0,0.0,2778.796
2026-08-30T00:46:19.446Z,25.983707,87.24585,3296.67,3147.89,3601.15,305.89,305.86,2.72,2.4,119.11,129.73,131.97,213.61,0.0,0.998,1.009,1.002,1.327,4,1.0,0.0,2779.838
2026-08-30T00:46:20.475Z,25.984074,87.245281,3300.56,3151.64,3604.87,305.09,305.06,2.83,2.24,119.13,129.89,132.15,220.24,0.0,0.985,1.014,1.005,0.463,4,1.0,0.0,2780.867
2026-08-30T00:46:21.395Z,25.984397,87.244775,3303.74,3154.83,3608.18,305.57,305.55,2.73,2.15,119.2,130.01,132.22,211.11,0.0,0.99,0.991,0.99,0.294,2,1.0,0.0,2781.789
2026-08-30T00:46:22.436Z,25.984765,87.244192,3307.21,3160.08,3611.79,305.2,305.17,2.75,2.17,119.27,130.09,132.31,202.29,0.0,0.992,0.997,0.995,0.587,4,1.0,0.0,2782.807
2026-08-30T00:46:23.470Z,25.985125,87.243617,3310.56,3163.42,3615.24,305.11,305.06,2.8,1.89,119.39,130.79,133.0,194.72,0.0,1.0,1.01,1.006,1.005,4,1.0,0.0,2783.824
2026-08-30T00:46:24.371Z,25.985441,87.243105,3313.49,3165.51,3618.2,304.03,304.02,2.81,2.41,119.61,131.09,133.34,194.99,0.0,1.003,1.013,1.008,0.25,2,1.0,0.0,2784.732
2026-08-30T00:46:25.316Z,25.985767,87.24257,3316.41,3168.42,3621.23,304.3,304.27,2.81,2.29,119.82,131.18,133.41,186.3,0.0,0.993,0.994,0.993,0.458,3,1.0,0.0,2785.704
2026-08-30T00:46:26.339Z,25.986119,87.241987,3319.19,3169.43,3624.33,303.98,303.95,2.85,2.25,120.01,131.3,133.5,165.04,0.0,0.982,0.99,0.986,0.804,4,1.0,0.0,2786.755
2026-08-30T00:46:27.489Z,25.986513,87.24133,3321.67,3171.87,3627.32,303.53,303.49,2.78,2.2,120.2,131.57,133.75,129.89,0.0,0.987,0.997,0.993,0.449,3,1.0,0.0,2787.852
2026-08-30T00:46:28.300Z,25.986789,87.240863,3322.96,3172.49,3629.01,303.4,303.39,2.86,2.22,120.35,131.86,134.07,111.47,0.0,0.995,1.01,1.002,0.855,3,1.0,0.0,2788.689
2026-08-30T00:46:29.346Z,25.987143,87.240259,3324.65,3174.17,3630.91,303.02,302.98,2.94,2.13,120.62,132.29,134.5,103.33,0.0,1.007,1.019,1.012,0.619,4,1.0,0.0,2789.743
2026-08-30T00:46:30.480Z,25.987524,87.239603,3326.69,3176.43,3632.87,302.79,302.76,2.77,2.18,120.88,132.1,134.29,110.32,0.0,1.003,1.007,1.005,0.736,3,1.0,0.0,2790.856
2026-08-30T00:46:31.312Z,25.987804,87.239117,3328.23,3177.95,3634.41,302.99,302.97,2.82,2.14,121.0,132.35,134.52,106.12,0.0,0.991,1.002,0.995,0.672,3,1.0,0.0,2791.698
2026-08-30T00:46:32.337Z,25.988148,87.238517,3329.9,3181.9,3636.19,302.53,302.5,2.85,2.25,121.15,132.42,134.58,99.59,0.0,0.996,0.999,0.998,0.474,4,1.0,0.0,2792.734
2026-08-30T00:46:33.462Z,25.988521,87.237856,3331.65,3183.64,3638.03,302.3,302.27,2.85,2.25,121.28,132.48,134.66,94.28,0.0,0.993,0.999,0.996,0.773,3,1.0,0.0,2793.853
2026-08-30T00:46:34.308Z,25.9888,87.237362,3332.89,3185.07,3639.33,302.16,302.13,2.81,2.21,121.38,132.81,134.98,88.68,0.0,0.994,1.0,0.997,0.591,3,1.0,0.0,2794.689
2026-08-30T00:46:35.300Z,25.989127,87.236775,3334.18,3186.37,3642.98,301.79,301.76,2.85,2.21,121.54,133.12,135.34,84.65,0.0,0.993,1.003,0.998,0.662,3,1.0,0.0,2795.692
2026-08-30T00:46:36.421Z,25.989494,87.236108,3335.97,3189.22,3645.07,301.91,301.87,2.9,2.09,121.8,133.32,135.53,85.05,0.0,0.982,0.984,0.983,0.362,3,1.0,0.0,2796.81
2026-08-30T00:46:37.447Z,25.989828,87.235496,3337.06,3190.3,3647.3,301.35,301.35,2.69,2.32,122.02,133.7,135.87,68.44,0.0,0.998,1.008,1.004,0.458,4,1.0,0.0,2797.84
2026-08-30T00:46:38.356Z,25.990119,87.23495,3337.59,3188.53,3649.12,303.17,303.17,2.76,2.03,122.14,133.17,135.37,38.65,0.0,0.998,0.999,0.999,0.3,2,1.0,0.0,2798.755
2026-08-30T00:46:39.392Z,25.990448,87.234331,3337.46,3188.38,3648.55,303.55,303.53,2.93,1.88,122.1,132.33,134.65,0.74,0.0,0.987,1.008,0.996,0.735,4,1.0,0.0,2799.784
2026-08-30T00:46:40.434Z,25.990775,87.233708,3337.4,3188.7,3649.42,304.66,304.67,2.86,1.82,121.87,131.75,134.29,4.65,0.0,0.995,1.013,1.006,0.541,4,1.0,0.0,2800.825
2026-08-30T00:46:41.343Z,25.991057,87.233164,3337.19,3188.47,3648.79,305.36,305.35,2.84,1.86,121.59,131.23,133.95,-15.37,0.0,0.977,0.977,0.977,0.128,2,1.0,0.0,2801.735
2026-08-30T00:46:42.386Z,25.991378,87.23254,3336.06,3177.8,3648.62,305.29,305.26,2.78,2.25,121.29,131.19,133.88,-56.39,0.0,0.989,0.997,0.993,0.646,4,1.0,0.0,2802.769
2026-08-30T00:46:43.406Z,25.991689,87.231928,3334.72,3176.46,3647.61,305.22,305.18,2.93,2.9,121.05,131.24,134.1,-72.44,0.0,1.0,1.014,1.008,0.939,4,1.0,0.0,2803.799
2026-08-30T00:46:44.315Z,25.991963,87.231382,3333.18,3182.24,3646.41,304.83,304.83,2.9,2.38,120.95,131.22,134.09,-87.84,0.0,1.007,1.014,1.01,0.31,2,1.0,0.0,2804.712
2026-08-30T00:46:45.324Z,25.992265,87.230772,3331.89,3180.96,3642.52,305.05,305.0,2.8,2.07,120.83,131.47,134.4,-86.18,0.0,1.001,1.011,1.005,0.529,3,1.0,0.0,2805.708
2026-08-30T00:46:46.359Z,25.992574,87.230143,3330.04,3179.56,3640.02,304.44,304.39,3.03,2.18,120.8,131.39,134.28,-91.84,0.0,1.01,1.029,1.018,0.673,4,1.0,0.0,2806.746
2026-08-30T00:46:47.485Z,25.992902,87.22946,3328.71,3178.22,3638.1,307.06,307.14,2.73,1.52,120.64,130.15,134.07,-82.55,0.0,0.994,1.014,1.003,0.325,3,1.0,0.0,2807.869
2026-08-30T00:46:48.310Z,25.993143,87.228954,3327.13,3175.75,3636.75,307.77,307.69,2.77,1.46,120.31,129.74,133.61,-111.43,0.0,0.965,0.973,0.968,0.563,3,1.0,0.0,2808.7
2026-08-30T00:46:49.449Z,25.993472,87.228263,3324.19,3172.81,3634.34,302.91,302.76,2.85,2.64,120.11,130.75,133.3,-140.77,0.0,0.972,1.004,0.983,0.895,4,1.0,0.0,2809.841
2026-08-30T00:46:50.363Z,25.993733,87.227706,3322.3,3173.13,3632.26,299.38,299.32,2.9,3.56,120.15,131.13,133.37,-113.74,0.0,1.039,1.05,1.045,0.615,2,1.0,0.0,2810.768
2026-08-30T00:46:51.405Z,25.994022,87.227069,3321.7,3172.57,3630.61,298.35,298.3,2.99,6.35,120.26,131.54,133.9,-46.59,0.0,1.034,1.049,1.044,1.554,4,1.0,0.0,2811.795
2026-08-30T00:46:52.445Z,25.994306,87.226425,3322.28,3173.6,3630.13,297.63,297.57,2.79,0.15,120.46,131.95,134.37,16.67,0.0,1.031,1.035,1.032,1.018,4,1.0,0.0,2812.839
2026-08-30T00:46:53.375Z,25.99456,87.225847,3323.99,3175.35,3630.73,296.17,296.14,2.65,-5.04,120.79,132.98,135.21,89.58,0.0,1.014,1.029,1.022,2.19,2,1.0,0.0,2813.775
2026-08-30T00:46:54.435Z,25.994855,87.225188,3326.29,3176.7,3632.48,297.27,297.27,2.86,-4.71,121.14,133.0,135.24,108.29,0.0,0.976,0.987,0.983,0.533,4,1.0,0.0,2814.825
2026-08-30T00:46:55.442Z,25.995143,87.224564,3328.11,3178.51,3634.31,298.21,298.21,2.87,-4.0,121.4,132.87,135.05,98.28,0.0,0.984,0.992,0.987,0.852,3,1.0,0.0,2815.844
2026-08-30T00:46:56.364Z,25.995413,87.224001,3328.62,3177.12,3635.58,299.05,299.04,2.79,-7.45,121.53,132.69,134.85,55.25,0.0,1.015,1.028,1.022,0.548,2,1.0,0.0,2816.766
2026-08-30T00:46:57.413Z,25.995733,87.223366,3329.43,3177.95,3636.52,299.82,299.83,2.71,-13.32,121.63,132.78,134.89,53.7,0.0,1.001,1.019,1.009,0.635,4,1.0,0.0,2817.81
2026-08-30T00:46:58.459Z,25.99607,87.222744,3330.24,3170.3,3637.41,302.65,302.71,3.27,-12.49,121.7,132.52,134.69,43.39,0.0,0.993,1.03,1.008,1.076,4,1.0,0.0,2818.863
2026-08-30T00:46:59.393Z,25.996384,87.222202,3330.25,3170.29,3637.92,304.68,304.67,3.05,-12.06,121.62,132.06,134.18,12.32,0.0,1.034,1.04,1.037,0.384,2,1.0,0.0,2819.794
2026-08-30T00:47:00.438Z,25.996752,87.221608,3330.28,3159.51,3638.06,305.89,305.9,3.04,-11.75,121.42,131.19,133.3,13.73,0.0,1.048,1.055,1.051,0.667,4,1.0,0.0,2820.846
2026-08-30T00:47:01.304Z,25.997066,87.221132,3330.68,3159.91,3638.3,307.17,307.18,2.91,-12.41,121.13,130.6,132.72,21.61,0.0,1.053,1.058,1.055,0.622,3,1.0,0.0,2821.696
2026-08-30T00:47:02.437Z,25.997495,87.220523,3331.59,3179.9,3638.86,309.06,309.06,2.86,-12.77,120.8,130.63,132.76,48.5,0.0,1.042,1.052,1.047,0.578,3,1.0,0.0,2822.83
2026-08-30T00:47:03.487Z,25.99791,87.219974,3333.14,3181.46,3639.87,310.41,310.42,2.85,-12.93,120.5,130.26,132.43,78.77,0.0,1.03,1.043,1.035,0.531,4,1.0,0.0,2823.884
2026-08-30T00:47:04.415Z,25.998287,87.219503,3334.51,3182.87,3643.68,312.49,312.52,2.86,-12.66,120.3,130.47,132.6,80.86,0.0,1.012,1.018,1.015,0.011,2,1.0,0.0,2824.803
2026-08-30T00:47:05.427Z,25.998714,87.219002,3335.79,3184.16,3646.33,314.17,314.17,3.12,-10.76,120.18,130.55,132.68,79.54,0.0,1.017,1.02,1.018,0.882,3,1.0,0.0,2825.822
2026-08-30T00:47:06.472Z,25.999169,87.218495,3337.48,3186.26,3646.58,315.84,315.84,2.91,1.92,120.11,130.67,132.76,86.08,0.0,0.991,1.037,1.016,0.71,4,1.0,0.0,2826.863
2026-08-30T00:47:07.386Z,25.999563,87.218055,3338.44,3187.21,3648.33,315.52,315.47,3.04,7.92,120.04,130.49,132.6,68.45,0.0,0.983,0.992,0.988,0.254,2,1.0,0.0,2827.762
2026-08-30T00:47:08.401Z,25.999995,87.217556,3339.38,3187.56,3649.43,314.1,314.06,2.96,7.04,120.03,130.87,132.98,59.42,0.0,1.003,1.019,1.008,1.049,4,1.0,0.0,2828.778
2026-08-30T00:47:09.422Z,26.000426,87.217045,3340.49,3188.68,3650.7,313.43,313.4,2.97,-1.42,120.08,131.03,133.14,66.78,0.0,1.008,1.016,1.013,0.818,4,1.0,0.0,2829.799
2026-08-30T00:47:10.323Z,26.000805,87.216595,3341.61,3188.24,3652.57,313.28,313.26,3.0,-1.35,120.15,131.3,133.42,74.5,0.0,0.998,0.999,0.999,0.317,2,1.0,0.0,2830.731
2026-08-30T00:47:11.376Z,26.001252,87.216068,3343.1,3189.73,3652.21,312.93,312.93,2.59,-0.86,120.27,131.34,133.37,76.45,0.0,0.967,0.995,0.979,0.429,4,1.0,0.0,2831.771
2026-08-30T00:47:12.411Z,26.00169,87.215556,3344.2,3191.52,3654.58,314.29,314.26,3.14,-1.31,120.21,129.97,132.04,54.26,0.0,0.982,1.017,1.003,0.542,4,1.0,0.0,2832.788
2026-08-30T00:47:13.309Z,26.00207,87.215113,3344.37,3191.69,3654.53,313.98,313.97,3.16,-1.84,119.99,129.93,132.03,37.96,0.0,1.037,1.04,1.039,0.536,2,1.0,0.0,2833.686
2026-08-30T00:47:14.342Z,26.002508,87.214607,3345.74,3192.13,3655.24,314.16,314.14,2.74,-2.14,119.82,130.14,132.22,80.93,0.0,1.031,1.05,1.041,1.008,4,1.0,0.0,2834.72
2026-08-30T00:47:15.323Z,26.002925,87.214127,3347.67,3194.05,3656.38,314.2,314.18,2.47,-1.35,119.82,130.82,132.85,102.12,0.0,1.03,1.037,1.032,0.593,3,1.0,0.0,2835.695
2026-08-30T00:47:16.410Z,26.003393,87.213595,3349.92,3195.75,3657.98,315.22,315.21,3.0,-1.01,119.9,130.79,132.91,120.21,0.0,0.997,1.019,1.007,0.919,3,1.0,0.0,2836.788
2026-08-30T00:47:17.438Z,26.003835,87.213098,3352.4,3198.24,3659.93,315.39,315.38,3.02,-1.44,119.96,130.97,133.12,141.4,0.0,0.994,1.013,1.002,0.603,4,1.0,0.0,2837.825
2026-08-30T00:47:18.344Z,26.004233,87.212658,3355.0,3202.6,3661.82,315.08,315.04,2.9,-1.76,120.04,131.04,133.11,164.89,0.0,0.97,0.977,0.974,0.213,2,1.0,0.0,2838.722
2026-08-30T00:47:19.376Z,26.004683,87.212162,3357.4,3204.97,3665.0,315.49,315.47,2.81,-1.82,120.07,130.85,132.9,132.8,0.0,0.956,0.969,0.96,0.859,4,1.0,0.0,2839.755
2026-08-30T00:47:20.411Z,26.005137,87.211665,3359.34,3205.62,3666.56,315.92,315.9,2.87,-1.67,120.09,130.92,133.0,121.98,0.0,1.005,1.011,1.007,0.327,4,1.0,0.0,2840.779
2026-08-30T00:47:21.304Z,26.00553,87.211239,3361.14,3207.42,3667.75,315.95,315.93,3.0,-1.29,120.08,130.9,133.14,119.74,0.0,0.994,1.004,0.999,0.817,2,1.0,0.0,2841.677
2026-08-30T00:47:22.326Z,26.005985,87.210753,3362.93,3209.21,3669.53,316.29,316.26,2.72,-1.31,120.11,131.11,133.31,108.11,0.0,1.005,1.013,1.01,1.227,4,1.0,0.0,2842.702
2026-08-30T00:47:23.354Z,26.006444,87.210267,3364.7,3210.99,3671.01,317.03,317.02,3.05,-1.89,120.15,131.2,133.47,111.82,0.0,0.989,1.011,1.003,0.628,4,1.0,0.0,2843.727
2026-08-30T00:47:24.449Z,26.006936,87.209754,3367.13,3212.79,3673.04,317.1,317.07,2.81,-1.61,120.19,131.26,133.46,127.47,0.0,0.998,1.001,1.0,0.082,3,1.0,0.0,2844.829
2026-08-30T00:47:25.414Z,26.007373,87.209304,3369.31,3214.98,3675.08,317.27,317.25,2.75,-1.34,120.23,131.35,133.51,131.38,0.0,0.993,1.002,0.997,0.104,3,1.0,0.0,2845.782
2026-08-30T00:47:26.302Z,26.007778,87.208889,3371.12,3213.75,3676.97,317.46,317.43,2.87,-1.24,120.25,131.33,133.53,124.73,0.0,0.995,1.004,0.999,0.244,2,1.0,0.0,2846.673
2026-08-30T00:47:27.328Z,26.008245,87.208415,3373.26,3215.9,3679.12,317.71,317.7,2.79,-1.23,120.3,131.52,133.65,124.71,0.0,0.996,1.003,0.998,0.578,4,1.0,0.0,2847.703
2026-08-30T00:47:28.351Z,26.008715,87.207941,3375.47,3219.68,3681.26,318.34,318.31,2.82,-1.5,120.46,132.23,134.4,128.47,0.0,0.992,1.0,0.995,0.549,4,1.0,0.0,2848.721
2026-08-30T00:47:29.432Z,26.009217,87.207441,3377.57,3221.78,3683.51,318.36,318.33,2.94,-1.38,120.7,132.49,134.65,120.03,0.0,0.991,1.001,0.996,0.793,3,1.0,0.0,2849.806
2026-08-30T00:47:30.445Z,26.009689,87.206975,3379.62,3173.1,3685.55,318.3,318.29,2.64,-0.83,120.9,132.69,134.81,118.3,0.0,0.989,1.007,1.001,1.038,4,1.0,0.0,2850.82
2026-08-30T00:47:31.330Z,26.010101,87.20657,3381.02,3174.48,3687.81,318.11,318.08,2.53,-1.1,121.11,133.38,135.47,96.72,0.0,0.996,0.996,0.996,0.23,2,1.0,0.0,2851.694
2026-08-30T00:47:32.345Z,26.010582,87.206101,3382.1,3217.7,3689.33,318.36,318.34,2.94,-1.35,121.47,133.69,135.83,75.41,0.0,0.987,1.0,0.992,0.399,4,1.0,0.0,2852.708
2026-08-30T00:47:33.355Z,26.011059,87.205639,3383.5,3219.11,3690.87,318.8,318.77,2.94,-1.65,121.75,133.89,136.04,83.18,0.0,0.989,1.016,1.006,0.69,4,1.0,0.0,2853.729
2026-08-30T00:47:34.444Z,26.011578,87.205141,3384.77,3208.62,3692.43,319.18,319.16,2.89,-1.49,122.02,133.96,136.08,68.96,0.0,0.982,0.985,0.984,0.326,3,1.0,0.0,2854.811
2026-08-30T00:47:35.409Z,26.012042,87.2047,3385.63,3209.48,3693.21,319.43,319.4,2.84,-1.22,122.2,134.0,136.11,58.35,0.0,0.989,0.996,0.993,0.636,3,1.0,0.0,2855.78
2026-08-30T00:47:36.291Z,26.012465,87.204301,3386.41,3221.27,3693.89,319.61,319.59,2.84,-1.13,122.33,134.04,136.19,58.67,0.0,1.001,1.001,1.001,0.096,2,1.0,0.0,2856.662
2026-08-30T00:47:37.307Z,26.012955,87.203842,3388.21,3223.1,3694.79,319.85,319.82,2.81,-1.12,122.46,134.05,136.23,104.66,0.0,0.969,0.997,0.983,0.563,4,1.0,0.0,2857.679
2026-08-30T00:47:38.328Z,26.013449,87.203383,3390.94,3224.68,3696.69,320.08,320.05,2.84,-1.25,122.55,134.04,136.26,144.58,0.0,0.94,0.957,0.947,0.473,4,1.0,0.0,2858.729
2026-08-30T00:47:39.483Z,26.014009,87.202867,3394.11,3227.84,3699.51,320.38,320.36,2.86,-1.39,122.62,134.08,136.31,157.82,0.0,0.927,0.937,0.932,0.345,3,1.0,0.0,2859.846
2026-08-30T00:47:40.285Z,26.014401,87.20251,3396.55,3233.25,3701.66,320.73,320.73,2.78,-1.22,122.66,133.95,136.2,183.06,0.0,0.932,0.942,0.938,0.554,3,1.0,0.0,2860.653
2026-08-30T00:47:41.301Z,26.0149,87.20206,3399.81,3236.48,3704.79,320.53,320.47,2.7,-1.24,122.77,134.77,136.87,176.27,0.0,0.911,0.923,0.916,0.751,4,1.0,0.0,2861.677
2026-08-30T00:47:42.396Z,26.015439,87.201576,3402.87,3243.97,3707.97,320.9,320.9,2.84,-1.37,122.98,134.89,136.99,170.71,0.0,0.924,0.933,0.928,0.514,3,1.0,0.0,2862.857
2026-08-30T00:47:43.327Z,26.015897,87.201172,3405.31,3246.41,3710.54,321.27,321.24,2.83,-1.44,123.11,134.89,137.0,161.99,0.0,0.925,0.933,0.93,0.145,3,1.0,0.0,2863.803
2026-08-30T00:47:44.391Z,26.016424,87.200707,3407.91,3249.15,3713.34,321.52,321.51,2.9,-1.32,123.24,135.02,137.21,150.57,0.0,0.934,0.94,0.937,0.213,2,1.0,0.0,2864.789
2026-08-30T00:47:45.443Z,26.016959,87.200246,3410.61,3251.84,3716.01,322.15,322.14,3.01,-0.91,123.41,135.31,137.59,150.87,0.0,0.931,0.937,0.934,0.752,3,1.0,0.0,2865.827
2026-08-30T00:47:46.332Z,26.017406,87.199865,3412.52,3258.58,3718.15,322.49,322.45,2.81,-1.46,123.57,135.52,137.62,137.19,0.0,0.945,0.945,0.945,0.229,2,1.0,0.0,2866.713
2026-08-30T00:47:47.359Z,26.017928,87.199424,3414.84,3260.92,3720.47,322.78,322.76,2.76,-1.53,123.68,135.35,137.5,148.76,0.0,0.939,0.957,0.946,0.905,4,1.0,0.0,2867.748
2026-08-30T00:47:48.396Z,26.018458,87.198984,3418.47,3262.64,3723.32,322.47,322.44,2.7,-0.99,123.83,136.11,138.24,194.03,0.0,0.906,0.929,0.918,0.609,4,1.0,0.0,2868.781
2026-08-30T00:47:49.312Z,26.018929,87.198596,3421.39,3265.53,3726.25,322.83,322.82,2.97,-1.24,124.03,135.97,138.11,180.98,0.0,0.896,0.914,0.905,0.607,2,1.0,0.0,2869.691
2026-08-30T00:47:50.334Z,26.019453,87.198168,3424.07,3264.51,3729.23,323.46,323.44,2.78,-1.66,124.17,136.07,138.17,164.18,0.0,0.917,0.931,0.923,0.986,4,1.0,0.0,2870.713
2026-08-30T00:47:51.348Z,26.019979,87.197744,3426.58,3267.03,3731.96,323.91,323.9,2.81,-1.56,124.3,136.29,138.26,150.31,0.0,0.919,0.93,0.924,0.691,4,1.0,0.0,2871.729
2026-08-30T00:47:52.314Z,26.020478,87.197344,3428.43,3268.62,3734.26,324.07,324.01,2.74,-1.32,124.32,135.82,137.76,121.89,0.0,0.941,0.945,0.943,0.213,2,1.0,0.0,2872.779
2026-08-30T00:47:53.278Z,26.020982,87.196945,3430.15,3270.34,3736.16,324.21,324.2,2.88,-1.24,124.32,135.81,137.78,113.15,0.0,0.938,0.948,0.943,0.436,3,1.0,0.0,2873.7
2026-08-30T00:47:54.345Z,26.021537,87.196511,3431.96,3274.08,3738.12,324.58,324.56,2.88,-1.13,124.33,135.84,137.81,103.62,0.0,0.928,0.937,0.932,0.479,4,1.0,0.0,2874.738
2026-08-30T00:47:55.440Z,26.022108,87.196067,3433.63,3275.75,3739.95,324.81,324.78,2.86,-1.24,124.35,135.91,137.87,94.95,0.0,0.928,0.935,0.931,0.831,2,1.0,0.0,2875.823
2026-08-30T00:47:56.477Z,26.022653,87.195648,3435.27,3278.82,3741.58,324.53,324.48,3.21,-1.11,124.35,135.78,137.81,100.33,0.0,0.93,0.943,0.935,0.904,4,1.0,0.0,2876.859
2026-08-30T00:47:57.392Z,26.023131,87.195282,3437.19,3280.75,3743.21,325.06,325.06,2.77,-1.25,124.35,135.9,137.87,117.54,0.0,0.929,0.948,0.939,0.089,2,1.0,0.0,2877.771
2026-08-30T00:47:58.416Z,26.023671,87.194873,3439.26,3284.52,3745.44,326.03,326.02,2.82,-1.9,124.36,135.78,137.76,121.76,0.0,0.924,0.933,0.928,0.86,4,1.0,0.0,2878.807
2026-08-30T00:47:59.450Z,26.02422,87.194463,3441.61,3286.87,3748.09,326.01,325.98,2.75,-1.48,124.31,135.58,137.58,131.37,0.0,0.924,0.948,0.934,1.2,4,1.0,0.0,2879.852
2026-08-30T00:48:00.378Z,26.024711,87.194099,3443.64,3289.28,3749.97,326.08,326.05,2.84,-1.04,124.25,135.49,137.51,128.32,0.0,0.923,0.927,0.925,0.257,2,1.0,0.0,2880.753
2026-08-30T00:48:01.442Z,26.025275,87.193684,3445.92,3291.57,3752.11,326.2,326.17,2.94,-0.85,124.19,135.76,137.91,127.5,0.0,0.933,0.938,0.935,0.522,4,1.0,0.0,2881.828
2026-08-30T00:48:02.313Z,26.025742,87.193346,3447.87,3292.91,3753.96,326.32,326.31,2.86,-1.07,124.25,136.11,138.18,133.51,0.0,0.927,0.946,0.936,0.507,3,1.0,0.0,2882.7
2026-08-30T00:48:03.420Z,26.026338,87.192917,3450.12,3295.16,3756.34,326.73,326.7,2.67,-1.57,124.34,136.09,138.15,126.35,0.0,0.915,0.936,0.925,0.421,3,1.0,0.0,2883.793
2026-08-30T00:48:04.439Z,26.026885,87.192527,3452.45,3297.16,3758.4,326.91,326.89,2.71,-1.58,124.4,135.99,138.0,139.96,0.0,0.934,0.938,0.936,0.57,4,1.0,0.0,2884.808
2026-08-30T00:48:05.510Z,26.027461,87.192121,3455.56,3300.28,3760.92,327.51,327.49,2.92,-1.28,124.34,135.58,137.68,158.81,0.0,0.901,0.908,0.904,0.876,2,1.0,0.0,2885.875
2026-08-30T00:48:06.323Z,26.0279,87.191816,3457.48,3302.05,3762.99,327.65,327.62,2.89,-1.13,124.26,135.45,137.55,145.04,0.0,0.917,0.919,0.918,0.488,3,1.0,0.0,2886.695
2026-08-30T00:48:07.340Z,26.028451,87.191435,3459.6,3304.17,3765.34,327.93,327.9,2.93,-1.13,124.17,135.44,137.55,129.58,0.0,0.915,0.926,0.92,0.735,4,1.0,0.0,2887.724
2026-08-30T00:48:08.442Z,26.029048,87.191026,3461.83,3306.06,3767.67,328.26,328.23,2.84,-1.19,124.1,135.34,137.45,125.29,0.0,0.931,0.94,0.935,0.941,3,1.0,0.0,2888.817
2026-08-30T00:48:09.480Z,26.029612,87.190643,3463.45,3307.66,3769.7,328.3,328.27,2.73,-1.24,124.14,136.19,138.24,92.22,0.0,0.926,0.939,0.932,0.535,4,1.0,0.0,2889.853
2026-08-30T00:48:10.365Z,26.030096,87.190317,3464.6,3308.78,3771.03,328.38,328.35,2.8,-1.48,124.23,136.0,138.1,90.75,0.0,0.956,0.962,0.959,0.06,2,1.0,0.0,2890.754
2026-08-30T00:48:11.405Z,26.030667,87.189935,3466.47,3310.65,3772.68,328.74,328.72,2.93,-1.2,124.27,135.9,138.04,105.62,0.0,0.939,0.954,0.944,0.506,4,1.0,0.0,2891.773
2026-08-30T00:48:12.417Z,26.03122,87.189568,3468.51,3312.84,3774.53,330.18,330.19,3.14,-1.38,124.28,135.77,137.98,116.92,0.0,0.927,0.941,0.932,0.354,4,1.0,0.0,2892.784
2026-08-30T00:48:13.301Z,26.03171,87.189251,3470.37,3314.69,3776.25,330.05,329.99,2.8,-1.41,124.25,135.57,137.64,113.09,0.0,0.927,0.929,0.928,0.237,2,1.0,0.0,2893.68
2026-08-30T00:48:14.322Z,26.032275,87.188892,3471.97,3316.5,3777.86,329.6,329.58,2.88,-1.23,124.17,135.4,137.57,110.57,0.0,0.945,0.956,0.95,0.627,4,1.0,0.0,2894.69
2026-08-30T00:48:15.291Z,26.032811,87.188554,3474.16,3318.7,3779.61,330.06,330.04,2.74,-1.1,124.12,135.6,137.73,128.24,0.0,0.938,0.957,0.95,0.576,3,1.0,0.0,2895.665
2026-08-30T00:48:16.376Z,26.033408,87.188177,3476.54,3320.97,3781.6,329.36,329.27,3.01,3.31,123.77,132.69,134.85,127.1,0.0,0.922,0.934,0.928,0.172,3,1.0,0.0,2896.736
2026-08-30T00:48:17.383Z,26.03395,87.18782,3478.82,3323.25,3783.97,328.42,328.43,2.98,5.96,123.2,132.92,135.06,135.2,0.0,0.928,0.95,0.944,0.937,4,1.0,0.0,2897.748
2026-08-30T00:48:18.466Z,26.034527,87.187429,3481.28,3323.55,3786.55,328.94,328.88,3.05,8.44,122.7,132.71,134.89,131.1,0.0,0.921,0.944,0.933,0.782,3,1.0,0.0,2898.829
2026-08-30T00:48:19.483Z,26.035067,87.187049,3483.0,3325.26,3788.62,326.79,326.73,2.95,9.97,122.38,132.93,135.04,107.41,0.0,0.916,0.929,0.923,0.715,4,1.0,0.0,2899.87
2026-08-30T00:48:20.373Z,26.035527,87.186707,3484.51,3322.78,3790.08,326.19,326.13,2.91,9.32,122.19,132.96,135.07,108.69,0.0,0.953,0.96,0.956,0.284,2,1.0,0.0,2900.755
2026-08-30T00:48:21.412Z,26.036061,87.186293,3486.44,3324.7,3791.93,324.26,324.19,2.55,9.39,122.05,133.04,135.06,102.38,0.0,0.942,0.955,0.948,0.564,4,1.0,0.0,2901.787
2026-08-30T00:48:22.449Z,26.036583,87.185867,3487.93,3331.47,3793.76,323.28,323.23,2.73,2.9,121.95,133.18,135.25,103.08,0.0,0.951,0.993,0.973,0.207,4,1.0,0.0,2902.818
2026-08-30T00:48:23.326Z,26.037024,87.1855,3490.18,3333.74,3795.17,322.73,322.69,2.77,1.78,121.92,133.24,135.35,141.0,0.0,0.96,0.973,0.967,1.322,2,1.0,0.0,2903.691
2026-08-30T00:48:24.328Z,26.037526,87.185077,3493.23,3337.28,3799.23,322.55,322.52,2.89,2.45,121.92,133.39,135.51,167.22,0.0,0.93,0.943,0.937,0.815,4,1.0,0.0,2904.697
2026-08-30T00:48:25.293Z,26.038005,87.18467,3496.04,3340.09,3801.93,322.28,322.25,2.9,2.74,121.94,133.45,135.58,170.18,0.0,0.922,0.926,0.923,0.639,3,1.0,0.0,2905.658
2026-08-30T00:48:26.400Z,26.038553,87.184199,3498.96,3342.22,3805.27,321.96,321.92,2.89,2.49,121.98,133.55,135.71,159.53,0.0,0.919,0.928,0.923,0.651,3,1.0,0.0,2906.772
2026-08-30T00:48:27.420Z,26.039059,87.183759,3501.31,3344.54,3807.99,321.75,321.7,2.71,0.95,122.11,134.11,136.15,140.8,0.0,0.922,0.936,0.929,0.546,4,1.0,0.0,2907.797
2026-08-30T00:48:28.345Z,26.03952,87.18336,3503.59,3346.63,3810.38,321.84,321.85,2.95,-1.31,122.23,134.08,136.16,147.95,0.0,0.958,0.958,0.958,0.749,2,1.0,0.0,2908.717
2026-08-30T00:48:29.370Z,26.040031,87.182921,3505.42,3348.43,3812.61,321.94,321.9,2.83,-0.71,122.34,134.12,136.13,107.34,0.0,0.939,0.961,0.948,0.191,4,1.0,0.0,2909.768
2026-08-30T00:48:30.422Z,26.040557,87.182473,3506.47,3347.15,3814.05,322.1,322.08,2.85,-0.71,122.41,134.12,136.14,72.07,0.0,0.967,0.999,0.981,0.992,4,1.0,0.0,2910.815
2026-08-30T00:48:31.344Z,26.041015,87.182082,3507.06,3347.74,3814.91,322.35,322.32,2.88,-0.66,122.47,134.15,136.17,49.67,0.0,0.983,0.987,0.985,0.629,2,1.0,0.0,2911.731
2026-08-30T00:48:32.379Z,26.041537,87.181643,3507.55,3349.02,3815.61,322.53,322.49,2.84,-0.66,122.52,134.23,136.28,36.6,0.0,0.99,0.995,0.992,0.599,4,1.0,0.0,2912.747
2026-08-30T00:48:33.403Z,26.042056,87.181208,3508.73,3350.21,3816.73,322.53,322.5,2.72,-0.55,122.66,134.66,136.7,63.85,0.0,0.982,1.012,0.996,0.721,4,1.0,0.0,2913.766
2026-08-30T00:48:34.459Z,26.042588,87.180764,3510.05,3352.71,3817.34,323.03,323.01,2.95,-0.54,122.78,134.59,136.69,69.07,0.0,0.986,0.998,0.993,0.274,3,1.0,0.0,2914.809
2026-08-30T00:48:35.409Z,26.043072,87.180363,3511.06,3353.71,3818.52,322.91,322.87,2.86,-0.54,122.85,134.62,136.7,62.31,0.0,0.985,1.002,0.992,0.567,3,1.0,0.0,2915.756
2026-08-30T00:48:36.456Z,26.0436,87.179926,3511.85,3354.91,3819.36,323.07,323.04,2.91,-0.64,122.91,134.64,136.73,48.76,0.0,0.987,0.991,0.989,0.1,3,1.0,0.0,2916.796
2026-08-30T00:48:37.441Z,26.044105,87.179513,3512.39,3355.45,3820.41,323.39,323.37,2.84,-0.49,122.96,134.72,136.84,40.32,0.0,0.998,1.009,1.005,0.718,4,1.0,0.0,2917.785
2026-08-30T00:48:38.473Z,26.04463,87.179085,3512.94,3354.71,3820.55,323.71,323.67,2.9,-0.84,123.02,134.71,136.8,32.94,0.0,0.973,0.988,0.98,1.326,3,1.0,0.0,2918.807
2026-08-30T00:48:39.463Z,26.045137,87.178676,3513.52,3355.29,3820.93,323.68,323.65,2.86,-0.77,123.06,134.69,136.79,36.17,0.0,1.008,1.016,1.011,0.741,4,1.0,0.0,2919.809
2026-08-30T00:48:40.285Z,26.045559,87.178335,3514.11,3356.75,3821.38,323.82,323.79,2.88,-0.71,123.08,134.71,136.81,40.7,0.0,1.001,1.002,1.002,0.028,2,1.0,0.0,2920.627
2026-08-30T00:48:41.487Z,26.046174,87.177845,3515.07,3357.71,3822.21,323.91,323.87,2.95,-0.51,123.09,134.51,136.6,46.66,0.0,0.999,1.003,1.001,0.649,5,1.0,0.0,2921.812
2026-08-30T00:48:42.319Z,26.046604,87.177503,3516.1,3347.78,3822.95,323.15,323.11,3.11,-0.24,123.05,134.39,136.58,70.55,0.0,1.022,1.029,1.026,0.806,2,1.0,0.0,2922.703
2026-08-30T00:48:43.349Z,26.047136,87.177079,3517.71,3349.39,3824.27,324.31,324.3,2.72,-0.72,123.01,134.49,136.59,81.87,0.0,0.979,1.003,0.992,0.657,4,1.0,0.0,2923.726
2026-08-30T00:48:44.364Z,26.047659,87.176663,3519.45,3361.01,3825.7,324.95,324.95,2.86,-0.85,123.19,136.45,138.6,117.91,0.0,0.985,0.994,0.99,0.857,4,1.0,0.0,2924.739
2026-08-30T00:48:45.404Z,26.048206,87.17624,3522.5,3364.04,3828.02,324.7,324.66,2.6,-0.21,123.58,136.1,138.13,137.41,0.0,0.939,0.961,0.95,0.274,2,1.0,0.0,2925.769
2026-08-30T00:48:46.408Z,26.048731,87.175831,3523.86,3366.03,3830.07,324.52,324.49,2.85,-0.38,123.85,136.43,138.47,93.77,0.0,0.954,0.986,0.969,0.923,4,1.0,0.0,2926.758
2026-08-30T00:48:47.448Z,26.049281,87.175405,3524.97,3367.15,3831.57,324.31,324.29,2.66,-1.01,124.1,136.52,138.54,78.84,0.0,1.013,1.02,1.015,0.122,3,1.0,0.0,2927.8
2026-08-30T00:48:48.439Z,26.049801,87.175003,3526.28,3368.64,3832.88,325.52,325.51,2.79,-0.91,124.26,136.38,138.38,74.39,0.0,0.97,0.99,0.978,0.85,4,1.0,0.0,2928.786
2026-08-30T00:48:49.469Z,26.050344,87.174588,3527.11,3369.47,3834.04,325.21,325.17,2.8,-0.67,124.38,136.46,138.46,54.31,0.0,0.98,0.982,0.981,0.404,3,1.0,0.0,2929.811
2026-08-30T00:48:50.454Z,26.050863,87.174193,3527.71,3369.9,3834.87,325.37,325.34,2.89,-0.45,124.47,136.44,138.44,41.0,0.0,0.987,0.992,0.989,0.606,4,1.0,0.0,2930.786
2026-08-30T00:48:51.475Z,26.051409,87.173779,3528.1,3370.29,3835.48,325.46,325.43,2.8,-0.43,124.64,137.24,139.22,30.58,0.0,0.986,0.989,0.988,0.483,3,1.0,0.0,2931.83
2026-08-30T00:48:52.482Z,26.051942,87.173378,3528.42,3370.27,3835.93,326.02,326.0,3.05,-0.75,124.87,137.33,139.36,21.16,0.0,0.976,1.0,0.986,0.452,4,1.0,0.0,2932.809
2026-08-30T00:48:53.302Z,26.052382,87.173049,3528.62,3370.47,3836.2,325.77,325.74,2.86,-0.56,125.02,137.35,139.32,15.37,0.0,0.984,0.988,0.986,0.688,2,1.0,0.0,2933.674
2026-08-30T00:48:54.333Z,26.052934,87.172638,3528.75,3369.75,3836.43,326.2,326.15,2.81,-0.69,125.15,137.14,139.12,9.42,0.0,0.988,1.004,0.996,1.088,4,1.0,0.0,2934.707
2026-08-30T00:48:55.338Z,26.053473,87.172237,3528.91,3369.92,3836.56,325.62,325.6,2.8,-0.52,125.12,136.68,138.67,15.57,0.0,0.986,1.001,0.994,1.061,3,1.0,0.0,2935.747
2026-08-30T00:48:56.509Z,26.054095,87.171774,3529.22,3367.11,3836.87,326.35,326.32,2.82,-0.56,125.06,136.55,138.55,14.78,0.0,0.985,0.992,0.988,0.964,3,1.0,0.0,2936.963
2026-08-30T00:48:57.406Z,26.05458,87.171423,3529.75,3367.65,3837.15,326.07,326.02,3.0,-0.71,124.98,136.54,138.59,29.78,0.0,0.993,1.009,1.001,0.198,3,1.0,0.0,2937.773
2026-08-30T00:48:58.593Z,26.055209,87.17096,3530.23,3370.66,3837.71,326.47,326.44,2.9,-0.51,124.94,136.56,138.58,21.74,0.0,0.988,0.991,0.989,0.566,3,1.0,0.0,2938.961
2026-08-30T00:48:59.401Z,26.055646,87.170643,3530.28,3370.7,3837.99,326.72,326.7,2.92,-0.48,124.86,135.8,137.82,7.17,0.0,0.988,1.001,0.995,0.313,3,1.0,0.0,2939.795
2026-08-30T00:49:00.449Z,26.056207,87.170237,3530.43,3370.62,3838.13,326.79,326.75,2.89,-0.62,124.64,135.63,137.65,16.6,0.0,1.001,1.022,1.011,0.85,4,1.0,0.0,2940.83
2026-08-30T00:49:01.352Z,26.056691,87.169887,3530.91,3371.1,3838.42,327.21,327.18,2.88,-0.74,124.49,135.73,137.74,24.55,0.0,1.001,1.004,1.003,0.119,2,1.0,0.0,2941.73
2026-08-30T00:49:02.384Z,26.057243,87.169491,3531.95,3371.62,3839.0,327.15,327.15,2.77,-0.56,124.32,135.29,137.33,63.63,0.0,0.986,1.006,0.997,0.763,4,1.0,0.0,2942.773
2026-08-30T00:49:03.425Z,26.057801,87.169092,3533.12,3372.77,3840.1,327.28,327.23,2.73,-0.57,124.12,134.81,136.79,45.93,0.0,0.95,0.972,0.963,0.465,4,1.0,0.0,2943.833
2026-08-30T00:49:04.349Z,26.058293,87.168739,3533.52,3373.28,3840.76,327.06,327.01,2.73,-0.85,124.02,135.55,137.58,42.15,0.0,1.009,1.012,1.011,0.451,2,1.0,0.0,2944.745
2026-08-30T00:49:05.364Z,26.058836,87.168352,3534.31,3374.07,3841.47,327.01,326.99,2.89,-0.61,123.94,135.27,137.32,47.27,0.0,0.992,0.997,0.995,0.423,3,1.0,0.0,2945.747
2026-08-30T00:49:06.384Z,26.05938,87.167963,3535.3,3374.23,3842.36,327.2,327.17,2.84,-0.46,123.84,135.09,137.12,45.93,0.0,0.981,0.992,0.988,0.696,4,1.0,0.0,2946.761
2026-08-30T00:49:07.489Z,26.059972,87.167547,3535.54,3374.46,3843.03,327.54,327.5,2.87,-0.48,123.72,135.0,137.03,22.49,0.0,0.994,0.999,0.997,0.243,3,1.0,0.0,2947.856
2026-08-30T00:49:08.310Z,26.060413,87.167238,3535.62,3374.53,3843.29,327.51,327.49,3.1,-0.47,123.64,134.93,136.99,10.67,0.0,0.997,1.0,0.999,0.675,3,1.0,0.0,2948.678
2026-08-30T00:49:09.327Z,26.060959,87.166856,3535.42,3374.32,3843.38,327.77,327.73,2.95,-0.64,123.54,134.6,136.61,-7.91,0.0,0.999,1.032,1.011,0.954,4,1.0,0.0,2949.698
2026-08-30T00:49:10.416Z,26.061543,87.166449,3535.2,3374.1,3843.26,327.68,327.67,2.69,-0.58,123.33,134.38,136.36,-15.15,0.0,1.01,1.026,1.018,0.366,3,1.0,0.0,2950.823
2026-08-30T00:49:11.499Z,26.062119,87.166048,3534.73,3373.65,3842.92,327.75,327.71,2.79,-0.66,123.18,134.39,136.4,-11.88,0.0,1.014,1.037,1.026,0.496,4,1.0,0.0,2951.884
2026-08-30T00:49:12.464Z,26.062638,87.165687,3534.91,3373.74,3842.79,327.91,327.88,2.96,-0.55,123.09,134.39,136.43,3.91,0.0,1.003,1.008,1.006,0.18,2,1.0,0.0,2952.855
2026-08-30T00:49:13.289Z,26.063082,87.165383,3535.29,3374.12,3842.9,328.12,328.09,2.92,-0.53,122.99,133.93,135.96,25.94,0.0,0.988,0.998,0.993,0.272,3,1.0,0.0,2953.699
2026-08-30T00:49:14.366Z,26.063659,87.164988,3536.1,3375.06,3843.46,328.37,328.33,2.84,-0.58,122.83,134.0,136.1,33.64,0.0,0.982,0.989,0.986,0.437,4,1.0,0.0,2954.749
2026-08-30T00:49:15.429Z,26.064231,87.164599,3536.63,3375.59,3844.04,328.45,328.42,2.81,-0.64,122.73,133.96,136.12,31.61,0.0,0.994,0.995,0.995,0.034,2,1.0,0.0,2955.8
2026-08-30T00:49:16.462Z,26.064784,87.164225,3537.42,3376.12,3844.66,328.43,328.39,2.71,-0.61,122.66,134.13,136.37,50.11,0.0,1.0,1.013,1.007,0.899,4,1.0,0.0,2956.816
2026-08-30T00:49:17.306Z,26.065243,87.163915,3538.7,3377.4,3845.48,328.62,328.62,2.46,-0.85,122.71,134.62,136.76,65.71,0.0,0.978,0.987,0.983,0.158,2,1.0,0.0,2957.657
2026-08-30T00:49:18.305Z,26.065783,87.163552,3539.31,3377.87,3846.4,328.86,328.84,3.08,-0.72,122.8,134.64,136.89,57.98,0.0,0.976,1.011,0.997,0.59,4,1.0,0.0,2958.645
2026-08-30T00:49:19.296Z,26.06632,87.163192,3540.87,3379.4,3847.57,328.19,328.15,2.61,-0.12,122.88,134.97,137.1,63.53,0.0,0.958,0.997,0.977,0.306,4,1.0,0.0,2959.648
2026-08-30T00:49:20.347Z,26.066893,87.162809,3540.99,3379.05,3848.41,328.49,328.42,2.82,-0.56,123.01,135.04,137.19,28.14,0.0,0.982,1.006,0.998,1.074,3,1.0,0.0,2960.68
2026-08-30T00:49:21.339Z,26.067433,87.162449,3541.57,3379.65,3848.9,327.78,327.8,2.92,-0.29,123.1,135.07,137.25,38.76,0.0,0.999,1.033,1.019,0.705,4,1.0,0.0,2961.668
2026-08-30T00:49:22.356Z,26.067986,87.16208,3542.27,3379.48,3849.55,329.2,329.14,2.91,-0.79,123.19,134.94,136.98,35.55,0.0,0.991,0.995,0.993,0.517,3,1.0,0.0,2962.685
2026-08-30T00:49:23.326Z,26.068513,87.16173,3542.68,3379.89,3850.09,328.51,328.51,2.83,-0.44,123.08,134.2,136.39,33.97,0.0,1.007,1.025,1.018,0.859,4,1.0,0.0,2963.653
2026-08-30T00:49:24.323Z,26.069053,87.161371,3543.62,3380.66,3850.77,329.76,329.7,2.74,-0.89,123.03,134.58,136.71,47.47,0.0,0.966,0.984,0.975,0.483,3,1.0,0.0,2964.683
2026-08-30T00:49:25.407Z,26.069645,87.160981,3544.63,3381.65,3851.65,329.27,329.24,2.8,-0.51,123.0,134.56,136.71,54.16,0.0,0.996,1.003,0.999,0.381,4,1.0,0.0,2965.725
2026-08-30T00:49:26.406Z,26.070189,87.160625,3545.56,3383.17,3852.55,329.48,329.45,2.86,-0.63,122.99,134.57,136.74,54.3,0.0,0.993,0.996,0.995,0.697,3,1.0,0.0,2966.724
2026-08-30T00:49:27.351Z,26.070708,87.160288,3546.35,3383.96,3853.39,329.6,329.57,2.89,-0.58,122.98,134.57,136.76,50.75,0.0,0.99,0.993,0.991,0.623,4,1.0,0.0,2967.667
2026-08-30T00:49:28.318Z,26.071235,87.159946,3546.99,3385.06,3854.18,329.66,329.62,2.85,-0.63,123.0,134.85,137.01,35.08,0.0,0.992,0.996,0.994,0.823,4,1.0,0.0,2968.633
2026-08-30T00:49:29.295Z,26.071768,87.159602,3546.76,3384.81,3854.54,329.3,329.27,2.91,-0.57,123.09,134.86,136.99,0.77,0.0,0.998,1.006,1.002,0.652,3,1.0,0.0,2969.61
2026-08-30T00:49:30.456Z,26.072406,87.159189,3546.85,3384.76,3854.57,329.41,329.36,3.08,-0.61,123.11,134.76,136.95,14.33,0.0,1.034,1.041,1.037,0.603,5,1.0,0.0,2970.771
2026-08-30T00:49:31.433Z,26.072946,87.158842,3547.53,3385.44,3854.93,329.98,329.95,2.73,-0.5,123.12,134.85,136.97,29.31,0.0,0.984,1.015,1.001,0.67,3,1.0,0.0,2971.757
2026-08-30T00:49:32.410Z,26.07348,87.1585,3548.08,3385.78,3855.42,330.02,329.98,2.81,-0.58,123.14,134.82,136.97,33.89,0.0,0.992,1.005,1.001,0.726,4,1.0,0.0,2972.719
2026-08-30T00:49:33.361Z,26.074,87.158168,3548.72,3386.43,3855.98,330.16,330.13,2.81,-0.59,123.15,134.81,136.97,38.59,0.0,0.999,1.003,1.001,0.685,4,1.0,0.0,2973.671
2026-08-30T00:49:34.372Z,26.074559,87.157814,3549.45,3386.69,3856.65,330.28,330.24,2.84,-0.6,123.15,134.79,136.97,41.54,0.0,0.998,0.999,0.999,0.348,3,1.0,0.0,2974.704
2026-08-30T00:49:35.459Z,26.075161,87.157435,3550.22,3387.45,3857.41,330.42,330.39,2.84,-0.6,123.15,134.8,136.98,41.44,0.0,0.995,1.0,0.997,0.363,4,1.0,0.0,2975.774
2026-08-30T00:49:36.440Z,26.0757,87.157097,3550.86,3387.54,3858.08,330.53,330.5,2.84,-0.6,123.16,134.81,136.99,39.66,0.0,0.995,1.0,0.997,0.668,3,1.0,0.0,2976.756
2026-08-30T00:49:37.407Z,26.076236,87.156762,3551.88,3388.58,3858.79,330.66,330.63,2.82,-0.54,123.17,135.02,137.25,71.98,0.0,0.983,0.998,0.993,0.987,4,1.0,0.0,2977.718
2026-08-30T00:49:38.347Z,26.07676,87.156437,3554.45,3389.83,3860.27,331.25,331.2,2.79,-0.7,123.31,135.79,138.04,138.6,0.0,0.923,0.952,0.932,0.474,4,1.0,0.0,2978.656
2026-08-30T00:49:39.345Z,26.077317,87.156096,3557.52,3392.9,3862.77,330.98,330.95,2.83,-0.53,123.51,135.78,138.02,164.4,0.0,0.903,0.906,0.905,0.395,3,1.0,0.0,2979.657
2026-08-30T00:49:40.293Z,26.077847,87.155774,3560.23,3395.79,3865.38,331.12,331.07,2.99,-0.73,123.65,136.08,138.35,173.42,0.0,0.909,0.91,0.909,0.59,4,1.0,0.0,2980.607
2026-08-30T00:49:41.461Z,26.078502,87.155378,3563.83,3399.38,3867.96,331.43,331.39,2.84,-0.65,123.85,136.12,138.31,174.62,0.0,0.894,0.917,0.903,0.961,5,1.0,0.0,2981.775
2026-08-30T00:49:42.440Z,26.079055,87.155046,3566.47,3402.47,3871.13,331.51,331.48,2.87,-0.61,123.98,136.12,138.31,164.81,0.0,0.906,0.917,0.91,0.561,3,1.0,0.0,2982.759
2026-08-30T00:49:43.397Z,26.0796,87.154721,3568.95,3404.96,3873.55,331.77,331.74,2.83,-0.67,124.06,136.05,138.24,158.09,0.0,0.916,0.92,0.918,0.494,4,1.0,0.0,2983.72
2026-08-30T00:49:44.360Z,26.080142,87.1544,3571.4,3407.16,3875.5,331.87,331.83,2.84,-0.64,124.11,136.03,138.22,155.04,0.0,0.912,0.919,0.915,0.431,4,1.0,0.0,2984.673
2026-08-30T00:49:45.438Z,26.08075,87.154043,3574.16,3409.92,3878.53,331.99,331.95,2.95,-0.39,124.17,136.37,138.54,152.75,0.0,0.915,0.922,0.918,0.155,3,1.0,0.0,2985.73
2026-08-30T00:49:46.382Z,26.081284,87.15373,3576.87,3412.42,3880.72,331.87,331.85,3.09,-0.86,124.25,136.43,138.69,173.83,0.0,0.928,0.937,0.931,0.744,4,1.0,0.0,2986.691
2026-08-30T00:49:47.361Z,26.081839,87.153404,3580.12,3415.67,3884.31,332.09,332.04,2.84,-0.77,124.32,135.7,137.91,190.89,0.0,0.896,0.905,0.9,0.367,3,1.0,0.0,2987.67
2026-08-30T00:49:48.320Z,26.082384,87.153085,3583.34,3416.81,3886.6,332.11,332.08,2.83,-0.58,124.21,135.58,137.79,193.33,0.0,0.902,0.91,0.906,0.342,4,1.0,0.0,2988.629
2026-08-30T00:49:49.469Z,26.083031,87.152708,3586.98,3420.45,3890.95,332.29,332.26,2.86,-0.57,124.08,135.47,137.66,195.33,0.0,0.913,0.916,0.915,0.611,5,1.0,0.0,2989.798
2026-08-30T00:49:50.460Z,26.083592,87.152384,3590.88,3425.88,3894.12,332.52,332.49,2.94,-0.52,123.95,135.15,137.42,231.98,0.0,0.915,0.923,0.919,0.188,3,1.0,0.0,2990.772
2026-08-30T00:49:51.436Z,26.084139,87.152064,3595.01,3430.0,3897.14,332.11,332.06,2.79,-0.45,123.8,135.13,137.35,229.63,0.0,0.864,0.883,0.873,1.054,4,1.0,0.0,2991.853
2026-08-30T00:49:52.304Z,26.084631,87.151781,3597.75,3431.97,3901.02,332.35,332.33,2.91,-0.43,123.7,135.12,137.35,203.66,0.0,0.9,0.906,0.904,0.782,3,1.0,0.0,2992.657
2026-08-30T00:49:53.402Z,26.085251,87.151422,3601.84,3436.07,3905.76,332.8,332.75,2.79,-0.68,123.69,135.52,137.76,220.4,0.0,0.913,0.932,0.923,0.629,3,1.0,0.0,2993.754
2026-08-30T00:49:54.404Z,26.08582,87.151099,3605.34,3434.55,3909.62,332.77,332.74,2.71,-0.74,123.67,135.36,137.6,212.96,0.0,0.903,0.919,0.914,0.59,4,1.0,0.0,2994.742
2026-08-30T00:49:55.358Z,26.086361,87.150792,3608.58,3437.79,3913.06,333.04,333.0,2.75,-0.74,123.63,135.28,137.51,205.44,0.0,0.914,0.916,0.915,0.333,2,1.0,0.0,2995.694
2026-08-30T00:49:56.344Z,26.08692,87.150477,3611.7,3405.88,3916.43,333.46,333.44,3.02,-0.67,123.64,135.45,137.7,189.89,0.0,0.92,0.924,0.922,0.767,4,1.0,0.0,2996.702
2026-08-30T00:49:57.358Z,26.087495,87.150155,3614.98,3409.17,3919.69,332.87,332.82,2.77,-0.21,123.49,134.61,136.85,195.14,0.0,0.906,0.947,0.928,1.102,4,1.0,0.0,2997.706
2026-08-30T00:49:58.430Z,26.088106,87.149814,3618.05,3442.94,3923.07,330.48,330.44,2.99,0.13,123.28,134.42,136.81,174.75,0.0,0.911,0.94,0.925,0.801,3,1.0,0.0,2998.781
2026-08-30T00:49:59.420Z,26.088663,87.149497,3621.03,3445.92,3925.59,331.92,331.89,2.95,10.3,123.16,134.67,136.9,181.44,0.0,0.938,0.951,0.946,0.853,4,1.0,0.0,2999.776
2026-08-30T00:50:00.471Z,26.089251,87.149149,3624.12,3456.54,3928.67,330.65,330.58,2.9,11.59,123.12,134.62,136.87,185.9,0.0,0.933,0.942,0.937,0.341,3,1.0,0.0,3000.828
2026-08-30T00:50:01.476Z,26.089804,87.148802,3627.97,3460.41,3931.77,329.51,329.48,2.81,11.22,123.03,134.53,136.75,217.94,0.0,0.92,0.941,0.93,0.851,4,1.0,0.0,3001.821
2026-08-30T00:50:02.309Z,26.090261,87.148501,3631.15,3462.86,3934.47,328.79,328.67,3.2,11.15,123.0,135.03,137.28,213.88,0.0,0.909,0.912,0.911,1.183,2,1.0,0.0,3002.666
2026-08-30T00:50:03.317Z,26.090805,87.148128,3634.47,3466.2,3938.12,325.86,325.82,2.99,11.64,123.07,135.22,137.48,208.01,0.0,0.96,0.97,0.965,0.701,4,1.0,0.0,3003.668
2026-08-30T00:50:04.319Z,26.091339,87.147739,3638.14,3469.76,3941.27,325.3,325.23,2.58,11.31,123.17,135.39,137.64,217.62,0.0,0.939,0.971,0.956,0.932,4,1.0,0.0,3004.666
2026-08-30T00:50:05.305Z,26.091858,87.147344,3641.61,3473.22,3944.72,323.41,323.33,2.81,11.02,123.29,135.68,137.93,204.48,0.0,0.926,0.939,0.933,0.718,2,1.0,0.0,3005.652
2026-08-30T00:50:06.304Z,26.092375,87.146929,3644.54,3429.63,3948.61,321.23,321.2,2.79,10.98,123.45,135.94,138.26,190.07,0.0,0.979,0.996,0.989,0.352,4,1.0,0.0,3006.667
2026-08-30T00:50:07.315Z,26.092891,87.146495,3647.9,3432.99,3951.35,321.52,321.45,2.64,2.41,123.65,136.28,138.58,197.25,0.0,0.934,0.959,0.947,0.954,4,1.0,0.0,3007.677
2026-08-30T00:50:08.378Z,26.093437,87.146031,3650.77,3466.2,3955.47,320.4,320.38,2.68,1.56,123.99,137.76,140.01,143.4,0.0,0.94,0.95,0.944,0.483,3,1.0,0.0,3008.742
2026-08-30T00:50:09.392Z,26.093956,87.145588,3652.05,3467.48,3957.96,321.27,321.22,2.84,2.44,124.44,137.77,139.96,103.89,0.0,0.957,0.965,0.96,0.806,4,1.0,0.0,3009.75
2026-08-30T00:50:10.450Z,26.094503,87.145121,3653.32,3483.71,3959.76,321.67,321.61,2.92,2.63,124.77,137.74,139.94,83.74,0.0,0.937,0.942,0.94,0.363,3,1.0,0.0,3010.828
2026-08-30T00:50:11.474Z,26.095023,87.144669,3654.63,3485.01,3961.2,320.86,320.8,3.04,11.51,124.99,137.69,139.93,77.99,0.0,0.929,0.947,0.936,0.437,4,1.0,0.0,3011.833
2026-08-30T00:50:12.352Z,26.095463,87.14427,3655.76,3482.43,3962.35,319.78,319.71,2.94,10.94,125.14,137.72,139.95,80.87,0.0,0.952,0.956,0.954,0.683,2,1.0,0.0,3012.704
2026-08-30T00:50:13.355Z,26.095956,87.143801,3657.2,3483.87,3963.73,319.58,319.57,2.83,6.87,125.22,137.21,139.44,81.85,0.0,0.942,0.951,0.947,0.949,4,1.0,0.0,3013.732
2026-08-30T00:50:14.372Z,26.096449,87.143319,3658.7,3454.2,3965.15,318.47,318.37,3.03,2.77,125.19,136.97,139.21,90.3,0.0,0.934,0.945,0.94,0.752,4,1.0,0.0,3014.725
2026-08-30T00:50:15.427Z,26.096955,87.142813,3660.51,3456.0,3966.85,317.52,317.49,2.76,3.77,125.12,137.08,139.27,91.7,0.0,0.924,0.955,0.94,0.663,2,1.0,0.0,3015.822
2026-08-30T00:50:16.475Z,26.097455,87.14231,3661.85,3478.99,3968.39,316.93,316.87,2.82,3.85,125.09,137.06,139.27,81.86,0.0,0.931,0.94,0.934,0.731,4,1.0,0.0,3016.857
2026-08-30T00:50:17.396Z,26.09789,87.141861,3662.9,3480.03,3969.6,316.12,316.05,2.65,4.0,124.99,136.54,138.72,68.44,0.0,0.941,0.942,0.941,0.91,2,1.0,0.0,3017.786
2026-08-30T00:50:18.451Z,26.098383,87.141344,3663.58,3376.82,3970.66,315.77,315.72,2.59,3.45,124.93,137.4,139.51,52.24,0.0,0.923,0.926,0.925,0.497,4,1.0,0.0,3018.856
2026-08-30T00:50:19.298Z,26.098781,87.140919,3664.51,3377.74,3971.46,315.78,315.75,3.0,2.89,125.1,138.12,140.21,44.96,0.0,0.888,0.899,0.894,0.353,3,1.0,0.0,3019.684
2026-08-30T00:50:20.412Z,26.0993,87.14036,3664.81,3420.56,3972.15,316.16,316.11,2.79,2.49,125.49,139.48,141.67,37.4,0.0,0.912,0.941,0.928,1.28,3,1.0,0.0,3020.791
2026-08-30T00:50:21.433Z,26.09978,87.139839,3665.55,3421.3,3972.81,315.7,315.65,2.8,2.85,126.06,140.18,142.21,35.34,0.0,0.873,0.881,0.877,0.535,4,1.0,0.0,3021.836
2026-08-30T00:50:22.346Z,26.100205,87.139372,3666.72,3494.63,3973.51,314.86,314.8,3.11,3.75,126.32,138.97,141.09,77.04,0.0,0.868,0.874,0.871,0.378,2,1.0,0.0,3022.773
2026-08-30T00:50:23.415Z,26.100702,87.138824,3668.55,3496.44,3975.01,314.83,314.8,2.99,3.68,126.43,138.96,141.03,82.17,0.0,0.889,0.9,0.895,0.546,4,1.0,0.0,3023.802
2026-08-30T00:50:24.446Z,26.101175,87.138294,3669.36,3497.71,3976.27,314.56,314.5,2.89,3.2,126.51,138.94,140.97,55.48,0.0,0.906,0.916,0.912,0.664,4,1.0,0.0,3024.83
2026-08-30T00:50:25.521Z,26.101665,87.137738,3670.14,3498.49,3977.2,314.01,313.96,2.85,2.86,126.56,138.95,141.0,52.1,0.0,0.937,0.948,0.943,0.207,2,1.0,0.0,3025.9
2026-08-30T00:50:26.339Z,26.102037,87.137309,3671.01,3498.8,3977.94,313.76,313.7,2.85,2.94,126.61,138.89,140.83,66.42,0.0,0.932,0.941,0.935,0.688,3,1.0,0.0,3026.754
2026-08-30T00:50:27.412Z,26.102518,87.136751,3673.75,3501.61,3979.53,313.18,313.14,2.49,3.46,126.45,137.91,139.93,156.83,0.0,0.884,0.936,0.915,1.778,4,1.0,0.0,3027.806
2026-08-30T00:50:28.334Z,26.102931,87.136267,3677.3,3476.49,3982.17,313.61,313.55,2.89,3.54,126.22,137.48,139.55,179.46,0.0,0.841,0.855,0.848,0.588,2,1.0,0.0,3028.725
2026-08-30T00:50:29.378Z,26.103388,87.135724,3678.7,3477.82,3984.89,312.89,312.83,3.06,3.55,125.99,137.59,139.61,78.73,0.0,0.873,0.921,0.897,1.08,4,1.0,0.0,3029.835
2026-08-30T00:50:30.481Z,26.103875,87.135139,3678.1,3473.76,3985.82,312.25,312.22,2.9,3.67,125.82,137.37,139.35,-7.12,0.0,0.965,0.97,0.968,0.87,4,1.0,0.0,3030.88
2026-08-30T00:50:31.404Z,26.104276,87.134649,3677.96,3473.64,3985.79,312.45,312.39,2.93,3.0,125.45,135.92,137.97,-3.95,0.0,0.962,0.974,0.968,0.811,2,1.0,0.0,3031.795
2026-08-30T00:50:32.460Z,26.104722,87.134096,3677.43,3497.19,3985.61,311.66,311.61,2.87,2.71,125.04,135.89,137.97,-21.53,0.0,0.978,0.998,0.99,0.77,4,1.0,0.0,3032.831
2026-08-30T00:50:33.470Z,26.105152,87.133556,3677.03,3496.8,3985.23,311.16,311.13,2.95,3.38,124.6,134.93,137.06,-19.12,0.0,1.002,1.012,1.008,0.528,4,1.0,0.0,3033.856
2026-08-30T00:50:34.389Z,26.105532,87.133069,3676.91,3502.2,3984.98,310.88,310.82,2.8,3.62,124.22,134.97,137.09,-10.64,0.0,1.009,1.012,1.01,0.371,2,1.0,0.0,3034.771
2026-08-30T00:50:35.398Z,26.105948,87.132533,3676.88,3502.17,3984.84,310.75,310.72,2.64,3.41,123.87,134.71,136.77,-3.91,0.0,0.993,1.007,1.001,1.291,3,1.0,0.0,3035.779
2026-08-30T00:50:36.445Z,26.106378,87.131975,3676.38,3499.24,3984.65,310.0,309.91,2.75,3.44,123.37,132.93,134.95,-35.33,0.0,0.993,1.033,1.012,0.478,4,1.0,0.0,3036.827
2026-08-30T00:50:37.345Z,26.106745,87.131497,3675.55,3498.43,3984.06,309.98,309.98,3.04,2.92,122.86,133.06,135.1,-33.23,0.0,1.029,1.036,1.033,0.374,2,1.0,0.0,3037.754
2026-08-30T00:50:38.392Z,26.107167,87.13094,3675.81,3500.69,3983.71,310.2,310.14,2.99,2.6,122.49,133.37,135.43,7.16,0.0,1.012,1.032,1.021,0.577,4,1.0,0.0,3038.8
2026-08-30T00:50:39.476Z,26.107601,87.130359,3676.56,3501.45,3983.99,309.41,309.35,2.9,3.22,122.26,133.46,135.49,34.11,0.0,0.986,0.995,0.99,0.484,4,1.0,0.0,3039.878
2026-08-30T00:50:40.413Z,26.107972,87.129846,3677.63,3501.96,3984.65,308.91,308.86,2.57,3.64,122.1,133.43,135.43,54.52,0.0,0.971,0.983,0.977,0.549,2,1.0,0.0,3040.795
2026-08-30T00:50:41.444Z,26.108379,87.129293,3678.5,3502.83,3985.54,308.11,308.06,2.91,3.79,121.99,133.46,135.51,52.71,0.0,0.973,0.994,0.983,0.838,4,1.0,0.0,3041.827
2026-08-30T00:50:42.466Z,26.108776,87.128734,3679.61,3504.77,3986.5,308.08,308.03,2.86,3.14,121.91,133.53,135.56,61.3,0.0,0.979,0.994,0.988,0.667,4,1.0,0.0,3042.868
2026-08-30T00:50:43.401Z,26.109137,87.128218,3680.63,3505.78,3987.47,307.59,307.54,2.88,2.97,121.87,133.58,135.61,64.41,0.0,0.983,0.985,0.984,0.111,2,1.0,0.0,3043.809
2026-08-30T00:50:44.467Z,26.109547,87.127628,3681.89,3504.45,3988.66,307.19,307.14,2.84,3.08,121.86,133.65,135.67,70.41,0.0,0.985,0.985,0.985,0.392,4,1.0,0.0,3044.884
2026-08-30T00:50:45.330Z,26.109874,87.127152,3683.0,3505.56,3989.67,306.93,306.89,2.73,3.37,121.84,133.5,135.48,74.52,0.0,0.981,0.988,0.985,0.814,2,1.0,0.0,3045.713
2026-08-30T00:50:46.433Z,26.110291,87.126534,3683.94,3505.89,3990.91,306.61,306.54,2.71,3.43,121.77,133.42,135.34,53.22,0.0,0.978,0.983,0.98,0.658,3,1.0,0.0,3046.83
2026-08-30T00:50:47.474Z,26.110678,87.125952,3684.59,3506.53,3991.77,305.69,305.65,2.88,3.47,121.78,133.78,135.72,41.03,0.0,0.982,0.994,0.99,0.715,4,1.0,0.0,3047.857
2026-08-30T00:50:48.393Z,26.111017,87.125436,3685.24,3494.52,3992.41,305.75,305.69,2.93,3.22,121.82,133.76,135.77,44.16,0.0,0.991,0.991,0.991,0.558,2,1.0,0.0,3048.769
2026-08-30T00:50:49.405Z,26.111388,87.124861,3686.07,3495.36,3993.18,305.29,305.23,2.91,3.19,121.86,133.8,135.84,48.72,0.0,0.981,0.986,0.983,0.671,4,1.0,0.0,3049.78
2026-08-30T00:50:50.425Z,26.111759,87.124276,3687.3,3510.18,3994.13,304.77,304.71,2.83,3.21,121.9,133.88,135.95,67.01,0.0,0.973,0.985,0.977,0.69,4,1.0,0.0,3050.81
2026-08-30T00:50:51.323Z,26.112081,87.123763,3688.39,3511.27,3995.15,304.37,304.31,2.81,3.28,121.94,133.92,135.97,70.15,0.0,0.977,0.978,0.977,0.372,2,1.0,0.0,3051.709
2026-08-30T00:50:52.356Z,26.112448,87.123168,3689.63,3514.25,3996.35,303.97,303.92,2.82,3.31,121.98,133.96,135.99,71.22,0.0,0.978,0.982,0.98,0.694,4,1.0,0.0,3052.731
2026-08-30T00:50:53.380Z,26.11281,87.122571,3690.9,3515.53,3997.58,303.48,303.43,2.74,3.3,122.02,134.01,136.01,76.92,0.0,0.978,0.992,0.985,0.362,4,1.0,0.0,3053.752
2026-08-30T00:50:54.462Z,26.113187,87.12194,3692.62,3514.56,3999.06,303.03,302.98,2.79,3.26,122.07,134.02,136.02,91.7,0.0,0.986,0.992,0.989,0.089,3,1.0,0.0,3054.844
2026-08-30T00:50:55.440Z,26.113523,87.121367,3694.2,3516.14,4000.57,302.7,302.65,2.86,3.26,122.1,134.05,136.04,91.54,0.0,0.976,0.982,0.978,0.534,3,1.0,0.0,3055.837
2026-08-30T00:50:56.395Z,26.11385,87.120805,3695.34,3517.87,4001.97,302.31,302.25,2.94,3.26,122.11,133.99,135.98,67.86,0.0,0.969,0.971,0.97,0.557,2,1.0,0.0,3056.784
2026-08-30T00:50:57.426Z,26.114197,87.120195,3695.93,3518.45,4003.0,301.96,301.9,2.94,3.24,122.13,134.05,136.04,46.97,0.0,0.979,0.984,0.981,0.67,4,1.0,0.0,3057.812
2026-08-30T00:50:58.459Z,26.114541,87.119582,3696.6,3519.67,4003.78,301.51,301.46,2.87,3.25,122.16,134.1,136.09,43.72,0.0,0.983,0.986,0.984,0.797,4,1.0,0.0,3058.839
2026-08-30T00:50:59.350Z,26.114835,87.119049,3697.39,3520.46,4004.46,301.07,301.01,2.76,3.31,122.18,134.12,136.11,53.88,0.0,0.995,1.0,0.997,0.701,2,1.0,0.0,3059.731
2026-08-30T00:51:00.382Z,26.115173,87.11843,3698.66,3524.89,4005.47,300.64,300.59,2.78,3.27,122.2,134.14,136.11,69.47,0.0,0.986,0.997,0.991,0.432,4,1.0,0.0,3060.762
2026-08-30T00:51:01.413Z,26.115503,87.117813,3700.13,3526.37,4006.74,300.15,300.1,2.84,3.31,122.23,134.19,136.13,79.97,0.0,0.975,0.991,0.984,0.81,4,1.0,0.0,3061.791
2026-08-30T00:51:02.309Z,26.115791,87.117266,3701.45,3524.61,4009.39,299.85,299.8,2.83,3.27,122.25,134.23,136.15,83.74,0.0,0.978,0.984,0.981,1.033,2,1.0,0.0,3062.69
2026-08-30T00:51:03.346Z,26.116118,87.116638,3702.77,3525.93,4011.99,299.44,299.38,2.84,3.35,122.28,134.05,136.24,80.54,0.0,0.969,0.979,0.975,0.69,4,1.0,0.0,3063.75
2026-08-30T00:51:04.393Z,26.116445,87.115996,3703.44,3525.9,4012.58,299.06,299.01,2.97,3.15,122.39,134.56,136.45,39.34,0.0,0.962,0.988,0.976,0.943,4,1.0,0.0,3064.781
2026-08-30T00:51:05.465Z,26.116774,87.115342,3703.93,3526.41,4013.19,298.59,298.53,2.81,3.11,122.46,134.57,136.49,40.27,0.0,0.995,1.0,0.997,0.538,2,1.0,0.0,3065.847
2026-08-30T00:51:06.282Z,26.117022,87.114841,3704.75,3515.35,4014.22,298.27,298.22,2.84,3.22,122.5,134.56,136.5,55.28,0.0,0.994,0.997,0.995,0.707,3,1.0,0.0,3066.668
2026-08-30T00:51:07.316Z,26.117334,87.114201,3706.31,3516.93,4011.17,297.73,297.67,2.9,3.63,122.51,134.22,136.21,91.71,0.0,0.981,0.997,0.991,0.296,4,1.0,0.0,3067.703
2026-08-30T00:51:08.418Z,26.117659,87.113518,3709.82,3369.14,4009.28,298.07,298.0,2.9,3.03,122.48,134.32,136.38,167.42,0.0,0.937,0.955,0.947,0.118,3,1.0,0.0,3068.824
2026-08-30T00:51:09.478Z,26.117971,87.112858,3712.47,3371.77,4011.02,297.12,297.06,2.71,2.95,122.48,134.36,136.34,142.49,0.0,0.916,0.948,0.929,0.389,4,1.0,0.0,3069.888
2026-08-30T00:51:10.423Z,26.118246,87.112268,3714.28,3538.62,4013.19,296.84,296.79,2.66,2.98,122.47,134.36,136.3,124.05,0.0,0.975,0.975,0.975,0.13,2,1.0,0.0,3070.815
2026-08-30T00:51:11.460Z,26.118542,87.111621,3716.07,3540.39,4015.22,296.49,296.44,2.79,3.22,122.47,134.35,136.28,106.34,0.0,0.97,0.976,0.972,0.603,4,1.0,0.0,3071.856
2026-08-30T00:51:12.293Z,26.118777,87.1111,3717.24,3542.05,4016.38,296.17,296.12,2.87,3.41,122.46,134.37,136.29,90.23,0.0,0.97,0.972,0.971,0.855,3,1.0,0.0,3072.684
2026-08-30T00:51:13.404Z,26.119087,87.110397,3718.45,3543.25,4017.86,295.68,295.62,2.89,3.42,122.47,134.43,136.32,70.77,0.0,0.969,0.979,0.973,0.518,3,1.0,0.0,3073.809
2026-08-30T00:51:14.467Z,26.119378,87.109727,3719.46,3545.05,4018.44,295.22,295.17,2.89,3.28,122.49,134.47,136.35,60.35,0.0,0.976,0.981,0.978,0.684,4,1.0,0.0,3074.856
2026-08-30T00:51:15.567Z,26.119676,87.109027,3720.39,3545.98,4019.45,294.72,294.67,2.86,3.17,122.51,134.48,136.38,53.34,0.0,0.976,0.979,0.978,0.443,2,1.0,0.0,3075.954
2026-08-30T00:51:16.416Z,26.119902,87.108488,3721.09,3547.15,4020.0,294.37,294.31,2.83,3.18,122.52,134.48,136.4,51.36,0.0,0.981,0.983,0.982,0.956,3,1.0,0.0,3076.845
2026-08-30T00:51:17.296Z,26.120132,87.107931,3721.85,3547.9,4020.3,294.07,294.02,2.82,3.21,122.52,134.44,136.4,51.89,0.0,0.982,0.986,0.983,0.717,3,1.0,0.0,3077.691
2026-08-30T00:51:18.423Z,26.120425,87.107205,3722.75,3548.38,4021.81,293.66,293.61,2.86,3.28,122.52,134.46,136.42,47.08,0.0,0.976,0.978,0.977,0.41,3,1.0,0.0,3078.813
2026-08-30T00:51:19.476Z,26.120693,87.106528,3723.49,3549.12,4021.91,293.19,293.13,2.84,3.3,122.53,134.53,136.44,44.28,0.0,0.976,0.984,0.981,0.707,4,1.0,0.0,3079.861
2026-08-30T00:51:20.390Z,26.120921,87.105944,3724.12,3549.92,4022.21,292.84,292.78,2.87,3.3,122.55,134.57,136.46,41.77,0.0,0.979,0.981,0.98,0.011,2,1.0,0.0,3080.761
2026-08-30T00:51:21.417Z,26.121175,87.105278,3724.79,3550.6,4022.75,292.49,292.45,2.58,3.11,122.59,134.66,136.49,42.44,0.0,0.978,0.987,0.982,0.296,4,1.0,0.0,3081.783
2026-08-30T00:51:22.441Z,26.121423,87.104615,3725.8,3550.88,4023.5,291.86,291.81,2.85,3.31,122.62,134.62,136.5,57.0,0.0,0.988,0.997,0.992,0.816,4,1.0,0.0,3082.808
2026-08-30T00:51:23.331Z,26.121636,87.104035,3726.79,3551.87,4024.36,291.57,291.51,2.92,3.31,122.63,134.65,136.53,60.16,0.0,0.973,0.978,0.975,0.129,2,1.0,0.0,3083.714
2026-08-30T00:51:24.349Z,26.121874,87.103371,3727.7,3552.98,4025.36,291.15,291.09,2.91,3.3,122.66,134.7,136.58,54.03,0.0,0.971,0.978,0.975,0.491,4,1.0,0.0,3084.739
2026-08-30T00:51:25.358Z,26.122106,87.102715,3728.53,3553.79,4026.23,291.27,291.19,2.87,3.1,122.68,134.66,136.58,51.22,0.0,0.979,0.981,0.98,0.687,3,1.0,0.0,3085.727
2026-08-30T00:51:26.446Z,26.122355,87.101994,3729.37,3554.64,4027.14,290.96,290.92,2.8,3.14,122.69,134.66,136.59,47.81,0.0,0.978,0.98,0.979,0.805,3,1.0,0.0,3086.833
2026-08-30T00:51:27.490Z,26.122585,87.101311,3730.11,3555.37,4027.94,290.9,290.85,2.81,3.17,122.69,134.64,136.56,43.44,0.0,0.971,0.982,0.977,0.86,4,1.0,0.0,3087.869
2026-08-30T00:51:28.414Z,26.122789,87.100697,3730.9,3555.91,4028.64,289.67,289.59,2.81,0.53,122.69,134.7,136.55,53.31,0.0,0.997,1.001,0.999,0.936,2,1.0,0.0,3088.788
2026-08-30T00:51:29.425Z,26.123009,87.100033,3732.15,3557.16,4029.62,289.64,289.59,2.79,-3.37,122.71,134.75,136.59,70.6,0.0,0.988,0.989,0.989,0.51,4,1.0,0.0,3089.788
2026-08-30T00:51:30.445Z,26.123238,87.09936,3733.35,3558.07,4030.82,290.26,290.24,2.78,-7.68,122.75,134.86,136.67,59.41,0.0,0.954,0.988,0.972,0.175,4,1.0,0.0,3090.801
2026-08-30T00:51:31.297Z,26.123436,87.098802,3733.71,3558.42,4031.58,291.09,291.06,2.98,-7.21,122.78,135.05,136.97,31.77,0.0,0.992,0.997,0.994,0.098,2,1.0,0.0,3091.663
2026-08-30T00:51:32.316Z,26.123682,87.098141,3733.44,3558.07,4031.89,292.77,292.73,2.87,-6.86,122.92,135.28,137.21,12.06,0.0,1.001,1.005,1.004,0.519,4,1.0,0.0,3092.676
2026-08-30T00:51:33.311Z,26.123935,87.097493,3733.39,3558.0,4031.98,292.77,292.73,2.75,-6.77,123.09,135.62,137.58,-9.01,0.0,0.956,0.985,0.969,1.321,4,1.0,0.0,3093.672
2026-08-30T00:51:34.391Z,26.124214,87.096802,3732.68,3556.49,4031.66,296.48,296.53,2.97,-7.25,123.2,135.01,137.06,-33.48,0.0,0.98,1.022,1.001,1.2,3,1.0,0.0,3094.746
2026-08-30T00:51:35.333Z,26.12447,87.096197,3731.18,3554.97,4030.86,296.11,296.04,3.05,-6.96,122.97,133.98,135.93,-73.68,0.0,1.028,1.065,1.047,1.187,3,1.0,0.0,3095.694
2026-08-30T00:51:36.402Z,26.124766,87.095529,3730.21,3549.71,4029.66,298.01,298.05,3.14,-6.81,122.72,133.89,135.95,-50.17,0.0,1.034,1.043,1.038,0.474,3,1.0,0.0,3096.758
2026-08-30T00:51:37.408Z,26.125055,87.094903,3730.59,3550.13,4029.12,300.86,300.82,2.88,-7.12,122.49,133.54,135.75,20.26,0.0,1.007,1.036,1.023,0.236,4,1.0,0.0,3097.761
2026-08-30T00:51:38.484Z,26.125375,87.094244,3733.21,3548.14,4030.09,301.58,301.57,2.93,-6.72,122.23,133.22,135.48,122.7,0.0,0.984,0.993,0.988,0.584,3,1.0,0.0,3098.837
2026-08-30T00:51:39.472Z,26.125681,87.093643,3736.81,3551.75,4032.5,304.8,304.83,2.48,-6.97,121.99,133.19,135.76,188.19,0.0,0.938,0.973,0.958,0.594,4,1.0,0.0,3099.826
2026-08-30T00:51:40.324Z,26.125953,87.093131,3740.67,3560.77,4035.43,305.86,305.79,2.87,-7.51,121.77,132.62,135.24,249.36,0.0,0.921,0.922,0.921,0.408,2,1.0,0.0,3100.682
2026-08-30T00:51:41.329Z,26.126285,87.092533,3745.52,3565.61,4039.82,304.9,304.89,2.97,-6.67,121.52,132.5,134.91,264.33,0.0,0.902,0.93,0.915,0.779,4,1.0,0.0,3101.688
2026-08-30T00:51:42.326Z,26.126617,87.091951,3749.74,3500.29,4044.23,309.24,309.27,2.98,-7.62,121.25,132.75,135.86,240.75,0.0,0.922,0.95,0.94,0.476,4,1.0,0.0,3102.69
2026-08-30T00:51:43.378Z,26.126986,87.091337,3753.08,3503.64,4048.2,307.93,307.76,2.71,-7.1,121.23,133.38,135.84,218.64,0.0,0.972,1.001,0.99,1.175,3,1.0,0.0,3103.734
2026-08-30T00:51:44.368Z,26.127338,87.090768,3756.59,3577.09,4053.79,304.83,304.8,2.36,-5.69,121.37,133.83,135.99,207.28,0.0,0.956,0.987,0.973,0.54,4,1.0,0.0,3104.726
2026-08-30T00:51:45.384Z,26.127705,87.090189,3759.88,3580.39,4058.62,305.68,305.64,2.73,-5.69,121.63,134.7,136.91,204.28,0.0,0.948,0.956,0.952,0.897,2,1.0,0.0,3105.737
2026-08-30T00:51:46.393Z,26.12808,87.089612,3763.31,3586.45,4062.03,306.77,306.74,2.87,-6.54,121.91,134.9,137.19,202.64,0.0,0.919,0.932,0.926,0.752,4,1.0,0.0,3106.748
2026-08-30T00:51:47.448Z,26.128485,87.089015,3766.77,3589.91,4064.99,307.52,307.47,2.9,-6.29,122.18,134.97,137.19,190.49,0.0,0.918,0.932,0.923,0.637,3,1.0,0.0,3107.803
2026-08-30T00:51:48.460Z,26.128877,87.088454,3768.95,3594.06,4067.6,308.22,308.19,2.98,-3.83,122.33,134.59,136.77,142.52,0.0,0.91,0.931,0.924,0.629,4,1.0,0.0,3108.81
2026-08-30T00:51:49.315Z,26.129215,87.087983,3770.52,3595.63,4070.8,309.79,309.78,3.15,-3.77,122.3,133.98,136.27,125.52,0.0,0.938,0.943,0.941,0.121,2,1.0,0.0,3109.674
2026-08-30T00:51:50.326Z,26.129623,87.087432,3773.0,3595.72,4072.27,309.99,309.94,2.87,-3.83,122.23,134.06,136.3,146.7,0.0,0.942,0.955,0.949,0.559,4,1.0,0.0,3110.738
2026-08-30T00:51:51.399Z,26.130057,87.086855,3775.85,3598.68,4073.86,311.36,311.34,2.63,-4.02,122.33,135.43,137.78,165.61,0.0,0.931,0.956,0.946,0.943,4,1.0,0.0,3111.844
2026-08-30T00:51:52.485Z,26.130513,87.086274,3779.42,3602.27,4077.28,310.91,310.84,2.62,-3.89,122.6,135.45,137.69,183.86,0.0,0.927,0.936,0.932,0.311,2,1.0,0.0,3112.862
2026-08-30T00:51:53.313Z,26.130861,87.085836,3782.0,3604.85,4079.2,310.65,310.61,2.86,-3.91,122.75,135.01,137.3,190.08,0.0,0.929,0.932,0.93,0.729,3,1.0,0.0,3113.703
2026-08-30T00:51:54.355Z,26.131303,87.085286,3785.91,3609.02,4082.43,311.3,311.25,2.78,-3.58,122.69,134.28,136.56,211.57,0.0,0.895,0.938,0.919,0.812,4,1.0,0.0,3114.726
2026-08-30T00:51:55.394Z,26.131744,87.084742,3788.56,3611.62,4084.97,313.21,313.22,2.43,-3.8,122.46,133.62,135.78,150.18,0.0,0.905,0.907,0.906,0.687,2,1.0,0.0,3115.784
2026-08-30T00:51:56.445Z,26.13219,87.084204,3790.75,3613.69,4087.2,312.52,312.38,3.03,-3.42,122.23,133.71,136.01,135.12,0.0,0.911,0.945,0.929,0.98,4,1.0,0.0,3116.816
2026-08-30T00:51:57.361Z,26.132584,87.083737,3792.53,3615.47,4089.13,312.39,312.42,3.14,-3.56,122.09,133.76,136.08,119.52,0.0,0.923,0.929,0.926,0.221,2,1.0,0.0,3117.744
2026-08-30T00:51:58.387Z,26.133033,87.083211,3793.99,3616.85,4090.98,313.55,313.52,3.08,-4.05,122.04,133.97,136.24,95.97,0.0,0.912,0.926,0.918,0.931,4,1.0,0.0,3118.785
2026-08-30T00:51:59.445Z,26.133496,87.082683,3795.88,3618.76,4092.71,314.45,314.41,2.83,-4.35,122.04,134.18,136.42,114.67,0.0,0.952,0.957,0.954,0.785,4,1.0,0.0,3119.821
2026-08-30T00:52:00.350Z,26.1339,87.082232,3798.11,3620.97,4094.56,315.73,315.71,2.38,-4.46,122.12,135.05,137.25,146.14,0.0,0.929,0.944,0.936,0.79,2,1.0,0.0,3120.739
2026-08-30T00:52:01.389Z,26.134372,87.081719,3801.39,3624.27,4097.49,316.39,316.31,2.78,-3.48,122.36,134.97,137.2,175.89,0.0,0.897,0.912,0.903,0.467,4,1.0,0.0,3121.76
2026-08-30T00:52:02.395Z,26.134832,87.081227,3804.62,3628.82,4100.6,315.62,315.55,2.9,2.38,122.33,133.86,136.11,186.88,0.0,0.908,0.926,0.917,1.205,4,1.0,0.0,3122.762
2026-08-30T00:52:03.478Z,26.13532,87.0807,3808.81,3633.02,4104.15,315.72,315.7,3.09,3.7,122.19,134.05,136.33,220.18,0.0,0.898,0.907,0.902,0.734,3,1.0,0.0,3123.863
2026-08-30T00:52:04.298Z,26.13569,87.080298,3811.75,3633.9,4106.99,316.91,316.87,2.92,-0.37,122.16,134.38,136.64,210.28,0.0,0.906,0.91,0.907,0.676,3,1.0,0.0,3124.657
2026-08-30T00:52:05.426Z,26.136202,87.079742,3815.18,3637.32,4110.69,315.05,315.0,2.97,-2.37,122.25,134.63,136.86,187.62,0.0,0.906,0.923,0.914,1.297,4,1.0,0.0,3125.778
2026-08-30T00:52:06.279Z,26.13659,87.079324,3817.51,3637.52,4113.26,315.73,315.68,3.03,0.17,122.31,134.71,136.92,171.52,0.0,0.915,0.915,0.915,0.663,2,1.0,0.0,3126.638
2026-08-30T00:52:07.491Z,26.137142,87.078731,3820.05,3640.02,4116.49,316.96,316.95,2.69,-0.34,122.4,134.71,136.87,125.95,0.0,0.913,0.928,0.922,0.247,5,1.0,0.0,3127.848
2026-08-30T00:52:08.351Z,26.137536,87.078314,3822.14,3636.77,4118.38,316.35,316.27,2.9,0.16,122.43,134.72,136.93,148.21,0.0,0.926,0.94,0.933,0.184,2,1.0,0.0,3128.698
2026-08-30T00:52:09.351Z,26.137996,87.077828,3824.83,3639.46,4120.9,316.35,316.3,2.94,0.17,122.48,134.78,137.0,154.2,0.0,0.916,0.929,0.922,0.882,4,1.0,0.0,3129.746
2026-08-30T00:52:10.389Z,26.138475,87.077323,3826.85,3639.29,4123.36,316.51,316.46,3.05,0.28,122.66,135.66,137.88,120.02,0.0,0.92,0.95,0.935,0.76,4,1.0,0.0,3130.75
2026-08-30T00:52:11.453Z,26.138968,87.076809,3828.55,3640.99,4125.35,316.72,316.68,2.77,-0.14,122.89,135.47,137.62,107.69,0.0,0.957,0.968,0.963,0.812,3,1.0,0.0,3131.791
2026-08-30T00:52:12.442Z,26.139432,87.076327,3830.38,3541.43,4126.95,317.76,317.72,3.01,-0.36,122.93,135.29,137.5,108.68,0.0,0.964,0.972,0.968,1.003,4,1.0,0.0,3132.77
2026-08-30T00:52:13.456Z,26.139904,87.075842,3832.76,3543.84,4128.67,316.98,316.92,3.16,-0.07,122.98,135.26,137.54,144.28,0.0,0.953,0.968,0.958,0.092,3,1.0,0.0,3133.783
2026-08-30T00:52:14.425Z,26.140359,87.075375,3836.14,3642.5,4131.02,317.19,317.14,2.74,-0.07,123.0,135.3,137.51,187.94,0.0,0.925,0.955,0.941,0.992,4,1.0,0.0,3134.747
2026-08-30T00:52:15.293Z,26.140761,87.074963,3839.09,3645.45,4133.49,316.66,316.62,2.77,0.32,123.01,135.28,137.48,195.37,0.0,0.898,0.909,0.902,0.66,3,1.0,0.0,3135.612
2026-08-30T00:52:16.475Z,26.141318,87.074392,3843.71,3633.37,4137.67,317.33,317.29,2.67,-0.18,123.03,135.4,137.63,226.81,0.0,0.893,0.939,0.914,0.731,4,1.0,0.0,3136.788
2026-08-30T00:52:17.429Z,26.141762,87.073938,3847.3,3636.95,4140.46,318.06,318.0,2.96,-0.11,123.05,135.27,137.56,225.16,0.0,0.888,0.917,0.902,0.75,4,1.0,0.0,3137.731
2026-08-30T00:52:18.397Z,26.142221,87.073475,3849.68,3661.11,4143.11,318.16,318.11,2.71,0.36,123.26,136.54,138.75,161.18,0.0,0.911,0.92,0.916,0.257,3,1.0,0.0,3138.698
2026-08-30T00:52:19.333Z,26.14267,87.073027,3851.77,3663.22,4146.02,318.22,318.17,2.61,-0.15,123.48,136.58,138.9,152.95,0.0,0.924,0.946,0.938,0.958,4,1.0,0.0,3139.64
2026-08-30T00:52:20.278Z,26.143123,87.072577,3854.42,3622.76,4149.08,318.17,318.12,2.85,-0.38,123.68,136.62,138.92,163.67,0.0,0.892,0.911,0.9,0.759,4,1.0,0.0,3140.601
2026-08-30T00:52:21.465Z,26.143696,87.072011,3857.83,3626.16,4152.44,318.0,317.94,2.73,-0.05,123.84,136.6,138.88,166.07,0.0,0.911,0.918,0.914,0.463,4,1.0,0.0,3141.776
2026-08-30T00:52:22.429Z,26.144158,87.071556,3860.32,3656.73,4156.24,318.22,318.17,2.78,-0.15,123.93,136.61,138.89,158.8,0.0,0.899,0.915,0.91,0.479,4,1.0,0.0,3142.731
2026-08-30T00:52:23.383Z,26.144618,87.071103,3862.84,3659.26,4159.58,318.71,318.65,2.95,-0.2,123.99,136.51,138.84,160.78,0.0,0.911,0.93,0.922,0.807,3,1.0,0.0,3143.682
2026-08-30T00:52:24.334Z,26.145078,87.070652,3865.24,3636.61,4162.17,318.31,318.27,2.83,-0.0,124.05,136.62,138.9,150.77,0.0,0.905,0.915,0.91,0.859,4,1.0,0.0,3144.639
2026-08-30T00:52:25.362Z,26.145571,87.070169,3867.67,3639.04,4164.44,318.66,318.62,2.69,-0.01,124.08,136.47,138.75,146.79,0.0,0.919,0.925,0.922,0.271,4,1.0,0.0,3145.66
2026-08-30T00:52:26.325Z,26.146035,87.069716,3869.05,3652.45,4166.23,319.48,319.45,3.0,-0.27,123.95,135.34,137.57,100.65,0.0,0.917,0.945,0.93,1.008,3,1.0,0.0,3146.622
2026-08-30T00:52:27.473Z,26.146588,87.069185,3872.4,3655.83,4168.61,320.29,320.23,2.98,-0.05,123.68,135.34,137.7,168.95,0.0,0.911,0.967,0.943,1.474,5,1.0,0.0,3147.773
2026-08-30T00:52:28.424Z,26.147049,87.068746,3875.43,3647.17,4171.28,319.94,319.89,2.72,0.6,123.49,134.93,137.22,181.72,0.0,0.862,0.876,0.868,0.553,3,1.0,0.0,3148.72
2026-08-30T00:52:29.359Z,26.147503,87.06832,3878.17,3649.9,4173.95,320.11,320.05,3.05,0.22,123.28,134.78,137.05,170.9,0.0,0.869,0.893,0.881,0.956,4,1.0,0.0,3149.66
2026-08-30T00:52:30.312Z,26.147965,87.06789,3880.26,3689.84,4176.46,320.33,320.28,3.03,-0.28,123.12,135.05,137.33,137.29,0.0,0.922,0.933,0.929,1.049,4,1.0,0.0,3150.613
2026-08-30T00:52:31.439Z,26.148519,87.067376,3881.52,3691.08,4178.64,320.05,320.0,2.9,-0.44,123.03,135.12,137.36,80.18,0.0,0.961,0.975,0.966,0.792,4,1.0,0.0,3151.735
2026-08-30T00:52:32.386Z,26.148979,87.066952,3882.07,3678.73,4179.71,320.24,320.19,2.84,-0.35,122.98,135.17,137.38,51.88,0.0,0.986,0.994,0.99,0.507,4,1.0,0.0,3152.679
2026-08-30T00:52:33.338Z,26.149448,87.06652,3882.58,3679.24,4180.46,320.35,320.3,2.82,-0.17,122.95,135.2,137.4,39.62,0.0,0.997,1.0,0.998,0.494,3,1.0,0.0,3153.636
2026-08-30T00:52:34.485Z,26.150009,87.066006,3883.21,3693.92,4181.18,320.46,320.4,2.82,-0.01,122.94,135.22,137.41,35.58,0.0,0.997,1.002,1.0,0.601,5,1.0,0.0,3154.775
2026-08-30T00:52:35.309Z,26.150417,87.065632,3883.67,3694.38,4181.66,320.51,320.46,2.84,0.03,122.93,135.23,137.42,33.91,0.0,0.996,0.996,0.996,0.557,2,1.0,0.0,3155.607
2026-08-30T00:52:36.458Z,26.150978,87.065119,3884.31,3702.36,4182.3,320.55,320.5,2.84,-0.02,122.93,135.15,137.35,34.52,0.0,0.996,1.004,0.998,0.706,5,1.0,0.0,3156.753
2026-08-30T00:52:37.396Z,26.15144,87.064696,3885.35,3703.42,4182.97,320.45,320.4,2.67,0.24,122.99,136.16,138.37,63.24,0.0,0.965,0.997,0.985,0.715,4,1.0,0.0,3157.703
2026-08-30T00:52:38.380Z,26.151926,87.06425,3886.89,3705.16,4184.18,320.18,320.14,2.91,0.2,123.23,136.33,138.56,79.59,0.0,0.952,0.968,0.959,0.519,3,1.0,0.0,3158.75
2026-08-30T00:52:39.384Z,26.152428,87.063793,3887.86,3706.07,4185.39,321.32,321.27,2.64,0.04,123.41,136.39,138.52,55.19,0.0,0.949,0.974,0.963,0.928,4,1.0,0.0,3159.689
2026-08-30T00:52:40.331Z,26.152896,87.063369,3888.2,3705.6,4186.13,320.49,320.44,2.84,-0.28,123.53,136.32,138.48,34.25,0.0,0.957,0.987,0.976,0.841,4,1.0,0.0,3160.634
2026-08-30T00:52:41.288Z,26.153372,87.062938,3888.46,3705.86,4186.61,320.93,320.87,2.89,-0.35,123.63,136.34,138.48,21.71,0.0,0.985,0.99,0.988,0.734,3,1.0,0.0,3161.584
2026-08-30T00:52:42.445Z,26.153948,87.062418,3888.58,3706.02,4186.94,320.99,320.94,2.89,-0.15,123.72,136.36,138.49,9.65,0.0,0.984,0.988,0.987,0.562,5,1.0,0.0,3162.758
2026-08-30T00:52:43.405Z,26.154427,87.061988,3888.75,3706.2,4187.1,321.11,321.05,2.84,-0.19,123.79,136.44,138.55,12.61,0.0,0.984,0.994,0.989,0.615,3,1.0,0.0,3163.699
2026-08-30T00:52:44.342Z,26.154895,87.061568,3889.3,3704.95,4187.4,321.39,321.36,2.64,-0.4,123.81,136.11,138.23,27.76,0.0,0.98,1.0,0.99,0.895,4,1.0,0.0,3164.643
2026-08-30T00:52:45.353Z,26.155399,87.061116,3889.43,3705.07,4187.75,321.32,321.25,2.95,-0.1,123.75,135.91,138.04,12.37,0.0,0.97,0.992,0.978,0.723,4,1.0,0.0,3165.673
2026-08-30T00:52:46.337Z,26.155887,87.060678,3889.71,3706.71,4187.95,321.16,321.1,2.92,0.26,123.69,135.91,138.05,15.54,0.0,0.988,1.001,0.994,0.783,3,1.0,0.0,3166.636
2026-08-30T00:52:47.471Z,26.156449,87.060174,3889.95,3706.94,4188.06,321.21,321.15,2.93,0.15,123.65,135.93,138.07,12.79,0.0,0.988,0.99,0.989,0.476,5,1.0,0.0,3167.765
2026-08-30T00:52:48.428Z,26.156929,87.059745,3890.52,3703.56,4188.37,321.49,321.43,2.85,-0.04,123.56,135.56,137.7,32.15,0.0,0.986,0.994,0.99,0.552,3,1.0,0.0,3168.721
2026-08-30T00:52:49.366Z,26.157392,87.059333,3891.11,3704.15,4188.87,321.37,321.32,2.88,-0.12,123.47,135.47,137.62,35.3,0.0,0.975,0.988,0.983,0.514,4,1.0,0.0,3169.656
2026-08-30T00:52:50.296Z,26.157854,87.058921,3891.84,3704.88,4189.4,321.16,321.11,2.93,-0.15,123.36,135.33,137.48,44.09,0.0,0.985,0.991,0.988,0.404,4,1.0,0.0,3170.58
2026-08-30T00:52:51.428Z,26.158415,87.058422,3893.47,3710.51,4190.34,321.84,321.79,2.78,-0.27,123.12,134.67,136.81,81.79,0.0,0.945,0.995,0.973,1.371,4,1.0,0.0,3171.712
2026-08-30T00:52:52.352Z,26.158874,87.058014,3895.04,3712.08,4191.49,321.52,321.46,2.82,0.05,122.99,135.11,137.26,93.43,0.0,0.96,0.98,0.97,1.34,4,1.0,0.0,3172.637
2026-08-30T00:52:53.287Z,26.159341,87.057599,3896.58,3712.42,4192.95,321.13,321.06,3.02,0.29,122.94,135.16,137.38,98.21,0.0,0.977,0.991,0.985,0.992,3,1.0,0.0,3173.579
2026-08-30T00:52:54.421Z,26.159904,87.057097,3899.1,3712.48,4195.0,321.34,321.3,2.77,0.27,123.06,135.95,138.16,126.37,0.0,0.939,0.975,0.95,0.374,5,1.0,0.0,3174.706
2026-08-30T00:52:55.437Z,26.160411,87.056649,3900.88,3714.25,4197.08,321.58,321.52,2.71,0.38,123.19,136.24,138.42,109.88,0.0,0.939,0.975,0.958,0.637,3,1.0,0.0,3175.718
2026-08-30T00:52:56.351Z,26.160871,87.05624,3902.49,3715.86,4198.78,321.71,321.64,2.76,0.41,123.34,136.25,138.42,102.42,0.0,0.959,0.962,0.96,0.708,4,1.0,0.0,3176.636
2026-08-30T00:52:57.465Z,26.16143,87.055745,3903.82,3715.27,4200.16,321.4,321.35,2.4,-0.23,123.47,136.18,138.32,85.62,0.0,0.963,1.006,0.98,1.263,5,1.0,0.0,3177.756
2026-08-30T00:52:58.410Z,26.1619,87.055329,3905.83,3719.7,4202.06,321.27,321.21,1.53,0.2,123.54,136.14,138.22,133.99,0.0,1.037,1.07,1.051,1.817,3,1.0,0.0,3178.716
2026-08-30T00:52:59.367Z,26.162379,87.054906,3910.0,3723.93,4204.36,321.16,321.1,0.5,0.3,123.55,135.78,137.79,249.31,0.0,1.104,1.136,1.124,0.381,4,1.0,0.0,3179.656
2026-08-30T00:53:00.292Z,26.162841,87.054497,3917.3,3731.28,4209.45,321.27,321.21,0.61,0.21,123.43,135.09,137.1,406.03,0.0,1.062,1.13,1.097,1.156,4,1.0,0.0,3180.581
2026-08-30T00:53:01.421Z,26.163404,87.053999,3927.57,3735.2,4218.12,321.3,321.25,1.21,0.37,123.12,134.35,136.45,491.42,0.0,0.977,1.022,0.996,0.391,4,1.0,0.0,3181.711
2026-08-30T00:53:02.348Z,26.16386,87.053594,3935.06,3742.66,4225.74,321.39,321.33,1.67,0.42,122.8,133.92,136.08,473.51,0.0,0.947,0.964,0.956,0.509,4,1.0,0.0,3182.633
2026-08-30T00:53:03.280Z,26.164317,87.053191,3941.16,3755.24,4232.79,321.6,321.56,1.85,0.57,122.5,134.11,136.25,410.71,0.0,0.942,0.944,0.944,0.752,3,1.0,0.0,3183.562
2026-08-30T00:53:04.404Z,26.164874,87.052699,3946.97,3742.03,4239.96,321.53,321.47,2.17,0.47,122.25,133.79,135.99,331.76,0.0,0.949,0.969,0.961,0.602,5,1.0,0.0,3184.689
2026-08-30T00:53:05.409Z,26.165371,87.052262,3951.2,3746.23,4245.19,321.55,321.5,2.52,0.37,122.01,133.54,135.76,268.99,0.0,0.965,0.972,0.967,0.527,3,1.0,0.0,3185.7
2026-08-30T00:53:06.327Z,26.165824,87.051863,3954.1,3749.12,4249.08,321.76,321.72,2.53,0.43,121.82,133.54,135.74,210.62,0.0,0.959,0.963,0.961,0.686,4,1.0,0.0,3186.626
2026-08-30T00:53:07.473Z,26.166385,87.051369,3956.41,3771.5,4252.58,321.81,321.75,2.89,0.66,121.64,133.43,135.62,137.24,0.0,0.953,0.968,0.96,0.743,5,1.0,0.0,3187.805
2026-08-30T00:53:08.464Z,26.166876,87.050937,3957.55,3769.08,4254.57,321.65,321.59,3.33,0.69,121.48,133.3,135.53,84.05,0.0,0.953,0.964,0.959,0.348,3,1.0,0.0,3188.77
2026-08-30T00:53:09.413Z,26.167339,87.050529,3957.75,3769.27,4255.65,321.76,321.72,3.44,0.59,121.4,133.67,135.93,34.51,0.0,0.957,0.964,0.962,0.574,4,1.0,0.0,3189.703
2026-08-30T00:53:10.345Z,26.167801,87.050121,3957.63,3769.14,4256.03,321.1,321.02,2.7,0.03,121.48,134.49,136.69,7.44,0.0,0.978,0.995,0.987,0.877,4,1.0,0.0,3190.646
2026-08-30T00:53:11.311Z,26.168276,87.049698,3957.57,3769.13,4256.09,321.24,321.2,2.95,0.2,121.66,134.77,136.98,9.09,0.0,0.997,1.015,1.007,0.162,3,1.0,0.0,3191.6
2026-08-30T00:53:12.444Z,26.168838,87.049198,3958.22,3774.13,4256.41,321.37,321.32,2.71,0.58,121.95,135.1,137.26,29.07,0.0,0.996,1.012,1.004,0.556,5,1.0,0.0,3192.731
2026-08-30T00:53:13.380Z,26.169304,87.048784,3959.05,3774.95,4256.95,321.41,321.35,2.82,0.4,122.12,135.09,137.27,44.14,0.0,0.995,1.007,1.002,0.242,3,1.0,0.0,3193.69
2026-08-30T00:53:14.318Z,26.169774,87.048367,3959.88,3775.78,4257.71,322.17,322.12,2.74,0.66,122.26,135.19,137.37,48.06,0.0,0.976,0.994,0.986,1.044,4,1.0,0.0,3194.621
2026-08-30T00:53:15.337Z,26.170278,87.04792,3960.37,3776.0,4258.39,320.98,320.91,2.7,0.13,122.45,135.6,137.78,35.2,0.0,0.97,1.011,0.988,0.849,4,1.0,0.0,3195.636
2026-08-30T00:53:16.320Z,26.170766,87.047486,3961.09,3776.73,4259.03,321.65,321.61,2.6,0.69,122.61,135.22,137.22,46.26,0.0,0.993,1.005,0.999,0.515,3,1.0,0.0,3196.623
2026-08-30T00:53:17.471Z,26.171337,87.046981,3962.24,3777.69,4260.05,319.93,319.84,3.72,-0.33,122.4,133.85,136.18,37.83,0.0,0.939,0.966,0.953,1.29,5,1.0,0.0,3197.776
2026-08-30T00:53:18.432Z,26.171809,87.04656,3961.47,3776.67,4260.32,321.56,321.54,3.99,-0.32,122.21,134.23,136.48,-31.93,0.0,0.895,0.921,0.91,0.321,3,1.0,0.0,3198.731
2026-08-30T00:53:19.373Z,26.172277,87.046145,3959.08,3774.25,4259.36,321.9,321.84,3.69,0.33,122.17,134.75,136.92,-115.34,0.0,0.921,0.96,0.943,0.188,4,1.0,0.0,3199.682
2026-08-30T00:53:20.412Z,26.17279,87.045687,3956.6,3772.06,4257.18,321.26,321.2,3.43,0.23,122.35,135.47,137.63,-119.02,0.0,0.974,1.011,0.997,0.167,4,1.0,0.0,3200.894
2026-08-30T00:53:21.440Z,26.173302,87.045234,3955.13,3770.62,4255.28,321.73,321.69,3.47,1.0,122.53,135.76,138.02,-84.14,0.0,1.007,1.018,1.013,0.367,2,1.0,0.0,3201.858
2026-08-30T00:53:22.407Z,26.173786,87.044805,3954.59,3769.49,4254.1,321.81,321.74,2.93,0.9,122.78,136.16,138.29,-45.57,0.0,0.99,0.994,0.992,0.327,3,1.0,0.0,3202.812
2026-08-30T00:53:23.309Z,26.174239,87.044405,3954.52,3769.44,4253.49,321.1,321.03,2.82,0.17,122.97,136.1,138.2,-14.51,0.0,0.999,1.003,1.0,1.114,3,1.0,0.0,3203.678
2026-08-30T00:53:24.366Z,26.174768,87.043937,3955.3,3770.26,4253.48,321.18,321.1,2.43,-0.14,123.25,137.43,139.55,49.75,0.0,0.999,1.001,1.001,0.626,3,1.0,0.0,3204.7
2026-08-30T00:53:25.459Z,26.175324,87.043446,3958.36,3687.43,4254.93,320.89,320.88,2.35,-0.78,123.64,137.02,139.14,140.57,0.0,0.996,1.036,1.017,0.884,4,1.0,0.0,3205.791
2026-08-30T00:53:26.475Z,26.175834,87.042994,3961.44,3774.24,4257.48,321.83,321.77,2.43,0.79,123.82,136.85,138.95,157.82,0.0,0.971,0.976,0.973,0.347,3,1.0,0.0,3206.795
2026-08-30T00:53:27.442Z,26.176321,87.042561,3963.86,3776.65,4259.89,321.5,321.45,2.36,0.6,123.9,136.67,138.78,152.19,0.0,0.976,0.989,0.983,0.963,4,1.0,0.0,3207.758
2026-08-30T00:53:28.400Z,26.176801,87.042134,3965.87,3780.43,4262.24,321.59,321.53,2.3,0.5,123.98,137.05,139.12,125.0,0.0,0.976,0.979,0.978,0.636,4,1.0,0.0,3208.711
2026-08-30T00:53:29.382Z,26.177294,87.041695,3967.23,3781.8,4264.12,321.5,321.45,2.49,0.53,124.07,136.87,138.96,99.46,0.0,0.992,1.003,0.997,0.696,3,1.0,0.0,3209.693
2026-08-30T00:53:30.332Z,26.177769,87.041271,3968.52,3783.07,4265.65,321.48,321.43,2.43,0.38,124.08,136.44,138.5,76.73,0.0,0.997,1.003,1.0,0.749,4,1.0,0.0,3210.644
2026-08-30T00:53:31.289Z,26.178249,87.040844,3968.67,3783.41,4266.57,321.8,321.74,2.54,0.72,123.96,136.05,138.13,39.52,0.0,1.014,1.043,1.031,0.623,4,1.0,0.0,3211.614
2026-08-30T00:53:32.294Z,26.178753,87.040397,3969.67,3784.43,4267.34,321.58,321.52,2.49,0.57,123.82,135.93,138.02,59.52,0.0,1.02,1.031,1.026,0.842,3,1.0,0.0,3212.63
2026-08-30T00:53:33.471Z,26.179339,87.039875,3971.4,3785.91,4268.67,321.57,321.51,2.48,0.6,123.67,135.8,137.89,82.86,0.0,1.006,1.013,1.009,0.664,5,1.0,0.0,3213.802
2026-08-30T00:53:34.294Z,26.179749,87.03951,3972.78,3787.29,4269.85,321.55,321.49,2.47,0.52,123.57,135.69,137.78,93.99,0.0,0.997,1.006,1.001,0.482,2,1.0,0.0,3214.61
2026-08-30T00:53:35.337Z,26.180265,87.039048,3974.44,3789.21,4271.47,320.83,320.77,2.51,-0.16,123.43,135.53,137.64,97.05,0.0,1.007,1.045,1.024,1.014,4,1.0,0.0,3215.645
2026-08-30T00:53:36.294Z,26.18074,87.038622,3976.02,3790.79,4273.03,321.87,321.81,2.46,0.5,123.37,135.81,137.9,94.74,0.0,1.01,1.023,1.016,0.949,4,1.0,0.0,3216.6
2026-08-30T00:53:37.455Z,26.181321,87.038101,3978.87,3793.48,4275.15,321.33,321.27,2.33,0.31,123.31,135.6,137.71,156.49,0.0,0.985,1.011,0.997,0.63,4,1.0,0.0,3217.785
2026-08-30T00:53:38.419Z,26.181795,87.037676,3982.75,3798.03,4277.7,321.33,321.27,2.42,0.29,123.22,135.36,137.49,218.25,0.0,0.945,0.957,0.949,0.848,4,1.0,0.0,3218.725
2026-08-30T00:53:39.382Z,26.182276,87.037245,3987.34,3802.54,4280.43,321.46,321.4,2.43,0.51,123.1,135.18,137.33,259.29,0.0,0.915,0.927,0.921,0.712,3,1.0,0.0,3219.694
2026-08-30T00:53:40.319Z,26.182739,87.036829,3991.75,3806.95,4285.11,321.42,321.36,2.49,0.43,122.98,135.02,137.18,274.46,0.0,0.914,0.918,0.916,0.504,4,1.0,0.0,3220.626
2026-08-30T00:53:41.467Z,26.183306,87.036322,3997.27,3811.34,4289.73,321.53,321.48,2.49,0.44,122.82,134.87,137.08,284.31,0.0,0.913,0.917,0.915,0.593,5,1.0,0.0,3221.769
2026-08-30T00:53:42.434Z,26.183781,87.035897,4001.8,3813.81,4293.68,321.5,321.44,2.46,0.49,122.69,134.75,136.97,282.43,0.0,0.911,0.912,0.911,0.491,3,1.0,0.0,3222.731
2026-08-30T00:53:43.373Z,26.184249,87.035479,4006.23,3818.25,4298.16,321.47,321.41,2.45,0.34,122.59,134.74,136.96,282.45,0.0,0.912,0.918,0.914,0.755,4,1.0,0.0,3223.673
2026-08-30T00:53:44.310Z,26.184711,87.035066,4010.65,3822.66,4302.05,321.52,321.46,2.42,0.41,122.49,134.64,136.86,282.31,0.0,0.912,0.915,0.914,0.593,4,1.0,0.0,3224.612
2026-08-30T00:53:45.377Z,26.185236,87.034598,4015.95,3794.07,4307.47,321.38,321.32,2.47,0.29,122.35,134.4,136.63,297.14,0.0,0.912,0.918,0.915,0.305,3,1.0,0.0,3225.673
2026-08-30T00:53:46.325Z,26.185704,87.03418,4020.74,3798.86,4313.63,321.39,321.33,2.57,0.54,122.23,134.28,136.52,300.25,0.0,0.907,0.913,0.909,0.388,4,1.0,0.0,3226.626
2026-08-30T00:53:47.282Z,26.186175,87.033759,4025.63,3837.63,4318.96,321.55,321.5,2.38,0.4,122.11,134.22,136.42,304.87,0.0,0.911,0.917,0.914,0.814,3,1.0,0.0,3227.579
2026-08-30T00:53:48.418Z,26.186733,87.03326,4031.06,3843.05,4324.84,321.87,321.78,2.46,0.65,121.9,133.76,135.97,289.27,0.0,0.903,0.94,0.926,0.927,5,1.0,0.0,3228.715
2026-08-30T00:53:49.380Z,26.187205,87.032838,4035.86,3848.79,4329.57,321.32,321.27,2.42,0.34,121.74,133.75,135.93,298.67,0.0,0.925,0.937,0.931,0.379,3,1.0,0.0,3229.68
2026-08-30T00:53:50.320Z,26.187667,87.032425,4040.62,3853.55,4334.29,321.42,321.36,2.38,0.63,121.63,133.65,135.8,301.0,0.0,0.914,0.924,0.92,0.718,4,1.0,0.0,3230.616
2026-08-30T00:53:51.472Z,26.188229,87.031922,4045.38,3859.24,4339.72,321.39,321.34,2.52,0.39,121.3,132.61,134.76,258.36,0.0,0.92,0.961,0.944,0.465,5,1.0,0.0,3231.781
2026-08-30T00:53:52.442Z,26.188699,87.031501,4049.83,3863.71,4343.98,321.56,321.5,2.55,0.54,121.0,132.46,134.63,276.93,0.0,0.942,0.956,0.948,0.543,3,1.0,0.0,3232.744
2026-08-30T00:53:53.387Z,26.189161,87.031087,4054.74,3867.96,4348.52,321.56,321.5,2.45,0.48,120.77,132.4,134.58,299.79,0.0,0.923,0.937,0.929,0.479,4,1.0,0.0,3233.695
2026-08-30T00:53:54.339Z,26.189619,87.030678,4059.65,3872.86,4353.26,321.55,321.49,2.26,0.73,120.56,132.37,134.51,305.45,0.0,0.914,0.919,0.916,0.705,4,1.0,0.0,3234.631
2026-08-30T00:53:55.386Z,26.190129,87.030222,4064.92,3874.67,4358.57,321.59,321.53,2.46,0.49,120.39,132.28,134.47,305.5,0.0,0.909,0.929,0.921,0.554,3,1.0,0.0,3235.685
2026-08-30T00:53:56.323Z,26.190582,87.029817,4070.42,3880.19,4363.98,321.63,321.57,2.45,0.96,120.28,132.2,134.39,339.28,0.0,0.9,0.921,0.913,0.715,4,1.0,0.0,3236.627
2026-08-30T00:53:57.480Z,26.191143,87.029316,4077.24,3881.55,4370.74,321.39,321.35,2.45,0.01,120.1,131.97,134.18,353.1,0.0,0.882,0.897,0.889,0.593,5,1.0,0.0,3237.781
2026-08-30T00:53:58.443Z,26.191615,87.028896,4082.74,3887.04,4376.36,321.56,321.49,2.66,0.54,119.99,132.13,134.33,336.8,0.0,0.898,0.924,0.911,0.518,3,1.0,0.0,3238.767
2026-08-30T00:53:59.406Z,26.192081,87.028482,4087.78,3884.81,4381.38,321.72,321.67,2.36,0.43,119.92,132.09,134.24,325.16,0.0,0.931,0.942,0.938,0.802,4,1.0,0.0,3239.72
2026-08-30T00:54:00.363Z,26.192542,87.028071,4092.94,3889.99,4386.36,321.71,321.65,2.34,0.58,119.85,132.01,134.14,325.54,0.0,0.922,0.927,0.925,0.568,4,1.0,0.0,3240.668
2026-08-30T00:54:01.347Z,26.193024,87.027643,4098.2,3902.86,4391.61,321.49,321.43,2.42,0.4,119.77,132.06,134.21,323.85,0.0,0.925,0.943,0.936,0.119,3,1.0,0.0,3241.676
2026-08-30T00:54:02.328Z,26.193498,87.027223,4103.71,3908.39,4396.66,321.83,321.76,2.38,0.82,119.74,132.09,134.22,333.17,0.0,0.918,0.931,0.923,0.64,4,1.0,0.0,3242.635
2026-08-30T00:54:03.478Z,26.194054,87.02673,4110.17,3919.57,4402.84,321.83,321.77,2.45,0.79,119.7,132.03,134.17,337.33,0.0,0.918,0.921,0.919,0.442,5,1.0,0.0,3243.785
2026-08-30T00:54:04.456Z,26.19453,87.026308,4115.96,3925.37,4408.47,322.09,322.03,2.5,0.94,119.64,131.82,133.98,352.71,0.0,0.913,0.919,0.916,0.61,3,1.0,0.0,3244.753
2026-08-30T00:54:05.299Z,26.19494,87.025944,4120.9,3926.34,4413.79,321.61,321.51,2.57,0.63,119.55,131.37,133.5,340.44,0.0,0.902,0.908,0.905,1.007,3,1.0,0.0,3245.604
2026-08-30T00:54:06.446Z,26.195496,87.025449,4126.98,3932.43,4421.2,321.72,321.69,2.3,0.29,119.35,131.37,133.46,330.92,0.0,0.928,0.961,0.947,1.002,5,1.0,0.0,3246.753
2026-08-30T00:54:07.434Z,26.195971,87.025024,4132.55,3938.92,4427.69,321.64,321.57,2.43,0.69,119.23,131.28,133.41,337.8,0.0,0.923,0.927,0.925,0.553,3,1.0,0.0,3247.75
2026-08-30T00:54:08.405Z,26.196437,87.024609,4138.25,3944.58,4432.35,321.64,321.58,2.44,0.87,119.1,130.56,132.74,354.48,0.0,0.916,0.923,0.919,0.756,4,1.0,0.0,3248.71
2026-08-30T00:54:09.349Z,26.196889,87.024205,4144.61,3953.88,4437.55,321.55,321.49,2.55,0.55,118.78,130.09,132.3,384.12,0.0,0.894,0.902,0.898,0.522,4,1.0,0.0,3249.651
2026-08-30T00:54:10.308Z,26.197348,87.023792,4150.85,3960.12,4443.37,322.15,322.08,2.63,0.99,118.59,130.5,132.74,386.51,0.0,0.902,0.904,0.903,0.54,3,1.0,0.0,3250.614
2026-08-30T00:54:11.461Z,26.197898,87.0233,4158.3,3967.71,4450.64,321.22,321.16,2.38,0.06,118.47,130.64,132.82,390.29,0.0,0.904,0.916,0.911,0.692,5,1.0,0.0,3251.765
2026-08-30T00:54:12.428Z,26.198361,87.022882,4164.63,3974.04,4456.93,321.34,321.28,2.38,0.27,118.41,130.63,132.76,389.63,0.0,0.908,0.91,0.909,0.734,3,1.0,0.0,3252.739
2026-08-30T00:54:13.376Z,26.198815,87.022476,4170.78,3983.11,4463.25,321.41,321.35,2.43,0.41,118.32,130.45,132.63,387.8,0.0,0.91,0.915,0.912,0.591,4,1.0,0.0,3253.71
2026-08-30T00:54:14.365Z,26.199286,87.022054,4177.13,3989.46,4469.23,321.55,321.49,2.43,0.56,118.22,130.24,132.42,387.95,0.0,0.908,0.915,0.911,0.428,4,1.0,0.0,3254.675
2026-08-30T00:54:15.425Z,26.199793,87.021601,4183.91,3994.77,4476.18,321.47,321.41,2.42,0.52,118.11,130.26,132.43,383.88,0.0,0.909,0.911,0.91,0.401,3,1.0,0.0,3255.725
2026-08-30T00:54:16.371Z,26.200243,87.0212,4189.74,4000.61,4482.2,321.6,321.54,2.5,0.59,118.03,130.16,132.31,374.23,0.0,0.905,0.914,0.911,0.575,4,1.0,0.0,3256.674
2026-08-30T00:54:17.324Z,26.200703,87.020789,4195.66,4004.7,4488.19,321.65,321.59,2.45,0.54,117.95,130.13,132.25,371.81,0.0,0.914,0.916,0.915,0.705,3,1.0,0.0,3257.628
2026-08-30T00:54:18.462Z,26.201245,87.020306,4202.67,4011.71,4495.22,321.63,321.56,2.47,0.5,117.86,129.99,132.11,371.91,0.0,0.917,0.923,0.918,0.505,5,1.0,0.0,3258.763
2026-08-30T00:54:19.433Z,26.201708,87.019894,4208.67,4016.81,4501.22,321.71,321.65,2.45,0.62,117.75,129.83,131.95,371.77,0.0,0.92,0.921,0.92,0.635,3,1.0,0.0,3259.735
2026-08-30T00:54:20.382Z,26.202159,87.019491,4214.65,4022.82,4507.17,321.66,321.6,2.44,0.62,117.66,129.83,131.96,376.68,0.0,0.918,0.92,0.919,0.619,4,1.0,0.0,3260.685
2026-08-30T00:54:21.331Z,26.202612,87.019089,4220.7,4024.08,4513.12,321.67,321.6,2.44,0.62,117.58,129.8,131.94,380.46,0.0,0.913,0.918,0.915,0.717,4,1.0,0.0,3261.632
2026-08-30T00:54:22.321Z,26.203083,87.018669,4227.04,4030.43,4519.98,321.65,321.59,2.43,0.63,117.53,129.82,131.97,384.72,0.0,0.915,0.918,0.916,0.516,3,1.0,0.0,3262.619
2026-08-30T00:54:23.468Z,26.203632,87.01818,4234.58,4045.83,4527.03,321.67,321.61,2.26,0.74,117.53,130.85,133.19,394.19,0.0,0.904,0.911,0.908,0.391,5,1.0,0.0,3263.779
2026-08-30T00:54:24.455Z,26.204111,87.017753,4241.43,4052.72,4533.44,318.95,318.85,2.19,-0.21,118.0,132.97,135.21,423.71,0.0,0.868,0.891,0.881,0.685,3,1.0,0.0,3264.766
2026-08-30T00:54:25.298Z,26.204519,87.01738,4248.04,4059.31,4539.49,320.56,320.55,2.44,-1.57,118.51,133.14,135.34,438.12,0.0,0.845,0.859,0.852,0.704,3,1.0,0.0,3265.607
2026-08-30T00:54:26.465Z,26.20508,87.01687,4255.42,4066.67,4547.25,321.14,321.07,2.67,-0.21,119.03,132.98,135.16,386.94,0.0,0.864,0.884,0.873,0.782,5,1.0,0.0,3266.8
2026-08-30T00:54:27.468Z,26.205573,87.016427,4261.22,4073.52,4552.86,321.3,321.25,2.43,-0.1,119.32,132.97,135.1,356.78,0.0,0.905,0.912,0.907,0.538,3,1.0,0.0,3267.775
2026-08-30T00:54:28.417Z,26.206034,87.016013,4266.46,4078.78,4558.85,321.38,321.34,2.3,0.32,119.52,132.93,135.06,339.51,0.0,0.907,0.918,0.911,0.535,4,1.0,0.0,3268.728
2026-08-30T00:54:29.368Z,26.206496,87.0156,4271.24,4083.36,4563.4,322.11,322.01,2.5,1.11,119.65,132.81,134.94,315.7,0.0,0.874,0.919,0.894,1.559,4,1.0,0.0,3269.694
2026-08-30T00:54:30.349Z,26.206973,87.015174,4276.34,4088.46,4567.86,321.42,321.36,2.45,0.41,119.73,132.79,134.89,309.27,0.0,0.92,0.927,0.924,0.613,3,1.0,0.0,3270.652
2026-08-30T00:54:31.299Z,26.207436,87.014761,4280.27,4091.16,4574.01,321.55,321.48,2.51,0.49,119.78,132.76,134.84,258.47,0.0,0.927,0.955,0.942,0.358,4,1.0,0.0,3271.598
2026-08-30T00:54:32.446Z,26.207995,87.014263,4283.9,4094.79,4579.69,321.52,321.46,2.49,0.42,119.82,132.74,134.79,207.14,0.0,0.965,0.985,0.978,0.599,5,1.0,0.0,3272.745
2026-08-30T00:54:33.412Z,26.208465,87.013844,4286.7,4097.06,4582.94,321.53,321.47,2.47,0.42,119.83,132.7,134.75,186.08,0.0,0.994,0.997,0.995,0.808,3,1.0,0.0,3273.748
2026-08-30T00:54:34.372Z,26.208935,87.013424,4289.6,4099.95,4586.07,321.52,321.46,2.45,0.43,119.83,132.66,134.71,182.94,0.0,1.001,1.005,1.003,0.593,4,1.0,0.0,3274.681
2026-08-30T00:54:35.421Z,26.209442,87.012972,4292.78,4102.77,4588.93,321.54,321.48,2.44,0.48,119.82,132.61,134.66,184.32,0.0,0.999,1.005,1.002,0.364,4,1.0,0.0,3275.73
2026-08-30T00:54:36.398Z,26.209917,87.012547,4295.84,4105.83,4591.69,321.52,321.46,2.43,0.47,119.8,132.59,134.61,188.2,0.0,0.999,1.003,1.0,0.745,3,1.0,0.0,3276.705
2026-08-30T00:54:37.347Z,26.210379,87.012135,4299.26,4109.35,4594.67,321.56,321.49,2.42,0.52,119.78,132.54,134.56,212.47,0.0,0.987,0.999,0.993,0.477,4,1.0,0.0,3277.683
2026-08-30T00:54:38.334Z,26.210857,87.011708,4303.25,4113.34,4598.13,321.57,321.5,2.41,0.52,119.74,132.2,133.93,231.82,0.0,0.975,0.985,0.979,0.546,4,1.0,0.0,3278.644
2026-08-30T00:54:39.310Z,26.21133,87.011283,4306.53,4116.59,4601.75,321.47,321.38,2.62,0.51,119.36,130.74,132.8,209.68,0.0,0.985,0.997,0.992,0.599,3,1.0,0.0,3279.64
2026-08-30T00:54:40.306Z,26.211802,87.010857,4310.42,4120.49,4605.3,321.38,321.32,2.51,0.25,119.03,130.77,132.83,232.45,0.0,0.984,1.009,0.997,0.712,4,1.0,0.0,3280.609
2026-08-30T00:54:41.449Z,26.212349,87.010365,4315.44,4120.36,4609.51,321.45,321.39,2.48,0.37,118.74,130.79,132.84,256.71,0.0,0.973,0.98,0.977,0.58,5,1.0,0.0,3281.756
2026-08-30T00:54:42.426Z,26.212817,87.009945,4319.93,4124.86,4613.58,321.42,321.36,2.46,0.33,118.57,130.82,132.87,269.97,0.0,0.968,0.971,0.97,0.506,3,1.0,0.0,3282.733
2026-08-30T00:54:43.379Z,26.213272,87.009536,4324.41,4086.74,4617.45,321.39,321.33,2.41,0.37,118.45,130.81,132.84,278.29,0.0,0.966,0.971,0.968,0.523,4,1.0,0.0,3283.68
2026-08-30T00:54:44.329Z,26.213726,87.009127,4328.94,4091.29,4622.46,321.19,321.12,2.31,0.18,118.37,131.15,133.18,285.13,0.0,0.965,0.967,0.966,0.598,4,1.0,0.0,3284.677
2026-08-30T00:54:45.443Z,26.21426,87.008648,4334.23,4141.63,4627.97,321.51,321.45,2.51,0.38,118.42,131.32,133.36,284.15,0.0,0.945,0.966,0.954,0.816,3,1.0,0.0,3285.737
2026-08-30T00:54:46.378Z,26.214711,87.008244,4338.34,4145.71,4632.48,321.18,321.14,2.38,0.11,118.46,131.62,133.61,263.3,0.0,0.949,0.967,0.956,0.37,4,1.0,0.0,3286.675
2026-08-30T00:54:47.323Z,26.215172,87.007832,4342.1,4151.61,4636.49,321.46,321.38,2.17,0.58,118.66,132.51,134.45,243.41,0.0,0.97,0.989,0.982,1.298,3,1.0,0.0,3287.636
2026-08-30T00:54:48.278Z,26.215632,87.007419,4345.68,4155.19,4639.65,321.4,321.33,2.3,0.43,118.87,132.47,134.45,233.29,0.0,0.957,0.977,0.969,0.994,4,1.0,0.0,3288.587
2026-08-30T00:54:49.426Z,26.216191,87.006917,4349.97,4159.86,4642.9,320.93,320.88,2.69,0.03,119.12,132.87,134.93,239.75,0.0,0.95,0.986,0.967,0.819,5,1.0,0.0,3289.74
2026-08-30T00:54:50.396Z,26.21666,87.006497,4354.97,4164.87,4647.32,321.72,321.69,2.5,0.43,119.28,132.36,134.42,281.26,0.0,0.948,0.973,0.96,0.328,3,1.0,0.0,3290.697
2026-08-30T00:54:51.341Z,26.217119,87.006087,4359.12,4169.13,4651.15,322.08,322.0,2.3,0.93,119.29,132.37,134.38,269.77,0.0,0.93,0.944,0.938,0.791,4,1.0,0.0,3291.644
2026-08-30T00:54:52.293Z,26.217582,87.005676,4363.47,4173.48,4655.78,321.59,321.52,2.36,0.39,119.31,132.29,134.32,270.4,0.0,0.947,0.969,0.962,0.648,4,1.0,0.0,3292.613
2026-08-30T00:54:53.469Z,26.218154,87.005168,4368.68,4099.5,4660.7,321.73,321.66,2.4,-0.96,119.3,132.21,134.25,269.01,0.0,0.96,0.966,0.963,0.722,4,1.0,0.0,3293.772
2026-08-30T00:54:54.416Z,26.218613,87.004762,4372.86,4103.68,4665.33,321.77,321.71,2.66,-2.59,119.26,131.54,133.6,264.23,0.0,0.96,0.969,0.963,0.466,4,1.0,0.0,3294.715
2026-08-30T00:54:55.454Z,26.219118,87.004326,4378.26,4173.37,4668.99,321.75,321.72,2.17,-4.13,118.89,130.54,132.6,317.32,0.0,0.903,0.981,0.94,1.076,3,1.0,0.0,3295.748
2026-08-30T00:54:56.395Z,26.219575,87.003937,4383.32,4178.41,4674.54,322.69,322.66,2.86,-3.47,118.61,130.54,132.63,308.29,0.0,0.879,0.924,0.9,1.431,4,1.0,0.0,3296.688
2026-08-30T00:54:57.340Z,26.220038,87.003548,4387.89,4173.71,4680.75,324.36,324.32,2.43,-1.86,118.36,130.27,132.28,294.75,0.0,0.936,0.96,0.951,0.864,4,1.0,0.0,3297.628
2026-08-30T00:54:58.295Z,26.220509,87.00316,4392.19,4178.01,4685.88,324.16,324.1,2.56,0.19,118.13,130.24,132.28,277.56,0.0,0.952,0.959,0.956,0.562,3,1.0,0.0,3298.602
2026-08-30T00:54:59.460Z,26.221081,87.002686,4397.46,4164.18,4691.56,324.16,324.09,2.49,2.79,117.89,130.2,132.27,285.41,0.0,0.963,0.965,0.964,0.517,5,1.0,0.0,3299.845
2026-08-30T00:55:00.338Z,26.221514,87.002329,4402.16,4168.86,4695.86,323.54,323.45,1.94,4.62,118.02,131.94,133.92,296.27,0.0,0.935,0.943,0.939,0.409,2,1.0,0.0,3300.706
2026-08-30T00:55:01.374Z,26.22203,87.001898,4406.7,4206.68,4700.8,323.57,323.5,2.39,4.49,118.25,131.85,133.9,274.41,0.0,0.929,0.979,0.955,1.285,4,1.0,0.0,3301.729
2026-08-30T00:55:02.408Z,26.222536,87.001462,4411.3,4211.3,4705.54,323.42,323.34,2.58,4.1,118.43,131.93,134.01,266.82,0.0,0.961,0.968,0.964,0.66,4,1.0,0.0,3302.782
2026-08-30T00:55:03.293Z,26.22297,87.001086,4414.88,4204.16,4709.38,322.54,322.47,2.35,3.64,118.55,131.99,134.02,245.95,0.0,0.949,0.949,0.949,0.1,2,1.0,0.0,3303.646
2026-08-30T00:55:04.298Z,26.223458,87.000655,4418.41,4207.7,4713.35,321.86,321.79,2.57,2.78,118.69,132.14,134.21,222.87,0.0,0.95,0.97,0.956,1.182,4,1.0,0.0,3304.653
2026-08-30T00:55:05.447Z,26.224016,87.000157,4422.55,4231.87,4717.61,321.6,321.53,2.51,2.38,118.82,132.14,134.2,218.06,0.0,0.968,0.978,0.972,0.763,4,1.0,0.0,3305.801
2026-08-30T00:55:06.304Z,26.224433,86.999779,4425.8,4235.14,4720.8,321.29,321.21,2.42,2.12,118.88,132.15,134.19,224.78,0.0,0.977,0.98,0.979,0.753,2,1.0,0.0,3306.664
2026-08-30T00:55:07.313Z,26.224915,86.999345,4429.77,4241.87,4724.62,321.09,321.02,2.42,1.96,118.93,132.13,134.16,237.85,0.0,0.973,0.98,0.977,0.454,4,1.0,0.0,3307.646
2026-08-30T00:55:08.301Z,26.225391,86.998909,4433.99,4246.1,4728.8,320.9,320.82,2.29,1.92,119.03,133.1,135.12,252.12,0.0,0.964,0.977,0.972,0.832,4,1.0,0.0,3308.648
2026-08-30T00:55:09.343Z,26.225892,86.998447,4439.1,4249.01,4733.23,320.09,320.03,2.35,1.52,119.22,132.9,135.06,290.78,0.0,0.971,0.98,0.976,0.605,3,1.0,0.0,3309.68
2026-08-30T00:55:10.331Z,26.226365,86.998007,4444.05,4253.92,4737.99,320.68,320.61,2.39,1.46,119.4,133.1,135.15,286.7,0.0,0.928,0.94,0.933,0.844,4,1.0,0.0,3310.726
2026-08-30T00:55:11.306Z,26.226834,86.997572,4448.21,4258.09,4742.5,320.51,320.44,2.42,1.21,119.53,133.02,135.06,260.17,0.0,0.954,0.956,0.955,0.386,2,1.0,0.0,3311.672
2026-08-30T00:55:12.324Z,26.227323,86.997116,4452.23,4262.12,4746.79,320.35,320.27,2.38,1.11,119.59,132.77,134.83,254.45,0.0,0.962,0.968,0.964,0.487,4,1.0,0.0,3312.721
2026-08-30T00:55:13.373Z,26.227823,86.996647,4456.87,4263.12,4751.28,320.13,320.06,2.46,1.09,119.58,132.67,134.73,256.5,0.0,0.943,0.952,0.947,0.599,4,1.0,0.0,3313.74
2026-08-30T00:55:14.771Z,26.22848,86.996013,4462.44,4271.7,4757.17,320.1,320.03,2.51,1.11,119.54,132.61,134.67,233.05,0.0,0.955,0.959,0.958,0.396,3,1.0,0.0,3315.324
2026-08-30T00:55:15.393Z,26.22878,86.99574,4464.62,4273.87,4759.52,320.03,319.95,2.48,1.01,119.52,132.59,134.65,223.61,0.0,0.965,0.965,0.965,,1,1.0,0.0,3315.921
2026-08-30T00:55:16.382Z,26.229252,86.995291,4468.14,4277.41,4763.23,319.92,319.85,2.45,0.83,119.49,132.56,134.62,217.09,0.0,0.976,0.976,0.976,,1,1.0,0.0,3316.793
2026-08-30T00:55:17.308Z,26.229692,86.994875,4471.49,4281.23,4766.56,319.73,319.66,2.3,0.74,119.48,132.72,134.72,218.84,0.0,0.977,0.984,0.981,0.021,2,1.0,0.0,3317.705
2026-08-30T00:55:18.358Z,26.230189,86.994402,4475.32,4285.05,4770.37,319.8,319.73,2.41,0.72,119.48,132.92,134.95,218.76,0.0,0.966,0.978,0.972,0.793,4,1.0,0.0,3318.729
2026-08-30T00:55:19.368Z,26.230667,86.993946,4478.94,4289.18,4774.03,319.63,319.58,2.41,0.42,119.56,133.0,135.01,217.58,0.0,0.975,0.986,0.978,0.745,4,1.0,0.0,3319.75
2026-08-30T00:55:20.477Z,26.231193,86.993442,4482.86,4293.12,4778.04,320.5,320.45,2.93,1.42,119.61,132.86,134.96,211.62,0.0,0.95,0.961,0.957,1.543,3,1.0,0.0,3321.048
2026-08-30T00:55:21.314Z,26.231591,86.993065,4485.98,4295.0,4781.01,320.28,320.21,2.63,1.26,119.61,132.75,134.77,227.72,0.0,0.997,1.003,1.0,0.286,2,1.0,0.0,3321.722
2026-08-30T00:55:22.363Z,26.232087,86.992592,4490.27,4299.27,4785.33,319.69,319.62,2.48,0.67,119.56,132.66,134.67,233.89,0.0,0.944,0.957,0.949,0.56,4,1.0,0.0,3322.749
2026-08-30T00:55:23.502Z,26.232619,86.992078,4494.57,4301.71,4789.77,319.55,319.48,2.31,0.43,119.52,132.6,134.59,229.89,0.0,0.968,0.969,0.969,1.237,3,1.0,0.0,3323.972
2026-08-30T00:55:24.433Z,26.233066,86.991655,4498.29,4305.43,4793.36,319.6,319.53,2.35,0.47,119.47,132.53,134.53,238.36,0.0,0.978,0.99,0.986,0.334,3,1.0,0.0,3324.844
2026-08-30T00:55:25.578Z,26.233607,86.991137,4502.94,4310.12,4797.9,319.82,319.76,2.51,0.74,119.41,132.42,134.44,240.07,0.0,0.972,0.972,0.972,0.221,2,1.0,0.0,3325.969
2026-08-30T00:55:26.422Z,26.234004,86.990757,4506.18,4313.35,4801.09,319.65,319.57,2.3,0.59,119.41,133.16,135.16,231.34,0.0,0.961,0.965,0.963,0.619,3,1.0,0.0,3326.806
2026-08-30T00:55:27.451Z,26.234494,86.990287,4509.03,4318.08,4804.68,319.01,318.92,2.2,-0.26,119.73,134.75,136.65,168.46,0.0,0.949,0.968,0.956,1.057,4,1.0,0.0,3327.83
2026-08-30T00:55:28.352Z,26.234921,86.989869,4511.07,4320.14,4807.11,318.08,317.97,2.96,-0.88,120.08,134.51,136.58,163.75,0.0,1.002,1.014,1.008,0.863,2,1.0,0.0,3328.743
2026-08-30T00:55:29.380Z,26.235412,86.989393,4514.08,4322.91,4809.97,319.03,319.0,2.42,-0.1,120.36,134.65,136.6,165.41,0.0,0.984,1.024,1.002,0.842,4,1.0,0.0,3329.765
2026-08-30T00:55:30.404Z,26.235898,86.988919,4516.07,4324.87,4812.53,319.29,319.22,2.39,0.3,120.56,134.51,136.45,125.3,0.0,0.971,0.991,0.983,0.733,4,1.0,0.0,3330.782
2026-08-30T00:55:31.286Z,26.236318,86.98851,4517.71,4322.78,4814.35,319.29,319.22,2.37,0.24,120.66,134.39,136.35,120.7,0.0,1.009,1.013,1.011,0.097,2,1.0,0.0,3331.667
2026-08-30T00:55:32.357Z,26.236828,86.988014,4519.95,4325.03,4816.47,319.25,319.18,2.39,0.19,120.73,134.55,136.53,129.08,0.0,1.003,1.008,1.006,0.609,4,1.0,0.0,3332.743
2026-08-30T00:55:33.407Z,26.237326,86.987529,4522.42,4328.56,4818.68,319.22,319.15,2.46,0.15,120.83,134.53,136.51,132.82,0.0,0.983,0.99,0.986,0.735,4,1.0,0.0,3333.779
2026-08-30T00:55:34.298Z,26.23775,86.987116,4524.28,4330.42,4820.57,319.16,319.08,2.35,0.13,120.88,134.44,136.43,130.27,0.0,0.994,1.005,0.999,0.079,2,1.0,0.0,3334.668
2026-08-30T00:55:35.463Z,26.238305,86.986577,4527.09,4291.93,4823.06,319.14,319.08,2.38,-0.07,120.9,134.57,136.57,146.3,0.0,1.006,1.011,1.009,0.73,4,1.0,0.0,3335.826
2026-08-30T00:55:36.325Z,26.238717,86.986176,4529.37,4294.2,4825.15,319.05,318.98,2.3,0.33,120.94,134.76,136.72,145.63,0.0,0.987,0.998,0.992,0.595,2,1.0,0.0,3336.706
2026-08-30T00:55:37.348Z,26.239204,86.985705,4531.54,4336.51,4827.4,319.37,319.31,2.47,0.13,121.03,134.73,136.72,137.53,0.0,0.989,0.999,0.995,0.506,4,1.0,0.0,3337.734
2026-08-30T00:55:38.393Z,26.239703,86.985222,4534.1,4339.07,4829.73,319.44,319.37,2.53,0.17,121.07,134.88,136.88,146.95,0.0,0.984,0.99,0.988,0.626,4,1.0,0.0,3338.763
2026-08-30T00:55:39.467Z,26.240218,86.984723,4537.24,4327.35,4832.73,319.27,319.19,2.43,0.21,121.22,135.21,137.21,169.72,0.0,0.98,0.989,0.984,0.743,3,1.0,0.0,3339.83
2026-08-30T00:55:40.475Z,26.240699,86.984257,4540.26,4330.37,4835.06,319.26,319.19,2.41,0.36,121.32,135.14,137.11,176.34,0.0,0.973,0.98,0.977,0.5,4,1.0,0.0,3340.83
2026-08-30T00:55:41.323Z,26.241104,86.983864,4542.81,4336.66,4838.83,319.32,319.25,2.42,0.48,121.37,135.25,137.2,177.98,0.0,0.976,0.982,0.979,0.504,2,1.0,0.0,3341.68
2026-08-30T00:55:42.321Z,26.241585,86.983396,4545.51,4339.36,4842.35,319.41,319.34,2.55,0.26,121.55,135.76,137.73,163.31,0.0,0.975,0.98,0.978,0.536,4,1.0,0.0,3342.684
2026-08-30T00:55:43.336Z,26.242068,86.982926,4548.21,4358.54,4845.27,319.05,318.98,2.41,-0.17,121.68,135.67,137.61,163.58,0.0,0.98,0.993,0.986,0.666,4,1.0,0.0,3343.69
2026-08-30T00:55:44.410Z,26.242584,86.982423,4551.16,4361.5,4848.45,319.22,319.16,2.48,-0.04,121.76,135.53,137.49,161.77,0.0,0.974,0.981,0.978,0.608,3,1.0,0.0,3344.796
2026-08-30T00:55:45.417Z,26.243069,86.981951,4553.72,4359.77,4850.7,319.33,319.26,2.49,0.22,121.78,135.41,137.39,153.85,0.0,0.972,0.975,0.974,0.404,3,1.0,0.0,3345.789
2026-08-30T00:55:46.324Z,26.243503,86.981532,4555.89,4361.93,4852.93,319.35,319.28,2.47,0.33,121.76,135.21,137.18,148.14,0.0,0.986,0.988,0.987,0.432,2,1.0,0.0,3346.685
2026-08-30T00:55:47.343Z,26.243989,86.981062,4558.57,4365.02,4855.25,319.2,319.12,2.27,0.5,121.68,134.94,136.91,159.22,0.0,0.989,0.995,0.992,0.659,4,1.0,0.0,3347.699
2026-08-30T00:55:48.369Z,26.244475,86.980591,4561.38,4367.83,4857.97,319.49,319.42,2.45,0.35,121.59,134.85,136.82,164.53,0.0,0.97,0.988,0.978,0.663,4,1.0,0.0,3348.725
2026-08-30T00:55:49.458Z,26.245003,86.980082,4564.51,4371.18,4860.74,319.47,319.4,2.32,-0.27,121.49,134.83,136.78,164.92,0.0,0.971,0.983,0.979,0.459,3,1.0,0.0,3349.826
2026-08-30T00:55:50.489Z,26.245496,86.979607,4567.02,4373.68,4863.26,320.16,320.13,2.48,-2.22,121.41,134.71,136.68,149.25,0.0,0.961,0.976,0.968,0.386,4,1.0,0.0,3350.852
2026-08-30T00:55:51.365Z,26.245919,86.979208,4568.96,4372.13,4865.32,320.05,319.96,2.69,-1.97,121.33,134.59,136.57,139.55,0.0,0.974,0.975,0.974,0.362,2,1.0,0.0,3351.726
2026-08-30T00:55:52.366Z,26.246403,86.978756,4571.5,4374.66,4867.7,320.11,319.98,2.51,-1.9,121.24,134.66,136.63,151.51,0.0,0.971,1.007,0.992,1.127,4,1.0,0.0,3352.725
2026-08-30T00:55:53.386Z,26.246898,86.9783,4573.97,4377.82,4870.16,319.26,319.27,2.56,-2.94,121.22,135.09,137.13,164.95,0.0,0.991,1.029,1.009,0.976,4,1.0,0.0,3353.745
2026-08-30T00:55:54.440Z,26.247418,86.977827,4577.87,4381.72,4873.31,322.07,322.0,2.3,-1.06,121.28,134.93,136.87,199.96,0.0,0.956,0.97,0.963,0.362,3,1.0,0.0,3354.802
2026-08-30T00:55:55.406Z,26.247896,86.977402,4581.07,4388.49,4876.5,321.81,321.74,2.34,-0.32,121.27,134.79,136.73,193.05,0.0,0.964,0.981,0.975,0.595,3,1.0,0.0,3355.765
2026-08-30T00:55:56.486Z,26.248427,86.976929,4584.12,4391.52,4879.88,322.11,322.07,2.25,0.07,121.16,133.61,135.5,165.3,0.0,0.986,0.996,0.992,0.734,3,1.0,0.0,3356.844
2026-08-30T00:55:57.302Z,26.248829,86.976574,4585.89,4351.4,4882.06,323.28,323.23,2.61,1.08,120.74,131.89,133.73,169.19,0.0,0.996,1.005,1.0,0.244,3,1.0,0.0,3357.681
2026-08-30T00:55:58.343Z,26.249329,86.976133,4589.92,4355.42,4885.31,322.03,321.96,2.6,0.09,120.09,131.61,133.57,201.38,0.0,0.95,0.972,0.959,0.444,4,1.0,0.0,3358.732
2026-08-30T00:55:59.345Z,26.249819,86.975699,4593.03,4392.5,4888.63,322.2,322.13,2.62,0.16,119.62,131.65,133.59,183.94,0.0,0.981,0.986,0.983,0.246,2,1.0,0.0,3359.758
2026-08-30T00:56:00.420Z,26.250339,86.975241,4595.97,4395.43,4891.79,322.4,322.35,2.67,0.34,119.24,130.92,132.86,174.07,0.0,0.988,1.0,0.994,0.685,4,1.0,0.0,3360.822
2026-08-30T00:56:01.337Z,26.250784,86.974854,4599.06,4395.66,4894.55,322.52,322.44,2.29,0.46,118.85,130.9,132.83,198.33,0.0,1.011,1.025,1.018,0.511,2,1.0,0.0,3361.705
2026-08-30T00:56:02.350Z,26.251277,86.974424,4602.88,4399.49,4898.01,322.43,322.36,2.32,0.35,118.52,130.85,132.78,219.43,0.0,1.006,1.013,1.009,0.309,4,1.0,0.0,3362.72
2026-08-30T00:56:03.368Z,26.251766,86.973997,4606.91,4400.44,4901.79,322.44,322.35,2.39,0.35,118.27,130.94,132.88,232.43,0.0,1.0,1.005,1.003,0.593,4,1.0,0.0,3363.74
2026-08-30T00:56:04.521Z,26.252324,86.97351,4611.95,4405.49,4906.14,322.2,322.15,2.36,0.18,118.06,130.81,132.8,254.33,0.0,1.015,1.026,1.022,1.076,3,1.0,0.0,3364.885
2026-08-30T00:56:05.487Z,26.252793,86.973101,4615.81,4418.79,4910.01,322.54,322.47,2.4,0.57,117.92,130.77,132.76,240.64,0.0,0.975,0.984,0.981,0.708,3,1.0,0.0,3365.849
2026-08-30T00:56:06.360Z,26.253213,86.972735,4619.07,4422.05,4912.7,322.44,322.36,2.39,0.47,117.82,130.74,132.74,230.59,0.0,0.995,0.995,0.995,0.438,2,1.0,0.0,3366.719
2026-08-30T00:56:07.367Z,26.253703,86.972308,4622.77,4425.95,4917.0,322.42,322.36,2.44,0.4,117.72,130.71,132.72,222.3,0.0,0.991,0.998,0.995,0.846,4,1.0,0.0,3367.726
2026-08-30T00:56:08.378Z,26.254191,86.971882,4626.44,4429.63,4920.08,322.78,322.7,2.52,0.67,117.64,130.67,132.68,218.38,0.0,0.995,1.005,0.999,0.537,4,1.0,0.0,3368.745
2026-08-30T00:56:09.445Z,26.254707,86.971433,4630.19,4433.84,4924.13,322.39,322.32,2.41,0.2,117.57,130.7,132.67,213.59,0.0,0.993,0.999,0.996,0.782,3,1.0,0.0,3369.814
2026-08-30T00:56:10.473Z,26.255203,86.971002,4633.87,4437.52,4927.96,322.49,322.42,2.44,0.25,117.52,130.67,132.66,216.1,0.0,0.998,1.005,1.001,0.686,4,1.0,0.0,3370.835
2026-08-30T00:56:11.348Z,26.255627,86.970632,4637.09,4441.43,4930.37,322.47,322.4,2.42,0.4,117.49,130.68,132.64,218.01,0.0,0.996,1.001,0.999,0.479,2,1.0,0.0,3371.717
2026-08-30T00:56:12.364Z,26.25612,86.970204,4640.64,4444.98,4934.47,322.51,322.44,2.55,0.22,117.49,131.09,133.07,205.89,0.0,0.995,1.004,0.999,0.288,4,1.0,0.0,3372.739
2026-08-30T00:56:13.378Z,26.256611,86.969775,4644.03,4447.74,4937.97,322.75,322.68,2.81,0.63,117.61,131.4,133.47,217.4,0.0,1.016,1.022,1.017,0.842,4,1.0,0.0,3373.747
2026-08-30T00:56:14.450Z,26.257136,86.969317,4648.76,4452.47,4942.99,322.49,322.42,2.37,0.33,117.73,131.44,133.36,246.78,0.0,0.988,1.009,0.996,0.839,3,1.0,0.0,3374.819
2026-08-30T00:56:15.414Z,26.257601,86.968911,4652.69,4455.93,4947.2,322.56,322.51,2.08,0.14,117.78,131.01,132.86,239.3,0.0,0.984,0.995,0.988,0.818,3,1.0,0.0,3375.781
2026-08-30T00:56:16.294Z,26.258029,86.968539,4656.0,4459.25,4950.76,322.62,322.52,2.4,0.92,117.73,130.87,132.78,233.6,0.0,1.005,1.014,1.009,0.473,2,1.0,0.0,3376.662
2026-08-30T00:56:17.319Z,26.258523,86.96811,4659.9,4462.93,4954.75,322.23,322.15,2.46,0.47,117.67,130.89,132.79,227.96,0.0,0.988,1.002,0.993,0.497,4,1.0,0.0,3377.678
2026-08-30T00:56:18.327Z,26.259012,86.967685,4663.25,4466.27,4958.49,321.98,321.93,2.52,0.34,117.68,131.33,133.19,200.24,0.0,0.974,0.984,0.977,0.373,4,1.0,0.0,3378.697
2026-08-30T00:56:19.422Z,26.259545,86.967221,4666.61,4412.17,4962.14,322.5,322.42,2.48,0.07,117.74,131.37,133.24,188.05,0.0,1.0,1.01,1.006,1.069,3,1.0,0.0,3379.812
2026-08-30T00:56:20.459Z,26.260049,86.966784,4669.78,4415.34,4965.31,322.41,322.34,2.49,-0.1,117.78,131.36,133.24,189.92,0.0,1.0,1.005,1.003,0.564,4,1.0,0.0,3380.825
2026-08-30T00:56:21.332Z,26.260476,86.966413,4672.62,4410.65,4968.05,322.54,322.47,2.42,0.38,117.82,131.37,133.23,193.48,0.0,1.001,1.003,1.002,0.188,2,1.0,0.0,3381.711
2026-08-30T00:56:22.384Z,26.260984,86.965973,4676.25,4414.27,4971.24,322.88,322.81,2.44,1.0,117.68,130.48,132.34,202.52,0.0,0.988,0.998,0.992,0.734,4,1.0,0.0,3382.784
2026-08-30T00:56:23.422Z,26.261489,86.965537,4679.8,4480.92,4974.72,322.65,322.57,2.41,0.84,117.53,130.48,132.35,206.56,0.0,0.991,1.004,1.0,0.526,4,1.0,0.0,3383.792
2026-08-30T00:56:24.301Z,26.261913,86.965171,4682.91,4484.02,4977.51,322.61,322.54,2.44,0.67,117.43,130.47,132.35,211.37,0.0,1.004,1.006,1.005,0.484,2,1.0,0.0,3384.666
2026-08-30T00:56:25.460Z,26.262472,86.964685,4687.16,4426.63,4981.47,322.58,322.51,2.45,0.41,117.33,130.49,132.36,215.65,0.0,1.0,1.004,1.001,0.626,4,1.0,0.0,3385.842
2026-08-30T00:56:26.343Z,26.262902,86.964314,4690.43,4429.91,4984.56,323.05,322.99,2.38,0.56,117.37,131.17,133.05,225.02,0.0,1.0,1.004,1.002,0.244,2,1.0,0.0,3386.711
2026-08-30T00:56:27.355Z,26.263393,86.96389,4694.19,4473.48,4987.79,322.62,322.54,2.45,0.59,117.46,131.16,133.03,221.53,0.0,0.985,0.99,0.987,0.918,4,1.0,0.0,3387.722
2026-08-30T00:56:28.371Z,26.263888,86.963463,4697.87,4477.15,4990.78,322.63,322.56,2.43,0.66,117.52,131.16,133.02,218.37,0.0,0.994,1.001,0.997,0.669,4,1.0,0.0,3388.737
2026-08-30T00:56:29.437Z,26.264407,86.963015,4701.69,4434.81,4990.15,322.63,322.57,2.34,0.46,117.57,131.12,132.95,214.39,0.0,0.992,1.001,0.997,0.467,3,1.0,0.0,3389.803
2026-08-30T00:56:30.441Z,26.264894,86.962592,4705.09,4438.21,4991.98,322.54,322.46,2.52,0.51,117.59,131.08,132.94,206.86,0.0,0.99,0.999,0.993,0.252,4,1.0,0.0,3390.813
2026-08-30T00:56:31.323Z,26.265321,86.962221,4708.14,4509.74,4994.5,322.51,322.44,2.49,0.44,117.6,131.11,132.96,206.46,0.0,1.0,1.0,1.0,0.271,2,1.0,0.0,3391.707
2026-08-30T00:56:32.355Z,26.265824,86.961786,4711.25,4512.83,4997.62,322.34,322.28,2.53,0.26,117.64,131.31,133.16,184.34,0.0,0.987,0.998,0.994,0.85,4,1.0,0.0,3392.723
2026-08-30T00:56:33.381Z,26.266321,86.961356,4714.69,4521.07,5000.79,322.8,322.7,2.44,0.63,117.68,131.28,133.15,202.87,0.0,1.014,1.026,1.021,0.75,4,1.0,0.0,3393.75
2026-08-30T00:56:34.471Z,26.266854,86.960895,4718.62,4525.0,5004.51,322.44,322.38,2.48,0.39,117.72,131.89,133.8,214.31,0.0,0.99,1.01,0.999,0.092,3,1.0,0.0,3394.838
2026-08-30T00:56:35.438Z,26.267325,86.960487,4722.69,4529.44,5008.11,322.12,322.09,2.28,0.18,117.9,132.04,133.97,242.13,0.0,1.001,1.018,1.01,1.213,3,1.0,0.0,3395.807
2026-08-30T00:56:36.325Z,26.267757,86.960113,4726.23,4532.98,5011.65,322.91,322.83,2.29,0.67,118.02,131.97,133.88,237.38,0.0,0.983,0.987,0.985,0.587,2,1.0,0.0,3396.698
2026-08-30T00:56:37.335Z,26.268254,86.959683,4730.17,4535.8,5015.63,322.69,322.61,2.32,0.37,118.11,131.89,133.81,235.49,0.0,0.994,1.002,0.997,0.732,4,1.0,0.0,3397.699
2026-08-30T00:56:38.335Z,26.268744,86.95926,4734.09,4539.72,5019.56,322.7,322.62,2.41,0.55,118.15,131.82,133.73,234.11,0.0,0.987,0.993,0.99,0.824,4,1.0,0.0,3398.7
2026-08-30T00:56:39.404Z,26.269268,86.958807,4738.06,4542.6,5023.69,322.67,322.6,2.55,0.66,118.14,131.66,133.58,221.82,0.0,0.971,0.977,0.974,0.504,3,1.0,0.0,3399.771
2026-08-30T00:56:40.410Z,26.269758,86.958381,4741.49,4546.02,5027.35,322.93,322.88,2.29,0.65,118.15,131.85,133.73,207.2,0.0,0.983,0.989,0.986,0.479,4,1.0,0.0,3400.779
2026-08-30T00:56:41.382Z,26.270232,86.95797,4744.61,4548.88,5030.67,323.38,323.28,2.43,1.33,118.18,132.04,133.95,197.61,0.0,0.972,0.972,0.972,0.078,2,1.0,0.0,3401.763
2026-08-30T00:56:42.411Z,26.270737,86.957537,4747.74,4552.01,5033.98,322.53,322.45,2.37,0.69,118.24,132.08,133.96,184.53,0.0,0.971,0.977,0.975,0.76,4,1.0,0.0,3402.783
2026-08-30T00:56:43.449Z,26.271246,86.957097,4751.04,4554.72,5037.33,319.9,319.78,2.54,-0.85,118.3,132.13,134.2,195.38,0.0,0.99,1.003,0.996,0.577,4,1.0,0.0,3403.82
2026-08-30T00:56:44.381Z,26.271702,86.956699,4755.14,4558.84,5041.6,320.76,320.75,2.61,-1.74,118.65,134.45,136.42,242.92,0.0,0.941,0.965,0.953,0.135,2,1.0,0.0,3404.751
2026-08-30T00:56:45.357Z,26.272187,86.956275,4759.29,4562.78,5045.55,322.0,321.97,2.45,-0.86,119.01,133.88,135.82,251.52,0.0,0.967,1.018,0.998,1.372,3,1.0,0.0,3405.729
2026-08-30T00:56:46.373Z,26.272692,86.955837,4763.03,4566.5,5050.37,323.2,323.13,2.38,0.51,119.27,133.68,135.56,219.54,0.0,0.958,0.985,0.969,1.422,4,1.0,0.0,3406.736
2026-08-30T00:56:47.446Z,26.273223,86.955376,4767.38,4570.4,5053.87,322.55,322.49,2.29,0.63,119.38,132.98,134.91,265.51,0.0,0.982,1.016,0.999,0.423,3,1.0,0.0,3407.815
2026-08-30T00:56:48.458Z,26.27372,86.954944,4772.67,4575.67,5058.23,322.91,322.82,2.28,1.24,119.33,132.83,134.72,285.52,0.0,0.949,0.958,0.953,0.404,4,1.0,0.0,3408.833
2026-08-30T00:56:49.347Z,26.274158,86.954563,4776.54,4579.52,5061.84,322.34,322.24,2.66,0.77,119.26,132.72,134.56,265.92,0.0,0.957,0.96,0.958,0.955,2,1.0,0.0,3409.718
2026-08-30T00:56:50.370Z,26.274657,86.954125,4780.9,4583.86,5066.1,322.36,322.32,2.39,0.26,119.02,131.74,133.65,257.55,0.0,0.975,0.988,0.982,1.013,4,1.0,0.0,3410.744
2026-08-30T00:56:51.391Z,26.275153,86.953689,4785.03,4587.43,5070.36,322.76,322.68,2.37,0.37,118.78,131.73,133.62,242.12,0.0,0.947,0.957,0.953,0.734,4,1.0,0.0,3411.762
2026-08-30T00:56:52.472Z,26.275679,86.953229,4788.96,4591.35,5074.57,322.51,322.43,2.38,0.2,118.57,131.71,133.56,224.85,0.0,0.985,0.988,0.987,0.36,3,1.0,0.0,3412.847
2026-08-30T00:56:53.303Z,26.27608,86.952877,4791.92,4593.57,5077.67,322.52,322.44,2.36,0.35,118.45,131.66,133.5,218.41,0.0,0.98,0.99,0.986,0.54,3,1.0,0.0,3413.675
2026-08-30T00:56:54.332Z,26.27658,86.95244,4795.38,4597.03,5081.35,322.55,322.5,2.55,0.07,118.33,131.68,133.58,208.3,0.0,0.978,0.985,0.982,0.58,4,1.0,0.0,3414.692
2026-08-30T00:56:55.360Z,26.27708,86.952,4799.24,4600.35,5085.02,322.78,322.67,2.39,1.45,118.24,131.72,133.55,216.3,0.0,0.973,1.009,0.991,0.669,2,1.0,0.0,3415.73
2026-08-30T00:56:56.372Z,26.277572,86.951569,4802.78,4603.9,5088.65,321.99,321.91,2.38,0.46,118.16,131.59,133.44,217.5,0.0,0.968,0.995,0.985,0.892,4,1.0,0.0,3416.735
2026-08-30T00:56:57.433Z,26.278086,86.951117,4807.0,4607.83,5094.96,322.47,322.4,2.38,0.43,118.12,131.72,133.58,239.86,0.0,0.969,0.975,0.971,0.452,3,1.0,0.0,3417.797
2026-08-30T00:56:58.440Z,26.278577,86.950686,4811.1,4611.9,5098.07,321.99,321.93,2.45,-0.34,118.13,131.99,133.81,227.78,0.0,0.961,0.964,0.962,0.657,4,1.0,0.0,3418.802
2026-08-30T00:56:59.316Z,26.279,86.950314,4814.29,4614.61,5101.51,322.02,321.96,2.59,-0.08,118.13,131.79,133.65,225.94,0.0,0.989,0.99,0.99,0.872,2,1.0,0.0,3419.693
2026-08-30T00:57:00.336Z,26.279496,86.949879,4818.04,4618.36,5105.25,323.29,323.21,2.46,1.43,118.04,131.33,133.15,219.31,0.0,0.957,0.983,0.973,1.16,4,1.0,0.0,3420.703
2026-08-30T00:57:01.340Z,26.279984,86.949454,4821.48,4623.41,5108.52,322.58,322.51,2.1,0.42,117.93,131.39,133.16,208.39,0.0,0.976,0.993,0.985,0.386,4,1.0,0.0,3421.702
2026-08-30T00:57:02.408Z,26.280504,86.949001,4825.22,4627.17,5112.04,322.77,322.69,2.74,0.42,117.83,131.14,133.0,214.17,0.0,1.004,1.018,1.01,0.707,3,1.0,0.0,3422.787
2026-08-30T00:57:03.437Z,26.281002,86.948569,4828.96,4630.86,5115.99,322.03,321.95,2.55,0.52,117.8,132.2,134.05,215.4,0.0,0.993,1.011,1.0,0.338,4,1.0,0.0,3423.812
2026-08-30T00:57:04.339Z,26.281445,86.948186,4832.12,4634.01,5118.68,321.85,321.77,2.43,0.14,118.0,132.68,134.52,213.85,0.0,0.992,1.0,0.996,0.458,2,1.0,0.0,3424.714
2026-08-30T00:57:05.315Z,26.281924,86.947772,4835.88,4637.31,5121.77,322.97,322.94,2.4,0.38,118.26,132.99,134.8,231.56,0.0,0.996,1.003,0.999,0.768,3,1.0,0.0,3425.68
2026-08-30T00:57:06.317Z,26.282424,86.947342,4840.69,4642.14,5125.75,323.1,323.04,2.16,0.46,118.55,133.63,135.43,266.93,0.0,0.969,1.003,0.992,1.058,4,1.0,0.0,3426.686
2026-08-30T00:57:07.404Z,26.282959,86.946884,4844.84,4646.7,5130.28,323.03,322.94,2.4,0.98,118.85,133.48,135.3,233.44,0.0,0.948,0.974,0.96,0.627,3,1.0,0.0,3427.772
2026-08-30T00:57:08.415Z,26.283464,86.946451,4848.36,4650.21,5134.1,322.49,322.39,2.23,0.6,119.03,133.66,135.44,215.2,0.0,0.977,0.986,0.982,0.497,4,1.0,0.0,3428.803
2026-08-30T00:57:09.317Z,26.283908,86.946067,4851.2,4651.6,5137.32,322.57,322.5,2.48,0.56,119.18,133.71,135.53,199.17,0.0,0.968,0.976,0.972,0.459,2,1.0,0.0,3429.685
2026-08-30T00:57:10.324Z,26.284409,86.945633,4854.24,4654.63,5141.09,322.71,322.63,2.58,0.66,119.32,133.67,135.49,180.8,0.0,0.966,0.976,0.971,0.773,4,1.0,0.0,3430.694
2026-08-30T00:57:11.344Z,26.284911,86.945198,4856.9,4657.3,5143.89,322.68,322.61,2.51,0.56,119.41,133.65,135.46,164.12,0.0,0.977,0.986,0.983,0.759,4,1.0,0.0,3431.715
2026-08-30T00:57:12.425Z,26.285452,86.944732,4859.71,4660.11,5146.56,322.61,322.53,2.45,0.44,119.48,133.65,135.35,160.79,0.0,0.989,0.998,0.994,0.318,3,1.0,0.0,3432.821
2026-08-30T00:57:13.468Z,26.285964,86.944288,4862.84,4666.65,5149.33,322.69,322.62,2.25,0.49,119.39,133.24,135.04,179.98,0.0,0.982,0.994,0.988,0.633,4,1.0,0.0,3433.838
2026-08-30T00:57:14.348Z,26.286398,86.94391,4865.53,4669.34,5151.95,322.46,322.39,2.11,0.56,119.37,133.29,135.04,175.36,0.0,0.97,0.972,0.971,0.289,2,1.0,0.0,3434.723
2026-08-30T00:57:15.322Z,26.286877,86.943493,4868.09,4670.8,5154.69,322.52,322.44,2.57,0.36,119.34,133.04,134.85,169.36,0.0,0.962,1.003,0.979,1.202,3,1.0,0.0,3435.693
2026-08-30T00:57:16.345Z,26.287383,86.943054,4871.79,4674.54,5157.82,322.0,321.9,2.77,-0.16,119.29,133.31,135.26,212.39,0.0,0.972,0.985,0.977,0.456,4,1.0,0.0,3436.723
2026-08-30T00:57:17.435Z,26.287918,86.942585,4876.43,4679.03,5161.92,322.72,322.68,2.44,-0.24,119.34,133.46,135.27,233.71,0.0,0.948,0.955,0.951,0.282,3,1.0,0.0,3437.809
2026-08-30T00:57:18.468Z,26.288424,86.942143,4880.3,4682.89,5165.88,322.35,322.26,2.41,0.86,119.3,133.11,134.9,225.23,0.0,0.966,0.977,0.97,0.439,4,1.0,0.0,3438.836
2026-08-30T00:57:19.362Z,26.288863,86.941757,4883.06,4685.15,5168.48,322.29,322.21,2.51,0.87,119.28,133.31,135.09,187.05,0.0,0.988,0.998,0.993,0.995,2,1.0,0.0,3439.741
2026-08-30T00:57:20.391Z,26.289368,86.941311,4885.69,4687.79,5171.6,322.87,322.78,2.58,0.78,119.27,133.16,134.98,172.98,0.0,1.004,1.018,1.012,0.633,4,1.0,0.0,3440.761
2026-08-30T00:57:21.412Z,26.28987,86.94087,4888.55,4690.45,5174.32,322.06,321.97,2.18,-0.26,119.24,133.59,135.32,161.7,0.0,0.992,1.015,1.002,1.013,4,1.0,0.0,3441.788
2026-08-30T00:57:22.308Z,26.29031,86.940482,4890.21,4692.08,5176.25,322.24,322.23,2.32,-0.92,119.5,135.34,137.05,114.43,0.0,1.014,1.026,1.02,0.261,2,1.0,0.0,3442.69
2026-08-30T00:57:23.331Z,26.29082,86.940035,4891.29,4692.82,5177.71,322.81,322.65,2.47,0.29,120.06,136.27,138.1,98.48,0.0,1.026,1.051,1.039,0.376,4,1.0,0.0,3443.703
2026-08-30T00:57:24.346Z,26.291333,86.939586,4894.0,4695.54,5180.48,322.29,322.22,2.36,0.74,120.6,136.43,138.2,141.5,0.0,1.0,1.036,1.024,1.267,4,1.0,0.0,3444.752
2026-08-30T00:57:25.728Z,26.292026,86.938975,4897.16,4698.53,5183.34,321.98,321.9,2.41,1.2,121.1,136.76,138.54,144.82,0.0,0.98,1.001,0.991,1.013,2,1.0,0.0,3446.142
2026-08-30T00:57:26.406Z,26.292367,86.938675,4899.16,4700.53,5184.55,321.72,321.61,2.35,0.19,121.39,136.94,138.71,162.64,0.0,0.953,0.953,0.953,0.386,2,1.0,0.0,3446.854
2026-08-30T00:57:27.409Z,26.292868,86.938232,4901.44,4701.22,5186.92,321.83,321.78,2.38,-0.76,121.59,136.36,138.08,135.09,0.0,0.959,0.969,0.964,0.269,2,1.0,0.0,3447.821
2026-08-30T00:57:28.483Z,26.29341,86.937755,4903.64,4703.42,5189.45,322.14,322.06,2.56,-0.62,121.68,136.21,137.95,123.89,0.0,0.974,0.986,0.982,0.967,4,1.0,0.0,3448.875
2026-08-30T00:57:29.415Z,26.293876,86.937347,4905.29,4705.04,5190.89,322.23,322.16,2.58,-0.27,121.71,136.15,137.88,110.26,0.0,0.98,0.985,0.983,0.682,2,1.0,0.0,3449.798
2026-08-30T00:57:30.454Z,26.294394,86.936894,4906.89,4706.63,5193.42,322.35,322.27,2.55,0.44,121.72,136.09,137.81,93.26,0.0,0.982,0.991,0.986,0.498,4,1.0,0.0,3450.833
2026-08-30T00:57:31.472Z,26.29491,86.936444,4907.5,4706.1,5194.89,322.02,321.96,2.35,-0.14,121.73,136.27,137.95,51.87,0.0,1.007,1.03,1.021,0.499,4,1.0,0.0,3451.848
2026-08-30T00:57:32.370Z,26.295359,86.936052,4907.95,4706.55,5194.79,322.77,322.67,2.29,-2.19,121.84,136.66,138.35,44.9,0.0,1.036,1.044,1.04,1.147,2,1.0,0.0,3452.758
2026-08-30T00:57:33.425Z,26.295897,86.93559,4909.55,4708.81,5197.71,322.73,322.67,2.36,-4.57,121.93,136.48,138.19,85.55,0.0,1.025,1.053,1.04,0.605,4,1.0,0.0,3453.806
2026-08-30T00:57:34.455Z,26.29642,86.93515,4911.63,4710.89,5199.56,323.49,323.43,2.39,-6.78,121.95,136.35,138.05,109.12,0.0,1.008,1.015,1.013,0.548,4,1.0,0.0,3454.839
2026-08-30T00:57:35.531Z,26.296974,86.934702,4913.49,4712.55,5201.75,324.71,324.66,2.5,-8.88,121.94,136.25,137.93,100.4,0.0,0.995,0.997,0.996,0.32,2,1.0,0.0,3455.901
2026-08-30T00:57:36.337Z,26.2974,86.934371,4914.63,4713.68,5203.15,325.75,325.7,2.62,-10.39,121.92,136.35,137.99,85.3,0.0,1.0,1.002,1.001,0.878,3,1.0,0.0,3456.719
2026-08-30T00:57:37.365Z,26.297946,86.933967,4915.12,4713.97,5204.19,326.94,326.91,2.49,-12.27,122.0,136.74,138.35,43.8,0.0,1.026,1.052,1.037,0.75,4,1.0,0.0,3457.745
2026-08-30T00:57:38.457Z,26.298538,86.933557,4915.7,4714.56,5204.8,329.33,329.29,2.43,-11.22,122.08,136.65,138.19,40.69,0.0,1.03,1.038,1.035,1.131,3,1.0,0.0,3458.831
2026-08-30T00:57:39.486Z,26.29911,86.933188,4916.71,4714.99,5205.58,330.94,330.89,2.41,-9.34,122.11,136.55,138.03,57.44,0.0,1.021,1.038,1.03,0.915,4,1.0,0.0,3459.865
2026-08-30T00:57:40.396Z,26.299614,86.93288,4917.91,4716.19,5206.37,332.16,332.1,2.41,-7.89,122.1,136.44,137.89,72.84,0.0,1.018,1.019,1.019,0.04,2,1.0,0.0,3460.767
2026-08-30T00:57:41.424Z,26.3002,86.932537,4919.47,4714.53,5207.73,333.32,333.26,2.47,-6.66,122.06,136.3,137.73,84.7,0.0,1.007,1.015,1.012,0.278,4,1.0,0.0,3461.807
2026-08-30T00:57:42.452Z,26.300784,86.93221,4921.07,4716.13,5209.2,334.31,334.25,2.49,-5.74,122.01,136.19,137.61,89.95,0.0,0.999,1.009,1.005,0.715,4,1.0,0.0,3462.847
2026-08-30T00:57:43.358Z,26.301303,86.93193,4922.67,4714.53,5210.56,335.15,335.08,2.7,-4.78,121.94,136.05,137.48,102.53,0.0,1.003,1.004,1.004,0.058,2,1.0,0.0,3463.742
2026-08-30T00:57:44.397Z,26.301902,86.931619,4923.86,4715.68,5212.04,336.21,336.16,2.4,-4.3,121.88,136.1,137.45,68.53,0.0,1.003,1.01,1.007,0.615,4,1.0,0.0,3464.774
2026-08-30T00:57:45.384Z,26.302475,86.931331,4924.95,4723.35,5213.11,336.7,336.64,2.4,-3.65,121.83,136.12,137.47,72.41,0.0,1.016,1.033,1.024,1.131,3,1.0,0.0,3465.764
2026-08-30T00:57:46.474Z,26.303113,86.931018,4926.68,4725.1,5214.49,336.96,336.88,2.33,-3.15,121.78,135.63,137.01,105.85,0.0,1.014,1.023,1.018,1.119,3,1.0,0.0,3466.855
2026-08-30T00:57:47.297Z,26.303589,86.930787,4929.09,4626.22,5216.11,337.22,337.16,2.45,-3.12,121.64,135.5,136.88,147.09,0.0,0.952,0.981,0.964,0.811,3,1.0,0.0,3467.679
2026-08-30T00:57:48.335Z,26.304188,86.9305,4931.67,4628.78,5218.66,337.88,337.81,2.43,-2.14,121.51,135.46,136.79,133.6,0.0,0.955,0.966,0.961,0.611,4,1.0,0.0,3468.711
2026-08-30T00:57:49.416Z,26.304822,86.930203,4933.44,4730.77,5220.91,338.03,337.96,2.5,-1.74,121.39,135.41,136.73,104.16,0.0,0.985,0.996,0.992,1.158,3,1.0,0.0,3469.79
2026-08-30T00:57:50.428Z,26.305415,86.92993,4934.74,4732.07,5222.57,338.46,338.39,2.56,-2.07,121.29,135.23,136.6,86.78,0.0,0.986,1.007,0.999,0.726,4,1.0,0.0,3470.831
2026-08-30T00:57:51.362Z,26.305958,86.929684,4935.96,4734.37,5223.89,338.63,338.56,2.53,-3.73,121.12,134.78,136.12,82.19,0.0,1.018,1.022,1.02,0.336,2,1.0,0.0,3471.743
2026-08-30T00:57:52.435Z,26.30659,86.929406,4937.52,4735.95,5225.35,339.81,339.73,2.49,-6.48,120.99,135.08,136.47,99.01,0.0,1.013,1.032,1.023,0.618,4,1.0,0.0,3472.81
2026-08-30T00:57:53.453Z,26.307191,86.929158,4940.0,4737.53,5227.23,340.43,340.34,2.33,-7.16,120.84,134.85,136.15,130.01,0.0,0.997,1.022,1.006,0.732,4,1.0,0.0,3473.837
2026-08-30T00:57:54.372Z,26.307738,86.928941,4942.83,4740.4,5229.16,340.59,340.53,2.54,-8.18,120.91,135.93,137.27,176.58,0.0,0.972,0.985,0.978,0.699,2,1.0,0.0,3474.764
2026-08-30T00:57:55.365Z,26.308337,86.928716,4945.76,4742.4,5231.88,342.45,342.4,2.43,-6.96,121.07,135.89,137.12,159.03,0.0,0.951,0.961,0.956,0.838,3,1.0,0.0,3475.745
2026-08-30T00:57:56.403Z,26.308963,86.928495,4947.75,4744.38,5234.66,343.42,343.36,2.45,-5.85,121.17,135.78,136.97,126.42,0.0,0.98,0.991,0.985,0.841,4,1.0,0.0,3476.786
2026-08-30T00:57:57.305Z,26.30951,86.928311,4949.3,4746.03,5236.39,344.2,344.14,2.47,-5.05,121.21,135.64,136.74,110.86,0.0,0.999,1.0,0.999,0.652,2,1.0,0.0,3477.687
2026-08-30T00:57:58.330Z,26.310134,86.928111,4951.15,4747.89,5238.21,345.36,345.33,2.26,-3.91,121.21,135.75,136.88,114.69,0.0,0.998,1.015,1.007,0.371,4,1.0,0.0,3478.704
2026-08-30T00:57:59.367Z,26.310768,86.927918,4953.14,4750.1,5240.25,346.06,345.94,2.4,-2.61,121.2,134.97,136.06,101.96,0.0,0.981,1.009,0.993,0.501,4,1.0,0.0,3479.748
2026-08-30T00:58:00.468Z,26.311436,86.927724,4952.62,4749.53,5241.07,346.12,346.05,2.51,-3.25,120.76,133.07,134.13,-4.11,0.0,1.04,1.078,1.062,0.068,3,1.0,0.0,3480.841
2026-08-30T00:58:01.476Z,26.312044,86.927552,4952.98,4749.92,5241.24,347.0,346.94,2.53,-2.18,120.2,132.63,133.72,42.16,0.0,1.058,1.089,1.072,0.788,4,1.0,0.0,3481.909
2026-08-30T00:58:02.315Z,26.312545,86.927414,4954.42,4751.36,5241.8,347.19,347.11,2.68,-1.6,119.84,132.62,133.74,81.45,0.0,1.021,1.021,1.021,,1,1.0,0.0,3482.731
2026-08-30T00:58:03.392Z,26.313192,86.927239,4956.68,4753.59,5243.87,347.41,347.34,2.55,-1.34,119.48,132.62,133.72,115.05,0.0,1.007,1.014,1.01,0.531,4,1.0,0.0,3483.816
2026-08-30T00:58:04.476Z,26.313845,86.927068,4959.33,4756.24,5245.58,347.52,347.43,2.48,-1.72,119.2,132.49,133.58,140.46,0.0,0.993,1.01,1.002,0.824,4,1.0,0.0,3484.863
2026-08-30T00:58:05.559Z,26.3145,86.926898,4962.26,4758.97,5248.71,347.89,347.81,2.44,-1.35,118.98,132.45,133.53,156.17,0.0,1.001,1.004,1.002,0.312,2,1.0,0.0,3485.935
2026-08-30T00:58:06.390Z,26.314996,86.926772,4964.59,4761.3,5251.07,347.99,347.91,2.3,-1.19,118.84,132.41,133.48,169.44,0.0,0.999,1.021,1.008,0.631,3,1.0,0.0,3486.75
2026-08-30T00:58:07.409Z,26.31561,86.926619,4968.02,4764.78,5254.17,348.17,348.09,2.35,-0.93,118.7,132.35,133.42,194.75,0.0,1.01,1.016,1.014,0.633,4,1.0,0.0,3487.756
2026-08-30T00:58:08.457Z,26.316247,86.926462,4971.81,4768.57,5257.73,348.4,348.32,2.42,-0.61,118.57,132.29,133.37,208.18,0.0,0.999,1.003,1.001,0.462,3,1.0,0.0,3488.806
2026-08-30T00:58:09.451Z,26.316848,86.926316,4975.36,4766.93,5261.21,348.56,348.47,2.47,-0.48,118.48,132.27,133.34,210.71,0.0,0.996,0.999,0.998,0.558,4,1.0,0.0,3489.814
2026-08-30T00:58:10.302Z,26.317359,86.926192,4978.34,4769.92,5264.23,348.67,348.59,2.48,-0.38,118.41,132.25,133.32,209.49,0.0,0.998,0.999,0.998,0.471,2,1.0,0.0,3490.663
2026-08-30T00:58:11.308Z,26.317963,86.926049,4981.68,4752.42,5267.69,348.82,348.75,2.53,-0.3,118.35,132.27,133.3,199.05,0.0,0.986,0.995,0.991,0.712,4,1.0,0.0,3491.69
2026-08-30T00:58:12.338Z,26.318589,86.925901,4984.84,4755.57,5271.05,348.9,348.82,2.45,-0.22,118.3,132.24,133.27,188.55,0.0,0.991,1.0,0.994,0.455,4,1.0,0.0,3492.722
2026-08-30T00:58:13.449Z,26.319259,86.925744,4988.22,4780.5,5274.51,349.0,348.92,2.44,-0.09,118.25,132.22,133.24,185.39,0.0,0.997,1.005,1.0,0.649,3,1.0,0.0,3493.837
2026-08-30T00:58:14.488Z,26.319887,86.925598,4991.44,4783.71,5277.73,349.3,349.22,2.38,0.15,118.21,132.2,133.2,185.67,0.0,0.996,1.003,1.0,0.42,4,1.0,0.0,3494.881
2026-08-30T00:58:15.584Z,26.320547,86.925445,4994.87,4787.36,5281.12,349.3,349.21,2.37,0.31,118.17,132.16,133.15,187.66,0.0,0.998,1.003,1.001,0.698,2,1.0,0.0,3495.976
2026-08-30T00:58:16.436Z,26.321055,86.925328,4997.56,4790.06,5283.76,349.02,348.93,2.47,0.06,118.14,132.18,133.21,198.55,0.0,0.998,1.005,1.002,0.63,3,1.0,0.0,3496.814
2026-08-30T00:58:17.449Z,26.321673,86.925184,5002.09,4797.19,5287.54,348.85,348.79,2.44,-0.19,118.11,132.12,133.14,235.21,0.0,0.96,0.994,0.974,1.108,4,1.0,0.0,3497.848
2026-08-30T00:58:18.358Z,26.322221,86.92506,5005.41,4800.5,5291.02,349.26,349.18,2.48,0.15,118.08,132.17,133.18,225.29,0.0,0.983,0.986,0.985,0.154,2,1.0,0.0,3498.746
2026-08-30T00:58:19.393Z,26.322846,86.924918,5009.26,4805.09,5294.93,349.11,349.04,2.52,0.05,118.06,132.06,133.09,224.96,0.0,0.995,1.005,1.0,0.959,4,1.0,0.0,3499.774
2026-08-30T00:58:20.418Z,26.323466,86.924777,5012.99,4808.82,5298.76,349.41,349.32,2.41,0.17,118.02,131.98,132.94,215.47,0.0,0.989,0.995,0.992,0.904,4,1.0,0.0,3500.8
2026-08-30T00:58:21.325Z,26.324015,86.924652,5015.72,4807.34,5301.71,349.45,349.35,2.58,0.47,117.94,131.57,132.56,193.51,0.0,1.014,1.029,1.021,0.529,2,1.0,0.0,3501.714
2026-08-30T00:58:22.357Z,26.324632,86.924512,5019.06,4810.68,5305.15,349.2,349.12,2.43,0.07,117.77,131.28,132.28,193.76,0.0,1.026,1.043,1.036,0.471,4,1.0,0.0,3502.734
2026-08-30T00:58:23.378Z,26.325245,86.924372,5022.33,4814.1,5308.46,349.17,349.09,2.36,-0.11,117.63,131.31,132.31,198.83,0.0,1.021,1.029,1.025,0.961,4,1.0,0.0,3503.764
2026-08-30T00:58:24.479Z,26.325907,86.92422,5026.49,4818.28,5312.26,349.28,349.2,2.38,0.1,117.51,131.27,132.28,221.53,0.0,1.009,1.018,1.014,0.348,3,1.0,0.0,3504.859
2026-08-30T00:58:25.474Z,26.326503,86.924085,5030.52,4826.43,5316.02,349.3,349.22,2.39,0.19,117.42,131.24,132.26,237.18,0.0,1.004,1.01,1.007,0.752,3,1.0,0.0,3505.856
2026-08-30T00:58:26.386Z,26.327046,86.923961,5034.25,4830.16,5318.89,349.23,349.14,2.46,0.33,117.35,131.23,132.25,241.27,0.0,0.997,0.998,0.998,0.549,2,1.0,0.0,3506.764
2026-08-30T00:58:27.402Z,26.327658,86.923823,5038.29,4832.12,5323.04,349.56,349.5,2.31,0.37,117.3,131.26,132.26,236.62,0.0,0.991,1.0,0.996,0.881,4,1.0,0.0,3507.781
2026-08-30T00:58:28.426Z,26.328271,86.923684,5042.15,4835.97,5326.54,349.54,349.46,2.38,0.44,117.27,131.29,132.31,226.29,0.0,0.985,1.009,0.997,0.765,4,1.0,0.0,3508.807
2026-08-30T00:58:29.314Z,26.328804,86.923562,5045.21,4837.12,5329.85,349.2,349.1,2.52,0.11,117.25,131.29,132.32,216.87,0.0,1.0,1.011,1.005,0.04,2,1.0,0.0,3509.701
2026-08-30T00:58:30.353Z,26.329429,86.92342,5049.06,4840.98,5332.28,349.16,349.08,2.49,-0.01,117.23,131.3,132.33,222.31,0.0,1.001,1.013,1.006,0.349,4,1.0,0.0,3510.75
2026-08-30T00:58:31.384Z,26.330049,86.92328,5052.99,4847.98,5336.92,349.32,349.24,2.53,0.19,117.22,131.35,132.35,224.97,0.0,0.993,1.005,0.999,0.658,4,1.0,0.0,3511.773
2026-08-30T00:58:32.282Z,26.330587,86.923158,5056.31,4851.29,5338.98,349.36,349.28,2.48,0.3,117.22,131.36,132.35,222.99,0.0,0.998,0.998,0.998,0.079,2,1.0,0.0,3512.672
2026-08-30T00:58:33.325Z,26.331211,86.923017,5060.19,4854.18,5343.77,349.39,349.31,2.44,0.34,117.22,131.36,132.34,225.04,0.0,0.998,1.004,1.002,0.566,4,1.0,0.0,3513.7
2026-08-30T00:58:34.343Z,26.331828,86.922878,5064.14,4858.13,5346.99,349.39,349.3,2.41,0.3,117.23,131.55,132.54,231.19,0.0,1.0,1.006,1.003,0.585,4,1.0,0.0,3514.732
2026-08-30T00:58:35.429Z,26.332476,86.922732,5068.54,4862.64,5352.97,349.23,349.14,2.36,0.17,117.24,131.34,132.34,246.02,0.0,0.995,1.01,1.003,0.052,2,1.0,0.0,3515.804
2026-08-30T00:58:36.461Z,26.333094,86.922592,5072.96,4867.06,5357.88,349.23,349.15,2.44,0.16,117.24,131.43,132.41,247.08,0.0,0.992,1.006,1.001,0.199,4,1.0,0.0,3516.836
2026-08-30T00:58:37.370Z,26.333642,86.922468,5077.26,4861.5,5362.0,349.12,349.04,2.69,0.08,117.18,130.84,131.9,278.62,0.0,0.974,0.982,0.978,0.91,2,1.0,0.0,3517.754
2026-08-30T00:58:38.403Z,26.334262,86.922325,5082.35,4866.59,5366.95,349.49,349.4,2.33,0.51,117.04,130.88,131.87,289.34,0.0,0.971,0.988,0.982,1.222,4,1.0,0.0,3518.789
2026-08-30T00:58:39.429Z,26.334875,86.922184,5087.17,4871.86,5371.92,349.16,349.09,2.48,0.01,116.97,131.03,132.05,283.89,0.0,0.974,0.989,0.984,0.223,4,1.0,0.0,3519.862
2026-08-30T00:58:40.416Z,26.335466,86.922049,5092.39,4877.09,5376.71,349.32,349.23,2.43,0.37,116.93,130.98,132.02,315.27,0.0,0.969,0.98,0.975,0.689,2,1.0,0.0,3520.821
2026-08-30T00:58:41.468Z,26.336096,86.921905,5098.35,4846.14,5382.35,349.21,349.13,2.37,0.21,116.9,131.01,132.05,329.88,0.0,0.947,0.952,0.949,0.683,4,1.0,0.0,3521.873
2026-08-30T00:58:42.405Z,26.336658,86.921778,5103.59,4851.38,5387.51,349.3,349.21,2.44,0.22,116.89,131.04,132.05,333.51,0.0,0.946,0.947,0.946,0.425,2,1.0,0.0,3522.82
2026-08-30T00:58:43.476Z,26.337297,86.921633,5109.57,4896.0,5393.45,349.35,349.27,2.44,0.2,116.87,131.06,132.05,334.4,0.0,0.942,0.948,0.946,0.54,4,1.0,0.0,3523.897
2026-08-30T00:58:44.346Z,26.337819,86.921515,5114.41,4900.84,5398.3,349.39,349.31,2.47,0.27,116.87,131.05,132.05,334.61,0.0,0.949,0.95,0.95,0.717,3,1.0,0.0,3524.746
2026-08-30T00:58:45.480Z,26.3385,86.921362,5120.7,4905.75,5405.31,349.38,349.3,2.48,0.21,116.87,131.19,132.19,330.2,0.0,0.943,0.947,0.945,0.186,2,1.0,0.0,3525.868
2026-08-30T00:58:46.321Z,26.339001,86.921249,5125.33,4910.42,5409.77,349.51,349.41,2.5,0.58,116.89,130.98,131.98,337.43,0.0,0.947,0.956,0.952,0.783,3,1.0,0.0,3526.718
2026-08-30T00:58:47.383Z,26.339642,86.921106,5131.6,4914.21,5415.83,349.64,349.55,2.42,0.52,116.84,130.96,131.95,346.58,0.0,0.946,0.956,0.951,0.678,4,1.0,0.0,3527.801
2026-08-30T00:58:48.317Z,26.3402,86.920981,5136.99,4919.57,5420.95,349.6,349.51,2.4,0.42,116.81,130.96,131.96,346.55,0.0,0.944,0.948,0.946,0.196,2,1.0,0.0,3528.731
2026-08-30T00:58:49.371Z,26.340833,86.92084,5143.07,4918.2,5426.86,349.52,349.43,2.38,0.42,116.79,130.94,131.94,345.21,0.0,0.946,0.951,0.949,0.667,4,1.0,0.0,3529.772
2026-08-30T00:58:50.318Z,26.341398,86.920714,5148.49,4923.62,5432.24,349.52,349.44,2.39,0.52,116.76,130.92,131.92,344.77,0.0,0.952,0.953,0.953,0.821,2,1.0,0.0,3530.71
2026-08-30T00:58:51.367Z,26.342024,86.920574,5154.47,4942.08,5438.09,349.55,349.47,2.43,0.52,116.73,130.83,131.83,341.5,0.0,0.944,0.946,0.945,0.588,4,1.0,0.0,3531.764
2026-08-30T00:58:52.411Z,26.342651,86.920435,5160.35,4947.96,5444.03,349.61,349.52,2.47,0.52,116.68,130.84,131.8,336.46,0.0,0.94,0.941,0.94,0.653,4,1.0,0.0,3532.817
2026-08-30T00:58:53.338Z,26.343202,86.920313,5165.36,4889.25,5448.99,349.64,349.56,2.49,0.52,116.65,130.85,131.82,330.18,0.0,0.941,0.943,0.942,0.303,2,1.0,0.0,3533.751
2026-08-30T00:58:54.395Z,26.343839,86.920173,5171.1,4895.0,5455.24,349.64,349.55,2.45,0.52,116.63,130.86,131.83,325.74,0.0,0.947,0.948,0.947,0.542,4,1.0,0.0,3534.802
2026-08-30T00:58:55.438Z,26.34446,86.920035,5176.81,4963.94,5461.28,349.8,349.74,2.46,0.44,116.57,130.31,131.2,338.36,0.0,0.943,0.949,0.947,0.44,3,1.0,0.0,3535.826
2026-08-30T00:58:56.377Z,26.345022,86.91991,5182.68,4969.82,5467.15,349.84,349.72,2.21,0.67,116.55,131.47,132.43,370.42,0.0,0.911,0.921,0.916,0.023,2,1.0,0.0,3536.774
2026-08-30T00:58:57.434Z,26.34566,86.919767,5189.98,4935.75,5473.47,349.68,349.62,2.57,0.49,116.77,131.94,132.97,399.6,0.0,0.896,0.903,0.901,0.6,4,1.0,0.0,3537.839
2026-08-30T00:58:58.291Z,26.346172,86.919653,5195.79,4941.54,5479.23,349.78,349.69,2.7,0.83,116.92,132.28,133.32,396.99,0.0,0.895,0.903,0.899,0.21,3,1.0,0.0,3538.701
2026-08-30T00:58:59.434Z,26.34687,86.919499,5202.68,4983.78,5486.17,348.97,348.86,2.44,0.15,117.22,131.89,132.9,375.24,0.0,0.925,0.931,0.928,0.604,3,1.0,0.0,3539.845
2026-08-30T00:59:00.296Z,26.347387,86.919382,5207.81,4988.88,5491.34,349.09,349.02,2.17,-0.15,117.27,131.93,132.87,356.41,0.0,0.914,0.917,0.916,0.658,3,1.0,0.0,3540.687
2026-08-30T00:59:01.427Z,26.348073,86.919228,5213.86,5004.3,5497.86,349.17,349.09,2.29,0.01,117.32,131.97,132.93,327.58,0.0,0.93,0.945,0.937,0.654,3,1.0,0.0,3541.825
2026-08-30T00:59:02.477Z,26.348699,86.919086,5218.98,5009.4,5503.38,349.83,349.74,2.5,0.82,117.36,131.85,132.71,295.4,0.0,0.925,0.93,0.927,0.722,4,1.0,0.0,3542.866
2026-08-30T00:59:03.395Z,26.349254,86.918963,5222.32,5011.03,5507.71,349.64,349.57,2.55,0.72,117.25,131.0,131.89,230.9,0.0,0.945,0.95,0.947,0.615,2,1.0,0.0,3543.812
2026-08-30T00:59:04.476Z,26.349898,86.918821,5225.7,5014.41,5511.47,349.9,349.78,2.82,0.8,116.96,130.41,131.38,207.36,0.0,0.97,1.001,0.983,0.301,4,1.0,0.0,3544.888
2026-08-30T00:59:05.320Z,26.350403,86.918709,5228.62,5001.31,5514.48,349.47,349.38,2.53,0.22,116.76,130.43,131.35,215.5,0.0,0.986,0.991,0.988,0.353,2,1.0,0.0,3545.708
2026-08-30T00:59:06.461Z,26.351086,86.918558,5234.24,5007.0,5519.04,349.5,349.44,2.48,0.19,116.55,130.49,131.46,301.05,0.0,0.989,0.995,0.991,1.223,3,1.0,0.0,3546.882
2026-08-30T00:59:07.332Z,26.351603,86.918444,5239.56,4979.4,5523.53,350.08,349.99,2.18,0.91,116.46,130.6,131.5,336.36,0.0,0.936,0.958,0.946,0.618,3,1.0,0.0,3547.751
2026-08-30T00:59:08.487Z,26.352295,86.918293,5246.11,4985.95,5530.04,349.81,349.72,2.27,0.74,116.42,130.74,131.66,334.09,0.0,0.94,0.948,0.943,0.492,3,1.0,0.0,3548.896
2026-08-30T00:59:09.348Z,26.352811,86.918181,5250.9,4970.48,5534.81,349.76,349.67,2.39,0.77,116.39,130.65,131.58,332.04,0.0,0.941,0.955,0.948,0.39,3,1.0,0.0,3549.768
2026-08-30T00:59:10.299Z,26.353382,86.918056,5256.0,4975.57,5540.05,349.73,349.65,2.52,0.69,116.34,130.64,131.51,319.77,0.0,0.935,0.938,0.937,0.364,2,1.0,0.0,3550.693
2026-08-30T00:59:11.338Z,26.353998,86.917921,5259.78,5047.67,5545.08,349.47,349.39,2.38,0.08,116.26,130.43,131.29,233.91,0.0,0.938,0.977,0.959,0.65,4,1.0,0.0,3551.723
2026-08-30T00:59:12.383Z,26.354619,86.917783,5263.53,5051.45,5549.11,349.7,349.61,2.52,0.52,116.19,130.45,131.36,234.63,0.0,0.982,0.989,0.986,0.332,4,1.0,0.0,3552.773
2026-08-30T00:59:13.292Z,26.355165,86.917662,5267.46,5057.4,5552.76,349.66,349.57,2.54,0.73,116.14,130.22,131.28,251.08,0.0,0.961,0.961,0.961,0.475,2,1.0,0.0,3553.711
2026-08-30T00:59:14.358Z,26.355804,86.917521,5272.35,5062.29,5557.36,349.94,349.86,2.48,1.0,116.04,130.13,131.33,272.15,0.0,0.958,0.965,0.963,0.684,4,1.0,0.0,3554.78
2026-08-30T00:59:15.392Z,26.356417,86.917383,5277.47,5056.65,5562.54,349.99,349.91,2.42,0.97,115.94,130.0,131.21,293.28,0.0,0.954,0.961,0.958,0.561,3,1.0,0.0,3555.822
2026-08-30T00:59:16.363Z,26.356994,86.917254,5282.56,5061.74,5567.08,349.98,349.89,2.42,0.84,115.86,130.01,131.22,309.33,0.0,0.958,0.959,0.959,0.393,2,1.0,0.0,3556.759
2026-08-30T00:59:17.413Z,26.357619,86.917113,5288.21,5075.96,5572.46,349.93,349.84,2.42,0.78,115.79,130.04,131.26,318.46,0.0,0.95,0.955,0.952,0.631,4,1.0,0.0,3557.811
2026-08-30T00:59:18.333Z,26.358169,86.916989,5293.19,5080.94,5577.33,349.9,349.81,2.45,0.78,115.75,130.07,131.28,320.77,0.0,0.944,0.946,0.945,0.219,2,1.0,0.0,3558.745
2026-08-30T00:59:19.393Z,26.358801,86.916846,5298.9,5083.2,5582.99,349.88,349.79,2.46,0.81,115.71,130.07,131.28,323.09,0.0,0.943,0.95,0.947,0.704,4,1.0,0.0,3559.788
2026-08-30T00:59:20.445Z,26.359419,86.916706,5304.48,5088.78,5587.81,349.78,349.69,2.47,0.69,115.69,130.04,131.27,322.13,0.0,0.943,0.951,0.947,0.697,4,1.0,0.0,3560.828
2026-08-30T00:59:21.352Z,26.359964,86.916582,5309.43,5090.58,5592.75,349.75,349.66,2.43,0.71,115.67,130.15,131.38,325.37,0.0,0.946,0.949,0.947,0.177,2,1.0,0.0,3561.748
2026-08-30T00:59:22.408Z,26.360594,86.916439,5315.2,5096.35,5598.75,349.75,349.66,2.43,0.65,115.68,130.18,131.4,325.35,0.0,0.941,0.946,0.944,0.75,4,1.0,0.0,3562.808
2026-08-30T00:59:23.450Z,26.361217,86.916297,5320.95,5107.34,5604.18,349.5,349.42,2.53,0.35,115.68,130.16,131.41,331.88,0.0,0.946,0.959,0.953,0.326,4,1.0,0.0,3563.877
2026-08-30T00:59:24.397Z,26.36178,86.916168,5326.21,5112.59,5608.89,349.82,349.74,2.43,0.69,115.66,129.81,130.98,334.71,0.0,0.939,0.941,0.94,0.542,2,1.0,0.0,3564.799
2026-08-30T00:59:25.447Z,26.362398,86.916026,5332.38,5115.17,5616.02,349.91,349.83,2.22,1.0,115.52,130.02,131.19,351.1,0.0,0.929,0.939,0.935,0.561,3,1.0,0.0,3565.828
2026-08-30T00:59:26.466Z,26.363011,86.915886,5338.39,5121.2,5622.28,349.53,349.42,2.39,0.54,115.58,130.32,131.5,348.96,0.0,0.899,0.914,0.906,1.017,4,1.0,0.0,3566.87
2026-08-30T00:59:27.403Z,26.363569,86.915757,5343.78,5032.13,5627.69,349.5,349.42,2.52,0.27,115.65,130.48,131.67,340.31,0.0,0.919,0.922,0.92,0.596,2,1.0,0.0,3567.816
2026-08-30T00:59:28.455Z,26.364196,86.915613,5349.26,5037.59,5633.43,349.68,349.6,2.69,0.32,115.73,130.53,131.73,316.66,0.0,0.931,0.931,0.931,0.608,4,1.0,0.0,3568.873
2026-08-30T00:59:29.327Z,26.364717,86.915494,5353.57,5125.47,5637.93,350.19,350.12,2.85,0.51,115.73,129.98,131.07,307.78,0.0,0.954,0.964,0.958,0.324,3,1.0,0.0,3569.721
2026-08-30T00:59:30.483Z,26.365404,86.915336,5360.78,5132.74,5644.31,349.86,349.75,2.26,0.93,115.44,129.11,130.28,366.55,0.0,0.922,0.952,0.937,0.66,3,1.0,0.0,3570.887
2026-08-30T00:59:31.335Z,26.365907,86.915221,5366.23,5135.34,5649.46,349.55,349.45,2.26,1.01,115.27,129.19,130.36,375.59,0.0,0.928,0.944,0.934,1.114,3,1.0,0.0,3571.731
2026-08-30T00:59:32.459Z,26.366569,86.915068,5372.97,5142.04,5655.94,348.93,348.81,2.71,0.41,115.07,128.46,129.68,341.86,0.0,0.939,0.967,0.951,0.848,3,1.0,0.0,3572.841
2026-08-30T00:59:33.280Z,26.367052,86.914956,5376.38,5156.84,5660.52,349.25,349.19,2.37,-0.19,114.76,128.04,129.2,284.93,0.0,1.016,1.03,1.025,1.118,3,1.0,0.0,3573.667
2026-08-30T00:59:34.312Z,26.367657,86.914814,5380.51,5160.96,5665.07,350.13,350.02,2.34,0.57,114.47,128.0,129.14,245.81,0.0,1.0,1.009,1.004,0.797,4,1.0,0.0,3574.694
2026-08-30T00:59:35.413Z,26.368297,86.914666,5384.73,5172.15,5669.92,349.59,349.49,2.4,0.55,114.27,128.21,129.31,244.42,0.0,1.004,1.006,1.005,0.827,2,1.0,0.0,3575.821
2026-08-30T00:59:36.466Z,26.368918,86.914521,5388.98,5176.4,5674.32,348.9,348.77,2.51,0.68,114.14,128.0,129.14,250.4,0.0,1.004,1.01,1.007,0.581,4,1.0,0.0,3576.869
2026-08-30T00:59:37.404Z,26.369461,86.914392,5393.94,5180.08,5678.34,349.16,349.1,2.46,0.15,114.0,128.08,129.24,302.37,0.0,0.971,0.983,0.977,0.23,2,1.0,0.0,3577.87
2026-08-30T00:59:38.433Z,26.370058,86.914252,5399.55,5185.69,5683.15,349.57,349.48,2.51,0.46,113.91,127.72,128.89,327.94,0.0,0.956,0.971,0.965,0.423,3,1.0,0.0,3578.818
2026-08-30T00:59:39.475Z,26.370675,86.914109,5405.97,5195.16,5689.29,349.6,349.53,2.28,0.2,113.7,127.47,128.58,343.55,0.0,0.949,0.95,0.949,0.492,4,1.0,0.0,3579.861
2026-08-30T00:59:40.386Z,26.371209,86.913986,5411.71,5200.94,5693.07,350.49,350.41,2.65,0.98,113.46,126.61,127.82,386.56,0.0,0.913,0.917,0.915,0.748,2,1.0,0.0,3580.766
2026-08-30T00:59:41.415Z,26.371803,86.913852,5419.09,5207.73,5699.98,349.51,349.4,2.56,0.51,113.16,126.52,127.71,411.01,0.0,0.911,0.937,0.921,0.865,4,1.0,0.0,3581.788
2026-08-30T00:59:42.429Z,26.372389,86.913717,5426.25,5214.89,5706.69,349.67,349.59,2.51,0.53,112.93,126.56,127.74,421.07,0.0,0.943,0.954,0.947,0.682,4,1.0,0.0,3582.786
2026-08-30T00:59:43.282Z,26.372883,86.913604,5432.38,5222.37,5713.17,350.35,350.29,2.24,1.23,112.8,127.08,128.2,421.93,0.0,0.94,0.949,0.945,0.48,2,1.0,0.0,3583.635
2026-08-30T00:59:44.478Z,26.37358,86.913444,5440.39,5230.37,5722.51,349.61,349.49,2.39,1.16,112.83,127.36,128.5,407.66,0.0,0.94,0.956,0.948,1.04,5,1.0,0.0,3584.845
2026-08-30T00:59:45.559Z,26.374209,86.9133,5447.7,5238.15,5730.25,349.39,349.3,2.53,0.18,112.86,127.37,128.54,405.81,0.0,0.942,0.946,0.944,0.571,2,1.0,0.0,3585.94
2026-08-30T00:59:46.376Z,26.374685,86.913191,5453.19,5243.66,5735.89,349.5,349.41,2.43,0.31,112.9,127.66,128.82,405.6,0.0,0.934,0.942,0.939,0.897,3,1.0,0.0,3586.746
2026-08-30T00:59:47.387Z,26.375276,86.913055,5460.04,5250.03,5742.79,349.62,349.54,2.41,0.39,112.99,127.78,128.93,403.83,0.0,0.935,0.94,0.937,0.277,4,1.0,0.0,3587.77
2026-08-30T00:59:48.282Z,26.375801,86.912936,5465.85,5255.83,5748.77,349.67,349.58,2.42,0.5,113.07,127.83,128.97,392.17,0.0,0.931,0.938,0.934,0.224,2,1.0,0.0,3588.676
2026-08-30T00:59:49.315Z,26.376403,86.912798,5472.27,5262.06,5755.44,349.55,349.43,2.21,0.59,113.12,127.5,128.6,373.76,0.0,0.937,0.945,0.94,0.516,4,1.0,0.0,3589.683
2026-08-30T00:59:50.331Z,26.376997,86.912662,5478.31,5268.1,5761.74,349.55,349.48,2.56,0.38,113.1,127.53,128.69,363.12,0.0,0.945,0.955,0.949,0.769,4,1.0,0.0,3590.721
2026-08-30T00:59:51.443Z,26.377648,86.912513,5484.94,5274.27,5768.64,349.76,349.67,2.54,0.79,113.1,127.68,128.82,355.04,0.0,0.943,0.949,0.946,0.308,3,1.0,0.0,3591.833
2026-08-30T00:59:52.470Z,26.378247,86.912376,5490.83,5280.14,5774.6,349.77,349.68,2.12,0.29,113.13,127.77,128.85,349.31,0.0,0.938,0.961,0.95,0.396,4,1.0,0.0,3592.856
2026-08-30T00:59:53.399Z,26.37879,86.912252,5496.36,5285.06,5779.97,350.16,350.08,2.22,0.73,113.12,128.0,129.09,353.17,0.0,0.935,0.94,0.937,0.555,2,1.0,0.0,3593.774
2026-08-30T00:59:54.409Z,26.379384,86.912116,5502.04,5290.73,5785.84,349.71,349.62,2.65,0.89,113.28,128.38,129.54,339.95,0.0,0.94,0.952,0.946,0.88,4,1.0,0.0,3594.809
2026-08-30T00:59:55.419Z,26.379975,86.911982,5507.56,5295.97,5791.47,349.62,349.52,2.54,0.82,113.46,128.96,130.04,335.08,0.0,0.943,0.953,0.947,0.423,3,1.0,0.0,3595.812
2026-08-30T00:59:56.359Z,26.38053,86.911856,5512.75,5301.16,5796.7,349.72,349.63,2.52,0.66,113.67,129.04,130.12,333.12,0.0,0.941,0.943,0.942,0.802,2,1.0,0.0,3596.726
2026-08-30T00:59:57.366Z,26.381123,86.911721,5518.67,5308.05,5802.36,349.52,349.43,2.4,0.3,113.84,129.09,130.17,353.21,0.0,0.955,0.961,0.958,0.569,4,1.0,0.0,3597.727
2026-08-30T00:59:58.377Z,26.38172,86.911585,5524.84,5314.22,5808.39,348.94,348.8,2.85,0.44,113.76,126.67,128.08,354.3,0.0,0.952,0.969,0.958,0.873,4,1.0,0.0,3598.735
2026-08-30T00:59:59.435Z,26.382336,86.911445,5532.53,5320.72,5815.04,348.63,348.56,2.39,-0.66,113.75,130.29,131.44,438.98,0.0,0.93,0.984,0.957,1.131,3,1.0,0.0,3599.828
2026-08-30T01:00:00.479Z,26.382961,86.911304,5540.76,5328.93,5823.13,350.13,350.04,2.26,0.81,114.32,130.83,131.87,438.11,0.0,0.877,0.902,0.887,0.768,4,1.0,0.0,3600.882
2026-08-30T01:00:01.411Z,26.383515,86.911181,5546.88,5333.72,5830.35,349.56,349.46,2.15,0.48,114.67,130.81,131.84,408.47,0.0,0.931,0.935,0.933,0.117,2,1.0,0.0,3601.798
2026-08-30T01:00:02.451Z,26.384141,86.911041,5553.21,5340.05,5836.8,350.38,350.29,2.4,1.01,114.98,130.76,131.81,371.02,0.0,0.915,0.932,0.924,0.559,4,1.0,0.0,3602.836
2026-08-30T01:00:03.477Z,26.384755,86.910904,5558.75,5335.17,5842.71,349.96,349.88,2.5,0.8,115.19,130.5,131.37,327.55,0.0,0.913,0.931,0.922,0.617,4,1.0,0.0,3603.874
2026-08-30T01:00:04.398Z,26.385304,86.910781,5562.93,5339.33,5847.48,350.01,349.92,2.56,1.0,115.18,130.06,131.12,293.23,0.0,0.965,0.97,0.967,0.398,2,1.0,0.0,3604.811
2026-08-30T01:00:05.430Z,26.385916,86.910642,5567.74,5341.67,5852.44,349.66,349.54,2.34,1.31,115.18,130.39,131.41,277.83,0.0,0.952,0.96,0.956,0.738,3,1.0,0.0,3605.825
2026-08-30T01:00:06.467Z,26.386536,86.910501,5571.54,5345.46,5856.92,349.66,349.59,2.55,0.25,115.19,129.59,130.66,244.94,0.0,0.929,0.946,0.934,0.612,4,1.0,0.0,3606.858
2026-08-30T01:00:07.385Z,26.387078,86.910375,5575.97,5354.62,5860.56,349.41,349.32,2.65,0.09,114.95,128.9,130.0,280.11,0.0,0.938,0.945,0.942,0.225,2,1.0,0.0,3607.781
2026-08-30T01:00:08.438Z,26.387694,86.910231,5581.38,5360.03,5865.74,349.84,349.75,2.54,0.27,114.73,129.06,130.15,298.18,0.0,0.944,0.961,0.954,0.742,4,1.0,0.0,3608.832
2026-08-30T01:00:09.478Z,26.388312,86.910088,5586.68,5370.78,5870.6,349.76,349.66,2.51,0.63,114.59,129.11,130.2,303.9,0.0,0.94,0.951,0.947,0.64,4,1.0,0.0,3609.884
2026-08-30T01:00:10.402Z,26.388857,86.909961,5591.47,5375.58,5876.32,349.68,349.57,2.45,0.92,114.48,128.78,129.86,305.48,0.0,0.957,0.959,0.958,0.023,2,1.0,0.0,3610.812
2026-08-30T01:00:11.459Z,26.389478,86.909816,5596.91,5381.29,5882.69,349.52,349.44,2.37,0.65,114.33,128.77,129.87,316.59,0.0,0.97,0.976,0.974,0.396,4,1.0,0.0,3611.856
2026-08-30T01:00:12.304Z,26.389972,86.9097,5601.69,5386.08,5886.86,349.76,349.68,2.32,0.76,114.23,128.56,129.64,328.65,0.0,0.959,0.963,0.961,0.472,3,1.0,0.0,3612.694
2026-08-30T01:00:13.439Z,26.390641,86.909543,5608.11,5385.75,5892.55,349.55,349.45,2.41,0.35,114.1,128.8,129.9,344.37,0.0,0.95,0.955,0.952,0.41,3,1.0,0.0,3613.842
2026-08-30T01:00:14.290Z,26.391141,86.909425,5613.62,5391.28,5897.6,349.42,349.33,2.53,0.3,114.04,128.41,129.56,385.06,0.0,0.924,0.938,0.93,0.62,3,1.0,0.0,3614.695
2026-08-30T01:00:15.310Z,26.391739,86.909286,5621.13,5398.8,5904.0,350.0,349.91,2.51,0.68,113.9,128.62,129.75,413.61,0.0,0.915,0.921,0.919,0.427,3,1.0,0.0,3615.701
2026-08-30T01:00:16.439Z,26.392408,86.909134,5628.31,5412.58,5911.42,350.11,349.98,2.14,1.25,114.02,129.96,130.95,384.22,0.0,0.908,0.912,0.91,0.458,3,1.0,0.0,3616.832
2026-08-30T01:00:17.483Z,26.393026,86.908993,5635.11,5419.66,5918.08,348.12,348.01,2.16,-0.6,114.43,131.13,132.16,391.14,0.0,0.903,0.914,0.91,0.895,4,1.0,0.0,3617.877
2026-08-30T01:00:18.418Z,26.393584,86.90886,5640.14,5424.64,5923.93,349.3,349.23,2.56,-0.52,114.84,131.62,132.65,324.13,0.0,0.942,0.949,0.946,0.462,2,1.0,0.0,3618.806
2026-08-30T01:00:19.472Z,26.394221,86.908708,5644.12,5428.45,5928.95,348.52,348.43,2.65,-0.64,115.31,131.91,132.97,258.32,0.0,0.966,0.975,0.97,0.489,4,1.0,0.0,3619.87
2026-08-30T01:00:20.314Z,26.394728,86.908585,5647.56,5431.89,5932.7,349.3,349.23,2.51,0.37,115.61,131.99,133.01,251.57,0.0,0.949,0.978,0.963,0.416,3,1.0,0.0,3620.715
2026-08-30T01:00:21.453Z,26.395415,86.908423,5652.62,5435.3,5937.64,349.35,349.26,2.55,0.82,115.95,132.23,133.23,255.11,0.0,0.937,0.95,0.942,0.695,3,1.0,0.0,3621.844
2026-08-30T01:00:22.285Z,26.395919,86.908305,5655.09,5437.73,5940.97,349.9,349.83,2.48,0.52,116.17,132.3,133.31,205.96,0.0,0.967,1.013,0.99,0.467,3,1.0,0.0,3622.669
2026-08-30T01:00:23.314Z,26.396541,86.90816,5658.64,5441.31,5944.51,349.99,349.85,2.47,0.71,116.42,132.61,133.63,220.72,0.0,0.975,1.0,0.985,1.119,4,1.0,0.0,3623.71
2026-08-30T01:00:24.451Z,26.397223,86.908002,5663.65,5443.15,5948.74,349.11,349.02,2.37,0.16,116.65,132.51,133.52,256.74,0.0,0.958,0.965,0.961,0.338,3,1.0,0.0,3624.832
2026-08-30T01:00:25.465Z,26.397841,86.90786,5668.37,5449.53,5952.81,349.55,349.46,2.49,0.94,116.76,132.44,133.45,269.4,0.0,0.942,0.951,0.947,0.623,3,1.0,0.0,3625.862
2026-08-30T01:00:26.376Z,26.398395,86.907732,5672.33,5453.47,5956.16,349.45,349.36,2.47,0.32,116.82,132.38,133.39,259.41,0.0,0.947,0.949,0.948,0.147,2,1.0,0.0,3626.77
2026-08-30T01:00:27.408Z,26.399017,86.907589,5676.72,5459.11,5960.43,349.47,349.38,2.43,0.02,116.87,132.49,133.38,256.25,0.0,0.95,0.954,0.952,0.53,4,1.0,0.0,3627.788
2026-08-30T01:00:28.442Z,26.399641,86.907446,5680.81,5463.21,5965.06,349.18,349.08,2.62,0.07,116.87,132.22,133.22,250.52,0.0,0.948,0.967,0.958,0.529,4,1.0,0.0,3628.843
2026-08-30T01:00:29.373Z,26.400204,86.907317,5685.37,5466.94,5968.94,349.49,349.42,2.32,0.68,116.88,132.33,133.27,274.9,0.0,0.921,0.943,0.932,0.419,2,1.0,0.0,3629.77
2026-08-30T01:00:30.431Z,26.400843,86.907169,5689.96,5471.52,5973.26,349.87,349.77,2.42,0.9,116.87,132.27,133.22,263.61,0.0,0.928,0.94,0.934,0.199,4,1.0,0.0,3630.815
2026-08-30T01:00:31.457Z,26.401467,86.907026,5694.53,5475.53,5978.45,349.49,349.4,2.45,0.36,116.86,132.26,133.21,264.92,0.0,0.951,0.954,0.953,0.2,4,1.0,0.0,3631.85
2026-08-30T01:00:32.373Z,26.402015,86.9069,5698.1,5479.08,5982.85,349.55,349.46,2.48,0.31,116.86,132.27,133.2,236.53,0.0,0.96,0.964,0.962,0.474,2,1.0,0.0,3632.761
2026-08-30T01:00:33.409Z,26.402641,86.906755,5701.45,5453.67,5987.17,349.58,349.48,2.49,0.39,116.85,132.29,133.22,203.95,0.0,0.976,0.987,0.981,0.477,4,1.0,0.0,3633.793
2026-08-30T01:00:34.441Z,26.403269,86.906611,5704.28,5456.49,5990.63,349.75,349.64,2.46,0.65,116.87,132.4,133.32,174.39,0.0,0.988,0.997,0.992,0.854,4,1.0,0.0,3634.843
2026-08-30T01:00:35.539Z,26.403928,86.906459,5707.31,5440.81,5993.84,349.13,349.05,2.55,0.36,116.89,132.38,133.31,165.65,0.0,1.008,1.008,1.008,0.191,2,1.0,0.0,3635.928
2026-08-30T01:00:36.368Z,26.404433,86.906343,5709.19,5442.69,5996.07,349.8,349.7,2.43,0.8,116.89,132.31,133.21,143.71,0.0,1.015,1.018,1.016,0.636,3,1.0,0.0,3636.746
2026-08-30T01:00:37.395Z,26.405051,86.906201,5711.51,5478.56,5998.49,349.38,349.27,2.41,0.32,116.87,132.29,133.21,146.47,0.0,1.02,1.024,1.021,0.478,4,1.0,0.0,3637.777
2026-08-30T01:00:38.282Z,26.405586,86.906078,5713.58,5480.62,6000.62,349.99,349.9,2.39,0.39,116.86,132.25,133.15,138.7,0.0,1.011,1.011,1.011,0.441,2,1.0,0.0,3638.682
2026-08-30T01:00:39.346Z,26.406228,86.905931,5716.21,5483.27,6003.13,349.62,349.52,2.44,0.42,116.84,132.21,133.14,150.24,0.0,1.012,1.02,1.015,0.6,4,1.0,0.0,3639.726
2026-08-30T01:00:40.375Z,26.40685,86.905788,5719.11,5493.02,6005.8,349.49,349.39,2.29,0.35,116.81,132.22,133.14,164.53,0.0,0.996,1.017,1.006,0.802,4,1.0,0.0,3640.758
2026-08-30T01:00:41.498Z,26.407527,86.905632,5722.34,5502.82,6008.69,349.4,349.32,2.49,0.43,116.82,132.35,133.3,171.92,0.0,0.993,1.013,1.003,0.873,3,1.0,0.0,3641.872
2026-08-30T01:00:42.325Z,26.408029,86.905516,5724.88,5505.36,6010.73,349.68,349.58,2.53,0.71,116.83,132.36,133.3,175.62,0.0,0.991,1.006,1.0,0.865,3,1.0,0.0,3642.708
2026-08-30T01:00:43.372Z,26.408659,86.90537,5727.87,5502.14,6013.58,349.59,349.5,2.54,0.52,116.84,132.37,133.32,170.47,0.0,0.99,0.999,0.994,0.412,4,1.0,0.0,3643.821
2026-08-30T01:00:44.339Z,26.409246,86.905235,5730.51,5504.77,6015.55,349.61,349.52,2.54,0.44,116.85,132.33,133.27,164.13,0.0,0.993,0.994,0.993,0.094,2,1.0,0.0,3644.751
2026-08-30T01:00:45.373Z,26.409873,86.905091,5733.55,5507.84,6019.12,349.85,349.77,2.24,0.55,116.97,133.59,134.53,197.76,0.0,0.981,1.004,0.995,0.746,3,1.0,0.0,3645.748
2026-08-30T01:00:46.453Z,26.410532,86.90494,5738.12,5502.94,6022.59,349.83,349.76,2.47,0.78,117.22,133.68,134.61,226.9,0.0,0.955,0.961,0.958,0.823,3,1.0,0.0,3646.816
2026-08-30T01:00:47.456Z,26.411143,86.9048,5742.36,5524.48,6027.05,350.03,349.91,2.15,1.18,117.3,132.72,133.65,249.0,0.0,0.995,1.016,1.007,1.557,4,1.0,0.0,3647.813
2026-08-30T01:00:48.314Z,26.411663,86.904684,5744.99,5527.07,6029.81,350.02,349.94,1.92,0.55,117.27,132.76,133.53,192.22,0.0,0.953,0.966,0.959,0.851,2,1.0,0.0,3648.66
2026-08-30T01:00:49.310Z,26.412262,86.904551,5747.17,5529.25,6033.03,349.66,349.55,2.4,0.69,117.18,132.38,133.21,147.81,0.0,0.992,1.008,1.002,0.477,4,1.0,0.0,3649.716
2026-08-30T01:00:50.344Z,26.412879,86.904411,5748.99,5531.49,6035.81,349.77,349.69,2.83,0.93,117.09,132.39,133.29,118.09,0.0,0.993,0.997,0.995,0.527,4,1.0,0.0,3650.721
2026-08-30T01:00:51.464Z,26.413566,86.904257,5751.62,5531.54,6038.56,350.1,349.99,2.14,0.94,117.0,132.04,132.87,138.2,0.0,0.939,0.97,0.953,0.64,3,1.0,0.0,3651.827
2026-08-30T01:00:52.465Z,26.414172,86.904119,5753.99,5533.9,6040.99,348.18,348.11,2.23,-0.38,116.91,132.35,133.2,135.99,0.0,0.942,0.953,0.946,0.373,4,1.0,0.0,3652.817
2026-08-30T01:00:53.323Z,26.414689,86.903998,5755.87,5535.78,6042.96,348.99,348.89,2.35,-0.63,116.89,132.65,133.52,134.61,0.0,1.006,1.014,1.01,0.104,2,1.0,0.0,3653.677
2026-08-30T01:00:54.321Z,26.415292,86.903856,5757.53,5536.68,6045.06,349.99,349.88,2.86,-0.2,116.95,132.69,133.59,102.39,0.0,0.97,1.003,0.983,1.383,4,1.0,0.0,3654.701
2026-08-30T01:00:55.331Z,26.415901,86.903716,5759.06,5538.22,6046.76,349.44,349.34,2.73,-0.24,116.96,132.6,133.49,100.55,0.0,1.004,1.007,1.006,0.432,3,1.0,0.0,3655.709
2026-08-30T01:00:56.431Z,26.416567,86.903562,5761.09,5542.75,6048.65,349.32,349.24,2.49,0.14,117.02,132.85,133.71,112.93,0.0,1.012,1.016,1.014,0.246,3,1.0,0.0,3656.817
2026-08-30T01:00:57.460Z,26.417194,86.903416,5763.31,5544.52,6050.65,349.94,349.85,2.35,-0.27,117.03,132.68,133.56,123.16,0.0,1.012,1.018,1.016,0.373,4,1.0,0.0,3657.833
2026-08-30T01:00:58.363Z,26.41774,86.90329,5765.7,5546.95,6052.65,349.87,349.78,1.91,-0.69,117.08,133.09,133.89,150.79,0.0,1.014,1.027,1.02,0.517,2,1.0,0.0,3658.747
2026-08-30T01:00:59.388Z,26.41836,86.903151,5768.39,5549.61,6055.23,347.28,347.1,2.23,-0.24,117.18,133.28,134.28,148.7,0.0,0.985,1.017,1.001,0.16,4,1.0,0.0,3659.776
2026-08-30T01:01:00.427Z,26.418994,86.903009,5770.9,5551.42,6057.78,346.83,346.78,2.62,0.3,117.29,133.42,134.47,152.16,0.0,1.007,1.026,1.016,1.07,4,1.0,0.0,3660.807
2026-08-30T01:01:01.330Z,26.419546,86.902885,5773.25,5553.77,6060.08,348.03,347.95,2.57,-0.26,117.42,133.64,134.58,152.38,0.0,0.988,0.999,0.993,0.171,2,1.0,0.0,3661.702
2026-08-30T01:01:02.350Z,26.42017,86.902746,5775.79,5556.08,6062.66,349.74,349.66,2.45,-0.96,117.56,133.75,134.59,150.48,0.0,0.994,0.998,0.996,0.451,4,1.0,0.0,3662.719
2026-08-30T01:01:03.372Z,26.420793,86.90261,5779.02,5559.35,6065.43,349.91,349.82,2.43,-0.77,117.54,132.95,133.81,185.71,0.0,0.984,1.005,0.995,0.257,4,1.0,0.0,3663.754
2026-08-30T01:01:04.463Z,26.421455,86.902467,5782.68,5552.76,6068.86,350.57,350.49,2.67,-0.33,117.42,132.49,133.39,198.77,0.0,0.983,1.005,0.995,0.406,3,1.0,0.0,3664.847
2026-08-30T01:01:05.465Z,26.422058,86.90234,5786.12,5564.53,6072.19,348.99,348.79,2.43,0.22,117.28,132.49,133.42,201.77,0.0,0.984,0.993,0.987,0.648,3,1.0,0.0,3665.857
2026-08-30T01:01:06.382Z,26.422618,86.902225,5789.4,5567.8,6075.29,345.78,345.69,2.47,0.94,117.14,132.24,133.55,218.78,0.0,1.017,1.019,1.018,0.099,2,1.0,0.0,3666.757
2026-08-30T01:01:07.417Z,26.423247,86.902091,5793.68,5572.09,6079.22,348.13,348.06,2.32,-0.39,117.08,132.73,133.68,236.01,0.0,0.999,1.013,1.005,0.373,4,1.0,0.0,3667.789
2026-08-30T01:01:08.436Z,26.423869,86.901962,5797.01,5576.24,6083.09,347.12,346.99,2.91,-0.66,117.07,132.58,133.65,167.53,0.0,0.868,0.985,0.94,3.66,4,1.0,0.0,3668.813
2026-08-30T01:01:09.345Z,26.424418,86.901849,5797.19,5576.39,6085.14,347.28,347.22,2.41,-0.81,117.05,132.71,133.62,58.84,0.0,0.932,0.943,0.938,0.359,2,1.0,0.0,3669.733
2026-08-30T01:01:10.389Z,26.425059,86.90172,5796.39,5575.77,6085.73,347.58,347.46,2.52,-0.08,117.04,132.64,133.56,-14.72,0.0,0.964,0.983,0.974,0.526,4,1.0,0.0,3670.77
2026-08-30T01:01:11.418Z,26.425683,86.901592,5795.93,5575.34,6085.43,346.18,346.06,2.71,7.53,116.93,131.99,133.08,-8.92,0.0,0.98,0.994,0.989,0.799,4,1.0,0.0,3671.802
2026-08-30T01:01:12.312Z,26.426221,86.901471,5796.1,5575.22,6085.36,345.87,345.76,2.75,11.83,116.81,131.97,133.0,7.14,0.0,1.018,1.024,1.021,0.251,2,1.0,0.0,3672.692
2026-08-30T01:01:13.335Z,26.426837,86.901314,5796.57,5575.69,6085.55,344.15,343.98,2.61,10.91,116.68,131.75,132.9,24.96,0.0,1.019,1.031,1.025,0.712,4,1.0,0.0,3673.727
2026-08-30T01:01:14.492Z,26.427517,86.901118,5797.8,5574.46,6086.23,341.2,341.08,2.4,10.7,116.47,131.35,132.74,66.88,0.0,1.029,1.05,1.041,0.525,4,1.0,0.0,3674.878
2026-08-30T01:01:15.553Z,26.428153,86.900911,5799.99,5578.45,6087.65,339.88,339.73,2.38,10.66,116.28,131.08,132.54,112.01,0.0,1.031,1.043,1.037,0.899,2,1.0,0.0,3675.942
2026-08-30T01:01:16.379Z,26.428633,86.900741,5802.13,5580.6,6091.0,338.02,337.88,2.44,11.04,116.09,130.77,132.4,141.93,0.0,1.03,1.032,1.031,0.33,3,1.0,0.0,3676.753
2026-08-30T01:01:17.400Z,26.429225,86.900512,5805.17,5583.65,6093.03,336.92,336.8,2.47,11.1,115.87,130.61,132.22,165.57,0.0,1.016,1.035,1.024,0.386,4,1.0,0.0,3677.777
2026-08-30T01:01:18.304Z,26.429741,86.900295,5807.84,5586.28,6094.87,335.26,335.11,2.52,11.1,115.68,130.33,132.08,172.24,0.0,1.011,1.018,1.015,0.073,2,1.0,0.0,3678.689
2026-08-30T01:01:19.337Z,26.430327,86.90003,5810.65,5589.06,6098.95,333.42,333.28,3.2,11.18,115.45,130.14,132.07,152.27,0.0,0.978,1.008,0.996,1.314,4,1.0,0.0,3679.709
2026-08-30T01:01:20.352Z,26.430897,86.899752,5811.86,5589.42,6100.26,331.78,331.65,4.44,11.29,115.27,130.25,132.35,59.61,0.0,0.926,0.978,0.95,0.477,4,1.0,0.0,3680.746
2026-08-30T01:01:21.460Z,26.431513,86.89943,5808.93,5586.41,6100.38,330.13,330.0,5.01,11.07,115.21,130.81,132.94,-131.64,0.0,0.894,0.924,0.909,0.675,3,1.0,0.0,3681.84
2026-08-30T01:01:22.290Z,26.431969,86.899178,5804.66,5582.4,6097.89,329.33,329.22,4.78,10.78,115.33,132.18,134.21,-238.31,0.0,0.947,0.965,0.956,0.447,3,1.0,0.0,3682.663
2026-08-30T01:01:23.308Z,26.432529,86.898846,5799.26,5576.98,6093.95,329.93,329.83,4.51,10.65,115.9,133.66,135.38,-299.66,0.0,0.934,0.976,0.95,0.987,4,1.0,0.0,3683.688
2026-08-30T01:01:24.413Z,26.433131,86.898471,5792.58,5562.87,6087.55,325.06,324.9,4.53,11.05,116.38,132.85,135.25,-338.28,0.0,0.987,1.022,1.004,0.624,3,1.0,0.0,3684.793
2026-08-30T01:01:25.412Z,26.43367,86.89811,5786.9,5562.26,6081.73,325.95,325.85,4.35,10.66,116.7,133.72,135.67,-339.75,0.0,1.013,1.024,1.019,0.865,3,1.0,0.0,3685.797
2026-08-30T01:01:26.308Z,26.43415,86.897772,5781.58,5556.92,6076.49,322.51,322.29,4.58,10.94,117.0,133.68,136.19,-352.1,0.0,1.0,1.013,1.007,0.095,2,1.0,0.0,3686.701
2026-08-30T01:01:27.350Z,26.434695,86.897362,5775.15,5550.49,6070.27,321.98,321.94,3.98,10.83,117.29,134.34,136.46,-367.46,0.0,1.018,1.025,1.023,0.462,4,1.0,0.0,3687.736
2026-08-30T01:01:28.376Z,26.435223,86.896942,5767.81,5525.57,6063.52,320.11,319.76,4.81,10.87,117.7,134.77,137.18,-437.26,0.0,0.961,0.989,0.973,1.024,4,1.0,0.0,3688.824
2026-08-30T01:01:29.346Z,26.435715,86.896532,5759.99,5529.54,6054.87,316.71,316.59,5.02,11.38,117.9,133.56,136.48,-449.31,0.0,1.068,1.078,1.073,0.764,2,1.0,0.0,3689.747
2026-08-30T01:01:30.413Z,26.436238,86.896067,5752.79,5522.39,6042.32,316.62,316.51,4.61,10.94,117.75,133.09,135.72,-411.14,0.0,1.043,1.084,1.063,0.834,4,1.0,0.0,3690.809
2026-08-30T01:01:31.329Z,26.436682,86.895651,5746.98,5482.81,6033.6,314.65,314.49,4.59,10.75,117.71,133.28,136.16,-385.75,0.0,1.028,1.031,1.03,0.216,2,1.0,0.0,3691.729
2026-08-30T01:01:32.381Z,26.437181,86.895162,5741.06,5476.91,6025.29,312.85,312.74,4.35,10.83,117.74,133.66,136.58,-344.5,0.0,1.042,1.043,1.042,0.616,4,1.0,0.0,3692.772
2026-08-30T01:01:33.412Z,26.437656,86.894667,5735.83,5493.63,6019.98,312.14,312.02,4.3,10.86,117.87,134.15,136.94,-317.72,0.0,1.017,1.032,1.025,0.424,4,1.0,0.0,3693.8
2026-08-30T01:01:34.354Z,26.438078,86.894203,5730.65,5488.41,6014.86,312.22,312.13,4.28,10.73,118.01,134.25,136.78,-342.54,0.0,0.986,0.987,0.986,0.45,2,1.0,0.0,3694.746
2026-08-30T01:01:35.375Z,26.438531,86.893685,5723.87,5495.46,6008.48,310.87,310.72,4.56,10.74,118.19,134.56,137.17,-387.75,0.0,0.989,0.991,0.99,0.533,3,1.0,0.0,3695.772
2026-08-30T01:01:36.429Z,26.438988,86.893135,5716.13,5487.7,6002.15,310.1,310.01,4.16,10.31,118.42,135.09,137.57,-427.81,0.0,0.995,1.005,1.0,0.328,4,1.0,0.0,3696.82
2026-08-30T01:01:37.353Z,26.439377,86.892643,5709.26,5478.81,5995.89,308.95,308.81,4.15,9.17,118.67,135.11,137.67,-430.04,0.0,1.008,1.008,1.008,0.657,2,1.0,0.0,3697.75
2026-08-30T01:01:38.388Z,26.439804,86.892079,5702.29,5471.84,5988.74,308.6,308.51,3.88,6.46,118.89,135.48,137.96,-409.41,0.0,0.974,0.988,0.98,0.752,4,1.0,0.0,3698.801
2026-08-30T01:01:39.453Z,26.440233,86.891494,5695.06,5465.94,5981.57,307.04,306.89,4.14,6.47,119.15,135.85,138.47,-418.2,0.0,0.964,0.977,0.971,0.784,4,1.0,0.0,3699.855
2026-08-30T01:01:40.397Z,26.440609,86.890962,5688.0,5458.87,5972.34,306.86,306.77,4.21,6.84,119.41,136.2,138.75,-441.95,0.0,0.96,0.964,0.962,0.105,2,1.0,0.0,3700.818
2026-08-30T01:01:41.490Z,26.441033,86.89034,5679.21,5443.46,5964.16,306.17,306.05,4.31,7.07,119.71,136.33,138.88,-477.69,0.0,0.946,0.951,0.948,0.482,4,1.0,0.0,3701.912
2026-08-30T01:01:42.461Z,26.441402,86.88978,5670.85,5435.1,5955.95,306.04,305.95,4.06,6.83,119.95,137.04,139.49,-520.59,0.0,0.947,0.96,0.953,0.231,2,1.0,0.0,3702.867
2026-08-30T01:01:43.327Z,26.44173,86.889268,5661.58,5430.64,5948.7,304.95,304.79,4.83,6.82,120.24,137.14,139.57,-622.19,0.0,0.881,0.942,0.907,1.453,3,1.0,0.0,3703.734
2026-08-30T01:01:44.387Z,26.442117,86.888644,5649.02,5418.13,5938.47,303.65,303.56,3.92,6.63,120.53,137.41,139.89,-655.62,0.0,0.931,1.035,0.992,1.795,4,1.0,0.0,3704.791
2026-08-30T01:01:45.535Z,26.44253,86.887951,5637.23,5414.32,5926.93,302.83,302.71,4.24,6.68,120.85,137.65,140.21,-623.33,0.0,0.983,0.996,0.989,0.982,2,1.0,0.0,3705.96
2026-08-30T01:01:46.408Z,26.442834,86.88742,5628.42,5405.49,5918.17,302.24,302.12,4.24,6.71,121.07,137.82,140.39,-616.28,0.0,0.967,0.974,0.97,0.471,3,1.0,0.0,3706.825
2026-08-30T01:01:47.381Z,26.443167,86.886823,5618.57,5395.98,5908.31,301.45,301.32,4.09,1.53,121.3,137.95,140.56,-609.34,0.0,0.966,0.974,0.97,0.811,2,1.0,0.0,3707.78
2026-08-30T01:01:48.433Z,26.443525,86.886169,5607.99,5385.4,5898.28,301.61,301.52,4.12,-1.2,121.52,138.14,140.74,-605.16,0.0,0.963,0.972,0.966,0.586,4,1.0,0.0,3708.841
2026-08-30T01:01:49.381Z,26.44385,86.885581,5598.28,5375.65,5889.67,301.8,301.71,4.22,-0.66,121.72,138.29,140.9,-614.27,0.0,0.954,0.956,0.955,0.113,2,1.0,0.0,3709.794
2026-08-30T01:01:50.440Z,26.444211,86.884927,5587.16,5364.49,5878.42,301.92,301.82,4.27,-0.27,121.92,138.45,141.08,-630.69,0.0,0.953,0.956,0.954,0.634,4,1.0,0.0,3710.844
2026-08-30T01:01:51.383Z,26.444536,86.884339,5576.92,5354.21,5866.88,301.95,301.86,4.26,-0.36,122.09,138.62,141.24,-642.8,0.0,0.958,0.958,0.958,0.509,2,1.0,0.0,3711.806
2026-08-30T01:01:52.476Z,26.44491,86.883663,5565.07,5342.5,5854.84,302.04,301.95,4.24,-0.7,122.3,138.87,141.47,-649.08,0.0,0.96,0.968,0.964,0.646,4,1.0,0.0,3712.884
2026-08-30T01:01:53.427Z,26.445237,86.883072,5554.72,5329.73,5844.88,302.16,302.06,4.21,-0.95,122.48,139.05,141.62,-651.25,0.0,0.965,0.966,0.966,0.219,2,1.0,0.0,3713.832
2026-08-30T01:01:54.473Z,26.445601,86.88242,5543.35,5318.35,5834.19,302.24,302.13,4.17,-0.97,122.64,138.44,141.0,-650.91,0.0,0.963,0.967,0.965,0.52,4,1.0,0.0,3714.876
2026-08-30T01:01:55.619Z,26.445993,86.881709,5531.17,5310.34,5821.9,302.37,302.29,4.35,-1.21,122.76,139.72,142.27,-632.37,0.0,0.933,0.954,0.943,0.221,2,1.0,0.0,3716.055
2026-08-30T01:01:56.298Z,26.446229,86.881281,5522.93,5301.96,5814.23,302.08,301.94,5.85,-0.59,122.94,139.75,142.18,-755.75,0.0,0.722,0.767,0.745,0.566,2,1.0,0.0,3716.725
2026-08-30T01:01:57.373Z,26.446596,86.880616,5503.91,5282.69,5799.2,301.6,301.5,5.67,-0.34,123.29,140.52,142.73,-1022.1,0.0,0.785,0.811,0.802,0.63,4,1.0,0.0,3717.781
2026-08-30T01:01:58.348Z,26.446935,86.88,5483.03,5261.84,5781.83,301.57,301.47,5.24,-0.55,123.65,140.8,142.94,-1197.82,0.0,0.897,0.906,0.901,0.231,2,1.0,0.0,3718.75
2026-08-30T01:01:59.410Z,26.447302,86.879334,5459.47,5238.3,5760.03,301.62,301.52,4.98,-0.85,123.99,140.88,143.02,-1280.14,0.0,0.935,0.97,0.953,0.69,4,1.0,0.0,3719.822
2026-08-30T01:02:00.377Z,26.447636,86.878727,5437.76,5216.51,5738.94,301.62,301.52,5.08,-0.88,124.24,140.86,142.9,-1349.44,0.0,0.903,0.904,0.903,0.464,2,1.0,0.0,3720.798
2026-08-30T01:02:01.310Z,26.44796,86.878139,5415.22,5193.94,5716.14,301.64,301.53,5.06,-0.79,124.41,140.77,142.74,-1423.06,0.0,0.912,0.925,0.92,0.628,3,1.0,0.0,3721.728
2026-08-30T01:02:02.386Z,26.448333,86.87746,5388.01,5166.74,5689.53,302.04,301.92,4.9,-0.75,124.65,141.54,143.42,-1498.56,0.0,0.926,0.937,0.932,0.65,4,1.0,0.0,3722.801
2026-08-30T01:02:03.366Z,26.44867,86.876846,5362.54,5141.23,5665.38,301.5,301.39,5.17,-0.45,124.9,141.42,143.28,-1548.52,0.0,0.949,0.952,0.951,0.243,2,1.0,0.0,3723.772
2026-08-30T01:02:04.432Z,26.449039,86.876174,5334.31,5112.98,5639.09,301.58,301.48,5.18,-0.51,125.1,141.32,143.18,-1577.33,0.0,0.951,0.957,0.955,0.402,4,1.0,0.0,3724.835
2026-08-30T01:02:05.587Z,26.449439,86.875441,5303.35,5082.07,5607.26,301.64,301.53,5.07,-0.57,125.23,141.16,143.04,-1597.32,0.0,0.952,0.958,0.955,0.238,2,1.0,0.0,3725.988
2026-08-30T01:02:06.443Z,26.449734,86.874898,5280.28,5059.02,5585.14,301.51,301.4,5.17,-0.62,125.28,141.05,142.97,-1602.33,0.0,0.957,0.968,0.964,0.474,3,1.0,0.0,3726.862
2026-08-30T01:02:07.406Z,26.450062,86.874295,5254.6,5033.34,5560.38,301.22,301.12,5.01,-0.16,125.32,140.99,142.9,-1613.52,0.0,0.943,0.951,0.947,0.574,2,1.0,0.0,3727.813
2026-08-30T01:02:08.481Z,26.450429,86.873616,5225.29,4999.63,5531.33,301.36,301.26,5.23,-0.55,125.42,141.93,143.79,-1633.39,0.0,0.95,0.964,0.958,0.36,4,1.0,0.0,3728.883
2026-08-30T01:02:09.427Z,26.450758,86.873009,5198.95,4977.81,5505.36,301.64,301.55,4.94,-0.34,125.73,142.28,144.13,-1645.08,0.0,0.96,0.979,0.97,0.209,2,1.0,0.0,3729.834
2026-08-30T01:02:10.316Z,26.451067,86.872444,5174.67,4953.48,5481.99,301.78,301.69,5.06,-0.29,125.89,141.42,143.3,-1630.63,0.0,0.937,0.941,0.938,0.204,3,1.0,0.0,3730.724
2026-08-30T01:02:11.366Z,26.451431,86.871782,5146.41,4925.0,5452.05,301.99,301.88,5.43,-0.8,125.9,141.46,143.29,-1626.84,0.0,0.925,0.953,0.935,1.154,4,1.0,0.0,3731.822
2026-08-30T01:02:12.402Z,26.451789,86.871132,5118.22,4896.89,5424.08,300.43,300.31,5.27,-0.33,126.12,142.35,143.44,-1631.87,0.0,0.966,0.97,0.968,0.675,2,1.0,0.0,3732.854
2026-08-30T01:02:13.309Z,26.452104,86.870556,5093.98,4869.78,5399.49,300.93,300.86,5.02,-0.75,126.26,141.94,142.99,-1606.7,0.0,0.98,0.988,0.984,0.807,3,1.0,0.0,3733.763
2026-08-30T01:02:14.416Z,26.452481,86.869861,5064.61,4840.49,5369.7,300.98,300.86,5.15,-0.81,126.33,141.37,142.42,-1595.66,0.0,0.943,0.975,0.96,0.385,4,1.0,0.0,3734.861
2026-08-30T01:02:15.672Z,26.45291,86.869073,5031.73,4804.46,5334.36,300.99,300.87,5.1,-0.73,126.25,141.12,142.22,-1570.88,0.0,0.971,0.972,0.972,0.19,2,1.0,0.0,3736.14
2026-08-30T01:02:16.388Z,26.453154,86.868623,5013.05,4785.79,5316.58,301.16,301.08,4.98,-0.69,126.19,141.07,142.12,-1569.79,0.0,0.95,0.96,0.955,0.499,2,1.0,0.0,3736.834
2026-08-30T01:02:17.490Z,26.453533,86.867924,4983.92,4756.37,5288.63,301.13,301.03,5.11,-0.44,126.16,141.09,142.14,-1582.54,0.0,0.959,0.964,0.961,0.336,4,1.0,0.0,3737.912
2026-08-30T01:02:18.462Z,26.453861,86.867316,4958.12,4730.57,5263.13,300.84,300.74,5.17,-0.4,126.13,141.0,142.02,-1595.39,0.0,0.962,0.965,0.964,0.059,2,1.0,0.0,3738.873
2026-08-30T01:02:19.322Z,26.454152,86.866772,4935.29,4706.76,5239.86,300.97,300.85,5.13,-0.47,126.07,140.69,141.73,-1579.78,0.0,0.958,0.967,0.963,0.454,3,1.0,0.0,3739.732
2026-08-30T01:02:20.374Z,26.454502,86.866114,4907.9,4679.45,5212.96,300.44,300.35,5.0,-1.44,125.99,140.68,141.69,-1578.54,0.0,0.94,0.944,0.942,0.461,4,1.0,0.0,3740.784
2026-08-30T01:02:21.322Z,26.45482,86.865517,4883.06,4654.6,5187.25,301.38,301.28,5.24,-4.71,125.97,140.7,141.73,-1573.81,0.0,0.962,0.964,0.963,0.503,2,1.0,0.0,3741.74
2026-08-30T01:02:22.385Z,26.455177,86.864856,4855.11,4627.44,5160.0,301.27,301.18,5.17,-4.26,125.99,141.02,142.05,-1593.29,0.0,0.946,0.958,0.952,0.24,4,1.0,0.0,3742.791
2026-08-30T01:02:23.332Z,26.455503,86.864258,4829.28,4601.65,5135.32,302.3,302.22,4.84,-4.33,126.08,141.08,142.11,-1618.97,0.0,0.958,0.963,0.961,0.018,2,1.0,0.0,3743.742
2026-08-30T01:02:24.396Z,26.455874,86.863592,4799.99,4571.95,5108.35,302.49,302.37,5.28,-4.43,126.15,140.95,141.97,-1631.17,0.0,0.95,0.977,0.961,0.73,4,1.0,0.0,3744.81
2026-08-30T01:02:25.537Z,26.456271,86.862887,4769.3,4541.22,5075.96,302.2,302.1,5.36,-0.8,126.19,140.73,141.72,-1629.32,0.0,0.95,0.969,0.959,0.093,2,1.0,0.0,3745.936
2026-08-30T01:02:26.375Z,26.456566,86.862369,4746.03,4516.16,5053.52,302.78,302.69,5.07,1.12,126.16,140.56,141.5,-1656.97,0.0,0.947,0.966,0.956,0.349,3,1.0,0.0,3746.776
2026-08-30T01:02:27.412Z,26.456929,86.86173,4717.22,4487.35,5024.17,301.53,301.43,5.44,2.9,126.13,140.68,141.68,-1658.83,0.0,0.957,0.995,0.979,0.539,4,1.0,0.0,3747.816
2026-08-30T01:02:28.355Z,26.457257,86.861146,4691.26,4462.53,4996.96,302.46,302.37,5.4,-0.46,126.11,140.81,142.08,-1650.28,0.0,1.012,1.013,1.013,0.382,2,1.0,0.0,3748.762
2026-08-30T01:02:29.418Z,26.457624,86.860489,4663.26,4435.42,4967.57,301.73,301.63,5.12,-1.6,126.29,141.19,142.24,-1604.5,0.0,0.954,0.997,0.97,0.628,4,1.0,0.0,3749.821
2026-08-30T01:02:30.470Z,26.457992,86.859829,4635.45,4407.66,4938.66,302.03,301.94,4.1,-3.61,126.37,140.54,141.77,-1562.73,0.0,0.993,1.052,1.017,2.611,4,1.0,0.0,3750.886
2026-08-30T01:02:31.438Z,26.458329,86.859232,4612.45,4384.3,4914.14,302.54,302.44,3.57,-4.64,126.27,139.92,141.27,-1442.51,0.0,1.081,1.089,1.085,0.8,2,1.0,0.0,3751.854
2026-08-30T01:02:32.301Z,26.458632,86.858702,4593.77,4365.72,4894.71,302.81,302.72,3.72,-4.32,126.1,139.41,140.77,-1347.47,0.0,1.041,1.065,1.053,0.365,3,1.0,0.0,3752.715
2026-08-30T01:02:33.360Z,26.459008,86.858055,4571.66,4343.41,4871.83,302.98,302.88,2.54,-3.96,125.78,138.52,140.1,-1259.49,0.0,1.013,1.059,1.034,2.061,4,1.0,0.0,3753.775
2026-08-30T01:02:34.317Z,26.459349,86.857476,4553.12,4324.92,4853.29,303.49,303.4,3.2,-3.93,125.44,138.33,139.79,-1189.86,0.0,1.005,1.038,1.021,1.314,2,1.0,0.0,3754.731
2026-08-30T01:02:35.373Z,26.459724,86.856845,4532.49,4304.56,4831.74,303.78,303.65,4.89,1.28,125.11,137.89,139.19,-1225.91,0.0,0.922,0.995,0.961,0.442,3,1.0,0.0,3755.78
2026-08-30T01:02:36.326Z,26.460065,86.856271,4510.67,4282.71,4811.31,303.52,303.42,4.73,3.98,124.85,137.82,139.03,-1343.13,0.0,0.917,0.926,0.922,0.471,2,1.0,0.0,3756.735
2026-08-30T01:02:37.399Z,26.460441,86.855629,4484.68,4255.65,4787.32,302.89,302.74,4.89,3.26,124.63,138.13,139.32,-1421.49,0.0,0.962,0.989,0.979,0.779,4,1.0,0.0,3757.809
2026-08-30T01:02:38.352Z,26.460772,86.855049,4461.81,4232.8,4764.64,300.85,300.75,4.62,0.93,124.64,138.38,139.71,-1409.08,0.0,1.036,1.048,1.042,1.448,2,1.0,0.0,3758.753
2026-08-30T01:02:39.415Z,26.461136,86.854397,4438.04,4211.0,4739.78,302.3,302.18,4.4,-1.99,124.62,137.94,139.25,-1344.59,0.0,0.933,0.991,0.96,0.694,4,1.0,0.0,3759.828
2026-08-30T01:02:40.363Z,26.461458,86.853822,4417.72,4190.63,4719.35,301.95,301.88,4.31,-0.7,124.49,137.63,138.96,-1319.88,0.0,0.911,0.92,0.916,0.294,2,1.0,0.0,3760.767
2026-08-30T01:02:41.423Z,26.46182,86.853173,4394.24,4169.0,4695.52,301.97,301.85,4.61,-0.42,124.36,137.47,138.7,-1326.8,0.0,0.904,0.927,0.914,0.6,4,1.0,0.0,3761.828
2026-08-30T01:02:42.342Z,26.462132,86.852612,4373.67,4149.27,4672.39,301.75,301.65,4.62,-0.34,124.24,137.24,138.47,-1338.88,0.0,0.927,0.93,0.928,0.262,2,1.0,0.0,3762.732
2026-08-30T01:02:43.369Z,26.462476,86.85199,4350.43,4126.04,4649.22,301.88,301.8,4.45,-0.16,124.1,137.75,139.03,-1355.2,0.0,0.91,0.927,0.92,0.323,4,1.0,0.0,3763.742
2026-08-30T01:02:44.395Z,26.462823,86.851361,4327.83,4103.97,4627.29,303.98,303.87,4.0,0.73,124.08,137.19,138.76,-1318.59,0.0,0.905,0.927,0.917,0.74,4,1.0,0.0,3764.759
2026-08-30T01:02:45.397Z,26.463157,86.850756,4306.78,4082.95,4606.07,300.87,300.7,4.06,-0.57,124.01,137.01,138.46,-1276.03,0.0,0.947,0.971,0.959,0.292,2,1.0,0.0,3765.739
2026-08-30T01:02:46.394Z,26.46349,86.850142,4286.18,4062.64,4585.95,300.96,300.89,4.9,0.97,123.91,136.86,138.25,-1259.94,0.0,0.906,0.959,0.933,0.778,4,1.0,0.0,3766.739
2026-08-30T01:02:47.381Z,26.463814,86.849545,4264.13,4040.55,4564.25,301.24,301.12,4.96,0.46,123.83,136.6,137.91,-1344.26,0.0,0.869,0.881,0.874,0.242,4,1.0,0.0,3767.704
2026-08-30T01:02:48.388Z,26.464145,86.848928,4240.45,4017.15,4541.4,300.59,300.48,4.99,-0.44,123.71,136.52,137.82,-1380.55,0.0,0.927,0.936,0.932,0.159,3,1.0,0.0,3768.71
2026-08-30T01:02:49.368Z,26.464462,86.848329,4217.19,3993.86,4519.9,300.5,300.39,6.02,-0.1,123.64,136.63,137.79,-1431.78,0.0,0.873,0.92,0.896,0.295,4,1.0,0.0,3769.729
2026-08-30T01:02:50.386Z,26.464793,86.847703,4190.23,3962.78,4494.92,300.5,300.39,6.69,0.92,123.66,137.05,137.97,-1571.92,0.0,0.834,0.849,0.839,0.351,4,1.0,0.0,3770.763
2026-08-30T01:02:51.307Z,26.46509,86.847136,4162.93,3935.39,4470.05,300.25,300.13,7.5,2.05,123.8,137.6,138.29,-1735.43,0.0,0.84,0.843,0.841,0.077,2,1.0,0.0,3771.691
2026-08-30T01:02:52.341Z,26.465421,86.846499,4129.18,3900.79,4439.78,299.46,299.35,8.07,3.09,124.09,138.42,138.87,-1921.59,0.0,0.84,0.842,0.841,0.69,4,1.0,0.0,3772.71
2026-08-30T01:02:53.369Z,26.465749,86.845853,4094.03,3865.83,4405.26,299.05,298.95,5.31,-0.95,124.51,138.72,139.74,-1935.69,0.0,0.876,1.037,0.963,1.958,4,1.0,0.0,3773.767
2026-08-30T01:02:54.329Z,26.466052,86.845252,4067.67,3839.61,4375.74,299.58,299.51,2.58,-5.43,124.71,137.74,139.32,-1632.83,0.0,1.206,1.221,1.214,0.178,2,1.0,0.0,3774.753
2026-08-30T01:02:55.425Z,26.4664,86.844572,4047.24,3819.77,4348.19,299.97,299.82,2.35,3.41,124.6,136.63,138.3,-1228.78,0.0,1.104,1.201,1.15,1.82,3,1.0,0.0,3775.813
2026-08-30T01:02:56.349Z,26.466694,86.843995,4033.18,3805.75,4330.12,299.04,298.97,2.05,-3.51,124.3,135.58,137.37,-1004.44,0.0,1.022,1.026,1.024,0.425,2,1.0,0.0,3776.757
2026-08-30T01:02:57.418Z,26.467025,86.843341,4019.53,3791.95,4313.29,300.41,300.3,2.08,0.0,123.79,134.5,136.22,-838.56,0.0,0.982,1.029,1.007,1.195,4,1.0,0.0,3777.817
2026-08-30T01:02:58.482Z,26.467358,86.842687,4005.42,3777.81,4296.69,299.37,299.25,3.66,2.37,123.22,133.92,135.5,-847.2,0.0,0.853,0.92,0.889,0.814,4,1.0,0.0,3778.88
2026-08-30T01:02:59.410Z,26.467643,86.84212,3990.06,3763.89,4282.5,299.69,299.59,4.36,-0.76,122.76,133.64,135.07,-979.98,0.0,0.826,0.829,0.828,0.676,2,1.0,0.0,3779.814
2026-08-30T01:03:00.470Z,26.467965,86.841478,3969.1,3743.14,4265.62,299.63,299.52,5.11,-2.12,122.34,133.57,134.82,-1157.71,0.0,0.839,0.849,0.844,0.325,4,1.0,0.0,3780.87
2026-08-30T01:03:01.310Z,26.468223,86.840966,3950.08,3725.93,4249.64,299.63,299.53,5.7,-2.16,122.11,133.61,134.8,-1298.55,0.0,0.847,0.85,0.848,0.63,3,1.0,0.0,3781.715
2026-08-30T01:03:02.441Z,26.468571,86.84028,3922.81,3698.65,4224.75,299.89,299.79,5.04,-1.34,121.88,133.58,134.76,-1393.11,0.0,0.919,0.943,0.931,0.606,3,1.0,0.0,3782.837
2026-08-30T01:03:03.279Z,26.46883,86.839768,3902.78,3675.67,4204.86,299.86,299.75,5.06,-1.1,121.76,133.55,134.75,-1405.83,0.0,0.95,0.954,0.952,0.583,3,1.0,0.0,3783.685
2026-08-30T01:03:04.334Z,26.469153,86.839134,3878.17,3651.04,4180.37,299.83,299.72,5.09,-0.53,121.64,133.51,134.69,-1406.96,0.0,0.945,0.951,0.948,0.382,4,1.0,0.0,3784.738
2026-08-30T01:03:05.439Z,26.469493,86.838462,3852.18,3625.38,4154.63,299.57,299.46,5.12,0.14,121.55,133.38,134.61,-1407.24,0.0,0.933,0.935,0.934,0.105,2,1.0,0.0,3785.827
2026-08-30T01:03:06.479Z,26.469808,86.837835,3827.78,3602.08,4129.83,299.35,299.23,5.14,0.67,121.48,133.37,134.61,-1416.32,0.0,0.928,0.929,0.928,0.452,4,1.0,0.0,3786.853
2026-08-30T01:03:07.362Z,26.470077,86.837298,3806.93,3581.25,4109.28,299.02,298.91,4.96,0.7,121.45,133.34,134.59,-1408.67,0.0,0.953,0.958,0.956,0.443,2,1.0,0.0,3787.729
2026-08-30T01:03:08.380Z,26.470382,86.836678,3783.39,3557.86,4085.71,298.75,298.62,5.02,0.67,121.49,133.81,135.06,-1394.14,0.0,0.945,0.959,0.952,0.583,4,1.0,0.0,3788.739
2026-08-30T01:03:09.377Z,26.470679,86.83607,3760.41,3534.88,4064.17,298.34,298.24,5.1,0.52,121.54,133.51,134.73,-1398.89,0.0,0.949,0.955,0.952,0.586,4,1.0,0.0,3789.742
2026-08-30T01:03:10.430Z,26.470992,86.835424,3736.12,3510.24,4038.76,298.3,298.19,5.14,0.42,121.56,133.53,134.85,-1378.99,0.0,0.944,0.957,0.95,0.37,3,1.0,0.0,3790.773
2026-08-30T01:03:11.425Z,26.471286,86.834814,3713.51,3487.63,4015.71,298.03,297.92,5.14,0.52,121.6,133.59,134.87,-1373.81,0.0,0.939,0.941,0.94,0.549,4,1.0,0.0,3791.76
2026-08-30T01:03:12.440Z,26.471583,86.834191,3689.8,3464.27,3992.81,298.2,298.1,5.13,0.41,121.6,133.22,134.53,-1384.12,0.0,0.94,0.952,0.946,0.539,3,1.0,0.0,3792.782
2026-08-30T01:03:13.437Z,26.471872,86.833578,3667.41,3441.89,3969.51,297.97,297.86,4.9,0.74,121.55,133.08,134.42,-1357.99,0.0,0.918,0.94,0.932,0.963,4,1.0,0.0,3793.765
2026-08-30T01:03:14.454Z,26.472165,86.832952,3644.52,3418.89,3945.71,296.36,296.18,5.53,0.84,121.52,133.32,134.72,-1342.6,0.0,0.903,0.944,0.922,1.462,3,1.0,0.0,3794.863
2026-08-30T01:03:15.337Z,26.472418,86.832404,3624.56,3398.87,3925.44,296.2,296.17,5.32,1.06,121.7,134.68,135.92,-1367.53,0.0,0.945,0.948,0.947,0.364,2,1.0,0.0,3795.747
2026-08-30T01:03:16.397Z,26.47272,86.831741,3599.6,3374.93,3901.57,296.87,296.75,5.33,0.6,122.01,134.48,135.67,-1400.93,0.0,0.945,0.96,0.952,0.46,4,1.0,0.0,3796.797
2026-08-30T01:03:17.326Z,26.472987,86.831161,3577.6,3352.94,3879.6,296.93,296.82,5.24,-0.05,122.19,134.41,135.59,-1411.81,0.0,0.944,0.953,0.949,0.636,2,1.0,0.0,3797.728
2026-08-30T01:03:18.413Z,26.473293,86.830486,3551.87,3326.23,3853.19,296.58,296.47,5.25,-0.79,122.35,134.42,135.58,-1424.77,0.0,0.934,0.939,0.936,0.755,4,1.0,0.0,3798.814
2026-08-30T01:03:19.468Z,26.473595,86.829823,3526.95,3300.12,3829.05,296.95,296.85,5.13,-1.99,122.46,134.09,135.28,-1406.33,0.0,0.941,0.96,0.948,0.602,4,1.0,0.0,3799.873
2026-08-30T01:03:20.421Z,26.473866,86.829235,3505.19,3278.44,3807.44,297.2,297.13,5.46,-1.86,122.45,133.9,135.11,-1380.59,0.0,0.951,0.96,0.956,0.665,2,1.0,0.0,3800.821
2026-08-30T01:03:21.478Z,26.474171,86.828579,3481.33,3256.12,3783.13,297.48,297.37,5.12,-1.78,122.43,133.82,135.03,-1367.69,0.0,0.925,0.962,0.943,0.869,4,1.0,0.0,3801.885
2026-08-30T01:03:22.417Z,26.474443,86.827997,3459.64,3234.35,3761.2,297.58,297.48,5.22,-1.91,122.42,133.84,135.05,-1383.14,0.0,0.927,0.933,0.93,0.406,2,1.0,0.0,3802.829
2026-08-30T01:03:23.492Z,26.474755,86.827336,3434.28,3208.34,3736.48,297.69,297.58,5.54,-1.93,122.44,133.72,134.68,-1420.28,0.0,0.913,0.925,0.918,0.247,4,1.0,0.0,3803.894
2026-08-30T01:03:24.435Z,26.475028,86.826759,3410.98,3185.23,3714.22,298.16,298.05,5.9,-1.2,122.33,133.36,134.42,-1482.34,0.0,0.9,0.901,0.901,0.372,2,1.0,0.0,3804.832
2026-08-30T01:03:25.463Z,26.475327,86.82613,3384.06,3159.94,3688.66,296.87,296.76,6.0,0.61,122.31,133.66,134.68,-1551.28,0.0,0.899,0.925,0.915,0.217,3,1.0,0.0,3805.86
2026-08-30T01:03:26.320Z,26.475578,86.825598,3361.19,3137.07,3666.19,297.45,297.35,6.64,1.64,122.31,133.53,134.45,-1579.43,0.0,0.891,0.923,0.91,0.48,3,1.0,0.0,3806.729
2026-08-30T01:03:27.457Z,26.475905,86.824896,3331.34,3106.97,3637.27,296.89,296.73,3.95,1.71,122.35,133.49,134.76,-1519.25,0.0,0.956,1.033,0.996,3.691,3,1.0,0.0,3807.857
2026-08-30T01:03:28.290Z,26.47614,86.824379,3312.81,3088.52,3616.01,295.66,295.56,4.05,1.51,122.33,133.26,134.56,-1380.39,0.0,1.05,1.059,1.054,1.068,3,1.0,0.0,3808.692
2026-08-30T01:03:29.336Z,26.476431,86.823728,3291.17,3070.24,3592.11,296.53,296.42,5.0,0.07,122.27,133.09,134.3,-1311.06,0.0,0.916,0.991,0.952,0.407,4,1.0,0.0,3809.742
2026-08-30T01:03:30.299Z,26.476696,86.823131,3269.07,3047.93,3570.72,295.93,295.8,5.51,-0.6,122.23,133.15,134.21,-1385.58,0.0,0.906,0.91,0.908,0.141,2,1.0,0.0,3810.694
2026-08-30T01:03:31.343Z,26.476982,86.822484,3242.37,3021.11,3545.9,295.93,295.83,6.35,-0.27,122.25,133.47,134.32,-1525.54,0.0,0.904,0.911,0.908,0.466,4,1.0,0.0,3811.735
2026-08-30T01:03:32.470Z,26.477291,86.821779,3209.93,2988.19,3515.42,295.76,295.64,6.71,-0.4,122.39,133.94,134.65,-1687.5,0.0,0.92,0.928,0.924,0.685,3,1.0,0.0,3812.872
2026-08-30T01:03:33.335Z,26.477528,86.821239,3183.52,2961.74,3491.26,295.57,295.46,7.19,-0.44,122.58,134.43,135.04,-1797.49,0.0,0.931,0.937,0.933,0.593,3,1.0,0.0,3813.731
2026-08-30T01:03:34.382Z,26.477814,86.820582,3149.44,2919.59,3459.56,295.46,295.34,7.12,-0.44,122.92,135.02,135.59,-1913.26,0.0,0.928,0.968,0.94,2.662,4,1.0,0.0,3814.781
2026-08-30T01:03:35.500Z,26.478118,86.819882,3113.13,2883.34,3424.0,295.3,295.19,6.51,-0.83,123.34,135.52,136.15,-1933.5,0.0,1.012,1.015,1.013,0.43,2,1.0,0.0,3815.896
2026-08-30T01:03:36.352Z,26.478354,86.819337,3085.64,2859.18,3396.27,295.32,295.21,6.85,-1.55,123.68,135.91,136.52,-1923.79,0.0,1.004,1.017,1.01,0.856,3,1.0,0.0,3816.753
2026-08-30T01:03:37.407Z,26.478645,86.818666,3051.72,2816.52,3362.47,295.13,295.02,6.92,-1.92,124.16,136.58,137.07,-1916.47,0.0,0.967,0.985,0.977,0.265,4,1.0,0.0,3817.813
2026-08-30T01:03:38.352Z,26.478906,86.818065,3022.24,2787.05,3332.65,295.21,295.1,6.64,-1.43,124.59,136.61,136.92,-1879.55,0.0,0.958,0.958,0.958,0.329,2,1.0,0.0,3818.751
2026-08-30T01:03:39.409Z,26.479197,86.817395,2990.63,2764.96,3300.02,296.56,296.48,6.15,-1.73,125.02,138.03,138.71,-1830.68,0.0,0.947,0.965,0.954,0.437,4,1.0,0.0,3819.804
2026-08-30T01:03:40.453Z,26.479494,86.816719,2959.83,2734.27,3267.77,295.38,295.24,4.78,-4.3,125.7,138.52,139.48,-1731.06,0.0,1.007,1.062,1.034,1.02,4,1.0,0.0,3820.857
2026-08-30T01:03:41.396Z,26.479766,86.816109,2936.12,2717.07,3240.05,295.54,295.47,4.38,-4.45,126.17,138.22,139.34,-1553.01,0.0,1.054,1.062,1.058,0.744,2,1.0,0.0,3821.801
2026-08-30T01:03:42.449Z,26.480071,86.815433,2912.8,2693.77,3214.69,296.83,296.73,4.03,-4.48,126.47,137.65,138.86,-1375.94,0.0,1.004,1.026,1.015,0.552,4,1.0,0.0,3822.857
2026-08-30T01:03:43.398Z,26.480349,86.81483,2893.49,2658.99,3193.89,296.31,296.16,4.07,3.06,126.53,137.09,138.3,-1274.25,0.0,0.962,0.974,0.968,0.105,2,1.0,0.0,3823.79
2026-08-30T01:03:44.437Z,26.480651,86.814167,2872.9,2638.42,3172.25,295.95,295.87,3.67,-2.22,126.46,136.51,137.82,-1199.16,0.0,0.946,0.977,0.958,0.842,4,1.0,0.0,3824.835
2026-08-30T01:03:45.452Z,26.480943,86.813521,2854.67,2634.73,3152.34,296.56,296.44,3.08,-1.45,126.26,135.76,137.11,-1091.28,0.0,0.991,1.01,0.999,0.941,3,1.0,0.0,3825.863
2026-08-30T01:03:46.426Z,26.48122,86.812912,2838.99,2619.1,3135.09,296.17,296.07,3.34,-1.32,125.94,135.07,136.44,-1010.01,0.0,0.957,0.968,0.962,0.106,2,1.0,0.0,3826.825
2026-08-30T01:03:47.494Z,26.481525,86.812242,2821.62,2601.92,3117.4,295.64,295.54,4.37,0.97,125.55,134.62,135.89,-1015.85,0.0,0.879,0.932,0.906,0.898,4,1.0,0.0,3827.89
2026-08-30T01:03:48.424Z,26.481787,86.811659,2804.38,2583.68,3100.82,296.17,296.06,4.48,2.66,125.26,134.43,135.54,-1097.12,0.0,0.863,0.872,0.868,0.231,2,1.0,0.0,3828.819
2026-08-30T01:03:49.481Z,26.48208,86.810995,2783.16,2562.43,3080.66,295.32,295.19,4.64,1.89,124.97,134.23,135.26,-1178.05,0.0,0.888,0.909,0.898,0.445,4,1.0,0.0,3829.881
2026-08-30T01:03:50.319Z,26.482309,86.810468,2765.52,2539.78,3064.41,295.19,295.09,4.62,-0.91,124.77,134.03,135.02,-1238.7,0.0,0.924,0.945,0.934,0.246,3,1.0,0.0,3830.717
2026-08-30T01:03:51.467Z,26.482621,86.809748,2740.03,2514.27,3040.82,295.4,295.29,5.12,-1.76,124.55,133.89,134.77,-1323.83,0.0,0.954,0.956,0.955,0.745,3,1.0,0.0,3831.873
2026-08-30T01:03:52.334Z,26.482856,86.809206,2719.45,2490.74,3021.57,295.23,295.12,5.73,-0.97,124.42,134.1,134.83,-1412.16,0.0,0.926,0.94,0.934,0.47,3,1.0,0.0,3832.737
2026-08-30T01:03:53.394Z,26.483144,86.808539,2691.31,2462.58,2995.94,294.97,294.85,6.22,-0.49,124.53,135.04,135.66,-1554.88,0.0,0.921,0.929,0.926,0.571,4,1.0,0.0,3833.795
2026-08-30T01:03:54.351Z,26.483405,86.807933,2664.08,2429.66,2970.34,294.09,293.94,7.28,2.7,124.75,135.47,135.87,-1687.06,0.0,0.902,0.916,0.909,0.098,2,1.0,0.0,3834.765
2026-08-30T01:03:55.399Z,26.483685,86.807267,2630.67,2396.15,2940.13,294.16,294.07,8.34,3.07,125.11,136.3,136.37,-1892.26,0.0,0.867,0.884,0.876,0.843,3,1.0,0.0,3835.805
2026-08-30T01:03:56.339Z,26.483933,86.806663,2596.56,2358.24,2909.36,293.68,293.53,7.85,1.31,125.59,137.36,137.22,-2093.15,0.0,0.937,0.965,0.951,0.31,2,1.0,0.0,3836.739
2026-08-30T01:03:57.397Z,26.48421,86.805981,2557.73,2319.29,2871.56,291.87,291.74,7.35,1.17,126.22,137.94,137.99,-2142.5,0.0,1.017,1.047,1.034,0.262,4,1.0,0.0,3837.803
2026-08-30T01:03:58.454Z,26.484484,86.805291,2521.2,2299.92,2834.1,293.41,293.33,6.37,-3.58,126.82,138.25,138.53,-2053.69,0.0,1.063,1.087,1.074,0.597,4,1.0,0.0,3838.861
2026-08-30T01:03:59.385Z,26.484728,86.80468,2491.68,2268.59,2802.66,293.15,293.03,5.94,-3.99,127.26,138.28,138.73,-1924.67,0.0,1.078,1.078,1.078,0.648,2,1.0,0.0,3839.793
2026-08-30T01:04:00.448Z,26.485009,86.803988,2460.64,2237.65,2769.58,293.52,293.44,5.59,-3.93,127.66,138.3,138.85,-1790.52,0.0,1.053,1.066,1.059,0.446,4,1.0,0.0,3840.873
2026-08-30T01:04:01.319Z,26.485241,86.803423,2436.64,2214.1,2744.58,294.08,293.97,5.32,-3.15,127.91,138.18,138.81,-1697.71,0.0,1.045,1.049,1.046,0.639,3,1.0,0.0,3841.724
2026-08-30T01:04:02.454Z,26.485551,86.802683,2406.72,2184.21,2712.42,293.99,293.88,5.04,-2.46,128.13,137.92,138.66,-1595.9,0.0,1.036,1.037,1.036,0.394,3,1.0,0.0,3842.864
2026-08-30T01:04:03.302Z,26.485781,86.802136,2385.6,2160.92,2690.36,294.36,294.25,4.8,-2.75,128.22,137.68,138.47,-1528.16,0.0,1.031,1.037,1.034,0.521,3,1.0,0.0,3843.705
2026-08-30T01:04:04.353Z,26.486068,86.801458,2360.57,2135.96,2663.99,294.57,294.46,4.51,-3.37,128.24,137.27,138.17,-1447.42,0.0,1.032,1.038,1.035,0.524,4,1.0,0.0,3844.746
2026-08-30T01:04:05.477Z,26.48638,86.800734,2335.19,2110.46,2637.25,295.02,294.92,4.39,-3.55,128.16,136.81,137.74,-1369.42,0.0,1.027,1.03,1.028,0.823,2,1.0,0.0,3845.883
2026-08-30T01:04:06.330Z,26.486616,86.800192,2316.41,2091.63,2618.08,295.27,295.16,5.16,-3.7,128.06,136.65,137.25,-1389.62,0.0,0.916,1.013,0.978,3.776,3,1.0,0.0,3846.728
2026-08-30T01:04:07.381Z,26.486912,86.79952,2285.0,2058.46,2592.6,295.44,295.32,9.88,-1.45,128.04,137.36,136.67,-1836.89,0.0,0.577,0.73,0.652,1.356,4,1.0,0.0,3847.794
2026-08-30T01:04:08.321Z,26.487175,86.798926,2245.02,2018.29,2561.07,295.0,294.87,10.46,1.15,128.3,138.64,137.52,-2350.55,0.0,0.715,0.812,0.765,1.037,2,1.0,0.0,3848.714
2026-08-30T01:04:09.358Z,26.487466,86.798262,2197.76,1970.78,2518.67,294.5,294.39,9.23,0.09,128.88,139.85,138.92,-2575.79,0.0,0.925,1.023,0.977,1.795,4,1.0,0.0,3849.76
2026-08-30T01:04:10.421Z,26.487764,86.797574,2151.63,1925.23,2472.04,294.42,294.3,8.68,-1.66,129.62,140.76,140.11,-2560.45,0.0,1.06,1.07,1.065,0.912,4,1.0,0.0,3850.831
2026-08-30T01:04:11.372Z,26.488031,86.796954,2112.38,1885.55,2432.48,294.34,294.23,8.07,-2.08,130.31,141.34,140.95,-2484.96,0.0,1.043,1.063,1.053,0.727,2,1.0,0.0,3851.777
2026-08-30T01:04:12.432Z,26.488334,86.796255,2071.33,1844.85,2389.16,294.5,294.39,7.17,-2.69,131.03,141.74,141.56,-2329.9,0.0,1.081,1.101,1.092,0.513,4,1.0,0.0,3852.843
2026-08-30T01:04:13.382Z,26.488605,86.795633,2036.71,1810.12,2352.76,294.63,294.52,7.09,-3.0,131.61,141.87,141.87,-2237.59,0.0,1.004,1.023,1.013,0.531,2,1.0,0.0,3853.787
2026-08-30T01:04:14.440Z,26.48891,86.794939,2000.14,1773.27,2314.06,294.86,294.75,5.84,-2.76,132.1,141.73,141.99,-2081.94,0.0,1.083,1.088,1.086,0.715,4,1.0,0.0,3854.84
2026-08-30T01:04:15.618Z,26.489253,86.794163,1963.54,1737.74,2274.42,294.83,294.73,4.72,-1.18,132.4,140.68,141.27,-1884.4,0.0,1.086,1.104,1.095,1.622,2,1.0,0.0,3856.02
2026-08-30T01:04:16.484Z,26.489503,86.793597,1939.76,1714.5,2247.69,295.96,295.85,3.38,-4.38,132.3,139.65,140.47,-1689.53,0.0,1.134,1.158,1.146,0.969,3,1.0,0.0,3856.896
2026-08-30T01:04:17.434Z,26.489778,86.792981,1917.09,1691.89,2221.82,295.11,294.98,4.71,-1.96,132.07,139.11,139.88,-1528.98,0.0,1.018,1.053,1.035,0.128,2,1.0,0.0,3857.839
2026-08-30T01:04:18.290Z,26.490026,86.792431,1896.3,1670.69,2199.6,295.38,295.29,4.71,-0.79,131.84,138.67,139.42,-1498.97,0.0,0.958,0.972,0.965,1.518,3,1.0,0.0,3858.686
2026-08-30T01:04:19.340Z,26.490329,86.791752,1871.56,1646.05,2173.86,295.56,295.43,2.55,1.51,131.43,137.36,138.49,-1372.17,0.0,1.04,1.137,1.079,2.071,4,1.0,0.0,3859.751
2026-08-30T01:04:20.479Z,26.490649,86.791024,1851.34,1625.01,2149.66,294.77,294.67,2.34,-0.28,130.72,135.99,137.13,-1112.28,0.0,1.108,1.149,1.132,1.643,3,1.0,0.0,3860.88
2026-08-30T01:04:21.320Z,26.490883,86.790488,1838.27,1611.93,2134.54,295.16,295.06,2.51,-0.57,130.14,135.11,136.31,-1004.46,0.0,1.0,1.036,1.016,0.729,3,1.0,0.0,3861.724
2026-08-30T01:04:22.383Z,26.491173,86.789815,1822.86,1595.15,2116.15,294.86,294.74,1.26,-1.43,129.19,133.42,134.72,-862.61,0.0,1.029,1.074,1.052,0.215,4,1.0,0.0,3862.876
2026-08-30T01:04:23.420Z,26.491453,86.789171,1810.93,1584.27,2102.6,295.26,295.17,1.23,-2.06,128.22,131.77,133.08,-731.4,0.0,1.046,1.063,1.055,0.091,2,1.0,0.0,3863.847
2026-08-30T01:04:24.291Z,26.491687,86.78863,1801.55,1574.62,2091.86,295.3,295.16,1.85,2.33,127.29,130.67,131.93,-696.83,0.0,0.969,1.009,0.988,1.109,3,1.0,0.0,3864.701
2026-08-30T01:04:25.337Z,26.491961,86.787991,1788.92,1561.59,2079.71,294.94,294.85,2.02,-2.88,126.12,129.39,130.63,-733.07,0.0,0.95,0.967,0.957,1.096,3,1.0,0.0,3865.838
2026-08-30T01:04:26.429Z,26.492244,86.787326,1774.65,1547.3,2066.49,295.4,295.27,2.75,0.32,125.01,128.43,129.58,-785.48,0.0,0.954,0.963,0.959,0.03,2,1.0,0.0,3866.842
2026-08-30T01:04:27.284Z,26.492465,86.786809,1761.87,1533.38,2055.44,294.81,294.69,3.8,1.59,124.2,127.93,128.94,-888.57,0.0,0.901,0.923,0.911,0.314,3,1.0,0.0,3867.691
2026-08-30T01:04:28.380Z,26.492741,86.78615,1742.18,1512.54,2037.14,294.65,294.53,3.56,1.87,123.3,127.32,128.3,-1034.19,0.0,0.898,0.954,0.922,2.311,4,1.0,0.0,3868.783
2026-08-30T01:04:29.328Z,26.492976,86.785581,1724.65,1495.01,2021.14,294.23,294.11,3.3,1.08,122.6,126.72,127.71,-1071.14,0.0,0.994,1.027,1.011,0.286,2,1.0,0.0,3869.729
2026-08-30T01:04:30.394Z,26.493233,86.784914,1704.52,1474.31,1998.48,293.99,293.86,1.74,-0.51,121.52,125.14,126.36,-965.41,0.0,1.03,1.048,1.037,0.527,4,1.0,0.0,3871.253
2026-08-30T01:04:31.648Z,26.493532,86.784177,1689.45,1459.92,1982.21,294.0,293.89,-1.59,-1.62,120.69,123.06,124.51,-687.32,0.0,1.26,1.26,1.26,,1,1.0,0.0,3872.119
2026-08-30T01:04:32.383Z,26.493705,86.783762,1686.84,1447.88,1974.64,294.23,294.14,-3.28,-3.07,119.79,121.03,122.45,-361.34,0.0,1.313,1.314,1.313,0.661,2,1.0,0.0,3872.793
2026-08-30T01:04:33.435Z,26.493949,86.783157,1690.3,1451.41,1970.56,295.8,295.74,-1.91,-2.72,118.13,118.45,119.75,34.07,0.0,1.092,1.257,1.185,3.148,4,1.0,0.0,3873.847
2026-08-30T01:04:34.400Z,26.494168,86.782617,1692.62,1437.84,1971.44,295.32,295.17,1.02,3.9,116.53,116.99,118.26,11.58,0.0,0.816,0.858,0.838,0.281,2,1.0,0.0,3874.806
2026-08-30T01:04:35.446Z,26.494401,86.782035,1687.98,1444.74,1970.51,294.67,294.57,1.53,1.8,114.94,115.93,117.14,-233.7,0.0,0.784,0.855,0.831,0.907,3,1.0,0.0,3875.851
2026-08-30T01:04:36.301Z,26.494585,86.781563,1680.76,1451.62,1966.51,295.03,294.9,2.36,1.25,113.79,115.09,116.34,-421.81,0.0,0.864,0.88,0.871,2.475,3,1.0,0.0,3876.713
2026-08-30T01:04:37.450Z,26.49483,86.780927,1671.15,1431.63,1958.89,294.19,294.07,0.24,0.45,112.35,114.47,115.68,-435.28,0.0,1.087,1.098,1.092,0.517,3,1.0,0.0,3877.862
2026-08-30T01:04:38.309Z,26.49501,86.780458,1665.34,1425.28,1953.02,294.58,294.49,2.13,0.03,111.63,114.87,116.14,-433.43,0.0,1.021,1.048,1.032,1.189,3,1.0,0.0,3878.711
2026-08-30T01:04:39.451Z,26.495252,86.779829,1656.18,1400.54,1945.21,294.15,294.03,1.13,-0.49,110.83,113.87,115.12,-460.73,0.0,0.978,1.016,0.997,0.269,3,1.0,0.0,3879.851
2026-08-30T01:04:40.318Z,26.495433,86.779357,1650.13,1408.43,1938.12,294.54,294.44,1.72,-1.14,110.19,113.23,114.57,-417.71,0.0,1.01,1.031,1.023,0.785,3,1.0,0.0,3880.719
2026-08-30T01:04:41.383Z,26.495656,86.778779,1643.38,1401.61,1930.15,295.18,295.07,3.45,2.62,109.48,112.57,113.84,-441.88,0.0,0.851,0.927,0.876,0.589,4,1.0,0.0,3881.804
2026-08-30T01:04:42.345Z,26.495854,86.778258,1633.17,1397.76,1922.08,294.48,294.34,3.44,3.33,108.89,112.4,113.46,-602.67,0.0,0.873,0.892,0.882,1.774,2,1.0,0.0,3882.748
2026-08-30T01:04:43.388Z,26.496065,86.777695,1619.39,1388.59,1906.79,294.03,293.92,4.49,-1.92,108.44,112.43,113.3,-757.73,0.0,0.917,0.932,0.927,0.226,4,1.0,0.0,3883.785
2026-08-30T01:04:44.319Z,26.496252,86.777192,1605.13,1372.85,1891.16,293.85,293.7,5.06,-0.1,108.13,112.64,113.45,-895.14,0.0,0.95,0.95,0.95,0.347,2,1.0,0.0,3884.877
2026-08-30T01:04:45.468Z,26.496481,86.776557,1585.49,1353.53,1872.04,293.54,293.45,4.03,0.56,107.96,112.56,113.47,-961.59,0.0,0.963,1.005,0.984,0.283,2,1.0,0.0,3885.95
2026-08-30T01:04:46.333Z,26.496653,86.776098,1572.19,1339.58,1858.21,294.45,294.35,3.73,-0.34,107.79,112.07,113.08,-933.2,0.0,1.046,1.046,1.046,,1,1.0,0.0,3886.749
2026-08-30T01:04:47.402Z,26.496863,86.775521,1555.34,1320.81,1841.28,293.29,293.13,6.22,3.23,107.7,112.86,113.59,-1003.19,0.0,0.873,0.973,0.927,1.718,4,1.0,0.0,3887.812
2026-08-30T01:04:48.373Z,26.497051,86.774992,1535.69,1288.91,1823.5,291.7,291.58,5.82,1.39,107.89,113.86,114.41,-1168.4,0.0,0.906,0.921,0.914,0.996,2,1.0,0.0,3888.795
2026-08-30T01:04:49.460Z,26.497257,86.774391,1512.85,1262.33,1801.82,293.63,293.53,5.19,-1.53,108.23,114.16,114.77,-1202.91,0.0,1.001,1.064,1.04,1.296,4,1.0,0.0,3889.896
2026-08-30T01:04:50.448Z,26.497447,86.773843,1493.03,1249.54,1782.12,292.27,292.11,6.05,-2.75,108.55,114.58,115.09,-1216.19,0.0,0.972,0.987,0.98,1.443,2,1.0,0.0,3890.875
2026-08-30T01:04:51.328Z,26.497617,86.773356,1474.63,1238.79,1763.32,291.95,291.86,5.43,-0.08,108.85,114.72,115.4,-1234.59,0.0,0.96,1.021,0.982,1.518,3,1.0,0.0,3891.749
2026-08-30T01:04:52.396Z,26.497823,86.77276,1452.87,1197.21,1741.85,292.52,292.39,5.65,1.24,109.19,115.0,115.65,-1221.88,0.0,0.996,1.023,1.008,0.825,4,1.0,0.0,3892.806
2026-08-30T01:04:53.345Z,26.498005,86.772228,1433.59,1181.54,1723.15,291.35,291.22,5.65,0.75,109.47,114.96,115.56,-1213.61,0.0,0.976,0.977,0.976,3.153,2,1.0,0.0,3893.756
2026-08-30T01:04:54.419Z,26.498205,86.771631,1412.39,1142.07,1701.96,291.74,291.63,5.38,-0.0,109.72,115.25,115.81,-1200.23,0.0,0.994,1.017,1.005,0.821,4,1.0,0.0,3894.823
2026-08-30T01:04:55.546Z,26.498416,86.770996,1389.1,1146.3,1680.09,291.35,291.23,6.64,-0.61,110.06,115.59,115.92,-1258.08,0.0,0.922,0.965,0.944,0.298,2,1.0,0.0,3895.954
2026-08-30T01:04:56.396Z,26.498573,86.770522,1369.41,1131.21,1661.43,291.13,291.0,7.18,-0.78,110.19,115.19,115.33,-1372.91,0.0,0.914,0.937,0.924,0.888,3,1.0,0.0,3896.803
2026-08-30T01:04:57.472Z,26.498771,86.769919,1342.31,1098.15,1636.4,291.08,290.97,6.7,-0.9,110.46,116.19,116.42,-1457.68,0.0,0.962,1.001,0.983,0.544,4,1.0,0.0,3897.876
2026-08-30T01:04:58.435Z,26.498951,86.769375,1318.81,1077.73,1612.89,291.45,291.33,6.06,-1.27,110.84,116.6,116.94,-1442.97,0.0,1.029,1.031,1.03,0.603,2,1.0,0.0,3898.863
2026-08-30T01:04:59.313Z,26.499115,86.768877,1298.71,1058.0,1591.75,291.06,290.95,5.57,-2.13,111.17,116.74,117.12,-1385.99,0.0,1.055,1.059,1.057,1.242,3,1.0,0.0,3899.722
2026-08-30T01:05:00.363Z,26.499314,86.768279,1274.73,1034.28,1567.4,291.85,291.73,7.09,-0.65,111.58,117.36,117.65,-1405.58,0.0,0.931,1.005,0.968,0.87,4,1.0,0.0,3900.788
2026-08-30T01:05:01.338Z,26.4995,86.767723,1250.4,1010.61,1544.51,290.94,290.81,6.57,-0.57,112.04,117.97,118.21,-1470.31,0.0,0.951,0.966,0.958,0.755,2,1.0,0.0,3901.754
2026-08-30T01:05:02.403Z,26.499702,86.767116,1224.15,982.19,1519.27,290.78,290.68,5.56,0.51,112.56,118.4,118.77,-1454.74,0.0,1.005,1.048,1.027,0.259,4,1.0,0.0,3902.815
2026-08-30T01:05:03.363Z,26.499884,86.766561,1201.7,962.3,1495.46,290.9,290.77,6.45,1.57,113.02,119.23,119.49,-1433.63,0.0,0.988,1.008,0.998,0.086,2,1.0,0.0,3903.771
2026-08-30T01:05:04.411Z,26.500079,86.765953,1176.44,928.28,1469.96,289.1,288.93,4.91,2.5,113.62,119.54,120.09,-1411.07,0.0,0.974,1.074,1.029,2.031,4,1.0,0.0,3904.825
2026-08-30T01:05:05.588Z,26.500286,86.765261,1153.37,907.76,1443.39,286.7,286.56,2.55,9.94,114.16,119.16,119.88,-1153.09,0.0,1.178,1.186,1.182,1.098,2,1.0,0.0,3905.999
2026-08-30T01:05:06.443Z,26.500423,86.764754,1141.33,889.01,1427.65,284.74,284.55,1.35,8.8,114.26,118.03,118.93,-906.76,0.0,1.171,1.192,1.179,1.668,3,1.0,0.0,3906.862
2026-08-30T01:05:07.416Z,26.500563,86.764179,1132.87,886.5,1414.62,284.15,284.06,0.55,2.31,114.08,117.33,118.29,-618.07,0.0,1.15,1.174,1.162,0.348,2,1.0,0.0,3907.831
2026-08-30T01:05:08.474Z,26.500707,86.763551,1125.93,888.04,1404.62,283.44,283.29,2.49,2.25,113.81,116.43,117.24,-494.04,0.0,0.977,1.091,1.041,3.442,4,1.0,0.0,3908.887
2026-08-30T01:05:09.437Z,26.500832,86.76299,1117.46,882.03,1396.23,283.14,283.02,3.26,5.35,113.39,115.65,116.3,-571.42,0.0,0.901,0.915,0.908,0.437,2,1.0,0.0,3909.844
2026-08-30T01:05:10.299Z,26.500939,86.762485,1104.91,868.61,1386.13,282.64,282.48,5.17,7.19,112.96,115.04,115.36,-840.46,0.0,0.756,0.848,0.798,2.277,3,1.0,0.0,3910.718
2026-08-30T01:05:11.376Z,26.501064,86.761861,1083.21,845.29,1370.13,281.65,281.56,4.99,-1.55,112.54,115.32,115.39,-1124.63,0.0,0.838,0.905,0.878,1.296,4,1.0,0.0,3911.786
2026-08-30T01:05:12.405Z,26.50118,86.761264,1060.81,816.94,1350.75,281.68,281.53,4.15,-0.86,112.26,114.91,115.1,-1239.62,0.0,0.994,1.016,1.005,0.352,2,1.0,0.0,3912.814
2026-08-30T01:05:13.462Z,26.501302,86.760649,1037.39,807.04,1328.43,282.67,282.63,4.8,-8.91,111.91,114.38,114.55,-1300.95,0.0,1.003,1.014,1.007,0.778,4,1.0,0.0,3913.887
2026-08-30T01:05:14.450Z,26.501423,86.760079,1016.05,787.89,1306.97,284.5,284.38,3.54,-4.82,111.58,113.84,114.25,-1258.06,0.0,1.064,1.07,1.067,0.115,2,1.0,0.0,3914.882
2026-08-30T01:05:15.345Z,26.50154,86.759567,999.14,762.06,1288.62,283.6,283.47,3.33,-2.37,111.27,113.44,113.85,-1155.94,0.0,1.069,1.087,1.078,0.362,2,1.0,0.0,3915.771
2026-08-30T01:05:16.457Z,26.501686,86.758939,981.35,751.86,1269.2,284.52,284.45,1.04,0.46,110.68,111.56,112.32,-957.22,0.0,1.086,1.156,1.126,0.649,4,1.0,0.0,3916.92
2026-08-30T01:05:17.314Z,26.501795,86.758457,971.95,743.78,1256.18,284.64,284.5,-0.2,0.25,109.96,109.94,110.76,-716.27,0.0,1.178,1.178,1.178,,1,1.0,0.0,3917.762
2026-08-30T01:05:18.412Z,26.501934,86.757851,964.09,734.0,1243.17,284.34,284.26,-0.6,-4.35,108.83,108.16,109.05,-476.22,0.0,1.101,1.131,1.111,1.634,4,1.0,0.0,3918.83
2026-08-30T01:05:19.482Z,26.50207,86.757271,959.6,729.23,1235.1,287.11,287.04,-0.54,-3.52,107.49,106.11,107.15,-321.97,0.0,1.049,1.079,1.063,0.963,4,1.0,0.0,3919.896
2026-08-30T01:05:20.451Z,26.502195,86.75676,956.87,726.4,1230.56,286.58,286.44,-2.52,-2.68,106.17,104.3,105.33,-171.87,0.0,1.122,1.145,1.134,0.362,2,1.0,0.0,3920.855
2026-08-30T01:05:21.303Z,26.502308,86.756314,957.18,727.52,1228.6,286.4,286.31,-0.77,-1.37,104.92,103.01,103.86,-73.14,0.0,1.03,1.082,1.062,3.316,3,1.0,0.0,3921.709
2026-08-30T01:05:22.362Z,26.502447,86.755767,954.51,724.75,1226.62,286.95,286.79,2.33,1.35,103.53,102.63,103.5,-207.92,0.0,0.808,0.887,0.846,1.737,4,1.0,0.0,3922.779
2026-08-30T01:05:23.329Z,26.502575,86.755268,946.21,715.68,1222.64,284.66,284.54,3.75,-5.25,102.57,102.46,103.14,-474.33,0.0,0.791,0.797,0.794,0.885,2,1.0,0.0,3923.757
2026-08-30T01:05:24.400Z,26.502718,86.754723,932.03,702.21,1213.3,286.44,286.38,3.59,-5.36,101.77,102.22,102.99,-713.86,0.0,0.865,0.931,0.893,1.212,4,1.0,0.0,3924.823
2026-08-30T01:05:25.587Z,26.502885,86.754122,914.84,683.91,1198.35,287.6,287.48,3.16,-2.14,101.05,101.83,102.66,-809.65,0.0,0.988,0.993,0.991,1.807,2,1.0,0.0,3926.015
2026-08-30T01:05:26.469Z,26.503013,86.753673,903.01,671.54,1186.26,287.33,287.21,2.11,0.21,100.56,101.25,102.19,-782.4,0.0,1.026,1.063,1.039,0.648,3,1.0,0.0,3926.903
2026-08-30T01:05:27.449Z,26.50315,86.753185,892.34,662.3,1174.02,287.27,287.16,0.82,-1.31,99.95,100.24,101.29,-658.0,0.0,1.098,1.104,1.101,0.11,2,1.0,0.0,3927.881
2026-08-30T01:05:28.340Z,26.503276,86.752739,884.99,655.99,1164.6,288.1,288.02,0.93,-5.84,99.32,99.34,100.41,-536.79,0.0,1.064,1.078,1.07,1.443,3,1.0,0.0,3928.78
2026-08-30T01:05:29.420Z,26.503434,86.752209,877.27,643.84,1155.37,288.69,288.61,2.06,-3.81,98.55,98.94,99.91,-485.81,0.0,0.997,1.029,1.007,2.198,4,1.0,0.0,3929.863
2026-08-30T01:05:30.427Z,26.503584,86.751718,867.75,632.36,1146.94,290.92,290.81,2.83,0.63,98.09,99.24,100.27,-583.25,0.0,0.909,0.95,0.93,0.248,2,1.0,0.0,3930.875
2026-08-30T01:05:31.327Z,26.503722,86.751275,857.4,624.14,1136.74,289.43,289.25,2.35,0.3,97.75,98.96,99.87,-645.03,0.0,0.97,1.001,0.989,0.613,3,1.0,0.0,3931.779
2026-08-30T01:05:32.436Z,26.503888,86.750737,844.32,611.28,1124.49,289.45,289.4,3.47,-2.47,97.4,98.65,99.56,-707.02,0.0,0.961,0.985,0.975,0.923,4,1.0,0.0,3932.886
2026-08-30T01:05:33.458Z,26.504041,86.750237,831.64,599.12,1112.65,292.68,292.61,2.0,-1.33,96.99,97.71,98.98,-707.73,0.0,1.026,1.028,1.027,0.386,2,1.0,0.0,3933.904
2026-08-30T01:05:34.370Z,26.504176,86.749802,821.7,588.74,1102.63,293.29,293.18,2.32,-3.17,96.55,97.15,98.4,-669.88,0.0,1.03,1.037,1.034,0.64,3,1.0,0.0,3934.806
2026-08-30T01:05:35.480Z,26.504346,86.749271,809.87,576.73,1090.63,293.88,293.81,3.04,-5.09,96.0,96.61,97.83,-657.85,0.0,0.987,1.007,0.996,0.405,3,1.0,0.0,3935.93
2026-08-30T01:05:36.315Z,26.504477,86.748874,800.41,567.77,1081.44,295.91,295.83,3.25,-5.37,95.57,96.0,97.42,-676.3,0.0,0.999,0.999,0.999,,1,1.0,0.0,3936.772
2026-08-30T01:05:37.421Z,26.504655,86.748355,786.71,552.28,1068.71,295.39,295.23,3.73,-2.07,95.06,95.94,97.13,-744.58,0.0,0.938,0.963,0.948,0.95,4,1.0,0.0,3937.889
2026-08-30T01:05:38.362Z,26.50481,86.747917,774.71,537.94,1056.99,295.26,295.18,1.11,-2.06,94.66,94.71,96.24,-705.04,0.0,1.017,1.086,1.045,2.478,3,1.0,0.0,3938.822
2026-08-30T01:05:39.397Z,26.504979,86.74744,766.03,527.51,1045.56,297.26,297.19,0.55,-5.93,93.87,93.14,94.73,-531.79,0.0,1.094,1.143,1.119,2.686,2,1.0,0.0,3939.851
2026-08-30T01:05:40.303Z,26.505129,86.747031,758.96,518.44,1037.47,297.86,297.74,2.07,-4.72,93.11,92.27,93.75,-543.51,0.0,0.923,0.963,0.941,2.622,3,1.0,0.0,3940.762
2026-08-30T01:05:41.417Z,26.505318,86.746535,746.24,504.7,1026.46,297.54,297.42,2.03,-1.22,92.22,91.59,92.89,-680.86,0.0,0.883,0.917,0.905,1.544,4,1.0,0.0,3941.872
2026-08-30T01:05:42.457Z,26.505494,86.746076,731.48,488.95,1014.15,297.97,297.87,2.2,-1.73,91.44,90.58,91.92,-809.27,0.0,0.928,0.947,0.937,1.361,2,1.0,0.0,3942.925
2026-08-30T01:05:43.368Z,26.505647,86.74568,717.93,474.18,1001.77,299.32,299.23,1.35,1.23,90.62,89.29,90.83,-851.68,0.0,0.997,1.006,1.001,0.293,3,1.0,0.0,3943.837
2026-08-30T01:05:44.484Z,26.505831,86.745201,702.44,457.56,985.87,298.79,298.63,-0.9,0.5,89.49,87.57,89.32,-790.13,0.0,1.02,1.09,1.059,0.463,4,1.0,0.0,3944.951
2026-08-30T01:05:45.353Z,26.505968,86.744835,693.52,448.19,974.51,298.07,297.95,-2.26,-2.01,88.45,85.81,87.52,-627.26,0.0,1.14,1.14,1.14,,1,1.0,0.0,3945.837
2026-08-30T01:05:46.490Z,26.506144,86.744365,686.74,441.45,963.14,299.21,299.13,-2.27,-0.32,86.82,83.11,85.01,-401.03,0.0,1.091,1.116,1.103,0.102,2,1.0,0.0,3946.958
2026-08-30T01:05:47.408Z,26.506279,86.743995,683.05,438.19,957.83,299.64,299.51,-4.85,2.64,85.2,80.34,82.67,-272.17,0.0,1.057,1.079,1.067,0.84,3,1.0,0.0,3947.862
2026-08-30T01:05:48.448Z,26.506425,86.743585,680.92,437.11,953.99,299.25,299.13,-3.62,-1.3,83.16,77.97,80.1,-163.41,0.0,1.044,1.048,1.046,0.426,2,1.0,0.0,3948.901
2026-08-30T01:05:49.353Z,26.506546,86.743234,679.66,436.61,951.94,299.93,299.84,-4.22,0.09,81.26,75.32,77.82,-109.59,0.0,1.018,1.025,1.022,0.245,3,1.0,0.0,3949.81
2026-08-30T01:05:50.468Z,26.506684,86.74282,678.7,436.97,950.22,300.53,300.4,-6.24,0.25,78.66,71.74,74.62,-44.2,0.0,1.024,1.059,1.04,0.75,4,1.0,0.0,3950.91
2026-08-30T01:05:51.476Z,26.506802,86.742457,679.38,438.47,949.75,300.69,300.6,-4.55,-2.43,76.16,69.24,71.97,6.36,0.0,1.021,1.032,1.027,0.583,2,1.0,0.0,3951.926
2026-08-30T01:05:52.396Z,26.506904,86.742139,679.27,438.67,949.85,301.76,301.67,-3.85,0.63,73.82,66.58,69.83,-28.79,0.0,0.952,0.952,0.952,1.264,3,1.0,0.0,3952.863
2026-08-30T01:05:53.330Z,26.507002,86.74182,677.75,437.4,949.2,302.24,302.13,-6.14,0.3,71.46,63.67,67.39,-57.38,0.0,0.964,1.011,0.984,1.604,3,1.0,0.0,3953.781
2026-08-30T01:05:54.352Z,26.507101,86.741488,677.33,437.18,948.29,302.95,302.87,-6.53,-2.62,68.69,60.38,64.22,-14.49,0.0,1.039,1.064,1.052,0.221,2,1.0,0.0,3954.792
2026-08-30T01:05:55.458Z,26.507201,86.74114,677.96,438.05,948.21,305.29,305.22,-6.88,0.58,65.41,56.08,60.93,18.07,0.0,1.011,1.034,1.02,0.523,3,1.0,0.0,3955.9
2026-08-30T01:05:56.462Z,26.507281,86.740844,679.35,439.76,948.72,307.39,307.33,-8.15,-2.48,62.18,51.94,57.48,99.16,0.0,1.091,1.101,1.096,0.441,2,1.0,0.0,3956.904
2026-08-30T01:05:57.351Z,26.507343,86.740592,682.38,443.28,950.34,310.01,309.97,-8.39,2.97,59.07,47.7,54.83,160.58,0.0,1.034,1.08,1.051,0.932,3,1.0,0.0,3957.801
2026-08-30T01:05:58.448Z,26.50741,86.740291,684.91,446.37,952.49,312.07,311.98,-4.9,-1.28,55.1,44.56,52.58,102.31,0.0,0.927,0.963,0.946,1.497,4,1.0,0.0,3958.883
2026-08-30T01:05:59.461Z,26.507467,86.740027,685.28,447.29,954.37,313.59,313.53,0.68,-6.73,51.89,42.97,50.93,8.72,0.0,0.96,0.961,0.96,0.842,2,1.0,0.0,3959.918
2026-08-30T01:06:00.360Z,26.50752,86.739798,683.72,445.99,954.66,317.02,317.04,-1.93,-2.64,49.3,40.25,49.71,-58.2,0.0,0.946,0.992,0.971,0.395,3,1.0,0.0,3960.804
2026-08-30T01:06:01.458Z,26.507584,86.739527,680.94,443.65,953.24,322.12,322.09,-1.32,-3.41,46.07,36.82,48.22,-136.57,0.0,0.936,0.974,0.952,1.153,4,1.0,0.0,3961.892
2026-08-30T01:06:02.479Z,26.507644,86.739285,677.77,440.65,950.82,325.97,325.93,1.38,-2.85,43.09,33.9,46.82,-188.27,0.0,0.947,0.962,0.954,0.92,2,1.0,0.0,3962.919
2026-08-30T01:06:03.389Z,26.507697,86.739065,673.76,436.67,947.75,328.72,328.69,-1.66,-0.75,40.37,31.36,45.89,-228.62,0.0,0.961,0.973,0.967,0.164,3,1.0,0.0,3963.847
2026-08-30T01:06:04.302Z,26.507747,86.738864,669.59,432.5,944.16,332.03,332.0,-3.11,-0.72,37.8,28.36,44.9,-255.83,0.0,0.98,0.996,0.986,0.379,3,1.0,0.0,3964.721
2026-08-30T01:06:05.497Z,26.507811,86.7386,665.28,428.01,939.22,337.34,337.36,1.49,-8.58,34.23,24.67,42.52,-214.58,0.0,1.042,1.051,1.047,0.09,2,1.0,0.0,3965.93
2026-08-30T01:06:06.393Z,26.507861,86.73841,663.12,425.55,936.35,344.54,344.7,3.04,-5.31,31.38,20.21,41.13,-179.71,0.0,1.019,1.034,1.027,0.673,3,1.0,0.0,3966.846
2026-08-30T01:06:07.421Z,26.507921,86.738201,659.5,421.47,933.19,356.11,356.2,-0.22,-2.32,27.34,13.32,39.91,-209.8,0.0,0.965,0.968,0.967,0.119,2,1.0,0.0,3967.863
2026-08-30T01:06:08.328Z,26.507976,86.738026,655.92,417.44,929.88,359.87,359.81,3.14,-6.87,23.72,12.41,38.38,-223.06,0.0,0.981,1.008,0.994,0.233,3,1.0,0.0,3968.783
2026-08-30T01:06:09.424Z,26.508051,86.737827,653.11,413.98,926.88,7.42,7.79,11.07,-8.3,20.3,8.81,36.74,-196.93,0.0,1.027,1.032,1.029,0.899,4,1.0,0.0,3969.862
2026-08-30T01:06:10.452Z,26.508131,86.737649,648.92,409.18,923.45,32.47,33.02,8.11,-1.35,15.55,0.0,35.66,-252.43,0.0,0.949,0.964,0.957,0.546,2,1.0,0.0,3970.927
2026-08-30T01:06:11.390Z,26.508216,86.737499,643.46,403.15,919.07,55.57,56.09,16.54,4.85,11.8,0.0,34.82,-364.97,0.0,0.927,0.943,0.933,1.175,3,1.0,0.0,3971.815
2026-08-30T01:06:12.462Z,26.508331,86.73735,633.95,393.82,911.93,74.77,74.99,15.27,13.01,8.56,0.0,34.84,-503.16,0.0,0.966,0.97,0.968,0.629,4,1.0,0.0,3972.898
2026-08-30T01:06:13.478Z,26.508456,86.737232,623.41,381.84,903.43,89.13,89.48,11.69,6.67,6.29,0.0,34.91,-553.47,0.0,1.055,1.083,1.069,0.177,2,1.0,0.0,3973.917
2026-08-30T01:06:14.370Z,26.508582,86.737146,615.38,374.38,895.24,107.71,108.31,12.01,12.73,4.78,0.0,34.36,-540.96,0.0,1.021,1.072,1.04,2.685,3,1.0,0.0,3974.842
2026-08-30T01:06:15.342Z,26.508729,86.73709,606.2,364.65,886.38,139.04,139.73,23.3,31.13,3.56,0.0,33.2,-628.45,0.0,1.035,1.04,1.037,3.673,2,1.0,0.0,3975.833
2026-08-30T01:06:16.442Z,26.508898,86.737099,592.58,351.08,873.94,172.12,173.09,14.03,32.48,2.54,0.0,33.33,-601.12,0.0,1.342,1.425,1.384,0.569,2,1.0,0.0,3976.974
2026-08-30T01:06:17.454Z,26.509028,86.737193,588.6,347.52,864.83,227.94,230.4,2.09,28.62,1.86,0.0,30.85,-177.09,0.0,1.515,1.565,1.542,2.25,3,1.0,0.0,3978.026
2026-08-30T01:06:18.487Z,26.509092,86.737324,592.12,351.26,862.19,305.02,307.36,-17.68,44.6,1.38,0.0,21.2,204.27,0.0,1.543,1.543,1.543,,1,1.0,0.0,3978.948
2026-08-30T01:06:19.405Z,26.509081,86.737386,597.95,357.26,864.54,32.35,35.21,-37.68,33.31,1.05,0.0,8.32,384.63,0.0,1.626,1.695,1.655,1.736,3,1.0,0.0,3979.854
2026-08-30T01:06:20.312Z,26.509075,86.737368,609.43,369.1,870.49,136.43,138.96,-18.07,18.96,0.86,0.0,7.79,680.66,0.0,1.639,1.739,1.695,4.018,3,1.0,0.0,3980.769
2026-08-30T01:06:21.397Z,26.509088,86.737378,634.58,394.35,887.25,221.9,224.3,5.22,56.79,0.61,0.0,13.33,1110.77,0.0,1.533,1.565,1.549,0.371,2,1.0,0.0,3981.918
2026-08-30T01:06:22.354Z,26.50903,86.73744,647.58,407.23,903.79,305.85,309.21,-36.45,47.38,0.46,0.0,27.13,892.63,0.0,1.291,1.374,1.331,0.313,3,1.0,0.0,3982.803
2026-08-30T01:06:23.381Z,26.508912,86.737446,660.61,420.37,917.44,78.8,80.86,-3.96,42.57,0.34,0.0,17.35,903.51,0.0,1.573,1.745,1.661,1.847,2,1.0,0.0,3983.893
2026-08-30T01:06:24.352Z,26.508875,86.737449,681.64,441.13,933.83,140.87,142.22,22.46,86.34,0.46,1.93,15.64,935.2,0.0,1.975,2.063,2.034,1.244,3,1.0,0.0,3984.797
2026-08-30T01:06:25.491Z,26.508923,86.737576,670.65,429.15,944.17,183.77,185.0,-39.55,84.37,0.42,0.0,36.79,-435.3,0.0,1.112,1.571,1.32,3.882,3,1.0,0.0,3985.915
2026-08-30T01:06:26.478Z,26.508947,86.73778,638.85,397.61,929.15,339.06,340.86,0.4,-17.62,0.31,2.02,49.15,-1541.61,0.0,1.031,1.099,1.065,1.283,2,1.0,0.0,3987.008
2026-08-30T01:06:27.458Z,26.50902,86.737991,613.84,372.47,907.94,282.24,229.77,86.66,-113.98,4.39,21.12,35.93,-1770.94,0.0,1.485,1.837,1.677,9.793,3,1.0,0.0,3987.875
2026-08-30T01:06:28.340Z,26.509132,86.738068,568.64,326.74,878.81,144.46,143.24,54.11,-121.95,8.67,28.01,23.68,-3082.9,0.0,1.707,1.854,1.781,1.004,3,1.0,0.0,3988.844
2026-08-30T01:06:29.441Z,26.509212,86.738031,469.73,226.28,813.65,346.48,337.19,78.1,130.43,19.43,68.9,17.63,-5129.4,0.0,1.562,1.566,1.564,1.384,2,1.0,0.0,3989.845
2026-08-30T01:06:30.317Z,26.509188,86.737965,358.52,112.02,728.32,256.42,254.42,24.25,66.46,30.24,54.28,34.77,-6826.64,0.0,1.307,1.381,1.333,2.192,3,1.0,0.0,3990.931
2026-08-30T01:06:31.416Z,,,905.11,,926.93,,209.93,0.0,0.0,17.78,18.63,17.54,82.85,0.0,2.341,2.819,2.578,32.321,3,1.0,0.0,3992.387
2026-08-30T01:06:32.776Z,26.508995,86.737841,919.77,679.95,1118.33,242.09,243.46,11.86,6.57,17.68,13.99,22.6,891.99,0.0,1.974,1.974,1.974,,1,1.0,0.0,3993.24
2026-08-30T01:06:33.489Z,26.508923,86.737798,941.38,701.76,1161.78,284.07,285.62,9.66,12.45,15.89,2.23,26.47,1436.4,0.0,1.404,1.491,1.448,0.179,2,1.0,0.0,3993.967
2026-08-30T01:06:34.359Z,26.508827,86.737716,970.56,730.9,1200.89,338.13,339.59,4.85,17.44,12.25,0.0,28.2,1697.78,0.0,0.901,0.901,0.901,,1,1.0,0.0,3994.816
2026-08-30T01:06:35.485Z,26.508724,86.73759,999.12,759.26,1240.36,30.42,31.08,9.38,19.81,8.74,0.0,26.83,1514.51,0.0,0.716,0.901,0.823,2.756,3,1.0,0.0,3995.928
2026-08-30T01:06:36.372Z,26.508666,86.737489,1020.5,780.59,1265.34,48.69,48.92,16.61,20.14,6.69,0.0,23.19,1466.78,0.0,1.022,1.096,1.061,0.483,3,1.0,0.0,3996.81
2026-08-30T01:06:37.349Z,26.508633,86.737385,1043.74,803.54,1290.39,52.98,52.77,21.02,15.56,5.0,0.0,18.96,1391.06,0.0,0.978,1.016,0.997,0.699,2,1.0,0.0,3997.771
2026-08-30T01:06:38.416Z,26.508633,86.737286,1064.24,823.79,1314.73,50.41,50.2,19.05,14.66,3.63,0.0,17.43,1170.78,0.0,0.909,0.982,0.938,1.094,4,1.0,0.0,3998.829
2026-08-30T01:06:39.365Z,26.508657,86.737204,1077.24,836.48,1332.09,46.54,46.3,10.25,12.79,2.73,0.0,18.79,919.92,0.0,0.854,0.858,0.856,0.354,2,1.0,0.0,3999.79
2026-08-30T01:06:40.426Z,26.508708,86.737114,1088.5,847.67,1346.82,46.36,46.31,9.29,12.06,1.98,0.0,22.35,802.37,0.0,0.885,1.183,1.002,7.327,4,1.0,0.0,4000.83
2026-08-30T01:06:41.359Z,26.508779,86.737034,1107.68,867.09,1360.81,49.95,49.91,9.19,9.97,1.5,0.0,25.6,1226.14,0.0,1.453,1.455,1.454,0.758,2,1.0,0.0,4001.777
2026-08-30T01:06:42.428Z,26.508883,86.736951,1143.16,902.75,1385.22,49.05,48.88,7.85,5.95,1.13,1.22,27.6,1881.69,0.0,1.356,1.419,1.387,0.546,4,1.0,0.0,4002.833
2026-08-30T01:06:43.485Z,26.509003,86.73688,1189.23,949.0,1422.49,46.56,46.38,7.55,2.91,1.77,5.26,28.41,2427.81,0.0,1.215,1.303,1.264,1.984,4,1.0,0.0,4003.887
2026-08-30T01:06:44.435Z,26.509117,86.736828,1232.65,992.47,1461.87,42.73,42.5,7.44,1.51,3.12,9.77,28.99,2603.65,0.0,0.988,0.994,0.991,0.158,2,1.0,0.0,4004.837
2026-08-30T01:06:45.300Z,26.509228,86.736791,1271.05,1030.85,1498.49,37.7,37.43,7.49,0.1,5.1,14.28,29.7,2638.25,0.0,0.984,0.995,0.99,0.005,2,1.0,0.0,4005.718
2026-08-30T01:06:46.378Z,26.509373,86.73676,1319.01,1079.09,1547.13,28.99,28.32,6.34,-2.02,8.45,21.01,30.17,2649.21,0.0,0.998,1.003,1.0,0.302,4,1.0,0.0,4006.866
2026-08-30T01:06:47.418Z,26.509518,86.736749,1365.03,1124.99,1592.91,13.6,13.48,4.72,-2.28,12.44,26.31,31.64,2661.72,0.0,1.007,1.027,1.017,0.116,2,1.0,0.0,4007.83
2026-08-30T01:06:48.494Z,26.509678,86.736742,1412.34,1172.25,1640.27,15.83,15.88,6.87,-1.67,16.25,27.08,33.41,2617.11,0.0,0.966,0.997,0.985,1.183,4,1.0,0.0,4008.904
2026-08-30T01:06:49.457Z,26.509829,86.736741,1451.71,1211.37,1681.84,27.87,28.25,5.55,-1.1,18.78,27.29,34.85,2482.05,0.0,0.92,0.929,0.925,3.475,2,1.0,0.0,4009.87
2026-08-30T01:06:50.307Z,26.509968,86.736747,1485.02,1244.68,1716.76,41.45,41.68,2.97,-1.83,20.35,25.64,35.1,2415.98,0.0,0.959,1.005,0.983,0.223,3,1.0,0.0,4010.713
2026-08-30T01:06:51.350Z,26.510136,86.736765,1526.75,1286.21,1758.52,53.87,53.95,2.04,-3.34,20.99,21.9,33.75,2451.92,0.0,1.031,1.12,1.064,2.537,4,1.0,0.0,4011.753
2026-08-30T01:06:52.284Z,26.510279,86.736792,1567.96,1327.25,1796.88,59.28,59.24,1.83,-3.86,20.89,20.98,32.5,2625.2,0.0,1.142,1.148,1.145,0.258,2,1.0,0.0,4012.685
2026-08-30T01:06:53.338Z,26.510432,86.736835,1618.17,1377.14,1844.03,64.82,64.95,5.62,-3.86,20.57,18.42,32.28,2790.75,0.0,1.046,1.12,1.087,1.284,4,1.0,0.0,4013.729
2026-08-30T01:06:54.372Z,26.510582,86.736895,1668.27,1427.2,1895.04,80.93,81.27,10.14,-2.52,19.01,12.58,32.81,2831.56,0.0,1.005,1.013,1.009,1.153,4,1.0,0.0,4014.764
2026-08-30T01:06:55.479Z,26.510735,86.736981,1720.41,1478.94,1945.98,104.7,105.08,10.9,1.45,15.94,4.43,32.85,2830.39,0.0,0.969,0.991,0.98,0.434,2,1.0,0.0,4015.86
2026-08-30T01:06:56.300Z,26.510843,86.737061,1758.8,1516.92,1984.4,122.5,122.87,10.86,4.84,12.78,0.0,32.78,2803.13,0.0,0.962,0.965,0.964,0.284,3,1.0,0.0,4016.682
2026-08-30T01:06:57.343Z,26.510967,86.73718,1806.38,1563.98,2032.69,142.78,143.03,9.23,8.22,9.33,0.0,33.44,2747.71,0.0,0.963,0.974,0.968,0.6,4,1.0,0.0,4017.722
2026-08-30T01:06:58.439Z,26.511086,86.737322,1854.87,1612.46,2082.15,157.93,158.05,4.33,8.31,6.71,0.0,34.42,2700.68,0.0,0.994,0.996,0.995,0.661,3,1.0,0.0,4018.817
2026-08-30T01:06:59.482Z,26.51119,86.737471,1902.91,1660.34,2129.27,165.51,165.51,4.76,7.41,4.89,0.0,35.32,2793.35,0.0,1.0,1.084,1.047,1.405,4,1.0,0.0,4019.863
2026-08-30T01:07:00.396Z,26.511273,86.737611,1949.19,1706.86,2172.48,171.09,171.16,4.34,7.61,3.72,0.0,35.46,3003.92,0.0,1.082,1.104,1.093,0.067,2,1.0,0.0,4020.79
2026-08-30T01:07:01.442Z,26.511358,86.737779,2007.66,1765.66,2226.51,181.12,181.22,5.05,3.06,2.69,0.0,34.76,3302.79,0.0,1.107,1.145,1.122,1.093,4,1.0,0.0,4021.856
2026-08-30T01:07:02.299Z,26.51142,86.737917,2058.77,1816.86,2274.07,187.78,187.8,-3.17,0.46,2.1,0.0,33.98,3526.22,0.0,1.073,1.086,1.079,0.077,3,1.0,0.0,4022.672
2026-08-30T01:07:03.381Z,26.511502,86.738084,2127.61,1885.82,2338.71,191.98,191.9,-7.79,-1.98,1.51,0.0,33.33,3760.96,0.0,0.981,1.015,0.997,0.243,3,1.0,0.0,4023.753
2026-08-30T01:07:04.405Z,26.511586,86.738234,2194.82,1952.97,2403.62,195.19,195.16,-7.16,-1.9,1.11,0.0,33.08,3868.77,0.0,0.946,0.965,0.958,0.384,4,1.0,0.0,4024.78
2026-08-30T01:07:05.452Z,26.511682,86.738378,2263.69,2021.84,2471.32,201.54,201.62,-5.79,-1.64,0.81,0.0,33.33,3926.29,0.0,0.961,0.961,0.961,0.157,2,1.0,0.0,4025.823
2026-08-30T01:07:06.464Z,26.51178,86.738516,2331.16,2089.57,2537.91,222.73,223.24,-2.58,-1.1,0.6,0.0,32.9,3981.79,0.0,0.956,0.961,0.959,0.164,4,1.0,0.0,4026.866
2026-08-30T01:07:07.405Z,26.511872,86.738634,2396.0,2154.49,2601.13,238.69,238.75,1.36,0.55,0.45,0.0,30.79,4093.5,0.0,0.941,0.946,0.943,0.049,2,1.0,0.0,4027.796
2026-08-30T01:07:08.445Z,26.511977,86.738745,2470.0,2228.69,2672.96,247.98,248.16,5.08,2.99,0.33,0.0,28.7,4219.72,0.0,0.978,1.009,0.996,0.231,4,1.0,0.0,4028.84
2026-08-30T01:07:09.491Z,26.512082,86.73884,2546.9,2305.74,2747.55,252.94,253.12,8.23,4.31,0.24,0.0,25.26,4352.51,0.0,1.011,1.024,1.016,0.372,4,1.0,0.0,4029.896
2026-08-30T01:07:10.433Z,26.512162,86.738905,2618.07,2376.89,2816.48,285.46,286.7,13.19,12.09,0.18,0.0,19.79,4478.46,0.0,1.048,1.075,1.062,1.493,2,1.0,0.0,4030.832
2026-08-30T01:07:11.487Z,26.512235,86.738932,2696.12,2454.85,2895.03,354.63,355.84,-6.0,22.82,1.78,20.23,16.42,4525.34,0.0,0.986,1.007,0.998,0.667,4,1.0,0.0,4031.878
2026-08-30T01:07:12.338Z,26.512303,86.738924,2759.01,2517.67,2958.4,49.56,51.08,-19.63,15.05,6.37,20.81,17.01,4466.33,0.0,0.91,0.952,0.931,0.617,3,1.0,0.0,4032.72
2026-08-30T01:07:13.448Z,26.512408,86.738899,2837.34,2595.85,3039.82,135.22,136.71,-9.95,0.25,6.41,0.0,19.43,4160.31,0.0,0.753,0.776,0.762,0.431,3,1.0,0.0,4033.848
2026-08-30T01:07:14.287Z,26.512485,86.738883,2891.02,2649.37,3096.48,195.1,196.77,-2.66,-1.22,5.0,0.0,20.29,3980.89,0.0,0.834,0.877,0.856,0.5,3,1.0,0.0,4034.682
2026-08-30T01:07:15.355Z,26.512562,86.738853,2960.21,2718.63,3167.54,292.08,294.55,4.27,7.52,4.44,12.82,19.92,3886.97,0.0,0.921,0.948,0.936,0.806,3,1.0,0.0,4035.775
2026-08-30T01:07:16.324Z,26.512634,86.738786,3021.11,2779.01,3230.6,32.99,35.19,-2.79,6.12,6.81,8.24,20.94,3798.01,0.0,0.872,0.89,0.881,0.195,2,1.0,0.0,4036.734
2026-08-30T01:07:17.392Z,26.512741,86.738728,3086.44,2844.36,3297.91,131.69,133.71,4.4,3.34,5.22,0.0,18.63,3707.52,0.0,0.866,0.94,0.897,1.443,4,1.0,0.0,4037.782
2026-08-30T01:07:18.318Z,26.512811,86.738712,3145.03,2902.51,3355.6,223.13,225.74,7.9,22.66,3.93,0.0,11.43,3786.84,0.0,1.08,1.1,1.09,0.551,2,1.0,0.0,4038.749
2026-08-30T01:07:19.414Z,26.512829,86.73868,3214.38,2971.78,3424.17,353.41,356.39,-19.9,5.37,5.48,13.62,6.02,3875.98,0.0,1.017,1.115,1.073,2.371,4,1.0,0.0,4039.814
2026-08-30T01:07:20.341Z,26.512851,86.738633,3274.41,3031.72,3483.4,98.87,101.08,-2.79,8.61,5.02,0.0,7.08,3799.34,0.0,0.855,0.867,0.861,0.762,2,1.0,0.0,4040.753
2026-08-30T01:07:21.399Z,26.512874,86.738622,3341.06,3098.23,3551.94,209.96,212.58,-0.68,15.53,3.7,2.42,2.98,3759.86,0.0,0.924,0.966,0.948,0.353,4,1.0,0.0,4041.826
2026-08-30T01:07:22.493Z,26.512854,86.738612,3407.61,3164.9,3619.14,333.25,335.81,-8.0,1.36,3.83,2.27,1.85,3726.94,0.0,0.922,0.968,0.944,0.758,4,1.0,0.0,4042.892
2026-08-30T01:07:23.431Z,26.512852,86.738585,3466.07,3223.31,3677.34,77.81,80.41,2.58,2.98,2.95,0.0,1.63,3676.4,0.0,0.915,0.922,0.918,0.115,2,1.0,0.0,4043.853
2026-08-30T01:07:24.327Z,26.512862,86.738598,3520.28,3277.57,3732.27,177.28,179.79,1.86,13.6,2.49,2.32,3.44,3646.84,0.0,0.932,0.941,0.936,0.141,3,1.0,0.0,4044.735
2026-08-30T01:07:25.391Z,26.512837,86.738632,3583.93,3341.17,3796.12,287.8,290.14,-6.95,5.84,2.07,0.0,5.34,3616.69,0.0,0.922,0.931,0.925,0.101,3,1.0,0.0,4045.814
2026-08-30T01:07:26.355Z,26.51281,86.738632,3642.06,3399.36,3853.56,30.43,33.29,1.42,4.52,1.55,0.0,4.66,3605.26,0.0,0.941,0.945,0.943,0.09,2,1.0,0.0,4046.771
2026-08-30T01:07:27.429Z,26.512819,86.73865,3706.18,3463.4,3919.22,155.31,157.97,-3.2,8.3,2.32,6.77,5.24,3615.32,0.0,0.943,0.956,0.952,0.399,4,1.0,0.0,4047.83
2026-08-30T01:07:28.364Z,26.512807,86.738697,3762.54,3519.76,3975.91,262.75,265.53,-2.91,3.72,2.22,0.0,6.18,3583.08,0.0,0.907,0.909,0.908,0.184,2,1.0,0.0,4048.808
2026-08-30T01:07:29.442Z,26.512785,86.738711,3826.97,3584.28,4040.11,20.09,22.8,2.76,13.28,1.61,1.0,4.14,3579.74,0.0,0.94,0.984,0.964,0.457,4,1.0,0.0,4049.856
2026-08-30T01:07:30.408Z,26.512811,86.738722,3883.91,3641.16,4097.29,132.59,135.33,-7.67,10.92,2.63,6.24,5.71,3581.93,0.0,0.962,0.981,0.971,0.246,2,1.0,0.0,4050.811
2026-08-30T01:07:31.451Z,26.512831,86.73877,3946.96,3704.21,4160.25,253.56,256.24,-0.59,6.95,2.24,0.0,6.02,3548.73,0.0,0.915,0.926,0.919,0.215,4,1.0,0.0,4051.921
2026-08-30T01:07:32.488Z,26.512828,86.738779,4007.2,3764.29,4220.29,6.84,9.6,-3.53,10.57,1.97,5.89,3.69,3567.08,0.0,0.99,0.993,0.992,0.433,2,1.0,0.0,4052.902
2026-08-30T01:07:33.351Z,26.512856,86.738773,4058.84,3815.96,4271.77,108.31,110.95,-3.4,11.59,2.79,3.44,5.33,3568.03,0.0,0.936,0.961,0.947,0.073,3,1.0,0.0,4053.761
2026-08-30T01:07:34.419Z,26.512892,86.738815,4120.63,3877.55,4335.09,221.42,223.69,-7.45,27.3,2.17,0.0,9.1,3509.92,0.0,0.92,0.943,0.928,1.763,4,1.0,0.0,4054.835
2026-08-30T01:07:35.585Z,26.512869,86.738858,4186.84,3943.75,4402.79,340.16,342.33,-9.91,41.04,1.52,0.0,7.37,3449.46,0.0,1.056,1.117,1.087,2.531,2,1.0,0.0,4055.978
2026-08-30T01:07:36.431Z,26.512851,86.738826,4234.53,3991.38,4451.08,55.89,57.79,-12.65,53.22,1.18,0.0,13.39,3377.0,0.0,1.234,1.299,1.269,0.866,3,1.0,0.0,4056.823
2026-08-30T01:07:37.364Z,26.512894,86.738771,4282.05,4038.75,4501.22,141.62,143.72,-19.41,48.42,0.89,0.0,18.71,3146.99,0.0,1.238,1.251,1.244,0.415,2,1.0,0.0,4057.743
2026-08-30T01:07:38.377Z,26.512975,86.738783,4330.31,4086.8,4553.25,233.09,234.85,-21.24,41.58,0.66,0.0,18.19,2936.04,0.0,1.232,1.317,1.272,0.85,4,1.0,0.0,4058.755
2026-08-30T01:07:39.407Z,26.512999,86.738847,4378.95,4135.49,4602.97,322.96,324.73,-21.31,38.69,0.53,1.55,11.56,2912.66,0.0,1.387,1.448,1.418,0.19,4,1.0,0.0,4059.777
2026-08-30T01:07:40.294Z,26.512974,86.738858,4423.79,4180.17,4646.46,33.78,35.41,-22.41,37.83,1.09,4.3,9.63,3012.24,0.0,1.442,1.461,1.452,1.032,2,1.0,0.0,4060.661
2026-08-30T01:07:41.300Z,26.512975,86.738803,4475.21,4231.54,4697.19,117.88,119.56,-24.09,35.16,1.6,0.8,15.18,3018.79,0.0,1.293,1.375,1.331,0.695,4,1.0,0.0,4061.673
2026-08-30T01:07:42.320Z,26.51303,86.738776,4526.88,4283.38,4748.69,196.63,198.14,-10.11,44.07,1.18,0.0,13.28,3008.5,0.0,1.284,1.333,1.306,1.143,4,1.0,0.0,4062.709
2026-08-30T01:07:43.418Z,26.513059,86.738829,4582.11,4338.47,4804.05,286.37,288.52,-20.63,31.25,0.85,0.0,13.04,3053.64,0.0,1.275,1.318,1.297,1.208,3,1.0,0.0,4063.806
2026-08-30T01:07:44.471Z,26.513029,86.738864,4639.51,4395.88,4857.75,36.5,38.64,-9.91,26.07,1.27,6.27,7.1,3212.04,0.0,1.209,1.224,1.214,0.687,4,1.0,0.0,4064.882
2026-08-30T01:07:45.612Z,26.513036,86.738881,4705.27,4461.75,4920.78,140.28,142.35,-10.66,31.07,3.1,7.99,7.5,3404.03,0.0,1.1,1.158,1.129,0.826,2,1.0,0.0,4066.007
2026-08-30T01:07:46.448Z,26.513059,86.738934,4751.59,4507.93,4968.55,215.71,217.53,-18.46,41.29,3.08,0.0,17.41,3327.7,0.0,0.967,1.034,1.0,0.493,3,1.0,0.0,4066.819
2026-08-30T01:07:47.485Z,26.513042,86.739039,4802.38,4558.58,5023.79,292.59,294.1,-20.83,50.97,2.26,0.0,25.24,3035.61,0.0,1.023,1.245,1.14,3.167,4,1.0,0.0,4067.844
2026-08-30T01:07:48.344Z,26.51296,86.739096,4841.51,4597.7,5066.35,7.33,9.21,-27.76,41.53,1.74,0.0,26.71,2857.23,0.0,1.417,1.47,1.444,0.945,2,1.0,0.0,4068.706
2026-08-30T01:07:49.341Z,26.512866,86.739067,4889.75,4646.07,5112.7,94.78,96.28,-25.37,39.67,1.71,6.43,17.81,2958.07,0.0,1.576,1.673,1.629,0.567,4,1.0,0.0,4069.707
2026-08-30T01:07:50.357Z,26.512855,86.739015,4944.72,4701.59,5164.38,174.79,176.51,-31.85,31.71,3.89,13.38,8.6,3208.22,0.0,1.489,1.654,1.583,3.147,4,1.0,0.0,4070.708
2026-08-30T01:07:51.415Z,26.512877,86.739035,5004.23,4761.06,5221.93,258.01,259.47,-27.54,34.31,5.09,3.43,10.99,3279.13,0.0,1.237,1.289,1.26,0.151,3,1.0,0.0,4071.794
2026-08-30T01:07:52.443Z,26.512844,86.739089,5059.02,4815.71,5277.74,320.24,321.42,-28.25,34.53,3.89,0.0,18.59,3202.81,0.0,1.199,1.21,1.204,0.363,4,1.0,0.0,4072.788
2026-08-30T01:07:53.482Z,26.512751,86.739103,5112.97,4870.02,5333.08,25.9,27.04,-26.56,29.24,2.84,0.0,24.8,3156.67,0.0,1.226,1.257,1.24,0.077,3,1.0,0.0,4073.839
2026-08-30T01:07:54.488Z,26.51266,86.739043,5166.9,4924.1,5385.82,92.89,94.59,-29.68,27.5,2.29,5.46,24.23,3244.97,0.0,1.303,1.377,1.34,1.24,4,1.0,0.0,4074.835
2026-08-30T01:07:55.499Z,26.512629,86.738949,5226.03,4983.44,5441.53,157.51,158.06,-26.52,30.42,4.02,10.37,18.29,3488.98,0.0,1.436,1.437,1.436,0.148,2,1.0,0.0,4075.847
2026-08-30T01:07:56.283Z,26.51265,86.738886,5276.59,5034.22,5488.47,173.76,173.95,-27.69,31.03,4.76,5.85,17.44,3699.32,0.0,1.283,1.391,1.338,1.612,3,1.0,0.0,4076.624
2026-08-30T01:07:57.468Z,26.512739,86.738847,5352.55,5110.2,5562.12,184.69,184.74,-19.93,28.63,3.71,0.0,20.93,3767.66,0.0,1.027,1.174,1.102,2.142,5,1.0,0.0,4077.824
2026-08-30T01:07:58.324Z,26.512825,86.738857,5406.2,5163.44,5616.67,195.63,195.82,-15.38,15.39,2.86,0.0,24.25,3707.86,0.0,0.948,0.956,0.952,0.662,2,1.0,0.0,4078.687
2026-08-30T01:07:59.339Z,26.512939,86.738889,5469.09,5226.3,5679.32,205.96,205.91,-6.46,3.3,2.11,0.0,26.35,3694.11,0.0,0.923,0.931,0.927,0.321,4,1.0,0.0,4079.713
2026-08-30T01:08:00.360Z,26.513058,86.738918,5534.18,5290.91,5743.7,207.25,207.15,9.3,0.81,1.55,0.0,23.88,3780.23,0.0,0.965,1.056,1.008,1.45,4,1.0,0.0,4080.737
2026-08-30T01:08:01.436Z,26.513167,86.73893,5607.38,5364.09,5813.66,207.8,207.68,18.86,0.78,1.12,0.0,17.23,3999.2,0.0,1.14,1.153,1.144,0.684,3,1.0,0.0,4081.778
2026-08-30T01:08:02.420Z,26.513237,86.738916,5677.09,5433.31,5880.66,208.02,207.92,15.58,-0.49,0.84,0.0,13.14,4188.82,0.0,1.016,1.131,1.084,2.786,4,1.0,0.0,4082.77
2026-08-30T01:08:03.476Z,26.513291,86.738876,5753.16,5509.62,5955.55,208.62,208.51,4.17,-2.37,0.6,0.0,13.79,4281.62,0.0,0.865,0.915,0.89,0.682,3,1.0,0.0,4083.854
2026-08-30T01:08:04.298Z,26.513332,86.738836,5810.89,5566.75,6014.52,209.01,208.89,1.84,-3.99,0.47,0.0,15.73,4215.01,0.0,0.842,0.849,0.846,0.2,3,1.0,0.0,4084.688
2026-08-30T01:08:05.307Z,26.51338,86.738771,5879.23,5635.17,6083.8,208.88,208.76,5.61,-4.83,0.35,0.0,17.76,4104.8,0.0,0.862,0.888,0.875,0.184,3,1.0,0.0,4085.684
2026-08-30T01:08:06.395Z,26.513428,86.738683,5951.05,5706.48,6157.14,209.27,209.16,6.17,-2.71,0.25,0.0,20.38,4000.4,0.0,0.899,0.907,0.903,0.145,3,1.0,0.0,4086.765
2026-08-30T01:08:07.413Z,26.513468,86.738581,6017.67,5773.09,6225.23,209.73,209.62,5.01,-1.55,0.18,0.0,22.5,3921.24,0.0,0.92,0.929,0.925,0.121,4,1.0,0.0,4087.796
2026-08-30T01:08:08.307Z,26.513499,86.73848,6075.18,5830.41,6283.31,210.34,210.24,4.03,-1.38,0.22,1.45,24.53,3882.0,0.0,0.929,0.931,0.93,0.21,2,1.0,0.0,4088.68
2026-08-30T01:08:09.315Z,26.513529,86.738355,6139.26,5894.38,6348.11,211.14,211.04,2.68,-1.89,0.85,4.43,26.97,3855.95,0.0,0.927,0.931,0.929,0.082,4,1.0,0.0,4089.699
2026-08-30T01:08:10.360Z,26.51356,86.738209,6206.41,5962.06,6415.48,212.13,212.04,1.33,-2.71,2.01,7.17,29.74,3840.66,0.0,0.919,0.926,0.923,0.228,4,1.0,0.0,4090.747
2026-08-30T01:08:11.444Z,26.513591,86.73804,6275.2,6030.7,6484.82,213.43,213.35,-0.3,-2.91,3.72,11.15,33.22,3817.71,0.0,0.922,0.928,0.925,0.198,3,1.0,0.0,4091.837
2026-08-30T01:08:12.483Z,26.51362,86.737861,6340.71,6097.36,6550.68,215.24,215.17,-0.56,-3.08,5.54,12.88,35.68,3796.12,0.0,0.928,0.932,0.93,0.176,4,1.0,0.0,4092.854
2026-08-30T01:08:13.340Z,26.513647,86.737705,6394.7,6151.26,6604.42,218.19,218.17,-0.27,-2.99,7.02,14.86,37.73,3786.67,0.0,0.93,0.934,0.932,0.162,2,1.0,0.0,4093.7
2026-08-30T01:08:14.344Z,26.513682,86.737511,6457.98,6215.32,6667.83,223.93,223.96,0.28,-3.17,8.99,18.64,40.03,3783.97,0.0,0.932,0.936,0.934,0.26,4,1.0,0.0,4094.706
2026-08-30T01:08:15.298Z,26.513717,86.737316,6517.91,6275.22,6727.9,232.79,232.83,0.55,-3.17,11.41,24.08,42.52,3770.93,0.0,0.925,0.932,0.928,0.189,3,1.0,0.0,4095.647
2026-08-30T01:08:16.352Z,26.513764,86.737088,6583.1,6340.44,6793.5,234.17,234.06,0.1,-2.91,14.28,25.87,45.51,3747.8,0.0,0.911,0.927,0.919,0.323,3,1.0,0.0,4096.694
2026-08-30T01:08:17.344Z,26.513816,86.736857,6645.71,6403.12,6857.35,238.85,238.96,0.07,-2.42,16.89,30.46,47.8,3760.05,0.0,0.925,0.935,0.929,0.243,4,1.0,0.0,4097.707
2026-08-30T01:08:18.411Z,26.513873,86.736603,6712.33,6470.58,6923.13,255.67,255.96,-0.02,-3.39,20.7,40.03,50.02,3755.41,0.0,0.919,0.922,0.92,0.369,3,1.0,0.0,4098.809
2026-08-30T01:08:19.451Z,26.513941,86.736343,6777.01,6535.01,6987.07,267.8,267.77,-0.88,-4.74,25.07,44.47,51.66,3753.78,0.0,0.912,0.919,0.915,0.591,4,1.0,0.0,4099.789
2026-08-30T01:08:20.487Z,26.51403,86.736081,6841.28,6599.76,7052.05,273.0,273.07,-0.49,-3.68,29.04,47.65,54.32,3714.57,0.0,0.929,0.95,0.94,0.272,3,1.0,0.0,4100.838
2026-08-30T01:08:21.482Z,26.514125,86.735822,6903.13,6661.86,7114.32,286.88,287.07,0.59,-4.12,32.66,51.15,55.85,3711.14,0.0,0.943,0.956,0.951,0.455,4,1.0,0.0,4101.851
2026-08-30T01:08:22.367Z,26.514223,86.735589,6957.5,6715.21,7168.99,295.21,295.14,0.58,-4.03,35.7,53.67,57.78,3690.98,0.0,0.933,0.933,0.933,0.328,2,1.0,0.0,4102.723
2026-08-30T01:08:23.381Z,26.514349,86.735318,7019.23,6777.36,7231.54,296.85,296.84,0.73,-3.4,38.84,56.5,61.1,3702.68,0.0,0.949,0.973,0.964,0.688,4,1.0,0.0,4103.741
2026-08-30T01:08:24.381Z,26.514485,86.735042,7081.67,6838.1,7292.85,300.03,299.94,0.3,-2.97,41.31,56.3,60.97,3715.07,0.0,0.938,0.95,0.945,0.755,4,1.0,0.0,4104.742
2026-08-30T01:08:25.368Z,26.514629,86.734775,7142.95,6899.38,7353.28,301.55,301.47,0.07,-2.81,43.32,57.28,61.71,3728.56,0.0,0.938,0.939,0.939,0.162,2,1.0,0.0,4105.705
2026-08-30T01:08:26.333Z,26.514779,86.734511,7204.14,6959.82,7414.15,308.35,308.4,0.42,-3.39,44.97,57.9,62.36,3745.15,0.0,0.932,0.942,0.937,0.325,4,1.0,0.0,4106.689
2026-08-30T01:08:27.341Z,26.514947,86.734249,7266.38,7022.05,7476.48,306.71,306.49,0.39,-3.36,46.31,58.6,63.03,3750.22,0.0,0.928,0.932,0.93,0.321,4,1.0,0.0,4107.654
2026-08-30T01:08:28.344Z,26.515126,86.73399,7329.35,7085.28,7540.19,304.93,304.85,0.69,-2.63,47.47,59.15,63.99,3749.33,0.0,0.921,0.933,0.929,0.076,3,1.0,0.0,4108.693
2026-08-30T01:08:29.344Z,26.515315,86.733732,7391.34,7146.86,7601.97,308.95,308.93,0.73,-2.71,48.49,60.42,64.95,3727.36,0.0,0.913,0.914,0.913,0.295,4,1.0,0.0,4109.677
2026-08-30T01:08:30.351Z,26.515513,86.733479,7450.12,7203.49,7663.39,313.27,313.24,0.25,-2.9,49.36,59.89,63.82,3446.05,0.0,0.579,0.795,0.678,0.326,3,1.0,0.0,4110.677
2026-08-30T01:08:31.317Z,26.515712,86.733249,7494.83,7248.07,7715.65,315.68,315.57,-0.44,-2.77,50.11,61.43,64.9,2990.11,0.0,0.555,0.68,0.608,3.183,4,1.0,0.0,4111.64
2026-08-30T01:08:32.280Z,26.515925,86.733026,7536.74,7291.51,7762.32,317.49,317.38,0.25,-3.32,50.78,61.51,65.16,2701.56,0.0,0.781,0.811,0.799,1.313,4,1.0,0.0,4112.607
2026-08-30T01:08:33.485Z,26.516197,86.732762,7580.92,7335.53,7813.64,314.72,314.53,0.27,-3.48,51.35,61.28,65.45,2261.75,0.0,0.712,0.734,0.724,1.704,4,1.0,0.0,4113.806
2026-08-30T01:08:34.451Z,26.516423,86.732554,7603.09,7357.57,7846.81,310.29,310.08,-0.29,-2.98,51.5,60.04,65.16,1464.2,0.0,0.191,0.519,0.368,2.392,4,1.0,0.0,4114.767
2026-08-30T01:08:35.353Z,26.516633,86.732361,7602.06,7356.08,7863.61,308.3,308.18,-0.94,-3.09,51.33,58.8,64.5,291.76,0.0,0.099,0.118,0.109,0.632,2,1.0,0.0,4115.686
2026-08-30T01:08:36.327Z,26.516858,86.732154,7580.06,7332.7,7861.98,310.28,310.21,-0.49,-3.84,51.06,58.7,63.85,-886.49,0.0,0.193,0.434,0.325,2.958,4,1.0,0.0,4116.65
2026-08-30T01:08:37.304Z,26.51708,86.731953,7549.48,7302.01,7843.36,312.27,312.17,0.48,-4.12,50.87,59.01,63.54,-1510.95,0.0,0.6,0.911,0.763,3.575,4,1.0,0.0,4117.627
2026-08-30T01:08:38.290Z,26.517309,86.731752,7522.01,7273.2,7817.2,313.88,313.81,1.66,-3.57,50.84,59.68,63.82,-1527.21,0.0,1.126,1.225,1.176,0.798,3,1.0,0.0,4118.603
2026-08-30T01:08:39.436Z,26.517578,86.731524,7503.11,7254.31,7788.73,319.3,319.27,2.0,-2.94,51.09,61.1,64.59,-1011.46,0.0,1.29,1.377,1.342,1.124,5,1.0,0.0,4119.748
2026-08-30T01:08:40.414Z,26.517815,86.731331,7496.98,7248.27,7774.8,320.94,320.8,1.99,-1.39,51.47,61.65,65.14,-576.17,0.0,1.111,1.21,1.158,0.044,3,1.0,0.0,4120.724
2026-08-30T01:08:41.369Z,26.51805,86.731144,7493.73,7245.11,7768.01,318.89,318.74,2.85,3.47,51.83,62.04,65.77,-329.48,0.0,1.025,1.077,1.057,1.647,4,1.0,0.0,4121.691
2026-08-30T01:08:42.335Z,26.51829,86.730946,7490.7,7242.04,7764.36,318.54,318.43,7.34,7.31,52.25,63.26,67.01,-282.21,0.0,0.91,0.981,0.948,0.899,4,1.0,0.0,4122.65
2026-08-30T01:08:43.307Z,26.518526,86.730737,7483.61,7234.85,7759.81,319.17,319.05,9.48,7.38,52.95,65.54,68.95,-440.76,0.0,0.851,0.869,0.86,0.076,3,1.0,0.0,4123.603
2026-08-30T01:08:44.441Z,26.518808,86.730469,7469.53,7220.14,7749.82,317.32,317.15,10.13,6.98,54.31,68.97,72.25,-683.65,0.0,0.837,0.88,0.861,0.768,5,1.0,0.0,4124.74
2026-08-30T01:08:45.483Z,26.519069,86.730209,7453.7,7204.64,7736.99,314.63,314.48,8.73,-0.78,55.91,71.55,74.97,-847.22,0.0,0.898,0.94,0.918,1.457,3,1.0,0.0,4125.774
2026-08-30T01:08:46.405Z,26.519311,86.729965,7438.6,7189.55,7724.04,314.56,314.46,6.28,-4.42,57.5,73.79,77.24,-911.37,0.0,0.975,1.044,1.008,0.97,4,1.0,0.0,4126.712
2026-08-30T01:08:47.362Z,26.519568,86.729714,7424.53,7175.87,7708.93,317.45,317.42,5.57,-6.62,59.12,75.64,78.9,-879.7,0.0,1.04,1.052,1.047,0.408,4,1.0,0.0,4127.666
2026-08-30T01:08:48.320Z,26.519839,86.729462,7411.92,7163.26,7693.71,320.76,320.66,5.32,-7.95,60.85,77.97,81.01,-813.44,0.0,0.971,0.999,0.984,0.35,3,1.0,0.0,4128.621
2026-08-30T01:08:49.467Z,26.520184,86.729162,7397.0,7149.01,7678.72,322.25,322.14,6.29,-6.92,62.99,80.87,83.8,-797.2,0.0,0.968,0.976,0.972,0.494,5,1.0,0.0,4129.78
2026-08-30T01:08:50.439Z,26.520488,86.728913,7383.68,7135.69,7666.87,323.1,323.02,6.52,-6.68,64.72,81.74,84.57,-827.02,0.0,0.992,0.994,0.993,0.454,3,1.0,0.0,4130.743
2026-08-30T01:08:51.384Z,26.520792,86.728674,7370.06,7121.47,7654.57,326.73,326.68,6.36,-6.55,66.22,82.82,85.44,-844.52,0.0,0.981,0.988,0.984,0.218,4,1.0,0.0,4131.693
2026-08-30T01:08:52.328Z,26.521102,86.728443,7356.75,7108.16,7641.52,326.96,326.77,6.41,-0.56,67.56,84.24,86.84,-854.46,0.0,0.971,0.98,0.975,0.6,4,1.0,0.0,4132.624
2026-08-30T01:08:53.282Z,26.521426,86.728205,7342.86,7094.43,7627.6,326.18,326.08,6.04,0.92,68.9,85.65,88.27,-860.67,0.0,0.984,0.986,0.985,0.376,3,1.0,0.0,4133.584
2026-08-30T01:08:54.427Z,26.521817,86.727912,7327.41,7079.04,7611.25,325.54,325.39,6.46,0.31,70.4,86.47,89.43,-784.51,0.0,0.979,0.993,0.985,0.649,5,1.0,0.0,4134.73
2026-08-30T01:08:55.327Z,26.522123,86.727676,7316.99,7067.79,7599.88,326.06,325.97,5.89,0.16,71.39,87.25,89.98,-750.94,0.0,0.894,0.919,0.907,0.114,2,1.0,0.0,4135.643
2026-08-30T01:08:56.293Z,26.522453,86.727419,7303.81,7054.55,7587.54,326.91,326.79,8.36,-0.74,72.43,89.04,91.61,-835.39,0.0,0.865,0.904,0.883,1.092,4,1.0,0.0,4136.591
2026-08-30T01:08:57.440Z,26.52286,86.727105,7282.95,7032.54,7571.1,327.04,326.9,8.05,0.19,74.17,92.51,94.63,-1061.97,0.0,0.869,0.884,0.876,1.312,5,1.0,0.0,4137.75
2026-08-30T01:08:58.404Z,26.523211,86.726837,7259.91,7009.41,7551.42,326.21,326.08,8.06,0.56,75.61,93.54,95.32,-1335.68,0.0,0.808,0.85,0.828,0.955,3,1.0,0.0,4138.708
2026-08-30T01:08:59.363Z,26.523558,86.72657,7233.96,6980.11,7528.89,326.57,326.47,8.14,0.25,76.94,94.9,96.52,-1541.46,0.0,0.885,0.93,0.91,0.518,4,1.0,0.0,4139.66
2026-08-30T01:09:00.299Z,26.523903,86.726302,7207.03,6953.17,7505.39,326.73,326.6,8.28,0.3,78.28,96.58,98.16,-1661.49,0.0,0.936,0.949,0.942,0.244,4,1.0,0.0,4140.594
2026-08-30T01:09:01.446Z,26.524331,86.725969,7172.71,6911.01,7472.15,326.04,325.9,8.4,0.26,79.84,97.78,99.29,-1765.93,0.0,0.955,0.974,0.964,0.512,4,1.0,0.0,4141.758
2026-08-30T01:09:02.403Z,26.524692,86.725685,7143.97,6886.96,7442.03,325.7,325.59,8.21,0.49,81.11,99.68,101.28,-1786.97,0.0,0.968,0.981,0.976,0.472,4,1.0,0.0,4142.702
2026-08-30T01:09:03.364Z,26.525063,86.725393,7115.46,6858.45,7414.19,325.88,325.77,8.02,0.23,82.55,101.68,103.28,-1782.5,0.0,0.925,0.942,0.934,0.449,3,1.0,0.0,4143.66
2026-08-30T01:09:04.310Z,26.525433,86.725102,7086.75,6829.45,7386.48,326.2,326.08,8.06,0.08,83.99,103.3,104.75,-1821.15,0.0,0.929,0.939,0.935,0.339,4,1.0,0.0,4144.602
2026-08-30T01:09:05.329Z,26.525841,86.72478,7054.52,6797.09,7354.84,326.42,326.29,8.21,0.02,85.61,105.16,106.6,-1867.08,0.0,0.943,0.959,0.951,0.409,4,1.0,0.0,4145.673
2026-08-30T01:09:06.360Z,26.526257,86.724451,7022.03,6768.26,7322.72,325.24,325.06,7.91,0.41,87.21,106.93,108.44,-1884.76,0.0,0.93,0.948,0.938,0.283,3,1.0,0.0,4146.688
2026-08-30T01:09:07.325Z,26.526651,86.724134,6991.05,6737.16,7291.38,322.92,322.81,8.03,0.72,88.63,108.22,109.77,-1923.56,0.0,0.915,0.925,0.919,0.336,4,1.0,0.0,4147.64
2026-08-30T01:09:08.302Z,26.527054,86.723805,6958.55,6703.56,7260.37,325.18,325.07,8.16,0.03,90.07,110.2,111.51,-1983.46,0.0,0.945,0.949,0.947,0.36,3,1.0,0.0,4148.611
2026-08-30T01:09:09.451Z,26.527533,86.723409,6917.7,6663.3,7222.08,324.89,324.77,8.01,-0.12,91.97,112.69,113.9,-2109.24,0.0,0.944,0.96,0.952,0.433,5,1.0,0.0,4149.777
2026-08-30T01:09:10.293Z,26.52789,86.723112,6887.15,6632.68,7192.7,323.59,323.44,8.13,-0.23,93.33,113.88,115.2,-2142.82,0.0,0.96,0.961,0.961,0.272,2,1.0,0.0,4150.624
2026-08-30T01:09:11.475Z,26.528396,86.722687,6844.9,6590.23,7150.36,323.88,323.78,8.66,-0.1,95.07,114.95,116.28,-2137.96,0.0,0.945,0.965,0.953,0.722,5,1.0,0.0,4151.793
2026-08-30T01:09:12.476Z,26.528827,86.722322,6809.31,6554.63,7114.51,324.07,323.95,8.43,0.62,96.37,116.28,117.53,-2139.75,0.0,0.934,0.942,0.937,0.133,3,1.0,0.0,4152.785
2026-08-30T01:09:13.421Z,26.529238,86.721971,6774.54,6520.04,7079.3,323.76,323.63,8.11,0.5,97.66,117.89,119.15,-2185.68,0.0,0.947,0.957,0.953,0.562,4,1.0,0.0,4153.728
2026-08-30T01:09:14.356Z,26.52965,86.721617,6739.67,6485.17,7045.37,323.2,323.07,8.13,0.49,98.92,118.98,120.2,-2220.6,0.0,0.953,0.965,0.96,0.346,4,1.0,0.0,4154.666
2026-08-30T01:09:15.413Z,26.530116,86.721215,6698.93,6443.75,7005.49,322.51,322.38,8.02,0.26,100.16,119.52,120.74,-2279.18,0.0,0.976,0.981,0.978,0.456,3,1.0,0.0,4155.725
2026-08-30T01:09:16.375Z,26.530537,86.720847,6662.69,6406.28,6969.88,322.96,322.84,8.19,0.17,101.2,120.66,121.89,-2280.72,0.0,0.976,0.983,0.981,0.624,4,1.0,0.0,4156.68
2026-08-30T01:09:17.321Z,26.530957,86.720477,6626.5,6370.14,6933.79,322.9,322.76,8.25,0.11,102.27,121.89,123.11,-2294.07,0.0,0.962,0.966,0.963,0.315,4,1.0,0.0,4157.647
2026-08-30T01:09:18.305Z,26.531398,86.720085,6588.36,6331.1,6896.39,322.55,322.42,8.22,0.15,103.36,123.09,124.31,-2314.21,0.0,0.96,0.964,0.961,0.505,3,1.0,0.0,4158.609
2026-08-30T01:09:19.444Z,26.531913,86.719625,6543.72,6286.5,6852.5,322.01,321.86,8.2,-0.14,104.64,124.46,125.68,-2340.31,0.0,0.961,0.962,0.962,0.359,5,1.0,0.0,4159.754
2026-08-30T01:09:20.420Z,26.532351,86.719228,6505.36,6246.24,6814.7,322.09,321.97,8.11,-0.01,105.73,125.64,126.75,-2383.03,0.0,0.96,0.967,0.963,0.227,3,1.0,0.0,4160.721
2026-08-30T01:09:21.357Z,26.532779,86.718837,6466.11,6206.99,6774.51,321.22,321.08,8.78,0.13,106.83,126.6,127.42,-2494.76,0.0,0.891,0.974,0.924,1.631,4,1.0,0.0,4161.65
2026-08-30T01:09:22.300Z,26.533209,86.71844,6424.24,6163.93,6734.39,321.28,321.16,8.34,0.55,107.74,127.12,127.92,-2602.88,0.0,0.918,0.94,0.927,0.442,4,1.0,0.0,4162.599
2026-08-30T01:09:23.446Z,26.53373,86.717952,6372.01,6111.74,6685.07,320.55,320.42,8.32,0.36,108.93,128.87,129.69,-2704.59,0.0,0.96,0.991,0.976,0.38,4,1.0,0.0,4163.757
2026-08-30T01:09:24.420Z,26.534176,86.717528,6327.42,6067.12,6641.33,320.37,320.24,8.31,0.32,110.04,130.4,130.63,-2734.74,0.0,0.962,0.981,0.974,0.858,4,1.0,0.0,4164.716
2026-08-30T01:09:25.457Z,26.534653,86.71707,6279.04,6018.09,6594.36,319.98,319.86,8.11,0.27,111.26,131.6,131.69,-2782.91,0.0,0.938,0.949,0.944,0.457,3,1.0,0.0,4165.75
2026-08-30T01:09:26.394Z,26.535087,86.71665,6235.24,5974.24,6551.0,319.86,319.71,8.14,-0.12,112.4,132.87,132.98,-2790.69,0.0,0.953,0.964,0.96,0.242,4,1.0,0.0,4166.704
2026-08-30T01:09:27.330Z,26.535524,86.716224,6191.44,5930.88,6507.23,319.21,319.08,8.18,0.34,113.45,133.53,133.68,-2789.93,0.0,0.956,0.967,0.963,0.153,4,1.0,0.0,4167.651
2026-08-30T01:09:28.315Z,26.53598,86.715774,6145.34,5882.48,6461.3,319.13,319.01,8.35,1.19,114.46,134.17,134.31,-2804.85,0.0,0.953,0.961,0.957,0.455,3,1.0,0.0,4168.621
2026-08-30T01:09:29.468Z,26.53651,86.71524,6092.47,5829.64,6407.1,317.58,317.42,7.06,9.64,115.4,134.16,134.74,-2756.99,0.0,0.976,1.004,0.988,1.327,5,1.0,0.0,4169.776
2026-08-30T01:09:30.458Z,26.536959,86.714763,6048.81,5785.78,6362.14,314.36,314.18,5.43,15.17,115.98,133.69,135.01,-2623.7,0.0,1.078,1.134,1.106,1.472,3,1.0,0.0,4170.79
2026-08-30T01:09:31.435Z,26.537379,86.71427,6010.63,5747.7,6320.67,310.82,310.62,4.14,21.55,116.25,132.64,134.62,-2391.03,0.0,1.175,1.203,1.19,0.737,4,1.0,0.0,4171.776
2026-08-30T01:09:32.427Z,26.537775,86.713739,5976.14,5706.46,6282.18,306.08,305.86,3.7,23.99,116.18,131.16,133.58,-2149.89,0.0,1.208,1.212,1.21,0.591,4,1.0,0.0,4172.768
2026-08-30T01:09:33.464Z,26.538146,86.713159,5943.62,5677.71,6246.06,302.14,301.95,3.36,23.29,115.85,130.74,133.4,-1954.46,0.0,1.141,1.168,1.153,0.802,3,1.0,0.0,4173.807
2026-08-30T01:09:34.460Z,26.538466,86.712573,5914.14,5648.3,6214.38,298.24,298.02,4.01,23.15,115.66,130.52,133.18,-1841.71,0.0,1.047,1.074,1.055,0.514,4,1.0,0.0,4174.799
2026-08-30T01:09:35.426Z,26.538741,86.711985,5885.19,5617.91,6184.94,294.41,294.21,3.96,23.05,115.38,129.73,132.46,-1821.25,0.0,1.049,1.051,1.05,0.37,2,1.0,0.0,4175.775
2026-08-30T01:09:36.425Z,26.53899,86.711361,5854.9,5587.71,6156.04,290.62,290.43,4.2,23.2,115.07,129.8,132.58,-1824.61,0.0,1.055,1.062,1.058,0.513,4,1.0,0.0,4176.761
2026-08-30T01:09:37.398Z,26.539195,86.710736,5825.2,5561.47,6125.53,287.24,287.02,4.01,23.18,114.78,128.92,131.82,-1828.91,0.0,1.058,1.074,1.067,0.749,4,1.0,0.0,4177.76
2026-08-30T01:09:38.459Z,26.539379,86.71004,5791.89,5528.22,6092.78,282.39,282.18,4.01,23.41,114.38,128.08,131.06,-1862.3,0.0,1.063,1.084,1.074,0.358,3,1.0,0.0,4178.84
2026-08-30T01:09:39.304Z,26.539491,86.709488,5765.7,5498.46,6066.56,278.52,278.3,4.1,22.95,113.94,126.58,129.7,-1862.18,0.0,1.106,1.133,1.119,0.546,3,1.0,0.0,4179.676
2026-08-30T01:09:40.323Z,26.539588,86.708815,5734.7,5467.1,6034.5,276.04,275.87,3.8,18.85,113.23,125.81,128.85,-1838.01,0.0,1.068,1.132,1.095,0.729,4,1.0,0.0,4180.683
2026-08-30T01:09:41.371Z,26.53965,86.708122,5702.15,5428.91,6002.81,273.02,272.82,5.0,18.61,112.64,125.58,128.41,-1884.38,0.0,0.996,1.017,1.004,0.444,3,1.0,0.0,4181.718
2026-08-30T01:09:42.363Z,26.539679,86.707467,5669.39,5396.1,5969.78,269.57,269.38,4.93,19.03,112.18,125.43,128.21,-1961.18,0.0,1.009,1.026,1.016,0.372,4,1.0,0.0,4182.708
2026-08-30T01:09:43.448Z,26.539673,86.706755,5632.85,5365.89,5935.01,266.12,265.82,5.11,19.32,111.79,125.32,128.1,-2006.95,0.0,1.038,1.045,1.041,0.763,3,1.0,0.0,4183.928
2026-08-30T01:09:44.651Z,26.539623,86.705962,5591.93,5327.11,5894.15,261.65,261.45,4.88,19.04,111.48,125.14,127.94,-1989.93,0.0,1.059,1.064,1.062,0.23,3,1.0,0.0,4185.082
2026-08-30T01:09:45.404Z,26.539566,86.705457,5567.72,5303.1,5870.03,259.71,259.54,4.66,16.45,111.33,124.96,127.78,-1967.9,0.0,1.079,1.079,1.079,,1,1.0,0.0,4185.774
2026-08-30T01:09:46.439Z,26.539466,86.704783,5534.45,5272.65,5836.41,258.5,258.38,4.38,3.3,111.12,124.75,127.6,-1937.17,0.0,1.029,1.037,1.033,0.325,2,1.0,0.0,4186.801
2026-08-30T01:09:47.446Z,26.539358,86.704133,5502.93,5241.12,5804.26,260.14,260.05,4.65,-8.6,111.0,125.02,127.73,-1911.01,0.0,0.966,1.017,0.99,0.855,4,1.0,0.0,4187.809
2026-08-30T01:09:48.324Z,26.539268,86.70356,5474.01,5211.91,5776.18,259.8,259.66,4.8,-7.27,110.96,125.06,127.69,-1958.62,0.0,0.953,0.959,0.956,0.43,2,1.0,0.0,4188.691
2026-08-30T01:09:49.330Z,26.539171,86.702907,5440.44,5178.33,5743.07,260.58,260.47,5.18,-1.87,110.95,125.06,127.62,-1996.96,0.0,0.971,0.983,0.978,0.426,4,1.0,0.0,4189.702
2026-08-30T01:09:50.343Z,26.539076,86.702247,5406.06,5132.65,5708.27,260.33,260.2,4.97,-0.37,110.95,125.02,127.61,-2023.56,0.0,0.983,0.997,0.99,0.147,4,1.0,0.0,4190.708
2026-08-30T01:09:51.407Z,26.538974,86.701552,5369.65,5076.85,5672.55,259.09,258.96,4.51,-0.37,110.96,124.89,127.58,-2028.35,0.0,1.019,1.039,1.029,0.619,3,1.0,0.0,4191.8
2026-08-30T01:09:52.456Z,26.53887,86.700877,5335.1,5042.34,5637.76,259.76,259.64,4.91,-0.73,110.94,124.72,127.39,-1988.49,0.0,1.015,1.04,1.027,0.679,4,1.0,0.0,4192.811
2026-08-30T01:09:53.335Z,26.538781,86.700306,5306.75,5035.55,5608.15,260.34,260.21,4.38,-0.65,110.9,124.66,127.4,-1952.91,0.0,1.002,1.022,1.012,0.198,2,1.0,0.0,4193.729
2026-08-30T01:09:54.381Z,26.538674,86.699624,5272.92,5001.76,5574.52,259.78,259.65,4.55,-0.81,110.87,124.76,127.16,-1940.05,0.0,0.998,1.007,1.004,0.522,4,1.0,0.0,4194.786
2026-08-30T01:09:55.423Z,26.538568,86.698954,5239.46,4958.28,5541.18,259.45,259.31,4.64,-0.34,110.96,125.36,127.06,-1935.97,0.0,0.991,1.001,0.995,0.451,3,1.0,0.0,4195.784
2026-08-30T01:09:56.288Z,26.538477,86.698386,5211.22,4930.05,5512.88,259.25,259.12,4.73,-0.31,111.11,125.29,126.96,-1931.9,0.0,0.99,0.996,0.993,0.146,2,1.0,0.0,4196.663
2026-08-30T01:09:57.308Z,26.538369,86.697737,5178.91,4916.16,5480.99,259.08,258.95,4.66,-0.33,111.2,125.06,126.76,-1926.0,0.0,0.998,1.0,0.999,0.37,4,1.0,0.0,4197.666
2026-08-30T01:09:58.314Z,26.538259,86.697085,5146.56,4883.81,5448.09,258.91,258.78,4.64,-0.47,111.23,124.82,126.55,-1919.49,0.0,0.997,1.001,0.999,0.495,4,1.0,0.0,4198.678
2026-08-30T01:09:59.392Z,26.538142,86.696399,5112.53,4849.9,5413.83,258.72,258.59,4.63,-0.53,111.2,124.59,126.33,-1911.59,0.0,1.0,1.0,1.0,0.302,3,1.0,0.0,4199.748
2026-08-30T01:10:00.399Z,26.538029,86.695753,5080.31,4818.11,5381.72,258.58,258.45,4.8,-0.5,111.15,124.42,126.07,-1927.91,0.0,0.976,0.993,0.986,0.841,4,1.0,0.0,4200.754
2026-08-30T01:10:01.452Z,26.53791,86.69508,5044.34,4782.07,5346.64,258.35,258.21,4.7,-0.42,111.08,124.16,125.7,-2035.06,0.0,0.911,0.934,0.922,0.498,3,1.0,0.0,4201.807
2026-08-30T01:10:02.455Z,26.537795,86.694444,5007.36,4745.8,5311.9,257.93,257.81,4.81,-0.4,111.0,123.89,125.29,-2184.38,0.0,0.882,0.908,0.896,1.223,4,1.0,0.0,4202.808
2026-08-30T01:10:03.309Z,26.537696,86.693905,4974.51,4712.96,5280.94,257.99,257.86,4.58,-0.54,110.89,123.55,124.99,-2256.23,0.0,0.974,0.991,0.983,0.207,2,1.0,0.0,4203.659
2026-08-30T01:10:04.307Z,26.537577,86.693273,4937.4,4676.59,5243.29,257.59,257.45,4.46,-0.53,110.71,123.12,124.69,-2192.52,0.0,1.041,1.105,1.08,0.66,4,1.0,0.0,4204.683
2026-08-30T01:10:05.419Z,26.537442,86.692571,4899.41,4638.17,5203.25,257.12,257.0,4.46,-0.35,110.48,122.81,124.5,-2052.85,0.0,1.101,1.122,1.108,0.426,3,1.0,0.0,4205.811
2026-08-30T01:10:06.314Z,26.537332,86.692011,4871.75,4610.69,5173.68,256.95,256.8,4.61,-0.28,110.4,123.19,124.92,-1922.85,0.0,1.072,1.093,1.082,0.967,2,1.0,0.0,4206.668
2026-08-30T01:10:07.317Z,26.537203,86.691379,4841.96,4580.62,5142.12,256.53,256.4,4.76,3.16,110.35,123.08,124.83,-1825.3,0.0,1.019,1.042,1.032,0.809,4,1.0,0.0,4207.678
2026-08-30T01:10:08.316Z,26.537069,86.690751,4812.39,4551.04,5112.53,255.28,255.11,4.89,7.93,110.31,123.04,124.72,-1794.73,0.0,0.991,1.004,0.998,0.258,4,1.0,0.0,4208.693
2026-08-30T01:10:09.419Z,26.536908,86.690066,4780.01,4518.38,5079.4,253.45,253.3,4.7,8.24,110.24,122.5,124.21,-1761.58,0.0,0.998,1.004,1.001,0.224,3,1.0,0.0,4209.788
2026-08-30T01:10:10.422Z,26.536748,86.689447,4751.11,4489.5,5050.43,252.23,252.07,4.61,7.43,110.11,122.37,124.04,-1739.93,0.0,1.002,1.003,1.002,0.262,4,1.0,0.0,4210.796
2026-08-30T01:10:11.313Z,26.536595,86.688903,4725.66,4465.36,5024.22,250.93,250.78,4.74,7.05,109.89,121.02,122.67,-1706.41,0.0,0.992,1.0,0.996,0.293,2,1.0,0.0,4211.684
2026-08-30T01:10:12.331Z,26.536409,86.688294,4697.48,4437.14,4995.22,249.65,249.49,4.61,7.31,109.52,120.89,122.5,-1683.56,0.0,0.984,1.001,0.992,0.477,4,1.0,0.0,4212.7
2026-08-30T01:10:13.348Z,26.536212,86.68769,4669.05,4410.9,4966.42,245.69,245.45,4.92,8.22,109.23,120.62,122.34,-1680.35,0.0,0.985,1.009,0.998,0.648,4,1.0,0.0,4213.732
2026-08-30T01:10:14.453Z,26.535979,86.687041,4637.99,4372.14,4935.35,245.91,245.81,4.64,7.85,108.95,120.6,122.05,-1671.54,0.0,1.02,1.039,1.029,0.476,3,1.0,0.0,4214.833
2026-08-30T01:10:15.437Z,26.535758,86.686472,4610.72,4344.87,4907.54,245.03,244.85,4.63,7.66,108.79,120.48,121.89,-1683.05,0.0,0.998,1.019,1.006,0.484,3,1.0,0.0,4215.811
2026-08-30T01:10:16.325Z,26.535549,86.685963,4585.58,4328.96,4882.98,243.31,243.15,4.63,7.52,108.66,120.4,121.77,-1691.28,0.0,1.004,1.008,1.006,0.137,2,1.0,0.0,4216.702
2026-08-30T01:10:17.354Z,26.535295,86.685383,4556.65,4300.07,4854.28,242.16,242.01,4.66,6.76,108.58,120.51,121.85,-1688.47,0.0,1.008,1.013,1.01,0.814,4,1.0,0.0,4217.72
2026-08-30T01:10:18.372Z,26.535035,86.684815,4527.23,4264.55,4825.4,242.23,242.11,4.8,-1.49,108.23,118.14,119.23,-1740.15,0.0,1.013,1.053,1.027,0.645,4,1.0,0.0,4218.745
2026-08-30T01:10:19.444Z,26.534766,86.684226,4495.92,4233.37,4794.38,242.54,242.4,4.84,-2.1,107.65,117.92,119.21,-1729.57,0.0,1.04,1.058,1.048,0.672,3,1.0,0.0,4219.809
2026-08-30T01:10:20.469Z,26.534513,86.683668,4467.38,4208.79,4765.32,242.26,242.14,4.73,-1.36,107.27,117.94,119.27,-1692.59,0.0,1.015,1.027,1.023,0.567,4,1.0,0.0,4220.827
2026-08-30T01:10:21.327Z,26.534298,86.683193,4443.71,4185.15,4741.08,242.15,242.02,4.58,-1.26,107.06,118.14,119.51,-1657.58,0.0,1.014,1.017,1.015,0.616,2,1.0,0.0,4221.683
2026-08-30T01:10:22.324Z,26.534048,86.682643,4416.86,4161.28,4713.31,242.29,242.16,4.53,-1.56,106.87,117.53,118.95,-1618.23,0.0,1.007,1.01,1.008,0.461,4,1.0,0.0,4222.699
2026-08-30T01:10:23.343Z,26.533795,86.682091,4390.76,4135.2,4686.7,242.08,241.94,4.24,-1.91,106.41,116.33,117.71,-1575.86,0.0,0.944,0.993,0.97,0.278,4,1.0,0.0,4223.686
2026-08-30T01:10:24.374Z,26.533536,86.681533,4363.48,4108.34,4658.98,241.85,241.72,4.68,-1.86,105.99,116.39,117.58,-1582.59,0.0,0.983,0.989,0.985,0.809,3,1.0,0.0,4224.729
2026-08-30T01:10:25.308Z,26.533303,86.681029,4338.57,4080.25,4633.69,241.06,240.9,4.83,-1.44,105.76,116.47,117.65,-1597.74,0.0,0.979,0.988,0.983,0.223,3,1.0,0.0,4225.664
2026-08-30T01:10:26.314Z,26.533051,86.680486,4311.24,4052.9,4607.07,238.89,238.69,5.21,7.24,105.61,116.55,117.7,-1624.71,0.0,0.977,0.985,0.98,0.449,4,1.0,0.0,4226.686
2026-08-30T01:10:27.408Z,26.532766,86.679904,4281.3,4023.85,4578.18,235.09,234.89,5.1,13.33,105.48,116.26,117.52,-1630.52,0.0,1.02,1.041,1.03,0.765,3,1.0,0.0,4227.784
2026-08-30T01:10:28.443Z,26.532476,86.679365,4253.91,3996.52,4549.74,231.64,231.43,4.81,12.11,105.29,115.79,117.23,-1577.06,0.0,1.069,1.09,1.077,0.809,4,1.0,0.0,4228.814
2026-08-30T01:10:29.337Z,26.532209,86.678912,4232.02,3966.55,4526.78,227.89,227.72,4.48,11.91,105.1,115.47,117.12,-1491.49,0.0,1.071,1.073,1.072,0.477,2,1.0,0.0,4229.71
2026-08-30T01:10:30.370Z,26.531885,86.678404,4208.33,3942.92,4501.79,225.69,225.44,4.69,11.6,104.89,115.11,116.79,-1404.0,0.0,1.055,1.071,1.062,0.617,4,1.0,0.0,4230.753
2026-08-30T01:10:31.406Z,26.531543,86.677909,4185.89,3904.42,4477.98,218.97,218.74,4.85,12.54,104.47,113.47,116.34,-1315.07,0.0,1.062,1.083,1.072,0.677,4,1.0,0.0,4231.773
2026-08-30T01:10:32.490Z,26.531166,86.677414,4164.42,3882.99,4454.83,216.51,216.26,4.82,12.45,103.91,112.84,115.69,-1211.4,0.0,1.067,1.081,1.073,0.195,3,1.0,0.0,4232.865
2026-08-30T01:10:33.305Z,26.530873,86.677053,4149.84,3887.12,4438.63,208.38,208.04,5.52,12.92,103.15,108.99,114.97,-1104.49,0.0,1.067,1.118,1.091,0.736,3,1.0,0.0,4233.677
2026-08-30T01:10:34.332Z,26.53049,86.676622,4133.98,3871.3,4420.95,206.2,206.1,4.4,12.29,101.85,109.17,114.03,-968.26,0.0,1.072,1.131,1.103,1.412,4,1.0,0.0,4234.709
2026-08-30T01:10:35.369Z,26.530088,86.676209,4119.29,3836.22,4404.96,205.48,205.29,4.63,13.84,101.12,109.28,113.29,-884.71,0.0,1.051,1.055,1.053,0.047,2,1.0,0.0,4235.735
2026-08-30T01:10:36.380Z,26.529685,86.675829,4106.02,3848.63,4389.91,201.17,200.93,4.86,18.96,100.36,107.49,112.13,-799.14,0.0,1.06,1.11,1.085,0.488,4,1.0,0.0,4236.742
2026-08-30T01:10:37.452Z,26.52924,86.675459,4094.75,3837.45,4376.27,195.45,195.21,4.69,19.91,99.26,105.33,110.57,-647.04,0.0,1.156,1.16,1.158,0.632,3,1.0,0.0,4237.827
2026-08-30T01:10:38.478Z,26.528798,86.675146,4086.58,3830.44,4365.94,191.61,191.43,4.62,20.92,98.06,103.95,108.77,-520.1,0.0,1.126,1.141,1.131,0.899,4,1.0,0.0,4238.84
2026-08-30T01:10:39.361Z,26.528412,86.674909,4081.19,3825.1,4358.81,184.8,184.4,5.76,23.85,96.81,99.74,106.99,-402.02,0.0,1.144,1.169,1.157,0.671,2,1.0,0.0,4239.733
2026-08-30T01:10:40.378Z,26.527955,86.674677,4077.5,3820.31,4353.05,175.8,175.58,6.44,25.5,94.41,95.27,104.01,-257.39,0.0,1.178,1.205,1.191,0.837,4,1.0,0.0,4240.749
2026-08-30T01:10:41.394Z,26.527496,86.674505,4076.4,3819.29,4349.54,172.97,172.72,3.67,28.37,92.2,94.33,100.4,-70.42,0.0,1.216,1.263,1.237,1.488,4,1.0,0.0,4241.786
2026-08-30T01:10:42.315Z,26.527084,86.674397,4079.75,3824.81,4349.2,163.89,163.47,5.08,33.36,89.94,88.31,96.11,148.83,0.0,1.307,1.337,1.322,0.397,2,1.0,0.0,4242.714
2026-08-30T01:10:43.350Z,26.526633,86.674348,4086.91,3832.02,4352.6,153.15,152.85,5.2,32.46,86.51,82.12,90.88,355.2,0.0,1.305,1.314,1.31,1.026,4,1.0,0.0,4243.715
2026-08-30T01:10:44.364Z,26.526211,86.674365,4096.22,3842.06,4359.32,147.06,146.82,5.16,31.17,82.96,79.38,86.4,486.84,0.0,1.205,1.273,1.242,1.051,4,1.0,0.0,4244.727
2026-08-30T01:10:45.398Z,26.525805,86.674441,4105.83,3851.66,4367.81,139.45,139.08,5.96,30.87,79.39,74.57,82.41,520.19,0.0,1.142,1.153,1.147,0.016,2,1.0,0.0,4245.79
2026-08-30T01:10:46.447Z,26.525429,86.674569,4114.86,3857.87,4376.68,128.71,128.4,5.8,31.73,75.5,69.22,77.85,520.69,0.0,1.147,1.181,1.163,0.868,4,1.0,0.0,4246.808
2026-08-30T01:10:47.313Z,26.525149,86.674715,4122.29,3865.29,4384.19,124.21,124.04,4.83,31.89,72.39,68.28,74.06,513.26,0.0,1.172,1.186,1.179,0.889,2,1.0,0.0,4247.684
2026-08-30T01:10:48.319Z,26.524862,86.674922,4129.53,3875.67,4393.13,121.72,121.5,5.06,31.61,69.63,68.35,71.14,424.11,0.0,1.074,1.13,1.1,0.862,4,1.0,0.0,4248.688
2026-08-30T01:10:49.336Z,26.524611,86.675163,4133.89,3879.99,4399.73,110.72,110.11,7.41,31.55,67.17,63.32,68.23,287.35,0.0,1.029,1.047,1.038,1.325,4,1.0,0.0,4249.711
2026-08-30T01:10:50.425Z,26.524392,86.675453,4134.91,3878.03,4403.99,104.73,104.94,5.19,28.45,64.01,64.41,65.1,56.44,0.0,1.016,1.035,1.026,0.396,3,1.0,0.0,4250.807
2026-08-30T01:10:51.459Z,26.524234,86.67575,4129.48,3872.5,4403.27,110.05,109.52,4.5,25.25,62.77,65.9,64.4,-251.41,0.0,0.927,0.988,0.951,1.128,4,1.0,0.0,4251.856
2026-08-30T01:10:52.366Z,26.524112,86.676022,4120.84,3856.07,4398.98,100.05,99.75,8.41,13.83,61.98,65.45,64.82,-516.17,0.0,0.88,0.901,0.89,1.017,2,1.0,0.0,4252.733
2026-08-30T01:10:53.385Z,26.523997,86.676339,4103.57,3838.62,4387.28,100.21,100.21,8.87,0.82,61.5,68.15,66.08,-936.35,0.0,0.803,0.832,0.815,0.335,4,1.0,0.0,4253.75
2026-08-30T01:10:54.400Z,26.523886,86.676666,4080.14,3795.62,4369.65,103.75,103.63,8.98,-0.96,61.93,71.07,68.25,-1261.07,0.0,0.853,0.899,0.876,0.768,4,1.0,0.0,4254.759
2026-08-30T01:10:55.396Z,26.523774,86.676997,4054.62,3770.07,4348.11,103.45,103.35,8.98,-1.54,62.84,73.46,70.55,-1454.07,0.0,0.94,0.957,0.948,0.007,2,1.0,0.0,4255.745
2026-08-30T01:10:56.396Z,26.52366,86.677342,4027.78,3754.5,4323.21,108.75,108.75,8.82,-0.55,64.16,76.27,72.77,-1562.43,0.0,0.968,0.981,0.976,0.358,4,1.0,0.0,4256.743
2026-08-30T01:10:57.395Z,26.523542,86.677695,4000.33,3726.99,4295.67,111.16,111.02,8.8,-1.11,65.71,78.44,74.89,-1628.07,0.0,0.981,0.988,0.983,0.393,4,1.0,0.0,4257.736
2026-08-30T01:10:58.435Z,26.523413,86.678074,3971.03,3709.5,4267.56,109.8,109.66,8.65,-2.62,67.46,80.63,77.09,-1668.67,0.0,0.992,0.999,0.996,0.215,3,1.0,0.0,4258.79
2026-08-30T01:10:59.438Z,26.523283,86.678451,3942.49,3680.99,4240.05,110.28,110.15,8.66,-2.11,69.18,82.68,79.12,-1699.7,0.0,0.988,0.994,0.991,0.351,4,1.0,0.0,4259.791
2026-08-30T01:11:00.475Z,26.523143,86.67885,3912.58,3655.84,4210.65,110.31,110.19,8.65,-1.69,71.01,84.66,81.17,-1712.09,0.0,0.981,0.992,0.987,0.19,3,1.0,0.0,4260.818
2026-08-30T01:11:01.457Z,26.523008,86.679233,3884.61,3631.31,4182.66,110.43,110.31,8.69,-1.9,72.71,86.44,82.87,-1725.65,0.0,0.961,0.97,0.964,0.481,4,1.0,0.0,4261.794
2026-08-30T01:11:02.287Z,26.522889,86.679568,3859.72,3606.4,4158.41,110.81,110.69,8.55,-2.02,74.18,87.83,84.23,-1766.72,0.0,0.966,0.968,0.967,0.018,2,1.0,0.0,4262.65
2026-08-30T01:11:03.291Z,26.522743,86.679973,3829.17,3576.68,4128.19,111.36,111.23,8.69,-2.14,75.88,89.8,86.1,-1823.44,0.0,0.96,0.976,0.967,0.393,4,1.0,0.0,4263.633
2026-08-30T01:11:04.285Z,26.522592,86.680386,3797.89,3545.39,4098.32,111.3,111.17,8.66,-2.09,77.61,91.68,87.94,-1870.3,0.0,0.98,0.985,0.981,0.48,4,1.0,0.0,4264.624
2026-08-30T01:11:05.461Z,26.522408,86.680883,3760.16,3508.53,4060.46,111.67,111.55,8.66,-2.02,79.65,93.84,90.06,-1916.04,0.0,0.985,0.986,0.986,0.456,3,1.0,0.0,4265.795
2026-08-30T01:11:06.446Z,26.522249,86.68131,3727.81,3476.17,4023.65,111.95,111.84,8.53,-2.96,81.36,95.58,91.79,-1951.37,0.0,0.983,0.985,0.984,0.503,4,1.0,0.0,4266.784
2026-08-30T01:11:07.282Z,26.522109,86.681675,3700.01,3448.77,3995.12,114.44,114.41,8.45,-11.31,82.8,97.05,93.18,-1985.49,0.0,0.979,0.98,0.979,0.555,2,1.0,0.0,4267.634
2026-08-30T01:11:08.474Z,26.52189,86.682196,3658.98,3407.77,3953.81,121.36,121.31,8.67,-16.74,84.75,98.36,94.56,-2058.23,0.0,0.992,1.043,1.015,1.182,5,1.0,0.0,4268.83
2026-08-30T01:11:09.337Z,26.521705,86.682565,3628.65,3378.49,3923.33,122.09,121.97,8.3,-22.88,86.02,99.47,95.5,-2087.18,0.0,1.045,1.052,1.049,0.313,2,1.0,0.0,4269.687
2026-08-30T01:11:10.336Z,26.521462,86.682979,3592.31,3342.27,3886.77,125.01,125.0,9.35,-23.52,87.5,101.37,97.13,-2175.76,0.0,0.993,1.021,1.004,1.036,4,1.0,0.0,4270.707
2026-08-30T01:11:11.428Z,26.52116,86.683416,3550.28,3300.23,3846.82,130.66,130.62,9.04,-23.07,89.17,103.23,98.96,-2278.76,0.0,1.024,1.038,1.03,0.498,4,1.0,0.0,4271.851
2026-08-30T01:11:12.371Z,26.520871,86.683773,3513.24,3271.75,3811.46,134.63,134.6,9.02,-22.77,90.61,104.74,100.46,-2336.96,0.0,1.05,1.053,1.052,0.111,2,1.0,0.0,4272.765
2026-08-30T01:11:13.426Z,26.520516,86.68415,3471.5,3230.02,3770.39,139.21,139.17,8.85,-22.87,92.19,106.23,102.05,-2363.33,0.0,1.068,1.079,1.073,0.483,4,1.0,0.0,4273.787
2026-08-30T01:11:14.307Z,26.520192,86.684448,3436.4,3192.19,3735.8,143.0,142.98,8.84,-23.13,93.5,107.49,103.36,-2374.8,0.0,1.066,1.074,1.07,0.17,2,1.0,0.0,4274.672
2026-08-30T01:11:15.482Z,26.519731,86.68481,3389.45,3145.16,3689.09,148.18,148.16,8.92,-23.36,95.22,109.22,105.03,-2398.86,0.0,1.07,1.077,1.073,0.457,4,1.0,0.0,4275.85
2026-08-30T01:11:16.367Z,26.519361,86.685057,3353.6,3110.96,3653.37,151.98,151.95,8.86,-23.31,96.5,110.41,106.25,-2415.82,0.0,1.072,1.073,1.073,0.082,2,1.0,0.0,4276.749
2026-08-30T01:11:17.414Z,26.518903,86.685316,3311.19,3064.32,3611.78,155.7,155.66,8.93,-23.0,97.92,111.77,107.66,-2440.87,0.0,1.051,1.061,1.056,0.089,4,1.0,0.0,4277.773
2026-08-30T01:11:18.406Z,26.518442,86.685533,3270.2,3023.34,3570.82,159.97,159.92,8.99,-21.0,99.27,113.03,109.01,-2453.64,0.0,1.059,1.075,1.07,0.387,4,1.0,0.0,4278.77
2026-08-30T01:11:19.306Z,26.518017,86.685701,3234.03,2987.1,3534.28,161.67,161.57,9.03,-11.62,100.42,113.77,109.95,-2425.0,0.0,1.021,1.034,1.027,0.898,2,1.0,0.0,4279.669
2026-08-30T01:11:20.325Z,26.517518,86.685879,3193.24,2946.27,3492.43,161.87,161.71,8.83,1.58,101.66,115.02,111.18,-2410.42,0.0,0.967,0.986,0.975,0.357,4,1.0,0.0,4280.686
2026-08-30T01:11:21.327Z,26.517025,86.686054,3153.06,2907.51,3452.67,162.01,161.92,8.36,1.15,102.83,115.49,111.73,-2405.25,0.0,0.999,1.009,1.004,0.465,4,1.0,0.0,4281.689
2026-08-30T01:11:22.396Z,26.516499,86.686243,3110.16,2866.15,3410.1,161.12,160.96,8.77,0.95,103.95,116.9,113.07,-2417.11,0.0,0.982,1.008,0.996,0.249,3,1.0,0.0,4282.748
2026-08-30T01:11:23.400Z,26.515998,86.686428,3069.61,2825.6,3369.92,160.86,160.72,8.4,0.35,105.02,118.04,114.23,-2422.87,0.0,0.98,1.021,1.001,0.751,4,1.0,0.0,4283.747
2026-08-30T01:11:24.434Z,26.515478,86.686623,3027.66,2781.85,3328.04,159.87,159.71,8.69,0.3,106.18,119.46,115.66,-2432.15,0.0,0.993,1.002,0.998,0.776,3,1.0,0.0,4284.778
2026-08-30T01:11:25.357Z,26.515011,86.686801,2990.14,2744.33,3290.75,160.1,160.0,8.68,0.31,107.26,120.79,116.74,-2445.87,0.0,0.984,0.986,0.985,0.594,3,1.0,0.0,4285.695
2026-08-30T01:11:26.338Z,26.514508,86.686995,2949.33,2702.91,3250.44,160.3,160.15,8.76,-0.07,108.49,122.17,118.04,-2488.87,0.0,0.972,0.987,0.979,0.387,4,1.0,0.0,4286.681
2026-08-30T01:11:27.358Z,26.51398,86.687199,2906.24,2659.78,3207.73,159.63,159.5,8.77,0.07,109.71,123.13,118.93,-2526.35,0.0,0.957,0.982,0.968,0.794,3,1.0,0.0,4287.694
2026-08-30T01:11:28.353Z,26.513461,86.687404,2863.28,2618.93,3165.38,159.48,159.35,8.78,0.11,110.89,124.25,120.03,-2564.45,0.0,0.975,0.981,0.977,0.403,4,1.0,0.0,4288.714
2026-08-30T01:11:29.406Z,26.512909,86.687625,2818.24,2573.97,3120.58,159.4,159.26,8.66,0.14,112.11,125.57,121.46,-2559.44,0.0,1.017,1.03,1.025,0.152,3,1.0,0.0,4289.748
2026-08-30T01:11:30.394Z,26.512387,86.687838,2776.65,2532.37,3077.83,158.94,158.81,8.49,0.38,113.26,126.58,122.52,-2535.73,0.0,1.007,1.024,1.016,0.576,4,1.0,0.0,4290.735
2026-08-30T01:11:31.427Z,26.511834,86.688067,2732.69,2489.64,3034.58,158.7,158.54,8.64,2.85,114.43,127.7,123.55,-2547.1,0.0,0.966,0.976,0.972,0.37,3,1.0,0.0,4291.778
2026-08-30T01:11:32.418Z,26.511305,86.688293,2690.17,2447.01,2992.74,157.31,157.16,8.46,6.16,115.56,128.82,124.68,-2568.71,0.0,0.998,1.008,1.005,0.66,4,1.0,0.0,4292.792
2026-08-30T01:11:33.337Z,26.510813,86.688517,2650.87,2408.29,2953.67,155.96,155.78,8.36,9.43,116.56,129.72,125.67,-2562.55,0.0,1.028,1.031,1.029,0.822,2,1.0,0.0,4293.714
2026-08-30T01:11:34.375Z,26.510259,86.688788,2607.17,2366.7,2909.15,153.7,153.55,7.13,9.25,117.7,130.59,126.85,-2507.59,0.0,1.005,1.088,1.046,1.758,4,1.0,0.0,4294.764
2026-08-30T01:11:35.382Z,26.509724,86.689073,2566.99,2326.45,2866.79,152.59,152.43,7.47,8.57,118.66,131.12,127.35,-2423.51,0.0,1.049,1.07,1.058,0.504,3,1.0,0.0,4295.759
2026-08-30T01:11:36.470Z,26.509153,86.6894,2524.15,2288.39,2823.24,151.02,150.86,7.54,7.35,119.56,131.54,127.72,-2387.43,0.0,0.999,1.02,1.011,0.37,3,1.0,0.0,4296.841
2026-08-30T01:11:37.294Z,26.508724,86.689658,2491.48,2255.69,2790.38,151.08,150.99,7.23,-4.02,120.17,131.91,128.15,-2373.89,0.0,1.006,1.009,1.008,0.401,3,1.0,0.0,4297.663
2026-08-30T01:11:38.327Z,26.508185,86.689979,2451.1,2210.71,2750.36,153.65,153.54,7.77,-10.58,120.9,132.45,128.6,-2370.51,0.0,0.997,1.004,1.0,1.065,4,1.0,0.0,4298.681
2026-08-30T01:11:39.380Z,26.507621,86.690294,2409.09,2168.68,2708.26,153.61,153.52,7.76,-9.59,121.62,133.04,129.12,-2386.63,0.0,0.976,1.001,0.988,0.288,3,1.0,0.0,4299.743
2026-08-30T01:11:40.411Z,26.507065,86.69059,2367.42,2132.14,2667.24,155.21,155.11,7.8,-8.83,122.32,133.64,129.65,-2419.32,0.0,0.98,0.99,0.984,0.401,4,1.0,0.0,4300.772
2026-08-30T01:11:41.294Z,26.506582,86.690835,2331.42,2093.72,2631.79,154.07,153.84,7.65,-3.23,122.9,134.07,130.11,-2438.81,0.0,0.987,0.991,0.989,0.215,2,1.0,0.0,4301.651
2026-08-30T01:11:42.313Z,26.506025,86.691116,2290.09,2052.41,2591.04,151.65,151.55,7.85,6.05,123.52,134.4,130.62,-2430.83,0.0,1.005,1.052,1.025,0.736,4,1.0,0.0,4302.665
2026-08-30T01:11:43.300Z,26.505485,86.691408,2251.04,2013.76,2550.91,150.0,149.75,7.23,24.66,124.06,134.42,130.76,-2361.91,0.0,1.063,1.097,1.086,1.059,4,1.0,0.0,4303.673
2026-08-30T01:11:44.378Z,26.504918,86.691766,2209.92,1972.75,2508.45,142.69,142.46,7.16,30.88,124.41,133.8,130.49,-2297.14,0.0,1.206,1.228,1.217,2.635,3,1.0,0.0,4304.74
2026-08-30T01:11:45.345Z,26.504439,86.692142,2174.42,1941.44,2470.94,137.1,136.85,7.35,33.83,124.53,133.32,130.24,-2201.41,0.0,1.253,1.281,1.269,1.079,3,1.0,0.0,4305.73
2026-08-30T01:11:46.437Z,26.503949,86.692628,2138.09,1899.76,2432.07,129.92,129.64,5.81,35.93,124.48,131.79,129.24,-2013.69,0.0,1.308,1.334,1.319,0.667,3,1.0,0.0,4306.796
2026-08-30T01:11:47.447Z,26.503551,86.693131,2109.26,1871.43,2399.61,121.86,121.57,3.65,33.09,123.92,129.2,127.42,-1744.75,0.0,1.37,1.448,1.413,0.974,4,1.0,0.0,4307.803
2026-08-30T01:11:48.332Z,26.503257,86.693609,2089.44,1849.77,2375.08,115.8,115.55,3.46,33.29,123.05,127.2,125.6,-1454.18,0.0,1.42,1.434,1.427,0.666,2,1.0,0.0,4308.708
2026-08-30T01:11:49.349Z,26.502978,86.694192,2069.99,1834.78,2351.64,110.7,110.46,4.7,34.98,121.89,125.89,124.12,-1259.77,0.0,1.197,1.348,1.287,1.984,4,1.0,0.0,4309.71
2026-08-30T01:11:50.350Z,26.502763,86.694783,2049.24,1814.48,2330.8,104.53,104.26,5.64,36.14,120.79,124.74,123.06,-1288.8,0.0,1.14,1.159,1.148,1.041,4,1.0,0.0,4310.708
2026-08-30T01:11:51.422Z,26.502598,86.695443,2023.88,1789.39,2307.9,97.72,97.46,5.76,35.6,119.63,123.64,122.02,-1388.63,0.0,1.169,1.179,1.175,0.726,3,1.0,0.0,4311.81
2026-08-30T01:11:52.463Z,26.502509,86.696086,1998.2,1764.27,2282.87,90.73,90.45,5.73,35.26,118.58,122.54,121.06,-1459.16,0.0,1.196,1.219,1.207,0.55,4,1.0,0.0,4312.834
2026-08-30T01:11:53.359Z,26.502487,86.696644,1975.72,1741.96,2260.83,84.77,84.5,5.66,35.31,117.69,121.56,120.23,-1484.09,0.0,1.236,1.24,1.238,0.426,2,1.0,0.0,4313.73
2026-08-30T01:11:54.370Z,26.502526,86.697268,1950.57,1715.58,2235.75,78.01,77.74,5.65,35.57,116.68,120.4,119.3,-1491.44,0.0,1.243,1.251,1.246,0.464,4,1.0,0.0,4314.756
2026-08-30T01:11:55.385Z,26.502632,86.697879,1925.26,1691.36,2210.47,71.13,70.84,5.65,35.77,115.68,119.24,118.41,-1494.59,0.0,1.244,1.249,1.247,0.534,3,1.0,0.0,4315.767
2026-08-30T01:11:56.477Z,26.502818,86.69851,1898.19,1664.37,2182.77,63.48,63.19,5.62,35.78,114.6,118.02,117.49,-1486.45,0.0,1.26,1.266,1.263,0.806,3,1.0,0.0,4316.844
2026-08-30T01:11:57.285Z,26.503004,86.698955,1878.21,1643.59,2162.85,57.82,57.55,5.61,35.65,113.78,117.17,116.83,-1475.87,0.0,1.258,1.264,1.261,0.621,3,1.0,0.0,4317.673
2026-08-30T01:11:58.322Z,26.503294,86.699485,1852.9,1612.97,2137.61,50.79,50.51,5.63,35.51,112.8,116.16,116.04,-1475.45,0.0,1.238,1.245,1.241,0.516,4,1.0,0.0,4318.699
2026-08-30T01:11:59.430Z,26.503666,86.7,1825.38,1590.12,2110.25,42.94,42.63,5.66,35.5,111.76,115.1,115.22,-1488.45,0.0,1.231,1.233,1.232,0.409,3,1.0,0.0,4319.837
2026-08-30T01:12:00.289Z,26.503995,86.700355,1803.7,1572.92,2088.7,37.16,36.88,5.78,35.54,111.0,114.39,114.63,-1510.82,0.0,1.218,1.224,1.222,0.955,3,1.0,0.0,4320.694
2026-08-30T01:12:01.351Z,26.504439,86.700736,1776.11,1542.11,2061.75,29.2,28.89,6.06,35.74,110.14,113.57,114.06,-1542.85,0.0,1.217,1.239,1.224,1.316,4,1.0,0.0,4321.755
2026-08-30T01:12:02.478Z,26.504954,86.701063,1747.27,1513.17,2032.56,21.57,21.3,5.53,32.31,109.22,112.63,113.3,-1535.28,0.0,1.23,1.246,1.238,0.357,3,1.0,0.0,4322.881
2026-08-30T01:12:03.329Z,26.505365,86.70126,1725.74,1490.68,2010.7,16.72,16.51,5.33,28.11,108.57,112.05,112.86,-1519.13,0.0,1.193,1.214,1.204,1.18,3,1.0,0.0,4323.731
2026-08-30T01:12:04.396Z,26.505893,86.70145,1699.06,1463.74,1984.35,17.12,17.0,4.14,11.95,107.88,111.4,111.78,-1529.82,0.0,1.053,1.139,1.087,1.541,4,1.0,0.0,4324.791
2026-08-30T01:12:05.500Z,26.506446,86.701613,1669.26,1428.38,1956.24,13.03,12.75,4.84,12.37,106.99,110.33,111.0,-1589.14,0.0,1.056,1.067,1.062,0.907,2,1.0,0.0,4325.888
2026-08-30T01:12:06.341Z,26.506863,86.701717,1647.14,1409.78,1934.6,10.07,9.97,4.35,12.42,106.42,110.1,110.99,-1550.16,0.0,1.088,1.099,1.095,1.004,3,1.0,0.0,4326.774
2026-08-30T01:12:07.461Z,26.50743,86.701821,1619.54,1381.35,1905.84,11.76,11.58,4.43,8.47,105.89,110.62,111.81,-1530.64,0.0,1.007,1.062,1.031,0.612,4,1.0,0.0,4327.846
2026-08-30T01:12:08.375Z,26.507905,86.701899,1595.45,1358.23,1881.96,10.21,10.03,4.09,1.32,106.0,112.88,113.8,-1557.56,0.0,1.069,1.076,1.072,0.489,2,1.0,0.0,4328.757
2026-08-30T01:12:09.398Z,26.508435,86.701984,1569.82,1332.67,1855.54,7.69,7.47,4.28,-0.31,106.33,112.79,113.77,-1508.07,0.0,1.071,1.088,1.076,0.407,4,1.0,0.0,4329.778
2026-08-30T01:12:10.437Z,26.508978,86.702067,1545.22,1308.2,1829.43,6.15,6.16,4.05,0.94,106.54,112.59,113.66,-1425.75,0.0,1.046,1.061,1.056,0.785,4,1.0,0.0,4330.831
2026-08-30T01:12:11.360Z,26.509458,86.702134,1524.52,1287.09,1807.56,9.61,9.48,4.18,0.73,106.67,112.51,113.61,-1381.96,0.0,1.005,1.005,1.005,0.029,2,1.0,0.0,4331.741
2026-08-30T01:12:12.396Z,26.509998,86.70221,1501.38,1264.17,1783.97,7.74,7.61,3.89,0.34,106.49,109.49,110.61,-1329.94,0.0,0.988,1.0,0.994,0.547,4,1.0,0.0,4332.812
2026-08-30T01:12:13.476Z,26.510547,86.702284,1479.36,1240.86,1759.92,7.37,7.24,3.8,0.2,105.99,110.15,111.32,-1250.16,0.0,0.971,0.994,0.987,1.105,4,1.0,0.0,4333.883
2026-08-30T01:12:14.417Z,26.511029,86.702348,1460.08,1221.29,1739.65,7.67,7.54,3.9,0.16,105.73,109.9,111.05,-1249.78,0.0,0.962,0.967,0.965,0.131,2,1.0,0.0,4334.805
2026-08-30T01:12:15.411Z,26.511537,86.702412,1438.95,1200.05,1719.85,7.4,7.26,3.93,0.26,105.47,109.65,110.79,-1270.93,0.0,0.976,0.98,0.978,0.301,3,1.0,0.0,4335.8
2026-08-30T01:12:16.454Z,26.512069,86.702478,1416.43,1177.45,1697.99,6.96,6.82,3.95,0.31,105.22,109.39,110.53,-1287.42,0.0,0.987,0.993,0.99,0.584,4,1.0,0.0,4336.846
2026-08-30T01:12:17.416Z,26.512557,86.702535,1395.7,1157.33,1677.66,6.57,6.43,3.93,0.31,105.0,109.11,110.32,-1292.65,0.0,0.995,1.0,0.997,0.276,2,1.0,0.0,4337.799
2026-08-30T01:12:18.443Z,26.513082,86.702595,1373.4,1139.08,1655.33,6.24,6.11,3.91,0.27,104.77,108.86,110.09,-1292.27,0.0,0.996,1.0,0.998,0.549,4,1.0,0.0,4338.831
2026-08-30T01:12:19.471Z,26.513601,86.70265,1351.49,1115.33,1633.28,5.95,5.82,3.9,0.22,104.57,108.67,109.9,-1287.62,0.0,0.999,1.003,1.001,0.493,4,1.0,0.0,4339.859
2026-08-30T01:12:20.381Z,26.514061,86.702698,1331.96,1092.08,1613.66,5.5,5.39,3.88,0.62,104.46,109.01,110.32,-1286.99,0.0,1.006,1.006,1.006,0.424,2,1.0,0.0,4340.778
2026-08-30T01:12:21.464Z,26.514612,86.702751,1308.77,1071.63,1590.64,8.28,8.16,3.87,-0.16,104.42,108.57,109.93,-1288.44,0.0,0.99,1.008,0.996,0.509,4,1.0,0.0,4341.841
2026-08-30T01:12:22.481Z,26.515129,86.702801,1286.76,1046.66,1568.7,6.34,6.18,3.97,0.12,104.3,108.43,109.67,-1293.5,0.0,0.99,0.998,0.995,0.396,4,1.0,0.0,4342.856
2026-08-30T01:12:23.372Z,26.515579,86.702842,1267.63,1025.02,1549.74,5.69,5.55,3.99,0.37,104.19,108.23,109.44,-1294.35,0.0,0.999,1.005,1.002,1.878,2,1.0,0.0,4343.744
2026-08-30T01:12:24.398Z,26.516097,86.702887,1244.74,1001.57,1527.74,5.09,4.95,3.41,0.54,104.04,107.69,108.99,-1327.45,0.0,0.955,0.971,0.967,1.388,4,1.0,0.0,4344.772
2026-08-30T01:12:25.411Z,26.516603,86.702927,1222.79,979.54,1505.36,4.34,4.19,1.51,0.45,103.71,106.47,108.07,-1261.04,0.0,1.029,1.082,1.056,1.668,3,1.0,0.0,4345.86
2026-08-30T01:12:26.449Z,26.517121,86.702964,1204.34,961.24,1483.85,5.35,5.38,0.63,0.25,103.12,104.89,106.66,-1089.86,0.0,1.087,1.111,1.099,0.3,2,1.0,0.0,4346.864
2026-08-30T01:12:27.315Z,26.517548,86.702989,1190.94,948.28,1468.35,9.64,9.57,0.69,-2.89,102.37,103.08,105.37,-983.55,0.0,1.043,1.056,1.05,0.61,3,1.0,0.0,4347.742
2026-08-30T01:12:28.380Z,26.518067,86.703023,1175.76,934.97,1451.25,13.53,13.52,0.85,-6.81,101.06,99.55,102.58,-872.92,0.0,1.018,1.039,1.033,1.128,4,1.0,0.0,4348.792
2026-08-30T01:12:29.359Z,26.518527,86.703058,1163.52,923.25,1437.02,17.15,17.16,0.3,-6.9,99.31,96.33,100.47,-774.18,0.0,1.036,1.041,1.039,0.485,2,1.0,0.0,4349.806
2026-08-30T01:12:30.463Z,26.519032,86.703113,1152.16,911.1,1423.72,15.13,14.85,-1.01,-19.46,97.2,95.1,97.39,-619.68,0.0,1.083,1.144,1.119,0.21,4,1.0,0.0,4350.869
2026-08-30T01:12:31.405Z,26.519449,86.703187,1144.54,897.46,1414.48,12.43,12.39,-0.06,-24.78,95.69,93.94,95.55,-550.53,0.0,1.035,1.06,1.047,0.482,2,1.0,0.0,4351.807
2026-08-30T01:12:32.455Z,26.519902,86.7033,1134.32,888.35,1404.94,20.08,20.15,0.91,-24.18,94.02,92.0,93.74,-597.55,0.0,1.003,1.019,1.01,0.849,4,1.0,0.0,4352.85
2026-08-30T01:12:33.376Z,26.520282,86.70343,1124.46,877.11,1395.23,28.21,28.33,0.75,-24.49,92.42,89.22,91.45,-612.36,0.0,1.09,1.102,1.096,0.502,2,1.0,0.0,4353.775
2026-08-30T01:12:34.421Z,26.520687,86.703618,1115.43,866.66,1383.87,36.58,36.54,-0.59,-24.87,90.27,86.41,88.75,-507.92,0.0,1.14,1.194,1.168,0.605,4,1.0,0.0,4354.817
2026-08-30T01:12:35.433Z,26.521048,86.703841,1110.0,859.76,1376.47,37.96,37.88,-1.4,-24.12,88.21,84.69,85.93,-339.04,0.0,1.209,1.232,1.222,0.635,3,1.0,0.0,4355.823
2026-08-30T01:12:36.342Z,26.521346,86.704066,1108.05,853.21,1372.44,44.13,44.25,0.02,-23.3,86.42,82.49,83.86,-202.73,0.0,1.137,1.147,1.142,0.256,2,1.0,0.0,4356.729
2026-08-30T01:12:37.385Z,26.521658,86.704348,1106.84,834.62,1369.36,52.84,52.8,-0.29,-23.37,84.17,79.69,81.12,-104.4,0.0,1.12,1.123,1.121,0.335,4,1.0,0.0,4357.774
2026-08-30T01:12:38.424Z,26.52193,86.704655,1106.39,831.55,1368.08,55.58,55.61,-0.3,-23.56,82.0,77.92,78.8,-47.25,0.0,1.081,1.117,1.097,0.118,4,1.0,0.0,4358.812
2026-08-30T01:12:39.351Z,26.522145,86.704944,1106.17,840.54,1367.16,62.06,62.03,-0.85,-23.87,80.08,75.9,76.73,-28.09,0.0,1.092,1.098,1.095,0.181,2,1.0,0.0,4359.748
2026-08-30T01:12:40.406Z,26.522352,86.705288,1106.02,849.2,1366.51,69.88,70.08,0.24,-23.79,77.91,72.96,74.22,-9.72,0.0,1.077,1.098,1.084,0.401,4,1.0,0.0,4360.803
2026-08-30T01:12:41.461Z,26.52252,86.70564,1107.12,857.55,1366.79,83.03,83.14,-0.26,-24.47,75.21,67.68,70.08,70.55,0.0,1.131,1.145,1.138,0.51,4,1.0,0.0,4361.845
2026-08-30T01:12:42.365Z,26.522627,86.705942,1110.3,861.67,1368.08,89.72,89.77,-0.3,-24.09,72.49,64.78,67.01,179.03,0.0,1.126,1.13,1.128,0.073,2,1.0,0.0,4362.75
2026-08-30T01:12:43.404Z,26.522706,86.706287,1115.84,868.3,1372.15,98.38,98.45,-0.31,-23.59,69.42,61.04,63.37,263.01,0.0,1.092,1.111,1.099,0.46,4,1.0,0.0,4363.814
2026-08-30T01:12:44.466Z,26.522748,86.706624,1120.01,872.95,1376.79,106.82,106.9,-0.13,-23.34,65.93,56.53,59.03,244.72,0.0,1.107,1.131,1.122,0.442,4,1.0,0.0,4364.845
2026-08-30T01:12:45.526Z,26.522751,86.706942,1124.87,877.21,1381.04,117.26,117.3,-0.02,-23.63,62.22,52.18,54.91,269.04,0.0,1.112,1.113,1.113,0.146,2,1.0,0.0,4365.911
2026-08-30T01:12:46.352Z,26.522726,86.707172,1128.52,880.6,1384.98,120.02,119.89,0.05,-19.69,59.48,51.1,52.32,249.58,0.0,1.046,1.073,1.062,1.39,3,1.0,0.0,4366.729
2026-08-30T01:12:47.384Z,26.522669,86.707439,1130.96,882.9,1389.41,116.97,116.78,-0.78,-13.04,56.82,51.31,50.69,145.08,0.0,0.961,1.004,0.982,0.765,4,1.0,0.0,4367.756
2026-08-30T01:12:48.466Z,26.522592,86.707707,1130.99,882.61,1391.32,119.04,119.0,-2.81,-10.03,54.57,49.28,48.51,49.26,0.0,0.988,1.001,0.996,0.416,3,1.0,0.0,4368.853
2026-08-30T01:12:49.304Z,26.522525,86.7079,1130.84,882.42,1392.42,121.2,121.09,-2.65,-8.43,52.87,47.86,46.88,14.35,0.0,0.998,1.006,1.001,0.896,3,1.0,0.0,4369.68
2026-08-30T01:12:50.319Z,26.522436,86.708124,1130.93,883.11,1392.66,121.63,121.53,-2.78,-3.39,51.02,46.85,45.72,10.0,0.0,0.993,1.017,1.006,0.232,4,1.0,0.0,4370.706
2026-08-30T01:12:51.427Z,26.522336,86.708357,1130.65,883.71,1392.4,123.71,123.65,-2.37,-4.79,49.23,45.42,44.29,-18.91,0.0,0.978,0.981,0.979,0.534,3,1.0,0.0,4371.797
2026-08-30T01:12:52.449Z,26.52224,86.708565,1129.13,881.85,1391.87,126.04,125.94,-1.63,-5.85,47.72,44.57,43.46,-81.45,0.0,0.983,1.02,1.0,0.579,4,1.0,0.0,4372.829
2026-08-30T01:12:53.359Z,26.522151,86.708742,1127.19,879.76,1390.24,125.25,125.07,-1.97,-3.99,46.56,43.86,42.53,-105.89,0.0,1.009,1.009,1.009,0.232,2,1.0,0.0,4373.73
2026-08-30T01:12:54.387Z,26.522047,86.708933,1125.22,876.66,1387.48,123.18,123.04,-2.22,-3.46,45.31,42.87,41.43,-99.77,0.0,1.006,1.011,1.009,0.434,4,1.0,0.0,4374.816
2026-08-30T01:12:55.457Z,26.521938,86.709126,1124.2,872.84,1385.24,123.98,123.9,-2.27,-3.14,44.16,41.79,40.38,-78.66,0.0,0.965,0.981,0.971,0.19,3,1.0,0.0,4375.835
2026-08-30T01:12:56.386Z,26.521843,86.709285,1122.09,869.72,1384.6,126.91,126.91,-1.9,-3.34,42.97,39.23,37.79,-134.71,0.0,0.985,1.022,1.004,0.807,2,1.0,0.0,4376.796
2026-08-30T01:12:57.451Z,26.521735,86.709451,1119.31,864.93,1382.1,132.22,132.18,-1.36,-2.87,41.45,38.11,36.66,-132.79,0.0,1.056,1.071,1.065,0.218,4,1.0,0.0,4377.854
2026-08-30T01:12:58.387Z,26.521638,86.709591,1118.11,862.0,1379.31,133.92,133.81,0.19,-0.18,40.31,37.88,36.39,-95.27,0.0,1.0,1.024,1.012,0.055,2,1.0,0.0,4378.795
2026-08-30T01:12:59.444Z,26.521528,86.709747,1116.86,858.41,1378.73,132.31,132.13,1.03,1.45,39.36,38.29,36.8,-83.32,0.0,0.986,0.993,0.989,0.23,4,1.0,0.0,4379.842
2026-08-30T01:13:00.288Z,26.521438,86.709873,1116.06,856.84,1377.11,130.17,129.98,0.58,-0.08,38.94,38.68,37.15,-66.26,0.0,0.978,0.985,0.98,0.162,3,1.0,0.0,4380.668
2026-08-30T01:13:01.381Z,26.521321,86.710038,1114.87,857.45,1375.91,128.44,128.32,0.23,-2.27,38.56,38.78,37.25,-65.44,0.0,0.988,0.994,0.991,0.199,3,1.0,0.0,4381.766
2026-08-30T01:13:02.418Z,26.521207,86.710192,1113.72,857.58,1374.94,130.73,130.7,0.02,-1.72,38.4,39.54,37.93,-69.0,0.0,0.993,1.0,0.996,0.271,4,1.0,0.0,4382.804
2026-08-30T01:13:03.341Z,26.521101,86.710329,1112.36,857.89,1373.93,134.63,134.57,0.35,-2.04,38.42,39.64,37.99,-80.66,0.0,1.013,1.014,1.014,0.263,2,1.0,0.0,4383.75
2026-08-30T01:13:04.403Z,26.520974,86.710482,1111.37,858.55,1372.6,133.27,133.01,0.81,-2.05,38.41,39.64,38.02,-55.59,0.0,1.006,1.018,1.014,0.534,4,1.0,0.0,4384.817
2026-08-30T01:13:05.451Z,26.520844,86.710628,1110.73,848.38,1372.28,128.8,128.71,0.28,-2.07,38.39,39.45,38.06,-42.16,0.0,1.0,1.001,1.0,0.302,3,1.0,0.0,4385.844
2026-08-30T01:13:06.381Z,26.520729,86.710758,1110.18,859.53,1371.54,132.85,132.75,0.21,-2.47,38.41,39.66,38.07,-37.84,0.0,0.999,1.001,1.0,0.317,2,1.0,0.0,4386.765
2026-08-30T01:13:07.414Z,26.520597,86.710895,1109.7,859.16,1370.2,129.05,128.79,0.05,-2.2,38.27,38.6,37.57,-28.4,0.0,1.0,1.004,1.002,0.291,4,1.0,0.0,4387.8
2026-08-30T01:13:08.446Z,26.520462,86.711028,1109.41,858.53,1370.13,126.39,126.28,0.2,-0.83,38.0,38.34,37.63,-18.43,0.0,1.002,1.006,1.005,0.176,4,1.0,0.0,4388.866
2026-08-30T01:13:09.394Z,26.520338,86.71115,1109.32,858.21,1370.19,127.94,127.82,0.29,-0.97,37.84,38.6,37.77,-10.49,0.0,1.002,1.003,1.002,0.3,2,1.0,0.0,4389.78
2026-08-30T01:13:10.424Z,26.520201,86.71128,1109.22,858.12,1370.17,126.5,126.3,0.36,-1.35,37.74,38.44,38.04,-5.78,0.0,0.999,1.0,0.999,0.279,4,1.0,0.0,4390.808
2026-08-30T01:13:11.452Z,26.520061,86.711409,1109.07,857.97,1369.73,124.34,124.17,0.49,-1.56,37.62,38.37,38.59,-13.79,0.0,0.995,1.012,1.002,0.523,4,1.0,0.0,4391.833
2026-08-30T01:13:12.360Z,26.519934,86.711523,1108.84,858.06,1369.85,123.13,122.99,0.33,-1.17,37.52,38.27,38.85,-10.15,0.0,1.012,1.012,1.012,0.204,2,1.0,0.0,4392.764
2026-08-30T01:13:13.409Z,26.519786,86.711654,1108.97,859.6,1369.86,123.26,123.14,0.18,-1.01,37.46,38.72,39.25,15.38,0.0,0.999,1.01,1.006,0.346,4,1.0,0.0,4393.819
2026-08-30T01:13:14.470Z,26.519635,86.711787,1108.98,860.53,1369.7,121.23,121.01,-0.18,-1.14,37.51,38.96,40.25,-14.28,0.0,0.919,0.939,0.928,0.825,4,1.0,0.0,4394.856
2026-08-30T01:13:15.551Z,26.519477,86.711928,1107.66,857.9,1368.72,117.49,117.32,0.21,-1.24,37.51,38.26,40.44,-62.33,0.0,0.976,0.983,0.979,0.393,2,1.0,0.0,4395.936
2026-08-30T01:13:16.377Z,26.519355,86.712036,1106.27,855.49,1367.57,117.06,116.95,0.48,-1.31,37.42,38.32,40.68,-88.49,0.0,0.985,0.989,0.987,0.32,3,1.0,0.0,4396.763
2026-08-30T01:13:17.432Z,26.5192,86.712173,1104.15,852.92,1365.94,118.02,117.89,0.63,-1.11,37.44,38.82,41.11,-113.16,0.0,0.989,0.992,0.99,0.258,4,1.0,0.0,4397.813
2026-08-30T01:13:18.346Z,26.519062,86.712292,1102.22,851.41,1364.38,117.37,117.23,0.57,-0.04,37.43,37.99,40.79,-119.85,0.0,1.004,1.008,1.006,0.352,2,1.0,0.0,4398.746
2026-08-30T01:13:19.386Z,26.518902,86.712422,1100.1,849.84,1362.62,115.69,115.52,0.54,-0.09,37.19,37.33,40.95,-120.19,0.0,1.003,1.006,1.004,0.27,4,1.0,0.0,4399.771
2026-08-30T01:13:20.423Z,26.518744,86.712551,1097.46,847.66,1360.73,113.77,113.61,0.17,-0.7,36.85,36.77,41.15,-156.42,0.0,0.965,0.98,0.97,0.301,4,1.0,0.0,4400.849
2026-08-30T01:13:21.404Z,26.518592,86.712673,1094.05,844.8,1358.06,112.67,112.53,0.12,-0.96,36.51,36.44,41.36,-191.33,0.0,0.984,0.986,0.985,0.069,2,1.0,0.0,4401.839
2026-08-30T01:13:22.291Z,26.518453,86.712785,1090.85,842.1,1355.26,111.89,111.74,0.23,-0.8,36.24,36.22,41.57,-212.16,0.0,0.99,0.993,0.992,0.324,3,1.0,0.0,4402.684
2026-08-30T01:13:23.333Z,26.518291,86.712914,1086.28,838.15,1351.38,110.43,110.26,0.44,-0.6,35.89,35.66,41.55,-263.55,0.0,0.965,0.976,0.968,0.281,4,1.0,0.0,4403.726
2026-08-30T01:13:24.449Z,26.518116,86.713054,1080.11,832.69,1346.17,107.41,107.22,0.56,-0.19,35.38,34.46,41.78,-318.08,0.0,0.979,0.98,0.979,0.407,3,1.0,0.0,4404.835
2026-08-30T01:13:25.471Z,26.517956,86.713183,1074.08,827.19,1340.61,106.27,106.2,0.7,0.13,34.81,34.5,42.02,-335.81,0.0,0.982,0.986,0.984,0.416,3,1.0,0.0,4405.854
2026-08-30T01:13:26.390Z,26.517812,86.713302,1068.83,821.91,1335.53,110.54,110.55,0.65,1.22,34.74,36.74,41.96,-341.43,0.0,0.984,0.994,0.989,0.305,2,1.0,0.0,4406.778
2026-08-30T01:13:27.430Z,26.517652,86.713438,1063.05,816.4,1329.57,115.12,115.11,0.7,4.27,35.26,38.65,41.54,-328.74,0.0,1.004,1.018,1.012,0.354,4,1.0,0.0,4407.825
2026-08-30T01:13:28.476Z,26.517499,86.713579,1057.95,811.79,1324.02,119.61,119.52,0.6,6.85,36.08,39.98,40.89,-299.81,0.0,1.02,1.028,1.024,0.248,4,1.0,0.0,4408.85
2026-08-30T01:13:29.397Z,26.517367,86.713707,1053.72,808.22,1319.46,114.23,113.9,0.98,5.51,36.61,38.27,40.48,-286.85,0.0,1.002,1.005,1.003,0.405,2,1.0,0.0,4409.787
2026-08-30T01:13:30.428Z,26.517225,86.713856,1048.54,803.52,1314.45,109.94,109.74,0.5,2.24,36.6,37.31,40.13,-302.09,0.0,0.982,0.994,0.987,0.394,4,1.0,0.0,4410.822
2026-08-30T01:13:31.471Z,26.517087,86.714007,1042.91,797.98,1309.12,102.77,102.58,0.73,2.4,36.16,34.99,39.77,-319.94,0.0,0.985,0.996,0.992,0.277,4,1.0,0.0,4411.862
2026-08-30T01:13:32.391Z,26.516971,86.714144,1037.8,793.36,1304.15,106.5,106.56,0.55,3.78,35.81,36.87,39.2,-326.0,0.0,1.002,1.003,1.002,0.412,2,1.0,0.0,4412.79
2026-08-30T01:13:33.430Z,26.51685,86.714304,1032.17,790.26,1298.5,116.18,116.25,0.3,7.03,36.16,39.17,38.62,-323.66,0.0,1.005,1.011,1.009,0.333,4,1.0,0.0,4413.823
2026-08-30T01:13:34.311Z,26.516755,86.714442,1027.28,788.45,1293.74,120.23,120.12,0.24,8.61,36.68,39.66,38.43,-336.52,0.0,0.979,0.994,0.986,0.163,3,1.0,0.0,4414.694
2026-08-30T01:13:35.447Z,26.516639,86.714628,1019.99,783.29,1287.03,116.56,116.25,0.68,8.45,37.27,40.34,39.2,-375.32,0.0,0.969,0.974,0.972,0.461,2,1.0,0.0,4415.875
2026-08-30T01:13:36.325Z,26.516557,86.714781,1014.49,777.61,1281.6,109.58,109.24,0.78,7.94,37.77,40.43,39.69,-368.06,0.0,0.968,0.97,0.969,0.481,3,1.0,0.0,4416.714
2026-08-30T01:13:37.458Z,26.516465,86.714989,1007.58,768.56,1274.71,103.05,102.91,0.86,4.5,38.12,39.9,39.43,-381.77,0.0,0.963,0.969,0.967,0.27,3,1.0,0.0,4417.851
2026-08-30T01:13:38.301Z,26.516407,86.715148,1001.78,760.41,1269.23,105.45,105.44,1.55,3.24,38.24,39.71,38.66,-404.36,0.0,0.966,0.974,0.969,0.534,3,1.0,0.0,4418.698
2026-08-30T01:13:39.342Z,26.516343,86.715343,993.59,749.56,1261.96,109.94,109.87,2.16,3.2,38.45,40.41,39.04,-471.77,0.0,0.945,0.953,0.949,0.383,4,1.0,0.0,4419.729
2026-08-30T01:13:40.448Z,26.516278,86.71555,982.38,737.43,1252.67,110.58,110.45,2.27,2.51,38.52,39.13,37.78,-595.56,0.0,0.969,0.995,0.981,0.317,3,1.0,0.0,4420.827
2026-08-30T01:13:41.476Z,26.516222,86.715741,970.82,725.49,1242.28,109.62,109.46,1.87,-1.28,38.38,38.8,37.44,-640.78,0.0,0.99,0.995,0.993,0.386,4,1.0,0.0,4421.881
2026-08-30T01:13:42.407Z,26.516169,86.715911,960.36,715.19,1232.0,108.74,108.65,1.97,-4.6,38.27,39.25,37.88,-668.1,0.0,0.997,0.999,0.998,0.094,2,1.0,0.0,4422.801
2026-08-30T01:13:43.475Z,26.516104,86.716108,948.15,703.08,1220.1,111.95,111.91,2.17,-2.46,38.33,39.77,38.32,-675.32,0.0,1.007,1.014,1.01,0.395,4,1.0,0.0,4423.874
2026-08-30T01:13:44.329Z,26.516049,86.716267,938.69,693.47,1210.51,113.92,113.79,2.21,1.25,38.45,39.93,38.55,-661.28,0.0,1.016,1.018,1.017,0.068,3,1.0,0.0,4424.726
2026-08-30T01:13:45.458Z,26.515978,86.716476,926.66,681.13,1198.21,112.93,112.77,1.42,-0.27,38.63,40.23,38.91,-648.11,0.0,1.009,1.018,1.014,0.587,2,1.0,0.0,4425.854
2026-08-30T01:13:46.294Z,26.515924,86.716637,917.69,672.23,1189.28,111.9,111.75,1.36,-1.29,38.78,40.35,39.06,-632.23,0.0,1.02,1.022,1.021,0.481,3,1.0,0.0,4426.708
2026-08-30T01:13:47.359Z,26.515855,86.716834,907.07,661.49,1178.19,111.61,111.52,1.31,-1.93,38.96,40.55,39.25,-615.47,0.0,1.005,1.013,1.008,0.204,4,1.0,0.0,4427.77
2026-08-30T01:13:48.330Z,26.51579,86.717017,897.39,652.06,1168.22,113.83,113.76,1.51,-0.89,39.18,40.98,39.64,-603.59,0.0,1.006,1.007,1.006,0.185,2,1.0,0.0,4428.742
2026-08-30T01:13:49.392Z,26.515714,86.717219,886.95,641.85,1157.52,115.28,115.16,1.27,0.44,39.41,41.01,39.77,-580.44,0.0,1.005,1.011,1.007,0.279,4,1.0,0.0,4429.829
2026-08-30T01:13:50.386Z,26.515643,86.717408,878.08,633.21,1148.03,114.73,114.6,1.0,0.53,39.59,41.08,39.86,-543.04,0.0,1.003,1.005,1.004,0.348,2,1.0,0.0,4430.809
2026-08-30T01:13:51.462Z,26.515569,86.717613,868.9,624.39,1138.44,115.22,115.14,1.03,0.79,39.6,39.54,38.44,-524.89,0.0,0.984,1.0,0.992,0.372,4,1.0,0.0,4431.889
2026-08-30T01:13:52.446Z,26.51551,86.717793,860.39,617.31,1129.48,114.56,114.36,1.71,1.85,39.19,39.12,38.05,-528.49,0.0,0.989,0.991,0.99,0.051,2,1.0,0.0,4432.883
2026-08-30T01:13:53.332Z,26.515459,86.717959,852.4,610.88,1120.47,110.94,110.71,1.53,0.41,39.0,39.43,38.32,-534.42,0.0,0.987,0.994,0.99,0.357,3,1.0,0.0,4433.771
2026-08-30T01:13:54.418Z,26.515398,86.718163,842.71,601.37,1111.15,107.6,107.44,1.16,-2.23,38.89,39.53,38.51,-531.18,0.0,0.996,1.003,1.001,0.18,4,1.0,0.0,4434.846
2026-08-30T01:13:55.634Z,26.515327,86.718392,832.12,589.46,1101.03,108.62,108.53,1.05,-1.56,38.81,39.51,38.45,-520.42,0.0,1.0,1.0,1.0,0.374,2,1.0,0.0,4436.08
2026-08-30T01:13:56.346Z,26.515286,86.718525,826.07,582.01,1095.14,109.88,109.81,0.84,-0.19,38.78,39.54,38.46,-511.89,0.0,1.005,1.006,1.006,0.112,2,1.0,0.0,4436.783
2026-08-30T01:13:57.439Z,26.515221,86.71873,816.89,571.43,1086.08,112.41,112.36,1.03,-0.26,38.81,40.13,38.99,-515.1,0.0,1.002,1.003,1.003,0.238,4,1.0,0.0,4437.867
2026-08-30T01:13:58.435Z,26.515161,86.71892,808.24,561.97,1077.57,114.77,114.68,1.32,-0.95,38.93,40.15,39.08,-517.72,0.0,1.0,1.008,1.004,0.235,2,1.0,0.0,4438.87
2026-08-30T01:13:59.324Z,26.515106,86.719089,800.55,553.73,1069.92,114.39,114.22,1.25,0.29,39.02,40.22,39.14,-515.8,0.0,1.003,1.006,1.004,0.42,3,1.0,0.0,4439.759
2026-08-30T01:14:00.417Z,26.515038,86.719295,791.3,544.79,1060.59,112.61,112.46,0.88,-2.36,39.13,40.26,39.17,-510.13,0.0,1.002,1.005,1.003,0.192,4,1.0,0.0,4440.846
2026-08-30T01:14:01.416Z,26.514972,86.719485,782.84,536.46,1052.05,112.21,112.1,0.84,-3.64,39.2,40.27,39.17,-505.06,0.0,1.003,1.004,1.003,0.014,2,1.0,0.0,4441.849
2026-08-30T01:14:02.286Z,26.514912,86.719647,775.6,529.31,1044.78,113.37,113.31,0.97,-3.28,39.25,40.31,39.19,-503.34,0.0,1.0,1.002,1.001,0.235,3,1.0,0.0,4442.715
2026-08-30T01:14:03.367Z,26.514834,86.719849,766.44,519.66,1035.65,115.59,115.48,1.11,-0.05,39.39,40.73,39.58,-507.74,0.0,1.001,1.008,1.004,0.368,4,1.0,0.0,4443.821
2026-08-30T01:14:04.366Z,26.514761,86.720036,758.11,510.94,1026.66,115.48,115.36,0.67,2.34,39.52,40.72,39.65,-497.74,0.0,1.003,1.008,1.006,0.249,2,1.0,0.0,4444.81
2026-08-30T01:14:05.499Z,26.514681,86.72025,748.91,501.72,1017.03,115.02,114.87,0.85,1.68,39.63,40.71,39.63,-490.35,0.0,0.999,1.004,1.002,0.179,3,1.0,0.0,4445.943
2026-08-30T01:14:06.323Z,26.514624,86.720406,742.33,495.37,1010.82,113.62,113.45,1.1,1.48,39.7,40.78,39.69,-486.27,0.0,1.002,1.002,1.002,,1,1.0,0.0,4446.761
2026-08-30T01:14:07.418Z,26.51455,86.720616,733.42,486.4,1002.14,112.0,111.86,1.02,-2.2,39.78,40.84,39.76,-487.06,0.0,0.997,1.0,0.999,0.259,4,1.0,0.0,4447.872
2026-08-30T01:14:08.329Z,26.514488,86.720789,725.93,478.34,994.83,112.58,112.49,1.13,-3.53,39.86,40.94,39.89,-498.51,0.0,0.993,0.998,0.996,0.375,3,1.0,0.0,4448.779
2026-08-30T01:14:09.332Z,26.514417,86.72098,717.28,468.43,986.45,114.41,114.34,1.42,-3.09,40.0,41.51,40.36,-493.06,0.0,1.002,1.002,1.002,0.005,2,1.0,0.0,4449.787
2026-08-30T01:14:10.452Z,26.514335,86.721192,707.88,458.18,977.1,116.63,116.57,2.01,-2.48,39.9,39.87,38.61,-523.39,0.0,0.988,1.007,0.995,0.529,4,1.0,0.0,4450.906
2026-08-30T01:14:11.459Z,26.514258,86.721372,698.64,449.67,968.35,118.11,118.03,1.53,-1.64,39.72,40.1,38.86,-541.28,0.0,1.003,1.009,1.006,0.185,2,1.0,0.0,4451.907
2026-08-30T01:14:12.366Z,26.514187,86.721535,690.52,442.65,959.48,119.17,119.07,1.38,-1.35,39.65,40.22,38.99,-538.16,0.0,1.009,1.011,1.01,0.173,3,1.0,0.0,4452.805
2026-08-30T01:14:13.449Z,26.514099,86.721732,680.94,434.05,950.06,119.81,119.69,1.14,-1.76,39.61,40.29,39.07,-523.61,0.0,1.009,1.011,1.01,0.273,4,1.0,0.0,4453.908
2026-08-30T01:14:14.480Z,26.514013,86.721915,672.35,426.62,941.44,120.08,119.97,1.07,-2.07,39.6,40.36,39.12,-507.59,0.0,1.009,1.009,1.009,0.19,2,1.0,0.0,4454.924
2026-08-30T01:14:15.427Z,26.513932,86.722083,664.57,419.62,933.56,120.52,120.41,1.1,-2.13,39.62,40.42,39.16,-496.9,0.0,1.004,1.006,1.005,0.273,2,1.0,0.0,4455.871
2026-08-30T01:14:16.305Z,26.513855,86.722239,657.42,412.79,926.39,121.18,121.08,1.21,-2.01,39.65,40.52,39.24,-491.94,0.0,1.001,1.002,1.001,0.236,3,1.0,0.0,4456.746
2026-08-30T01:14:17.322Z,26.513764,86.722418,649.13,404.55,918.2,121.85,121.71,1.38,3.2,39.72,40.7,39.37,-490.04,0.0,1.0,1.001,1.0,0.106,2,1.0,0.0,4457.787
2026-08-30T01:14:18.455Z,26.513664,86.722622,639.91,395.02,908.86,119.93,119.74,1.18,3.64,39.83,40.86,39.54,-487.42,0.0,1.0,1.005,1.003,0.255,4,1.0,0.0,4458.912
2026-08-30T01:14:19.471Z,26.51358,86.722807,631.7,386.7,900.59,117.01,116.81,0.83,2.09,39.92,40.82,39.56,-482.78,0.0,1.007,1.008,1.007,0.49,2,1.0,0.0,4459.917
2026-08-30T01:14:20.369Z,26.513508,86.722971,624.54,379.2,893.32,115.7,115.58,0.22,-2.4,39.96,40.59,39.37,-474.81,0.0,1.002,1.004,1.003,0.398,3,1.0,0.0,4460.819
2026-08-30T01:14:21.491Z,26.513419,86.723173,616.41,370.08,886.19,117.18,117.1,-1.68,-0.38,39.82,39.71,38.57,-426.38,0.0,1.031,1.039,1.034,0.243,4,1.0,0.0,4461.924
2026-08-30T01:14:22.508Z,26.513338,86.723355,610.26,362.91,878.51,118.72,118.63,-1.92,1.14,39.49,38.77,37.64,-373.98,0.0,1.027,1.029,1.028,0.285,2,1.0,0.0,4462.951
2026-08-30T01:14:23.411Z,26.51327,86.723513,605.32,358.44,872.99,118.72,118.56,-1.74,4.25,39.07,37.97,36.89,-343.72,0.0,1.013,1.016,1.014,0.29,3,1.0,0.0,4463.845
2026-08-30T01:14:24.295Z,26.513208,86.723666,600.58,352.4,867.42,116.6,116.39,-1.61,5.31,38.59,37.27,36.23,-332.3,0.0,1.003,1.007,1.004,0.132,3,1.0,0.0,4464.731
2026-08-30T01:14:25.540Z,26.51313,86.72388,593.69,344.66,860.25,112.11,111.91,-1.56,1.94,37.84,36.33,35.32,-335.08,0.0,0.998,0.998,0.998,0.223,2,1.0,0.0,4465.979
2026-08-30T01:14:26.436Z,26.513079,86.724031,588.68,338.86,855.2,110.02,109.86,-1.35,1.86,37.28,35.7,34.71,-338.51,0.0,0.998,1.0,0.999,0.291,3,1.0,0.0,4466.871
2026-08-30T01:14:27.442Z,26.513026,86.724202,582.85,324.1,849.46,107.86,107.62,-1.01,2.18,36.65,35.12,34.12,-346.79,0.0,0.995,0.996,0.995,0.159,2,1.0,0.0,4467.888
2026-08-30T01:14:28.335Z,26.512981,86.724351,577.43,330.41,844.23,105.06,104.91,-1.15,1.05,36.08,34.53,33.75,-358.81,0.0,0.995,0.998,0.996,0.296,3,1.0,0.0,4468.793
2026-08-30T01:14:29.432Z,26.512931,86.724533,570.72,326.27,837.59,106.45,106.41,-1.2,1.57,35.42,33.8,32.91,-363.98,0.0,0.999,1.0,0.999,0.136,4,1.0,0.0,4469.907
2026-08-30T01:14:30.303Z,26.512896,86.724675,565.42,322.24,832.36,108.53,108.46,-1.28,3.22,34.87,33.21,32.4,-367.17,0.0,1.001,1.001,1.001,,1,1.0,0.0,4470.774
2026-08-30T01:14:31.420Z,26.512855,86.724856,558.42,315.11,826.04,108.86,108.69,-1.2,3.32,34.14,32.51,31.8,-375.34,0.0,0.996,1.0,0.997,0.164,4,1.0,0.0,4471.896
2026-08-30T01:14:32.356Z,26.512826,86.725005,552.4,309.47,820.61,106.71,106.49,-1.09,2.61,33.56,32.03,31.33,-383.46,0.0,0.996,0.999,0.997,0.196,3,1.0,0.0,4472.842
2026-08-30T01:14:33.465Z,26.512796,86.72518,545.23,302.7,812.82,102.94,102.71,-1.13,2.41,32.91,31.45,30.76,-387.04,0.0,1.001,1.003,1.002,0.017,2,1.0,0.0,4473.953
2026-08-30T01:14:34.405Z,26.512774,86.725327,539.14,297.87,806.51,99.86,99.64,-1.19,2.39,32.36,30.79,30.13,-389.12,0.0,1.002,1.003,1.003,0.169,3,1.0,0.0,4474.9
2026-08-30T01:14:35.316Z,26.512757,86.725467,533.06,290.53,800.5,97.6,97.44,-1.44,1.25,31.8,30.13,29.53,-396.92,0.0,0.999,0.999,0.999,,1,1.0,0.0,4475.809
2026-08-30T01:14:36.481Z,26.51274,86.725642,525.27,282.1,792.71,97.37,97.27,-1.68,0.74,31.06,29.34,28.75,-397.2,0.0,1.004,1.005,1.004,0.151,2,1.0,0.0,4476.979
2026-08-30T01:14:37.416Z,26.512729,86.72578,519.11,275.59,786.48,100.04,100.04,-1.47,0.8,30.44,28.2,27.63,-385.52,0.0,0.997,0.997,0.997,,1,1.0,0.0,4477.935
2026-08-30T01:14:38.409Z,26.51272,86.725919,513.65,269.87,780.32,102.93,102.82,-1.39,1.17,29.49,26.39,25.9,-340.1,0.0,0.954,0.975,0.964,0.404,3,1.0,0.0,4478.92
2026-08-30T01:14:39.395Z,26.512712,86.72605,507.98,264.47,774.69,103.18,103.08,-1.15,1.4,28.55,25.92,25.54,-367.68,0.0,0.946,0.953,0.949,0.398,3,1.0,0.0,4479.903
2026-08-30T01:14:40.347Z,26.512706,86.726175,501.31,258.14,768.69,103.96,103.86,-0.93,-0.79,27.75,25.44,25.09,-410.58,0.0,0.974,0.974,0.974,,1,1.0,0.0,4480.863
2026-08-30T01:14:41.335Z,26.512699,86.726303,493.8,250.65,761.04,104.25,104.13,-0.89,-1.01,27.0,24.97,24.59,-443.23,0.0,0.983,0.99,0.986,0.197,3,1.0,0.0,4481.855
2026-08-30T01:14:42.326Z,26.512692,86.726428,486.28,242.76,753.68,104.56,104.45,-1.05,-0.64,26.33,24.41,24.03,-436.99,0.0,0.998,1.028,1.011,1.024,3,1.0,0.0,4482.845
2026-08-30T01:14:43.477Z,26.512682,86.726569,478.96,236.59,745.29,105.23,105.14,-1.32,-2.41,25.55,23.65,23.21,-379.45,0.0,1.034,1.038,1.036,0.327,2,1.0,0.0,4484.002
2026-08-30T01:14:44.481Z,26.512672,86.726688,473.5,231.05,739.47,106.54,106.47,-1.47,-2.77,24.89,22.98,22.49,-339.06,0.0,1.017,1.023,1.021,0.21,3,1.0,0.0,4485.002
2026-08-30T01:14:45.452Z,26.512659,86.7268,468.52,226.19,734.46,109.36,109.33,-1.35,-2.72,24.26,22.4,21.89,-318.36,0.0,1.003,1.003,1.003,,1,1.0,0.0,4485.976
2026-08-30T01:14:46.484Z,26.512642,86.726915,463.23,221.16,729.18,111.02,110.93,-1.19,-2.35,23.6,21.82,21.22,-311.49,0.0,1.0,1.0,1.0,,1,1.0,0.0,4487.016
2026-08-30T01:14:47.465Z,26.512623,86.727019,458.18,214.93,724.18,112.58,112.56,-1.09,-2.45,23.02,21.19,20.57,-313.63,0.0,0.994,0.994,0.994,,1,1.0,0.0,4487.989
2026-08-30T01:14:48.447Z,26.512601,86.72712,452.91,209.55,719.04,115.44,115.33,-1.06,-1.69,22.41,20.64,19.98,-324.36,0.0,0.986,0.99,0.988,0.21,3,1.0,0.0,4488.973
2026-08-30T01:14:49.426Z,26.512576,86.727216,447.34,204.09,713.72,115.83,115.72,-1.28,-2.8,21.83,20.16,19.43,-337.34,0.0,0.995,0.996,0.996,0.131,3,1.0,0.0,4489.953
2026-08-30T01:14:50.395Z,26.512548,86.727308,441.59,198.22,707.28,116.44,116.34,-1.4,-3.03,21.29,19.67,18.84,-351.87,0.0,0.995,0.995,0.995,,1,1.0,0.0,4490.917
2026-08-30T01:14:51.391Z,26.512517,86.727398,435.48,191.77,701.34,117.22,117.12,-1.42,-2.39,20.75,19.12,18.25,-366.53,0.0,0.994,0.995,0.995,0.178,3,1.0,0.0,4491.91
2026-08-30T01:14:52.382Z,26.512483,86.727483,428.99,185.5,695.05,117.53,117.41,-1.39,-0.62,20.18,18.52,17.65,-386.82,0.0,0.996,0.999,0.998,0.014,3,1.0,0.0,4492.912
2026-08-30T01:14:53.357Z,26.512451,86.727563,422.41,179.01,688.12,117.42,117.29,-1.55,0.71,19.65,18.06,17.21,-402.02,0.0,0.995,0.995,0.995,,1,1.0,0.0,4493.884
2026-08-30T01:14:54.362Z,26.512418,86.727644,415.44,172.5,682.08,117.05,116.92,-1.31,0.78,19.12,17.59,16.76,-415.18,0.0,0.99,0.992,0.991,0.126,3,1.0,0.0,4494.89
2026-08-30T01:14:55.462Z,26.512384,86.727731,407.41,164.45,675.02,116.78,116.65,-1.15,0.23,18.57,17.18,16.36,-439.79,0.0,0.985,0.987,0.986,0.106,2,1.0,0.0,4495.998
2026-08-30T01:14:56.454Z,26.512355,86.727808,399.61,156.65,667.8,116.77,116.64,-1.37,-0.31,18.11,16.75,15.97,-460.81,0.0,0.988,0.988,0.988,,1,1.0,0.0,4496.993
2026-08-30T01:14:57.452Z,26.512326,86.727883,391.78,149.05,660.24,116.9,116.79,-2.28,-0.55,17.64,16.06,15.33,-452.73,0.0,0.995,1.007,0.999,1.173,3,1.0,0.0,4497.979
2026-08-30T01:14:58.431Z,26.512297,86.727953,385.27,142.3,652.99,117.08,116.96,-2.88,-0.37,17.08,15.19,14.43,-399.06,0.0,1.039,1.039,1.039,,1,1.0,0.0,4498.964
2026-08-30T01:14:59.419Z,26.51227,86.728019,379.6,136.5,646.55,117.23,117.11,-2.97,-0.07,16.43,14.21,13.48,-357.87,0.0,1.013,1.022,1.018,0.237,3,1.0,0.0,4499.952
2026-08-30T01:15:00.411Z,26.512243,86.72808,374.15,120.48,640.69,117.3,117.18,-2.74,0.26,15.71,13.41,12.65,-342.06,0.0,1.001,1.003,1.002,0.049,3,1.0,0.0,4500.958
2026-08-30T01:15:01.426Z,26.512218,86.728139,368.46,115.37,634.93,117.36,117.24,-2.47,0.35,14.97,12.65,11.86,-328.25,0.0,1.004,1.004,1.004,,1,1.0,0.0,4501.973
2026-08-30T01:15:02.429Z,26.512194,86.728194,364.23,121.62,629.71,117.48,117.36,-2.38,0.35,14.25,11.99,11.12,-250.15,0.0,1.059,1.063,1.061,0.196,3,1.0,0.0,4502.979
2026-08-30T01:15:03.460Z,26.51217,86.728246,361.55,119.19,625.73,117.62,117.5,-2.38,0.68,13.52,11.27,10.41,-174.77,0.0,1.033,1.033,1.033,,1,1.0,0.0,4504.024
2026-08-30T01:15:04.494Z,26.512148,86.728296,359.6,117.55,623.37,117.72,117.6,-2.3,1.25,12.79,10.65,9.76,-127.58,0.0,1.014,1.021,1.017,0.094,3,1.0,0.0,4505.065
2026-08-30T01:15:05.533Z,26.512127,86.728342,357.72,115.86,621.23,117.75,117.63,-1.69,1.24,12.12,10.15,9.29,-144.46,0.0,0.957,0.957,0.957,,1,1.0,0.0,4506.103
2026-08-30T01:15:06.643Z,26.512107,86.728389,353.33,111.49,617.88,117.7,117.57,-1.39,0.87,11.47,9.74,8.91,-249.88,0.0,0.927,0.927,0.927,,1,1.0,0.0,4507.213
2026-08-30T01:15:07.709Z,26.512088,86.728434,346.47,104.8,613.1,117.66,117.54,-1.35,0.45,10.92,9.37,8.59,-370.62,0.0,0.938,0.938,0.938,,1,1.0,0.0,4508.256
2026-08-30T01:15:08.324Z,26.512078,86.728459,341.56,99.94,610.16,117.67,117.55,-1.4,0.29,10.62,9.14,8.38,-435.74,0.0,0.95,0.95,0.95,,1,1.0,0.0,4508.904
2026-08-30T01:15:09.377Z,26.51206,86.728499,332.0,90.41,600.81,117.74,117.62,-1.54,0.33,10.14,8.73,8.0,-517.77,0.0,0.953,0.968,0.96,0.297,3,1.0,0.0,4509.938
2026-08-30T01:15:10.410Z,26.512044,86.728537,323.34,81.95,591.82,117.94,117.82,-1.4,0.81,9.69,8.42,7.61,-459.47,0.0,1.084,1.084,1.084,,1,1.0,0.0,4510.997
2026-08-30T01:15:11.466Z,26.512027,86.728574,317.57,76.33,584.28,118.1,117.98,-1.03,1.31,9.29,8.16,7.33,-335.56,0.0,1.075,1.077,1.076,0.089,3,1.0,0.0,4512.04
2026-08-30T01:15:12.529Z,26.512012,86.72861,314.41,73.34,579.12,118.2,118.08,-1.05,1.63,8.93,7.94,7.1,-189.1,0.0,1.075,1.075,1.075,,1,1.0,0.0,4513.111
2026-08-30T01:15:13.357Z,26.512001,86.728638,313.65,72.76,576.75,118.22,118.1,-1.04,1.63,8.68,7.76,6.94,-99.52,0.0,1.045,1.059,1.052,0.078,2,1.0,0.0,4513.945
2026-08-30T01:15:14.406Z,26.511987,86.728672,313.31,72.56,575.31,118.23,118.1,-0.28,1.34,8.42,7.76,6.93,-48.87,0.0,1.006,1.01,1.008,0.048,3,1.0,0.0,4514.983
2026-08-30T01:15:15.469Z,26.511974,86.728708,312.94,72.35,574.56,118.25,118.12,-0.06,0.98,8.23,7.86,7.03,-31.25,0.0,0.999,0.999,0.999,,1,1.0,0.0,4516.06
2026-08-30T01:15:16.620Z,26.511959,86.728746,312.52,71.79,574.02,118.29,118.17,-0.15,0.65,8.12,7.96,7.13,-25.0,0.0,0.999,0.999,0.999,,1,1.0,0.0,4517.205
2026-08-30T01:15:17.691Z,26.511944,86.728782,312.1,71.3,573.58,118.34,118.22,-0.31,0.71,8.06,7.99,7.15,-23.32,0.0,1.0,1.0,1.0,,1,1.0,0.0,4518.274
2026-08-30T01:15:18.349Z,26.511935,86.728804,311.85,71.04,573.32,118.36,118.24,-0.29,0.77,8.04,8.04,7.18,-23.2,0.0,0.999,0.999,0.999,,1,1.0,0.0,4518.926
2026-08-30T01:15:19.380Z,26.511919,86.728838,311.47,70.68,572.93,118.38,118.26,-0.19,0.88,8.03,8.08,7.23,-22.75,0.0,1.0,1.0,1.0,0.04,3,1.0,0.0,4519.954
2026-08-30T01:15:20.444Z,26.511902,86.728873,311.08,70.28,572.53,118.32,118.19,-0.26,0.9,8.04,8.14,7.29,-21.94,0.0,1.001,1.001,1.001,,1,1.0,0.0,4521.02
2026-08-30T01:15:21.469Z,26.511885,86.728907,310.71,69.88,572.15,117.4,117.23,-0.32,0.9,8.05,8.17,7.33,-21.0,0.0,1.0,1.001,1.0,0.068,3,1.0,0.0,4522.046
2026-08-30T01:15:22.537Z,26.511867,86.728942,310.35,69.51,571.78,116.03,115.87,-0.31,2.7,8.07,8.19,7.37,-20.42,0.0,1.0,1.0,1.0,,1,1.0,0.0,4523.113
2026-08-30T01:15:23.368Z,26.511854,86.72897,310.09,69.25,571.5,115.07,114.9,-0.27,2.94,8.08,8.2,7.4,-19.68,0.0,1.001,1.001,1.001,0.018,2,1.0,0.0,4523.947
2026-08-30T01:15:24.395Z,26.51184,86.729006,309.76,68.77,571.16,114.08,113.93,-0.12,2.78,8.11,8.29,7.51,-20.02,0.0,0.999,1.0,1.0,0.062,3,1.0,0.0,4524.971
2026-08-30T01:15:25.462Z,26.511828,86.729045,309.41,68.37,570.82,113.76,113.64,0.03,2.56,8.15,8.4,7.69,-20.15,0.0,1.0,1.0,1.0,,1,1.0,0.0,4526.033
2026-08-30T01:15:26.584Z,26.511817,86.729088,309.04,68.04,570.45,113.88,113.76,0.11,2.46,8.22,8.54,7.91,-19.5,0.0,1.0,1.0,1.0,,1,1.0,0.0,4527.159
2026-08-30T01:15:27.638Z,26.511809,86.729131,308.76,67.77,570.12,114.09,113.98,0.85,1.95,8.33,8.88,8.3,-19.03,0.0,0.997,0.997,0.997,,1,1.0,0.0,4528.21
2026-08-30T01:15:28.478Z,26.511803,86.729167,308.54,67.48,569.9,114.18,114.06,1.3,-0.35,8.47,9.24,8.62,-17.71,0.0,1.0,1.0,1.0,0.058,2,1.0,0.0,4529.041
2026-08-30T01:15:29.498Z,26.511793,86.729211,308.37,67.34,569.66,114.16,114.04,1.22,-1.95,8.72,9.76,9.02,-10.68,0.0,1.006,1.007,1.006,0.1,3,1.0,0.0,4530.061
2026-08-30T01:15:30.536Z,26.511777,86.729256,308.21,67.17,569.48,114.11,113.99,0.91,-2.43,9.03,10.17,9.42,-12.18,0.0,0.996,0.996,0.996,,1,1.0,0.0,4531.064
2026-08-30T01:15:31.342Z,26.511762,86.729291,307.81,66.7,569.27,114.07,113.95,0.49,-2.17,9.3,10.47,9.75,-27.64,0.0,0.98,0.989,0.984,0.519,2,1.0,0.0,4531.907
2026-08-30T01:15:32.358Z,26.511737,86.729335,306.98,65.84,568.71,114.07,113.95,0.02,-0.95,9.61,10.64,10.06,-48.36,0.0,0.994,0.999,0.996,0.25,3,1.0,0.0,4532.926
2026-08-30T01:15:33.409Z,26.511709,86.729379,305.27,63.98,567.65,114.07,113.95,-0.14,0.96,9.89,10.79,10.23,-94.4,0.0,0.971,0.971,0.971,,1,1.0,0.0,4533.981
2026-08-30T01:15:34.443Z,26.511681,86.729424,302.91,61.53,565.88,114.08,113.95,-0.13,2.25,10.13,10.91,10.26,-129.96,0.0,0.984,0.986,0.985,0.04,3,1.0,0.0,4535.004
2026-08-30T01:15:35.492Z,26.511653,86.72947,299.97,58.5,563.46,113.81,113.67,-1.85,3.51,10.25,10.39,9.76,-152.0,0.0,0.992,0.992,0.992,,1,1.0,0.0,4536.062
2026-08-30T01:15:36.620Z,26.51163,86.729519,296.67,55.11,560.42,113.51,113.39,-2.9,4.71,10.15,9.55,8.87,-170.96,0.0,0.992,0.992,0.992,,1,1.0,0.0,4537.191
2026-08-30T01:15:37.679Z,26.511614,86.729564,293.1,51.47,557.63,113.57,113.45,-2.75,2.37,9.86,8.72,8.1,-207.12,0.0,0.975,0.975,0.975,,1,1.0,0.0,4538.25
2026-08-30T01:15:38.328Z,26.511607,86.729589,290.43,48.75,555.22,113.66,113.54,-2.52,2.32,9.61,8.25,7.7,-237.04,0.0,0.972,0.972,0.972,,1,1.0,0.0,4538.895
2026-08-30T01:15:39.374Z,26.511598,86.729629,285.28,43.5,550.74,113.79,113.67,-2.59,2.46,9.11,7.43,7.05,-289.85,0.0,0.972,0.973,0.973,0.126,3,1.0,0.0,4539.938
2026-08-30T01:15:40.434Z,26.511593,86.729667,280.34,38.63,545.57,114.04,113.93,-2.8,1.91,8.49,6.48,6.16,-205.94,0.0,1.118,1.118,1.118,,1,1.0,0.0,4541.052
2026-08-30T01:15:41.297Z,26.511591,86.729694,279.81,38.18,542.9,114.2,114.08,-2.87,1.16,7.95,5.77,5.49,-78.76,0.0,1.092,1.123,1.108,0.091,2,1.0,0.0,4541.885
2026-08-30T01:15:42.336Z,26.511591,86.729723,280.52,38.88,541.89,114.25,114.13,-1.66,0.38,7.28,5.23,4.85,-2.42,0.0,1.011,1.027,1.018,0.169,3,1.0,0.0,4542.924
2026-08-30T01:15:43.411Z,26.511589,86.729749,281.27,39.61,542.04,114.23,114.11,-0.49,-3.61,6.67,5.08,4.35,21.2,0.0,0.998,0.998,0.998,,1,1.0,0.0,4543.993
2026-08-30T01:15:44.446Z,26.511581,86.729771,281.86,40.16,542.5,114.28,114.16,0.17,-2.54,6.24,5.26,4.64,27.19,0.0,1.0,1.003,1.002,0.016,3,1.0,0.0,4545.022
2026-08-30T01:15:45.501Z,26.511567,86.729791,282.51,40.77,543.07,114.34,114.22,1.79,-1.59,6.04,5.87,5.63,28.49,0.0,1.002,1.002,1.002,,1,1.0,0.0,4546.077
2026-08-30T01:15:46.608Z,26.511545,86.729814,283.12,41.34,543.7,114.44,114.32,2.14,1.92,6.11,6.83,6.58,33.63,0.0,1.004,1.004,1.004,,1,1.0,0.0,4547.161
2026-08-30T01:15:47.619Z,26.511524,86.72984,283.9,41.97,544.34,114.41,114.29,2.82,3.48,6.43,7.92,7.47,40.55,0.0,1.004,1.004,1.004,,1,1.0,0.0,4548.152
2026-08-30T01:15:48.412Z,26.511507,86.729864,284.52,42.4,544.91,114.3,114.17,3.06,4.88,6.82,8.82,8.23,44.41,0.0,1.003,1.006,1.004,0.033,2,1.0,0.0,4548.928
2026-08-30T01:15:49.386Z,26.511489,86.729902,285.33,43.15,545.67,114.07,113.94,3.09,4.71,7.46,9.96,9.35,48.32,0.0,1.005,1.006,1.005,0.066,3,1.0,0.0,4549.91
2026-08-30T01:15:50.335Z,26.511474,86.729945,286.17,43.93,546.46,113.83,113.7,3.07,4.06,8.19,11.03,10.48,53.05,0.0,1.007,1.007,1.007,,1,1.0,0.0,4550.847
2026-08-30T01:15:51.307Z,26.51146,86.729996,287.14,44.85,547.33,113.62,113.5,2.91,2.78,9.01,12.09,11.6,61.41,0.0,1.006,1.009,1.007,0.159,3,1.0,0.0,4551.804
2026-08-30T01:15:52.454Z,26.511443,86.730064,288.53,46.16,548.58,113.44,113.31,2.89,-1.66,10.07,13.28,12.7,56.01,0.0,0.976,1.012,1.001,1.209,4,1.0,0.0,4552.963
2026-08-30T01:15:53.404Z,26.511426,86.730124,288.82,46.38,549.36,113.38,113.26,2.8,-3.03,10.96,14.24,13.59,26.46,0.0,0.982,0.982,0.982,,1,1.0,0.0,4553.915
2026-08-30T01:15:54.377Z,26.511401,86.730187,288.77,46.25,550.0,113.46,113.34,2.35,-2.63,11.89,15.17,14.51,5.95,0.0,0.992,1.002,0.998,0.265,3,1.0,0.0,4554.896
2026-08-30T01:15:55.466Z,26.511367,86.730261,288.46,45.85,549.79,113.62,113.51,1.76,0.19,12.9,15.92,15.33,-5.66,0.0,0.992,1.005,0.999,0.08,2,1.0,0.0,4555.989
2026-08-30T01:15:56.483Z,26.511333,86.730331,288.28,45.61,549.57,113.68,113.56,0.02,3.47,13.73,16.26,15.57,-0.98,0.0,1.005,1.005,1.005,,1,1.0,0.0,4557.031
2026-08-30T01:15:57.498Z,26.5113,86.730405,288.32,45.62,549.46,113.59,113.47,-0.34,3.5,14.37,16.3,15.57,3.04,0.0,1.0,1.006,1.003,0.263,3,1.0,0.0,4558.04
2026-08-30T01:15:58.505Z,26.511272,86.730479,288.42,45.69,549.48,113.45,113.33,0.17,2.29,14.87,16.42,15.7,1.54,0.0,0.995,0.995,0.995,,1,1.0,0.0,4559.07
2026-08-30T01:15:59.350Z,26.51125,86.730543,288.42,45.7,549.51,113.32,113.2,0.53,-0.16,15.21,16.58,15.89,-1.35,0.0,0.997,0.999,0.998,0.228,2,1.0,0.0,4559.914
2026-08-30T01:16:00.395Z,26.511222,86.730623,288.4,45.68,549.51,113.24,113.12,0.63,-0.89,15.59,16.88,16.17,-1.02,0.0,1.002,1.004,1.003,0.229,3,1.0,0.0,4560.959
2026-08-30T01:16:01.447Z,26.511191,86.730704,288.41,45.72,549.51,113.29,113.17,0.61,-0.8,15.95,17.2,16.49,0.85,0.0,1.002,1.002,1.002,,1,1.0,0.0,4562.008
2026-08-30T01:16:02.480Z,26.511157,86.730785,288.47,45.82,549.54,113.4,113.28,0.59,0.24,16.29,17.5,16.81,3.55,0.0,1.0,1.003,1.002,0.247,3,1.0,0.0,4563.043
2026-08-30T01:16:03.524Z,26.511122,86.730866,288.59,45.99,549.61,113.48,113.36,0.46,1.06,16.62,17.77,17.08,7.16,0.0,1.003,1.003,1.003,,1,1.0,0.0,4564.084
2026-08-30T01:16:04.361Z,26.511093,86.730933,288.73,46.13,549.98,113.5,113.37,0.39,1.26,16.87,17.96,17.25,8.74,0.0,1.0,1.0,1.0,0.149,2,1.0,0.0,4564.932
2026-08-30T01:16:05.540Z,26.511054,86.731029,288.94,46.43,550.33,113.43,113.31,0.04,1.97,17.19,18.12,17.4,12.05,0.0,1.0,1.003,1.002,0.146,2,1.0,0.0,4566.11
2026-08-30T01:16:06.584Z,26.511021,86.731115,289.19,46.73,550.71,113.34,113.21,0.12,1.78,17.42,18.23,17.52,13.57,0.0,1.002,1.002,1.002,,1,1.0,0.0,4567.153
2026-08-30T01:16:07.398Z,26.510996,86.731183,289.39,46.98,550.74,113.26,113.14,0.24,1.59,17.58,18.35,17.64,14.42,0.0,1.001,1.001,1.001,0.116,2,1.0,0.0,4567.964
2026-08-30T01:16:08.435Z,26.510965,86.731272,289.69,47.32,551.23,113.18,113.06,0.35,1.47,17.78,18.52,17.83,15.67,0.0,1.0,1.002,1.001,0.123,3,1.0,0.0,4569.011
2026-08-30T01:16:09.493Z,26.510935,86.731363,289.97,47.62,551.24,113.13,113.0,0.4,1.52,17.97,18.72,18.04,16.14,0.0,1.001,1.001,1.001,,1,1.0,0.0,4570.05
2026-08-30T01:16:10.328Z,26.510911,86.731436,290.2,47.89,551.23,113.09,112.97,0.4,1.61,18.13,18.87,18.22,16.95,0.0,1.0,1.001,1.0,0.173,2,1.0,0.0,4570.878
2026-08-30T01:16:11.346Z,26.510883,86.731528,290.54,48.22,551.42,113.04,112.92,0.36,0.47,18.31,19.05,18.39,19.15,0.0,1.001,1.003,1.002,0.37,3,1.0,0.0,4571.91
2026-08-30T01:16:12.375Z,26.510855,86.73162,290.87,48.55,552.04,113.02,112.9,0.45,-0.83,18.5,19.26,18.56,19.31,0.0,1.001,1.001,1.001,,1,1.0,0.0,4572.927
2026-08-30T01:16:13.391Z,26.510825,86.731712,291.25,48.93,552.38,113.05,112.93,0.38,-0.65,18.69,19.42,18.73,22.78,0.0,1.003,1.003,1.003,0.106,3,1.0,0.0,4573.944
2026-08-30T01:16:14.411Z,26.510793,86.731803,291.69,49.38,552.54,113.12,113.0,0.6,-0.38,18.88,19.67,18.95,23.83,0.0,0.993,0.993,0.993,,1,1.0,0.0,4574.955
2026-08-30T01:16:15.559Z,26.510754,86.731908,292.16,49.77,553.2,113.21,113.09,0.8,-0.28,19.12,20.01,19.31,23.22,0.0,0.997,1.001,0.999,0.199,2,1.0,0.0,4576.106
2026-08-30T01:16:16.583Z,26.510717,86.732001,292.57,50.15,554.01,113.26,113.14,0.69,-0.44,19.36,20.34,19.62,24.7,0.0,1.0,1.0,1.0,,1,1.0,0.0,4577.13
2026-08-30T01:16:17.402Z,26.510686,86.732077,292.94,50.46,554.26,113.3,113.18,0.64,-0.2,19.57,20.57,19.87,27.01,0.0,1.002,1.003,1.003,0.24,2,1.0,0.0,4577.95
2026-08-30T01:16:18.413Z,26.510646,86.732171,293.45,50.89,554.33,113.33,113.21,0.63,-0.01,19.84,20.87,20.16,29.7,0.0,1.002,1.003,1.002,0.173,3,1.0,0.0,4578.967
2026-08-30T01:16:19.433Z,26.510605,86.732267,294.0,51.3,554.9,113.36,113.24,0.63,0.24,20.11,21.17,20.46,32.02,0.0,1.001,1.001,1.001,,1,1.0,0.0,4579.984
2026-08-30T01:16:20.446Z,26.510562,86.732363,294.6,51.78,555.69,113.37,113.25,0.65,1.16,20.38,21.45,20.74,35.59,0.0,1.002,1.004,1.003,0.275,3,1.0,0.0,4581.001
2026-08-30T01:16:21.457Z,26.51052,86.732462,295.23,52.25,556.16,113.34,113.22,0.67,1.16,20.66,21.75,21.03,35.84,0.0,0.998,0.998,0.998,,1,1.0,0.0,4582.01
2026-08-30T01:16:22.466Z,26.510478,86.732561,295.83,52.61,556.64,113.28,113.16,0.69,0.92,20.94,22.02,21.31,34.33,0.0,0.999,1.001,1.0,0.067,3,1.0,0.0,4583.027
2026-08-30T01:16:23.486Z,26.510436,86.732663,296.1,52.65,557.32,113.21,113.09,0.73,0.76,21.23,22.33,21.6,11.79,0.0,0.991,0.991,0.991,,1,1.0,0.0,4584.053
2026-08-30T01:16:24.324Z,26.510402,86.732747,295.88,52.21,557.19,113.17,113.05,0.75,0.88,21.46,22.56,21.83,-6.54,0.0,0.983,0.991,0.987,0.031,2,1.0,0.0,4584.879
2026-08-30T01:16:25.479Z,26.510354,86.732868,295.45,51.46,556.86,113.14,113.01,0.37,0.95,21.78,22.79,22.07,-14.93,0.0,0.997,1.001,0.999,0.066,2,1.0,0.0,4586.057
2026-08-30T01:16:26.533Z,26.510311,86.732977,295.13,50.87,556.52,113.08,112.96,-0.81,2.07,21.99,22.63,21.92,-10.78,0.0,1.005,1.005,1.005,,1,1.0,0.0,4587.1
2026-08-30T01:16:27.373Z,26.510279,86.733064,295.01,50.52,556.46,113.0,112.88,-1.14,2.19,22.07,22.37,21.65,-7.36,0.0,1.001,1.002,1.001,0.126,2,1.0,0.0,4587.925
2026-08-30T01:16:28.393Z,26.510242,86.733172,294.94,50.2,556.43,112.9,112.77,-0.96,2.0,22.07,22.06,21.35,-6.17,0.0,0.998,1.002,1.0,0.157,3,1.0,0.0,4588.96
2026-08-30T01:16:29.441Z,26.510207,86.733279,294.79,49.86,556.51,112.8,112.68,-0.85,0.02,21.98,21.75,21.06,-10.31,0.0,0.996,0.996,0.996,,1,1.0,0.0,4589.994
2026-08-30T01:16:30.442Z,26.510174,86.733382,294.55,49.43,556.04,112.78,112.66,-0.84,-0.35,21.85,21.49,20.78,-13.45,0.0,0.998,1.0,0.999,0.081,3,1.0,0.0,4591.001
2026-08-30T01:16:31.474Z,26.510139,86.733485,294.28,49.04,555.68,112.84,112.72,-0.79,-0.03,21.68,21.25,20.53,-14.83,0.0,0.997,0.997,0.997,,1,1.0,0.0,4592.035
2026-08-30T01:16:32.502Z,26.510104,86.733587,294.0,48.65,555.68,112.93,112.81,-0.8,0.25,21.49,20.98,20.28,-15.96,0.0,0.998,0.999,0.998,0.139,3,1.0,0.0,4593.058
2026-08-30T01:16:33.528Z,26.51007,86.733687,293.7,48.3,555.19,112.99,112.87,-0.82,0.32,21.28,20.75,20.03,-17.78,0.0,0.998,0.998,0.998,,1,1.0,0.0,4594.086
2026-08-30T01:16:34.352Z,26.510042,86.733766,293.45,48.04,554.88,113.01,112.89,-0.82,0.25,21.11,20.54,19.83,-18.35,0.0,1.001,1.002,1.001,0.053,2,1.0,0.0,4594.904
2026-08-30T01:16:35.510Z,26.510003,86.733876,293.07,47.65,554.81,113.02,112.9,-0.82,-0.5,20.86,20.28,19.56,-19.96,0.0,0.999,1.0,0.999,0.106,2,1.0,0.0,4596.058
2026-08-30T01:16:36.527Z,26.509967,86.73397,292.66,47.3,554.48,113.07,112.95,-0.87,-3.4,20.64,20.04,19.34,-24.99,0.0,0.997,0.997,0.997,,1,1.0,0.0,4597.093
2026-08-30T01:16:37.364Z,26.509935,86.734046,292.25,46.95,554.12,113.2,113.09,-0.96,-2.04,20.45,19.83,19.17,-25.52,0.0,1.002,1.006,1.004,0.088,2,1.0,0.0,4597.928
2026-08-30T01:16:38.395Z,26.509892,86.734136,291.82,46.59,553.45,113.44,113.33,-1.2,-0.32,20.21,19.53,18.92,-23.89,0.0,1.001,1.003,1.003,0.142,3,1.0,0.0,4598.968
2026-08-30T01:16:39.441Z,26.509847,86.734224,291.43,46.32,553.62,113.61,113.5,-1.4,0.8,19.94,19.16,18.55,-22.67,0.0,1.0,1.0,1.0,,1,1.0,0.0,4600.012
2026-08-30T01:16:40.483Z,26.509803,86.734311,291.03,46.06,553.02,113.66,113.54,-1.33,2.19,19.65,18.81,18.14,-23.22,0.0,0.998,1.004,1.001,0.367,3,1.0,0.0,4601.048
2026-08-30T01:16:41.520Z,26.509763,86.734396,290.6,45.81,552.97,113.59,113.46,-1.13,3.72,19.35,18.51,17.78,-25.48,0.0,0.999,0.999,0.999,,1,1.0,0.0,4602.08
2026-08-30T01:16:42.346Z,26.509734,86.734465,290.21,45.55,552.74,113.46,113.33,-1.01,3.43,19.11,18.28,17.55,-28.87,0.0,0.996,1.0,0.998,0.292,2,1.0,0.0,4602.898
2026-08-30T01:16:43.366Z,26.509702,86.734551,289.62,45.11,552.03,113.27,113.14,-0.92,1.96,18.82,17.93,17.28,-34.1,0.0,0.994,0.998,0.996,0.326,3,1.0,0.0,4603.918
2026-08-30T01:16:44.378Z,26.509673,86.734635,288.98,44.68,551.08,113.13,113.0,-1.15,1.79,18.53,17.66,17.0,-35.92,0.0,1.001,1.001,1.001,,1,1.0,0.0,4604.935
2026-08-30T01:16:45.535Z,26.509644,86.73473,287.82,43.64,550.04,113.02,112.9,-0.98,2.0,18.19,17.34,16.73,-85.74,0.0,0.937,0.996,0.967,0.922,2,1.0,0.0,4606.082
2026-08-30T01:16:46.540Z,26.50962,86.734813,284.7,40.67,548.17,112.92,112.8,-1.2,1.8,17.89,16.83,16.35,-177.01,0.0,0.952,0.952,0.952,,1,1.0,0.0,4607.197
2026-08-30T01:16:47.469Z,26.509601,86.734888,280.61,36.71,545.2,112.81,112.69,-3.66,1.07,17.49,15.75,15.46,-230.52,0.0,0.975,0.983,0.979,0.719,2,1.0,0.0,4608.038
2026-08-30T01:16:48.479Z,26.509583,86.734965,275.58,31.83,540.96,112.77,112.65,-6.92,-0.16,16.73,13.5,13.44,-267.5,0.0,0.988,0.995,0.992,0.32,3,1.0,0.0,4609.045
2026-08-30T01:16:49.509Z,26.509568,86.735031,270.2,26.57,536.02,112.91,112.8,-9.05,-2.15,15.46,10.45,10.46,-295.37,0.0,0.992,0.992,0.992,,1,1.0,0.0,4610.062
2026-08-30T01:16:50.322Z,26.509558,86.735072,265.82,22.3,531.84,113.19,113.08,-10.38,-2.8,14.07,7.76,7.75,-309.57,0.0,1.012,1.019,1.015,0.404,2,1.0,0.0,4610.867
2026-08-30T01:16:51.317Z,26.509546,86.735107,259.66,16.06,526.14,113.62,113.52,-11.1,-2.26,11.78,3.94,4.2,-390.23,0.0,0.956,0.978,0.967,0.351,3,1.0,0.0,4611.968
2026-08-30T01:16:52.437Z,26.509537,86.735125,250.33,6.83,518.68,114.06,113.95,-10.77,1.92,9.05,1.41,0.53,-401.34,1.0,0.981,0.981,0.981,,1,1.0,0.0,4613.124
2026-08-30T01:16:53.415Z,26.509535,86.735127,248.51,5.31,513.05,115.84,115.73,-7.69,2.76,6.94,0.0,1.47,-150.71,0.0,1.181,1.181,1.181,,1,1.0,0.0,4613.997
2026-08-30T01:16:54.486Z,26.509541,86.735117,248.72,5.49,510.87,115.69,115.56,-9.85,3.83,5.01,0.0,4.25,-44.02,1.0,1.015,1.015,1.015,,1,1.0,0.0,4615.094
2026-08-30T01:16:55.397Z,26.50955,86.735102,248.59,5.31,510.21,115.64,115.53,-6.88,1.8,3.81,0.0,1.76,-31.54,1.0,0.941,0.941,0.941,,1,1.0,0.0,4615.983
2026-08-30T01:16:56.537Z,26.509552,86.735096,248.49,5.2,509.8,115.84,115.72,-6.05,0.01,2.86,0.99,0.14,-15.71,1.0,0.974,0.974,0.974,,1,1.0,0.0,4617.122
2026-08-30T01:16:57.611Z,26.509552,86.735097,248.62,5.33,509.72,115.81,115.68,-2.71,-0.1,2.33,0.96,0.12,-10.6,1.0,0.999,0.999,0.999,,1,1.0,0.0,4618.182
2026-08-30T01:16:58.429Z,26.509552,86.735098,248.72,5.44,509.75,115.78,115.66,0.32,-0.18,2.03,0.77,0.01,-8.64,1.0,0.995,0.996,0.996,0.032,2,1.0,0.0,4619.002
2026-08-30T01:16:59.447Z,26.509551,86.735098,248.74,5.45,509.81,115.78,115.66,0.27,-0.17,1.69,0.75,0.0,-3.21,1.0,1.002,1.005,1.003,0.062,3,1.0,0.0,4620.017
2026-08-30T01:17:00.490Z,26.509551,86.735098,248.74,5.45,509.83,115.78,115.66,0.28,-0.17,1.44,0.73,0.0,-1.18,1.0,1.0,1.0,1.0,,1,1.0,0.0,4621.052
2026-08-30T01:17:01.323Z,26.509551,86.735098,248.74,5.45,509.83,115.78,115.66,0.27,-0.17,1.28,0.74,0.0,-0.53,1.0,1.0,1.007,1.004,7.905,2,1.0,0.0,4621.893
2026-08-30T01:17:02.358Z,26.509551,86.735098,248.74,5.45,509.84,115.78,115.66,0.29,-0.17,1.13,0.74,0.0,-0.17,1.0,1.0,1.001,1.001,0.031,3,1.0,0.0,4622.934
2026-08-30T01:17:03.406Z,26.509551,86.735098,248.74,5.45,509.84,115.78,115.66,0.29,-0.17,1.02,0.74,0.0,-0.05,1.0,1.0,1.0,1.0,,1,1.0,0.0,4623.972
2026-08-30T01:17:04.450Z,26.509551,86.735098,248.74,5.45,509.84,115.78,115.66,0.31,-0.17,0.95,0.75,0.0,0.08,1.0,1.0,1.0,1.0,0.062,3,1.0,0.0,4625.015
2026-08-30T01:17:05.486Z,26.509551,86.735098,248.74,5.45,509.84,115.78,115.66,0.31,-0.17,0.89,0.75,0.0,0.02,1.0,1.0,1.0,1.0,,1,1.0,0.0,4626.059
2026-08-30T01:17:06.602Z,26.509551,86.735098,248.75,5.46,509.84,115.78,115.66,0.33,-0.16,0.85,0.74,0.0,0.11,1.0,1.0,1.0,1.0,,1,1.0,0.0,4627.175
2026-08-30T01:17:07.651Z,26.509551,86.735098,248.75,5.46,509.85,115.78,115.66,0.27,-0.05,0.81,0.72,0.01,0.24,1.0,1.001,1.001,1.001,,1,1.0,0.0,4628.219
2026-08-30T01:17:08.494Z,26.509551,86.735098,248.75,5.47,509.85,115.79,115.67,0.27,0.1,0.79,0.76,0.03,0.85,1.0,1.0,1.0,1.0,0.344,2,1.0,0.0,4629.063
2026-08-30T01:17:09.306Z,26.509552,86.735098,248.82,5.53,509.87,116.03,115.92,0.73,0.12,0.78,0.72,0.01,1.88,1.0,0.999,1.0,1.0,0.056,2,1.0,0.0,4629.875
2026-08-30T01:17:10.351Z,26.509552,86.735098,248.85,5.56,509.92,115.99,115.84,0.93,-0.1,0.77,0.8,0.06,1.42,1.0,0.999,0.999,0.999,,1,1.0,0.0,4630.915
2026-08-30T01:17:11.368Z,26.509551,86.735099,249.26,5.99,510.06,115.15,115.01,3.56,0.28,0.81,0.84,0.1,11.91,1.0,1.011,1.017,1.014,1.088,3,1.0,0.0,4631.914
2026-08-30T01:17:12.361Z,26.509551,86.735099,249.4,6.11,510.35,114.69,114.55,3.4,1.21,0.78,0.72,0.1,3.91,1.0,0.983,0.983,0.983,,1,1.0,0.0,4632.883
2026-08-30T01:17:13.347Z,26.50955,86.7351,249.65,6.39,510.47,114.22,114.09,5.5,1.6,0.87,1.71,1.06,13.27,1.0,0.994,1.039,1.017,0.575,3,1.0,0.0,4633.847
2026-08-30T01:17:14.318Z,26.509548,86.735107,250.05,6.8,510.83,113.8,113.67,7.52,1.76,1.26,3.25,2.66,9.19,1.0,0.99,0.998,0.993,0.457,3,1.0,0.0,4634.803
2026-08-30T01:17:15.622Z,26.50954,86.735127,249.89,6.66,511.04,113.86,113.74,6.25,1.67,2.24,5.34,4.81,-7.53,1.0,0.993,0.997,0.995,1.605,2,1.0,0.0,4636.08
2026-08-30T01:17:16.336Z,26.509534,86.735143,249.38,6.2,510.86,113.94,113.82,3.55,1.57,2.92,6.16,5.59,-16.2,0.0,0.988,0.995,0.991,0.77,2,1.0,0.0,4636.842
2026-08-30T01:17:17.331Z,26.509524,86.73517,248.96,5.86,510.43,114.05,113.93,1.6,1.73,3.93,7.06,6.43,-11.8,0.0,1.004,1.004,1.004,,1,1.0,0.0,4637.951
2026-08-30T01:17:18.415Z,26.509513,86.735204,248.75,5.73,510.1,114.06,113.94,0.0,1.89,4.83,7.23,6.64,-5.7,0.0,1.003,1.005,1.004,0.051,3,1.0,0.0,4639.08
2026-08-30T01:17:19.619Z,26.509501,86.735243,248.6,5.68,509.86,113.98,113.86,-1.15,0.24,5.52,6.99,6.35,-3.53,0.0,1.0,1.0,1.0,,1,1.0,0.0,4640.251
2026-08-30T01:17:20.329Z,26.509494,86.735264,248.55,5.67,509.76,113.95,113.82,-1.27,0.32,5.77,6.72,6.08,-3.82,0.0,1.0,1.0,1.0,,1,1.0,0.0,4640.958
2026-08-30T01:17:21.450Z,26.509482,86.735296,248.44,5.64,509.64,113.92,113.8,-1.39,-0.31,5.96,6.27,5.63,-5.63,0.0,0.997,1.0,0.998,0.065,3,1.0,0.0,4642.065
2026-08-30T01:17:22.577Z,26.509468,86.735325,248.33,5.6,509.52,113.93,113.81,-1.3,1.09,5.98,5.83,5.19,-4.97,0.0,0.999,0.999,0.999,,1,1.0,0.0,4643.187
2026-08-30T01:17:23.445Z,26.509458,86.735345,248.29,5.63,509.45,113.44,113.29,-1.13,1.48,5.9,5.52,4.91,-4.3,0.0,1.0,1.001,1.001,0.07,2,1.0,0.0,4644.053
2026-08-30T01:17:24.573Z,26.509445,86.73537,248.3,5.71,509.41,112.72,112.58,0.32,1.41,5.78,5.56,4.94,-5.59,0.0,0.998,0.998,0.998,,1,1.0,0.0,4645.18
2026-08-30T01:17:25.823Z,26.509431,86.735398,248.24,5.72,509.38,112.16,112.02,0.99,1.21,5.75,5.92,5.35,-5.03,0.0,1.0,1.002,1.001,0.128,2,1.0,0.0,4646.413
2026-08-30T01:17:26.920Z,26.509419,86.735426,248.19,5.73,509.33,111.95,111.82,0.9,1.44,5.85,6.35,5.75,-2.67,0.0,1.001,1.001,1.001,,1,1.0,0.0,4647.515
2026-08-30T01:17:27.594Z,26.509411,86.735444,248.17,5.75,509.3,111.94,111.82,0.75,2.53,5.95,6.54,5.94,-1.3,0.0,1.001,1.001,1.001,,1,1.0,0.0,4648.196
2026-08-30T01:17:28.449Z,26.509402,86.735468,248.16,5.79,509.28,112.02,111.9,0.65,2.32,6.1,6.79,6.19,-0.7,0.0,0.999,0.999,0.999,0.17,2,1.0,0.0,4649.066
2026-08-30T01:17:29.582Z,26.509391,86.735503,248.12,5.81,509.25,112.15,112.03,0.4,1.38,6.32,7.01,6.42,-1.9,0.0,0.999,0.999,0.999,,1,1.0,0.0,4650.212
2026-08-30T01:17:30.477Z,26.509383,86.735531,248.07,5.81,509.21,112.21,112.09,0.34,1.28,6.49,7.13,6.53,-2.52,0.0,0.999,1.0,1.0,0.016,2,1.0,0.0,4651.099
2026-08-30T01:17:31.617Z,26.509372,86.735567,247.93,5.74,509.13,112.22,112.1,-0.95,0.01,6.65,6.96,6.35,-2.26,0.0,1.0,1.0,1.0,,1,1.0,0.0,4652.237
2026-08-30T01:17:32.496Z,26.509362,86.735594,247.86,5.71,509.04,112.27,112.15,-1.22,0.1,6.68,6.7,6.06,-2.76,0.0,0.999,1.0,0.999,0.077,2,1.0,0.0,4653.109
2026-08-30T01:17:33.729Z,26.509348,86.735628,247.8,5.72,508.95,112.37,112.25,-0.91,0.27,6.62,6.34,5.74,-3.49,0.0,1.002,1.002,1.002,,1,1.0,0.0,4654.383
2026-08-30T01:17:34.467Z,26.509339,86.735648,247.76,5.71,508.91,112.41,112.29,-0.71,0.29,6.54,6.22,5.64,-4.66,0.0,0.997,0.997,0.997,,1,1.0,0.0,4655.097
2026-08-30T01:17:35.740Z,26.509322,86.73568,247.67,5.68,508.83,112.48,112.36,-0.29,2.89,6.4,6.08,5.49,-3.91,0.0,0.999,1.0,0.999,0.326,2,1.0,0.0,4656.363
2026-08-30T01:17:36.885Z,26.509308,86.735708,247.69,5.73,508.8,112.47,112.35,-0.11,3.08,6.3,6.07,5.46,-1.05,0.0,1.001,1.001,1.001,,1,1.0,0.0,4657.507
2026-08-30T01:17:37.588Z,26.509301,86.735726,247.68,5.74,508.79,112.45,112.33,-0.13,2.86,6.25,6.1,5.48,-1.5,0.0,0.999,0.999,0.999,,1,1.0,0.0,4658.193
2026-08-30T01:17:38.453Z,26.509295,86.73575,247.79,5.9,508.8,112.44,112.32,-0.13,1.42,6.2,6.03,5.45,15.42,0.0,1.005,1.029,1.017,0.318,2,1.0,0.0,4659.076
2026-08-30T01:17:39.593Z,26.509286,86.73578,248.39,6.53,509.13,112.44,112.32,-0.95,-1.69,6.13,5.88,5.25,19.99,0.0,0.997,0.997,0.997,,1,1.0,0.0,4660.197
2026-08-30T01:17:40.461Z,26.509276,86.735801,248.14,6.26,509.3,112.45,112.33,-1.22,-1.5,6.03,5.63,5.11,-15.69,0.0,0.953,0.962,0.957,0.357,2,1.0,0.0,4661.079
2026-08-30T01:17:41.350Z,26.509265,86.73582,247.46,5.61,509.01,112.5,112.38,-2.1,1.66,5.87,4.88,4.33,-21.84,0.0,0.996,1.006,1.001,0.076,2,1.0,0.0,4661.965
2026-08-30T01:17:42.475Z,26.509253,86.73584,247.37,5.57,508.61,112.5,112.38,-2.56,3.35,5.42,3.81,3.16,-1.17,0.0,1.021,1.021,1.021,,1,1.0,0.0,4663.085
2026-08-30T01:17:43.349Z,26.509247,86.735853,247.66,5.88,508.62,112.52,112.4,-2.55,3.75,4.97,3.11,2.49,15.0,0.0,1.012,1.02,1.016,0.052,2,1.0,0.0,4663.938
2026-08-30T01:17:44.439Z,26.509246,86.735866,248.07,6.29,508.9,112.55,112.43,-2.34,1.39,4.33,2.37,1.92,14.75,0.0,0.994,0.994,0.994,,1,1.0,0.0,4665.031
2026-08-30T01:17:45.651Z,26.509246,86.735878,248.32,6.54,509.23,112.64,112.52,-0.49,-0.8,3.68,2.13,1.53,4.97,0.0,0.991,0.996,0.994,0.07,2,1.0,0.0,4666.237
2026-08-30T01:17:46.732Z,26.509244,86.735886,248.31,6.53,509.35,112.69,112.57,-0.45,-1.02,3.24,2.09,1.55,0.99,0.0,1.0,1.0,1.0,,1,1.0,0.0,4667.318
2026-08-30T01:17:47.394Z,26.509241,86.73589,248.32,6.56,509.38,112.7,112.58,0.23,0.11,3.05,2.32,1.87,-0.41,0.0,0.999,0.999,0.999,,1,1.0,0.0,4667.96
2026-08-30T01:17:48.432Z,26.509234,86.735897,248.45,6.69,509.47,112.73,112.61,2.21,1.93,2.94,3.02,2.54,-1.19,0.0,0.999,1.001,1.0,0.085,3,1.0,0.0,4668.989
2026-08-30T01:17:49.448Z,26.509226,86.735909,248.69,6.95,509.59,112.79,112.68,3.92,3.79,3.1,4.25,3.69,7.32,0.0,1.009,1.009,1.009,,1,1.0,0.0,4669.986
2026-08-30T01:17:50.435Z,26.509219,86.735928,248.94,7.21,509.82,112.79,112.67,4.28,3.71,3.56,5.66,5.18,9.88,0.0,1.003,1.004,1.003,0.034,3,1.0,0.0,4670.948
2026-08-30T01:17:51.377Z,26.509213,86.735953,249.11,7.39,510.02,112.72,112.59,3.91,0.97,4.23,6.9,6.43,10.76,0.0,1.003,1.003,1.003,,1,1.0,0.0,4671.876
2026-08-30T01:17:52.329Z,26.509205,86.735983,249.14,7.44,510.14,112.65,112.53,2.01,-0.59,5.01,7.8,7.24,11.23,0.0,1.001,1.002,1.001,0.062,3,1.0,0.0,4672.892
2026-08-30T01:17:53.368Z,26.509193,86.736021,249.27,7.6,510.26,112.61,112.49,1.72,-0.55,5.85,8.54,7.94,9.34,0.0,0.999,1.001,1.0,0.071,3,1.0,0.0,4673.942
2026-08-30T01:17:54.428Z,26.509177,86.736061,249.42,7.78,510.39,112.59,112.47,1.83,0.67,6.67,9.26,8.67,9.12,0.0,1.002,1.002,1.002,,1,1.0,0.0,4675.017
2026-08-30T01:17:55.588Z,26.509156,86.736108,249.66,8.03,510.57,112.57,112.45,1.94,1.23,7.51,10.02,9.45,12.95,0.0,1.001,1.006,1.003,0.042,2,1.0,0.0,4676.125
2026-08-30T01:17:56.611Z,26.509137,86.736154,249.96,8.36,510.81,112.51,112.39,1.13,3.57,8.26,10.46,9.92,20.12,0.0,1.004,1.004,1.004,,1,1.0,0.0,4677.21
2026-08-30T01:17:57.477Z,26.509123,86.736196,250.25,8.67,511.05,112.37,112.24,-0.11,3.42,8.79,10.67,10.09,26.95,0.0,1.003,1.007,1.005,0.011,2,1.0,0.0,4678.093
2026-08-30T01:17:58.357Z,26.50911,86.736239,250.72,9.15,511.4,112.28,112.16,-0.35,-0.27,9.21,10.61,10.03,29.77,0.0,1.001,1.002,1.002,0.242,2,1.0,0.0,4678.982
2026-08-30T01:17:59.495Z,26.509093,86.736295,251.26,9.71,511.92,111.65,111.47,-0.43,-0.95,9.59,10.52,9.9,27.73,0.0,0.998,0.998,0.998,,1,1.0,0.0,4680.112
2026-08-30T01:18:00.375Z,26.509077,86.736336,251.61,10.06,512.31,109.24,109.01,-0.49,-0.57,9.77,10.38,9.87,24.75,0.0,0.997,0.998,0.998,0.099,2,1.0,0.0,4680.984
2026-08-30T01:18:01.497Z,26.509054,86.736387,252.03,10.49,512.76,102.57,102.08,-0.51,2.04,9.87,9.88,9.78,24.11,0.0,0.999,0.999,0.999,,1,1.0,0.0,4682.103
2026-08-30T01:18:02.356Z,26.509035,86.736426,252.36,10.83,513.1,97.23,97.06,-0.61,2.7,9.82,9.57,9.49,22.66,0.0,1.0,1.001,1.001,0.065,2,1.0,0.0,4682.938
2026-08-30T01:18:03.400Z,26.509018,86.736473,252.69,11.16,513.47,95.21,95.01,-0.45,4.06,9.71,9.38,9.21,18.48,0.0,0.997,0.999,0.998,0.107,3,1.0,0.0,4683.978
2026-08-30T01:18:04.461Z,26.509006,86.736522,252.95,11.43,513.79,92.76,92.59,-0.34,4.81,9.59,9.22,8.94,14.22,0.0,0.999,0.999,0.999,,1,1.0,0.0,4685.03
2026-08-30T01:18:05.661Z,26.509,86.736576,253.05,11.55,514.02,92.02,91.87,-1.21,5.39,9.42,8.91,8.62,8.48,0.0,0.998,0.998,0.998,0.002,2,1.0,0.0,4686.234
2026-08-30T01:18:06.731Z,26.509002,86.736623,253.05,11.58,514.11,91.51,91.4,-1.72,-0.72,9.19,8.44,8.16,2.77,0.0,0.996,0.996,0.996,,1,1.0,0.0,4687.327
2026-08-30T01:18:07.404Z,26.509004,86.736652,253.01,11.56,514.12,91.63,91.52,-1.52,-1.48,9.02,8.11,7.8,-2.93,0.0,0.992,0.992,0.992,,1,1.0,0.0,4687.988
2026-08-30T01:18:08.455Z,26.509005,86.736694,252.86,11.43,514.05,91.92,91.81,-1.8,2.02,8.69,7.48,7.19,-4.92,0.0,1.001,1.003,1.002,0.049,3,1.0,0.0,4689.039
2026-08-30T01:18:09.545Z,26.509007,86.736733,252.63,11.22,513.9,92.11,92.0,-2.86,4.85,8.23,6.67,6.51,-7.83,0.0,1.0,1.0,1.0,,1,1.0,0.0,4690.129
2026-08-30T01:18:10.387Z,26.509013,86.736761,252.47,11.08,513.74,91.58,91.38,-2.96,4.87,7.79,5.85,5.98,-10.95,0.0,0.999,1.0,0.999,0.077,2,1.0,0.0,4690.969
2026-08-30T01:18:11.426Z,26.509022,86.73679,252.15,10.79,513.5,89.62,89.49,-3.55,-0.5,7.13,4.81,4.95,-14.78,0.0,0.999,0.999,0.999,0.048,3,1.0,0.0,4692.001
2026-08-30T01:18:12.477Z,26.509031,86.736813,251.77,10.41,513.19,89.58,89.46,-3.43,-3.95,6.34,3.68,3.4,-23.15,0.0,0.997,0.997,0.997,,1,1.0,0.0,4693.053
2026-08-30T01:18:13.298Z,26.509032,86.736827,251.35,10.0,512.86,89.86,89.75,-3.36,-2.26,5.66,2.92,2.7,-27.65,0.0,1.003,1.004,1.003,0.022,2,1.0,0.0,4693.866
2026-08-30T01:18:14.346Z,26.509029,86.736841,250.97,9.64,512.43,90.24,90.13,-1.32,2.76,4.84,2.41,2.21,-28.33,0.0,1.002,1.003,1.002,0.123,3,1.0,0.0,4694.932
2026-08-30T01:18:15.421Z,26.509027,86.736853,250.61,9.28,512.04,90.52,90.41,-0.3,7.75,4.15,2.33,2.32,-24.44,0.0,1.006,1.006,1.006,,1,1.0,0.0,4695.967
2026-08-30T01:18:16.501Z,26.509035,86.736864,250.33,9.02,511.68,90.34,90.19,0.4,6.77,3.65,2.46,3.72,-16.56,0.0,1.01,1.01,1.01,,1,1.0,0.0,4697.102
2026-08-30T01:18:17.632Z,26.509046,86.736877,250.15,8.85,511.45,89.67,89.52,0.58,-8.63,3.35,2.83,2.56,-16.53,0.0,1.0,1.0,1.0,,1,1.0,0.0,4698.221
2026-08-30T01:18:18.474Z,26.509047,86.736889,249.81,8.51,511.22,88.77,88.58,0.4,-5.7,3.25,2.98,3.53,-22.01,0.0,1.002,1.007,1.005,0.051,2,1.0,0.0,4699.081
2026-08-30T01:18:19.346Z,26.509038,86.736901,249.47,8.18,510.9,86.73,86.52,-0.11,1.31,3.18,2.94,4.0,-15.56,0.0,1.011,1.015,1.013,0.098,2,1.0,0.0,4699.983
2026-08-30T01:18:20.487Z,26.509025,86.736918,249.37,8.1,510.62,83.96,83.76,-0.79,10.02,3.08,2.66,2.65,-3.12,0.0,1.008,1.008,1.008,,1,1.0,0.0,4701.059
2026-08-30T01:18:21.327Z,26.509024,86.736929,249.37,8.09,510.54,81.75,81.55,-1.25,12.89,2.95,2.36,3.09,-1.78,0.0,1.012,1.012,1.012,0.056,2,1.0,0.0,4701.905
2026-08-30T01:18:22.358Z,26.509036,86.736939,249.26,8.0,510.44,81.17,81.05,-1.53,5.44,2.73,2.11,4.68,-4.95,0.0,1.006,1.01,1.008,0.134,3,1.0,0.0,4702.977
2026-08-30T01:18:23.473Z,26.509059,86.736947,249.42,8.18,510.46,81.64,81.53,1.52,-1.7,2.6,2.48,4.65,-4.11,0.0,1.005,1.005,1.005,,1,1.0,0.0,4704.055
2026-08-30T01:18:24.298Z,26.509075,86.736954,249.39,8.28,510.48,81.96,81.85,1.78,-1.2,2.61,2.95,4.32,-4.65,0.0,0.999,1.001,1.0,0.053,2,1.0,0.0,4704.855
2026-08-30T01:18:25.454Z,26.509094,86.73697,249.29,8.18,510.44,82.23,82.11,1.29,-0.23,2.81,3.57,4.28,-2.21,0.0,1.0,1.006,1.003,0.013,2,1.0,0.0,4706.048
2026-08-30T01:18:26.604Z,26.509109,86.736988,249.19,8.14,510.36,81.46,81.22,0.19,-0.18,3.08,3.9,4.14,-1.15,0.0,1.001,1.001,1.001,,1,1.0,0.0,4707.248
2026-08-30T01:18:27.332Z,26.509116,86.737001,249.15,8.07,510.31,78.97,78.68,0.04,-0.52,3.25,4.02,4.03,-1.77,0.0,0.997,0.997,0.997,,1,1.0,0.0,4707.979
2026-08-30T01:18:28.458Z,26.509122,86.737024,249.15,8.11,510.26,70.41,70.09,0.07,-0.53,3.47,4.04,4.16,0.32,0.0,1.002,1.003,1.002,0.067,3,1.0,0.0,4709.139
2026-08-30T01:18:29.706Z,26.509127,86.737051,249.2,8.18,510.28,65.79,65.55,0.26,2.49,3.65,4.11,4.35,1.51,0.0,1.001,1.001,1.001,,1,1.0,0.0,4710.379
2026-08-30T01:18:30.465Z,26.50913,86.737067,249.23,8.24,510.3,63.66,63.42,0.12,4.97,3.74,4.11,4.34,3.51,0.0,1.003,1.003,1.003,,1,1.0,0.0,4711.112
2026-08-30T01:18:31.388Z,26.509138,86.737086,249.25,8.26,510.33,60.91,60.67,-0.36,7.61,3.83,4.1,4.56,3.61,0.0,1.0,1.002,1.001,0.142,2,1.0,0.0,4712.028
2026-08-30T01:18:32.564Z,26.509158,86.737103,249.93,8.99,510.56,57.24,56.99,-0.23,8.04,3.9,4.14,5.67,41.38,0.0,1.026,1.026,1.026,,1,1.0,0.0,4713.178
2026-08-30T01:18:33.431Z,26.509179,86.737112,251.02,10.12,511.22,54.26,54.04,0.58,1.76,3.99,4.5,6.1,58.01,0.0,1.009,1.013,1.011,0.283,2,1.0,0.0,4714.051
2026-08-30T01:18:34.545Z,26.509207,86.737124,252.29,11.37,512.39,51.64,51.46,2.18,-3.43,4.24,5.29,6.1,54.51,0.0,0.992,0.992,0.992,,1,1.0,0.0,4715.125
2026-08-30T01:18:35.748Z,26.509236,86.737146,253.14,12.23,513.49,51.08,50.96,1.64,-0.62,4.67,6.07,6.58,45.6,0.0,0.998,0.999,0.998,0.021,2,1.0,0.0,4716.315
2026-08-30T01:18:36.836Z,26.50926,86.737171,253.85,12.98,514.29,51.32,51.21,-0.29,3.03,5.1,6.32,6.83,48.04,0.0,1.005,1.005,1.005,,1,1.0,0.0,4717.479
2026-08-30T01:18:37.560Z,26.509277,86.737187,254.31,13.28,514.79,51.45,51.32,-2.14,7.72,5.3,5.88,6.78,48.95,0.0,1.004,1.004,1.004,,1,1.0,0.0,4718.203
2026-08-30T01:18:38.474Z,26.509303,86.737202,254.81,13.78,515.35,51.33,51.21,-4.4,9.05,5.32,4.82,7.01,45.84,0.0,1.005,1.006,1.006,0.213,2,1.0,0.0,4719.123
2026-08-30T01:18:39.674Z,26.509341,86.737206,255.71,14.86,516.12,51.53,51.43,-2.61,3.1,4.95,3.7,7.24,41.74,0.0,1.002,1.002,1.002,,1,1.0,0.0,4720.324
2026-08-30T01:18:40.408Z,26.509365,86.737204,256.46,15.61,516.73,51.67,51.55,0.7,-0.84,4.69,3.65,6.86,40.04,0.0,0.997,0.997,0.997,,1,1.0,0.0,4721.015
2026-08-30T01:18:41.510Z,26.5094,86.737204,257.32,16.42,517.68,51.64,51.52,2.14,-2.43,4.45,4.19,6.27,36.28,0.0,0.996,1.0,0.998,0.08,3,1.0,0.0,4722.085
2026-08-30T01:18:42.560Z,26.50943,86.737211,257.81,16.89,518.37,51.7,51.58,1.26,-2.39,4.45,4.64,5.88,31.3,0.0,1.0,1.0,1.0,,1,1.0,0.0,4723.188
2026-08-30T01:18:43.464Z,26.509452,86.737222,258.1,17.18,518.8,51.78,51.67,-0.41,-2.28,4.51,4.76,5.48,30.1,0.0,1.003,1.003,1.003,0.066,2,1.0,0.0,4724.131
2026-08-30T01:18:44.413Z,26.509472,86.737237,258.45,17.51,519.18,51.82,51.7,-1.08,0.69,4.54,4.54,5.1,26.17,0.0,0.997,0.998,0.997,0.15,2,1.0,0.0,4725.052
2026-08-30T01:18:45.600Z,26.509493,86.737255,258.81,17.88,519.59,51.75,51.62,-2.87,3.29,4.39,3.64,4.47,26.43,0.0,1.002,1.002,1.002,,1,1.0,0.0,4726.238
2026-08-30T01:18:46.848Z,26.509516,86.737269,259.31,18.33,520.05,51.73,51.61,-2.5,2.93,4.0,2.73,3.92,22.48,0.0,0.996,0.996,0.996,,1,1.0,0.0,4727.5
2026-08-30T01:18:48.049Z,26.509536,86.737275,259.79,18.81,520.51,51.81,51.69,-0.84,1.91,3.54,2.43,3.8,18.05,0.0,0.997,0.997,0.997,,1,1.0,0.0,4728.686
2026-08-30T01:18:48.772Z,26.509549,86.737278,260.12,19.13,520.82,51.89,51.77,1.09,1.08,3.34,3.0,3.91,15.92,0.0,0.999,0.999,0.999,,1,1.0,0.0,4729.375
2026-08-30T01:18:49.449Z,26.509561,86.737281,260.37,19.4,521.1,51.93,51.81,2.14,-0.96,3.34,4.06,4.06,13.97,0.0,0.999,0.999,0.999,,1,1.0,0.0,4730.031
2026-08-30T01:18:50.523Z,26.509579,86.737292,260.63,19.6,521.46,51.97,51.85,2.81,-1.69,3.67,5.1,4.71,11.42,0.0,1.001,1.001,1.001,,1,1.0,0.0,4731.088
2026-08-30T01:18:51.359Z,26.509593,86.737307,260.78,19.73,521.66,52.0,51.87,2.53,-1.78,4.01,5.01,5.47,14.49,0.0,1.004,1.005,1.005,0.254,2,1.0,0.0,4731.926
2026-08-30T01:18:52.382Z,26.509607,86.737331,261.01,19.78,521.91,52.01,51.89,1.06,0.13,4.39,5.73,6.18,8.73,0.0,0.993,1.008,1.002,0.493,3,1.0,0.0,4733.057
2026-08-30T01:18:53.604Z,26.509627,86.737362,260.39,19.1,521.81,51.73,51.59,-2.52,8.5,4.74,5.31,5.83,-13.55,0.0,0.998,0.998,0.998,,1,1.0,0.0,4734.219
2026-08-30T01:18:54.510Z,26.509645,86.737379,259.88,18.55,521.41,51.46,51.33,-3.64,5.22,4.77,4.38,5.38,-23.16,0.0,1.0,1.002,1.001,0.106,2,1.0,0.0,4735.189
2026-08-30T01:18:55.732Z,26.509673,86.737391,259.26,17.91,520.81,51.36,51.24,-2.72,2.45,4.47,3.3,4.92,-30.55,0.0,0.999,0.999,0.999,,1,1.0,0.0,4736.375
2026-08-30T01:18:56.990Z,26.5097,86.737396,258.69,17.29,520.22,51.04,50.87,-1.71,-0.58,3.97,2.56,3.89,-31.46,0.0,1.001,1.001,1.001,,1,1.0,0.0,4737.647
2026-08-30T01:18:58.201Z,26.509721,86.7374,257.99,16.56,519.61,48.87,48.64,-1.9,-0.08,3.44,1.99,2.89,-35.25,0.0,0.998,0.998,0.998,,1,1.0,0.0,4738.856
2026-08-30T01:18:58.937Z,26.50973,86.737403,257.49,16.03,519.17,46.27,45.95,-2.21,0.44,3.11,1.55,2.33,-37.48,0.0,0.997,0.997,0.997,,1,1.0,0.0,4739.594
2026-08-30T01:18:59.675Z,26.509737,86.737406,257.01,15.56,518.7,44.0,43.82,-1.74,0.12,2.78,1.35,2.0,-39.0,0.0,1.001,1.001,1.001,,1,1.0,0.0,4740.312
2026-08-30T01:19:00.851Z,26.509747,86.737412,256.43,14.95,518.05,42.13,41.96,1.59,-0.91,2.41,1.81,2.31,-45.14,0.0,0.998,0.998,0.998,,1,1.0,0.0,4741.431
2026-08-30T01:19:01.512Z,26.509752,86.737417,255.92,14.43,517.63,40.79,40.56,2.02,-0.71,2.33,2.24,2.89,-46.92,0.0,1.001,1.001,1.001,,1,1.0,0.0,4742.091
2026-08-30T01:19:02.337Z,26.509759,86.737428,255.24,13.77,517.05,38.14,37.9,1.43,1.43,2.35,2.62,3.42,-44.5,0.0,1.003,1.006,1.005,0.015,2,1.0,0.0,4742.932
2026-08-30T01:19:03.446Z,26.509768,86.737445,254.54,13.04,516.25,31.67,31.22,0.76,2.46,2.48,2.87,3.87,-34.05,0.0,1.006,1.006,1.006,,1,1.0,0.0,4744.06
2026-08-30T01:19:04.332Z,26.509777,86.737461,254.15,12.63,515.74,23.77,23.45,0.25,2.48,2.55,2.83,3.83,-26.02,0.0,1.004,1.006,1.005,0.082,2,1.0,0.0,4744.959
2026-08-30T01:19:05.647Z,26.509794,86.737478,253.64,12.06,515.14,21.1,20.91,-0.78,3.41,2.63,2.76,3.61,-20.73,0.0,1.001,1.002,1.001,0.107,2,1.0,0.0,4746.298
2026-08-30T01:19:06.841Z,26.509811,86.737489,253.25,11.63,514.68,19.12,18.94,-0.9,2.39,2.63,2.54,3.32,-19.83,0.0,1.0,1.0,1.0,,1,1.0,0.0,4747.5
2026-08-30T01:19:07.587Z,26.509821,86.737495,253.03,11.4,514.43,18.01,17.83,-0.73,1.32,2.6,2.42,3.22,-18.17,0.0,1.003,1.003,1.003,,1,1.0,0.0,4748.244
2026-08-30T01:19:08.328Z,26.509832,86.7375,252.83,11.17,514.2,17.08,16.91,-0.62,1.31,2.55,2.33,3.16,-18.35,0.0,0.999,0.999,0.999,,1,1.0,0.0,4748.985
2026-08-30T01:19:09.533Z,26.509848,86.737508,252.47,10.78,513.85,15.45,15.27,-0.77,1.47,2.45,2.16,3.03,-16.88,0.0,0.999,0.999,0.999,,1,1.0,0.0,4750.202
2026-08-30T01:19:10.475Z,26.509859,86.737514,252.2,10.48,513.57,14.11,13.93,-1.22,2.31,2.35,1.92,2.77,-16.28,0.0,1.001,1.001,1.001,0.055,2,1.0,0.0,4751.136
2026-08-30T01:19:11.696Z,26.509873,86.737521,251.9,10.16,513.23,12.29,12.12,-1.36,-0.48,2.15,1.51,2.46,-12.57,0.0,1.002,1.002,1.002,,1,1.0,0.0,4752.351
2026-08-30T01:19:12.433Z,26.509881,86.737526,251.78,10.01,513.07,11.3,11.13,-1.26,-2.49,2.0,1.25,2.59,-12.23,0.0,1.001,1.001,1.001,,1,1.0,0.0,4753.095
2026-08-30T01:19:13.376Z,26.509888,86.737535,251.56,9.77,512.87,9.99,9.77,-1.39,4.22,1.75,0.79,2.19,-11.89,0.0,0.998,1.0,0.999,0.122,2,1.0,0.0,4754.024
2026-08-30T01:19:14.558Z,26.509896,86.737544,251.4,9.59,512.64,6.21,6.0,-1.48,5.0,1.38,0.23,1.26,-6.34,0.0,1.006,1.006,1.006,,1,1.0,0.0,4755.203
2026-08-30T01:19:15.918Z,26.509904,86.737545,251.38,9.56,512.53,5.08,4.95,-1.44,-0.92,0.92,0.0,0.83,-3.92,0.0,1.0,1.002,1.001,0.015,2,1.0,0.0,4756.575
2026-08-30T01:19:17.123Z,26.509908,86.737549,251.41,9.57,512.49,5.09,4.98,0.67,-0.46,0.64,0.0,1.46,-6.0,0.0,0.996,0.996,0.996,,1,1.0,0.0,4757.775
2026-08-30T01:19:17.860Z,26.509911,86.737553,251.36,9.5,512.49,5.34,5.23,0.85,5.01,0.52,0.0,1.34,-6.09,0.0,1.0,1.0,1.0,,1,1.0,0.0,4758.464
2026-08-30T01:19:18.539Z,26.509915,86.737555,251.29,9.43,512.45,5.54,5.43,0.76,5.82,0.42,0.0,1.57,-4.67,0.0,1.003,1.003,1.003,,1,1.0,0.0,4759.154
2026-08-30T01:19:19.659Z,26.509923,86.737553,251.25,9.38,512.38,5.71,5.6,0.7,-0.34,0.3,0.03,1.97,-2.53,0.0,1.0,1.0,1.0,,1,1.0,0.0,4760.355
2026-08-30T01:19:20.448Z,26.50993,86.737552,251.26,9.38,512.36,5.74,5.62,0.85,-2.2,0.27,0.35,2.26,-1.2,0.0,1.002,1.002,1.002,,1,1.0,0.0,4761.117
2026-08-30T01:19:21.398Z,26.509939,86.737555,251.22,9.31,512.35,5.76,5.64,0.69,2.11,0.36,0.8,2.6,-3.19,0.0,0.997,1.001,0.999,0.214,2,1.0,0.0,4762.068
2026-08-30T01:19:22.606Z,26.509953,86.737559,250.9,8.92,512.22,5.56,5.42,-1.55,6.55,0.5,0.68,2.42,-33.77,0.0,0.986,0.986,0.986,,1,1.0,0.0,4763.277
2026-08-30T01:19:23.368Z,26.509961,86.737557,249.52,7.48,511.66,5.32,5.19,-2.35,2.65,0.51,0.36,2.1,-79.43,0.0,0.95,0.95,0.95,,1,1.0,0.0,4764.069
2026-08-30T01:19:24.361Z,26.50997,86.737554,248.54,6.59,510.46,5.2,5.07,-2.2,-0.19,0.4,0.0,1.26,-28.02,0.0,1.07,1.084,1.077,0.626,2,1.0,0.0,4765.046
2026-08-30T01:19:25.618Z,26.509976,86.737553,249.0,7.05,510.07,5.07,4.95,-1.98,-2.23,0.27,0.0,1.06,8.94,0.0,1.007,1.007,1.007,,1,1.0,0.0,4766.301
2026-08-30T01:19:26.956Z,26.509978,86.737559,249.51,7.55,510.34,5.11,5.0,-1.49,5.01,0.18,0.0,0.06,15.76,0.0,1.001,1.001,1.001,,1,1.0,0.0,4767.634
2026-08-30T01:19:28.158Z,26.509978,86.737557,249.98,8.02,510.74,5.45,5.33,1.15,0.85,0.13,0.0,0.69,13.41,0.0,0.999,0.999,0.999,,1,1.0,0.0,4768.781
2026-08-30T01:19:28.861Z,26.509979,86.737555,250.19,8.22,510.98,5.5,5.38,1.89,-1.08,0.1,0.0,0.78,8.78,0.0,0.996,0.996,0.996,,1,1.0,0.0,4769.47
2026-08-30T01:19:29.549Z,26.509981,86.737555,249.93,7.9,511.1,5.5,5.38,1.94,-0.83,0.08,0.0,1.26,-44.43,0.0,0.939,0.939,0.939,,1,1.0,0.0,4770.141
2026-08-30T01:19:30.694Z,26.509987,86.737557,247.5,5.49,509.81,5.3,5.18,-0.45,0.18,0.06,0.0,0.01,-48.7,1.0,1.164,1.164,1.164,,1,1.0,0.0,4771.41
2026-08-30T01:19:31.735Z,26.509987,86.737557,247.44,5.45,509.01,5.29,5.17,-0.49,0.2,0.04,0.0,0.0,-18.1,1.0,1.011,1.011,1.011,,1,1.0,0.0,4772.395
2026-08-30T01:19:32.952Z,26.509987,86.737557,247.44,5.44,508.67,5.29,5.17,-0.5,0.21,0.03,0.0,0.0,-5.35,1.0,1.0,1.0,1.0,,1,1.0,0.0,4773.621
2026-08-30T01:19:33.709Z,26.509987,86.737557,247.44,5.44,508.6,5.29,5.17,-0.49,0.22,0.02,0.0,0.0,-2.5,1.0,1.0,1.0,1.0,,1,1.0,0.0,4774.374
2026-08-30T01:19:34.455Z,26.509987,86.737557,247.44,5.44,508.57,5.29,5.17,-0.5,0.22,0.02,1.62,0.0,-1.22,1.0,1.0,1.0,1.0,,1,1.0,0.0,4775.133
2026-08-30T01:19:35.698Z,26.509987,86.737557,247.44,5.44,508.55,5.29,5.17,-0.5,0.22,1.11,4.98,0.0,-0.34,1.0,1.0,1.0,1.0,,1,1.0,0.0,4776.368
2026-08-30T01:19:37.009Z,26.509987,86.737557,247.44,5.44,508.54,5.29,5.17,-0.5,0.22,2.53,5.34,0.01,-0.09,1.0,1.0,1.0,1.0,,1,1.0,0.0,4777.685
2026-08-30T01:19:38.214Z,26.509987,86.737557,247.44,5.44,508.54,5.29,5.17,-0.5,0.22,3.25,4.8,0.01,-0.03,1.0,1.0,1.0,1.0,,1,1.0,0.0,4778.878
2026-08-30T01:19:38.967Z,26.509987,86.737557,247.44,5.44,508.54,5.29,5.17,-0.5,0.22,3.74,5.94,0.01,-0.02,1.0,1.0,1.0,1.0,,1,1.0,0.0,4779.632
2026-08-30T01:19:39.720Z,26.509987,86.737557,247.44,5.44,508.54,5.29,5.17,-0.5,0.22,4.1,3.04,0.0,-0.0,1.0,1.0,1.0,1.0,,1,1.0,0.0,4780.391
2026-08-30T01:19:40.954Z,26.509987,86.737557,247.44,5.44,508.54,5.29,5.17,-0.5,0.22,3.58,2.01,0.0,0.0,1.0,1.0,1.0,1.0,,1,1.0,0.0,4781.622
2026-08-30T01:19:41.703Z,26.509987,86.737557,247.44,5.44,508.54,5.29,5.17,-0.49,0.22,3.15,0.86,0.0,-0.01,1.0,1.0,1.0,1.0,,1,1.0,0.0,4782.377
2026-08-30T01:19:42.465Z,26.509987,86.737557,247.44,5.44,508.54,5.29,5.17,-0.49,0.21,2.63,0.28,0.0,-0.01,1.0,1.0,1.0,1.0,,1,1.0,0.0,4783.133
2026-08-30T01:19:43.711Z,26.509987,86.737557,247.44,5.44,508.54,5.29,5.17,-0.5,0.21,1.84,0.0,0.0,-0.0,1.0,1.0,1.0,1.0,,1,1.0,0.0,4784.328
2026-08-30T01:19:44.412Z,26.509987,86.737557,247.44,5.44,508.54,5.29,5.17,-0.5,0.21,1.48,0.0,0.0,-0.0,1.0,1.0,1.0,1.0,,1,1.0,0.0,4785.025
2026-08-30T01:19:45.671Z,26.509987,86.737557,247.44,5.44,508.54,5.29,5.17,-0.5,0.21,1.02,0.0,0.0,-0.0,1.0,1.0,1.0,1.0,0.009,2,1.0,0.0,4786.254
2026-08-30T01:19:46.728Z,26.509987,86.737557,247.44,5.44,508.54,5.29,5.17,-0.49,0.21,0.74,0.0,0.0,0.0,1.0,1.0,1.0,1.0,,1,1.0,0.0,4787.289
2026-08-30T01:19:47.360Z,26.509987,86.737557,247.44,5.44,508.54,5.3,5.18,-0.51,0.21,0.62,0.0,0.0,-0.02,1.0,1.014,1.014,1.014,,1,1.0,0.0,4787.901
2026-08-30T01:19:48.349Z,26.509987,86.737557,247.44,5.44,508.54,5.3,5.18,-0.5,0.21,0.46,0.0,0.0,0.03,1.0,0.988,0.988,0.988,0.403,3,1.0,0.0,4788.866
2026-08-30T01:19:49.479Z,26.509987,86.737557,247.44,5.44,508.54,5.31,5.18,-0.49,0.21,0.33,0.0,0.0,-0.01,1.0,1.007,1.009,1.008,3.297,2,1.0,0.0,4789.967
2026-08-30T01:19:50.429Z,26.509987,86.737557,247.44,5.44,508.54,5.31,5.19,-0.49,0.21,0.25,0.0,0.0,-0.0,1.0,1.0,1.0,1.0,0.264,3,1.0,0.0,4790.908
2026-08-30T01:19:51.304Z,26.509987,86.737557,247.44,5.44,508.54,5.31,5.19,-0.49,0.21,0.19,0.0,0.0,-0.0,1.0,1.0,1.0,1.0,,1,1.0,0.0,4791.76
2026-08-30T01:19:52.405Z,26.509987,86.737557,247.44,5.44,508.54,5.31,5.19,-0.49,0.21,0.14,0.0,0.0,-0.0,1.0,1.0,1.0,1.0,0.004,4,1.0,0.0,4792.843
2026-08-30T01:19:53.280Z,26.509987,86.737557,247.44,5.44,508.54,5.31,5.19,-0.49,0.21,0.11,0.0,0.0,-0.0,1.0,1.0,1.0,1.0,0.006,3,1.0,0.0,4793.707
2026-08-30T01:19:54.454Z,26.509987,86.737557,247.44,5.44,508.54,5.31,5.19,-0.49,0.21,0.07,0.0,0.0,0.0,1.0,1.0,1.0,1.0,0.004,3,1.0,0.0,4794.856
2026-08-30T01:19:55.474Z,26.509987,86.737557,247.44,5.44,508.54,5.31,5.19,-0.49,0.21,0.05,0.0,0.0,0.0,1.0,1.0,1.0,1.0,0.003,3,1.0,0.0,4795.867
2026-08-30T01:19:56.376Z,26.509987,86.737557,247.44,5.44,508.54,5.31,5.19,-0.49,0.21,0.04,0.0,0.0,0.0,1.0,1.0,1.0,1.0,0.002,2,1.0,0.0,4796.756
2026-08-30T01:19:57.388Z,26.509987,86.737557,247.44,5.44,508.54,5.31,5.19,-0.49,0.21,0.03,0.0,0.0,-0.0,1.0,1.0,1.0,1.0,0.043,4,1.0,0.0,4797.761
2026-08-30T01:19:58.396Z,26.509987,86.737557,247.44,5.44,508.54,5.31,5.19,-0.51,0.21,0.02,0.0,0.0,-0.03,1.0,1.002,1.014,1.011,9.783,4,1.0,0.0,4798.756
2026-08-30T01:19:59.460Z,26.509987,86.737557,247.44,5.44,508.54,5.31,5.19,-0.5,0.21,0.02,0.0,0.0,-0.04,1.0,1.012,1.013,1.013,0.154,3,1.0,0.0,4799.813
2026-08-30T01:20:00.463Z,26.509987,86.737557,247.44,5.44,508.54,5.32,5.2,-0.49,0.21,0.01,0.0,0.0,-0.03,1.0,1.012,1.012,1.012,0.2,4,1.0,0.0,4800.821
2026-08-30T01:20:01.324Z,26.509987,86.737557,247.44,5.44,508.54,5.32,5.2,-0.49,0.21,0.01,0.0,0.0,-0.01,1.0,1.004,1.012,1.008,14.048,2,1.0,0.0,4801.692
2026-08-30T01:20:02.330Z,26.509987,86.737557,247.44,5.44,508.54,5.32,5.2,-0.49,0.21,0.01,0.0,0.0,0.0,1.0,1.003,1.007,1.004,5.41,4,1.0,0.0,4802.678
2026-08-30T01:20:03.317Z,26.509987,86.737557,247.44,5.44,508.54,5.32,5.2,-0.49,0.21,0.01,0.0,0.0,-0.0,1.0,1.0,1.002,1.001,0.307,4,1.0,0.0,4803.724
2026-08-30T01:20:04.509Z,26.509987,86.737557,247.44,5.44,508.54,5.32,5.2,-0.49,0.21,0.0,0.0,0.0,0.0,1.0,1.0,1.0,1.0,,1,1.0,0.0,4805.245
2026-08-30T01:20:05.353Z,26.509987,86.737557,247.44,5.44,508.54,5.32,5.2,-0.49,0.21,0.0,0.0,0.0,0.0,1.0,1.0,1.0,1.0,,1,1.0,0.0,4806.231
2026-08-30T01:20:06.753Z,26.509987,86.737557,247.44,5.44,508.54,5.32,5.2,-0.49,0.21,0.0,0.0,0.0,0.0,1.0,1.0,1.0,1.0,,1,1.0,0.0,4807.155
2026-08-30T01:20:07.512Z,26.509987,86.737557,247.44,5.44,508.54,5.32,5.2,-0.49,0.21,0.0,0.0,0.0,0.0,1.0,1.0,1.0,1.0,,1,1.0,0.0,4807.924
2026-08-30T01:20:08.373Z,26.509987,86.737557,247.44,5.44,508.54,5.32,5.2,-0.49,0.21,0.0,0.0,0.0,0.0,1.0,1.0,1.0,1.0,0.004,3,1.0,0.0,4808.775
2026-08-30T01:20:09.423Z,26.509987,86.737557,247.44,5.44,508.54,5.32,5.2,-0.49,0.2,0.0,0.0,0.0,0.0,1.0,1.0,1.0,1.0,0.001,4,1.0,0.0,4809.82
2026-08-30T01:20:10.337Z,26.509987,86.737557,247.44,5.44,508.54,5.32,5.2,-0.49,0.2,0.0,0.0,0.0,0.0,1.0,1.0,1.0,1.0,0.001,2,1.0,0.0,4810.724
2026-08-30T01:20:11.366Z,26.509987,86.737557,247.44,5.44,508.54,5.32,5.2,-0.49,0.2,0.0,0.0,0.0,0.0,1.0,1.0,1.0,1.0,0.002,4,1.0,0.0,4811.745
2026-08-30T01:20:12.393Z,26.509987,86.737557,247.44,5.44,508.54,5.32,5.2,-0.49,0.2,0.0,0.0,0.0,-0.01,1.0,1.0,1.0,1.0,0.004,4,1.0,0.0,4812.756
2026-08-30T01:20:13.465Z,26.509987,86.737557,247.44,5.44,508.54,5.32,5.2,-0.51,0.21,0.0,0.0,0.0,0.07,1.0,0.989,1.004,0.995,6.868,3,1.0,0.0,4813.828
2026-08-30T01:20:14.486Z,26.509987,86.737557,247.44,5.44,508.54,5.32,5.2,-0.49,0.2,0.0,0.0,0.0,-0.02,1.0,0.987,0.996,0.99,11.462,4,1.0,0.0,4815.01
2026-08-30T01:20:15.705Z,26.509987,86.737557,247.44,5.44,508.54,5.32,5.2,-0.49,0.2,0.0,0.0,0.0,-0.01,1.0,1.0,1.0,1.0,,1,1.0,0.0,4816.116
2026-08-30T01:20:16.508Z,26.509987,86.737557,247.44,5.44,508.54,5.32,5.2,-0.49,0.2,0.0,0.0,0.0,-0.0,1.0,1.0,1.0,1.0,,1,1.0,0.0,4816.955
2026-08-30T01:20:17.703Z,26.509987,86.737557,247.44,5.44,508.54,5.32,5.2,-0.49,0.2,0.0,0.0,0.0,-0.0,1.0,1.0,1.0,1.0,,1,1.0,0.0,4818.401
2026-08-30T01:20:18.486Z,26.509987,86.737557,247.44,5.44,508.54,5.32,5.2,-0.49,0.2,0.0,0.0,0.0,-0.0,1.0,1.0,1.0,1.0,,1,1.0,0.0,4819.154
2026-08-30T01:20:19.443Z,26.509987,86.737557,247.44,5.44,508.54,5.32,5.2,-0.49,0.2,0.0,0.0,0.0,0.0,1.0,1.0,1.0,1.0,0.001,2,1.0,0.0,4820.106
2026-08-30T01:20:20.668Z,26.509987,86.737557,247.44,5.44,508.54,5.32,5.2,-0.49,0.2,0.0,0.0,0.0,0.0,1.0,1.0,1.0,1.0,,1,1.0,0.0,4821.356
2026-08-30T01:20:21.449Z,26.509987,86.737557,247.44,5.44,508.54,5.32,5.2,-0.49,0.2,0.0,0.0,0.0,0.0,,1.0,1.0,1.0,,1,1.0,0.0,4822.312
2026-08-30T01:20:22.782Z,26.509987,86.737557,247.44,5.44,508.54,5.32,5.2,-0.49,0.2,0.0,0.0,0.0,0.0,1.0,1.0,1.0,1.0,,1,1.0,0.0,4823.312
2026-08-30T01:20:23.429Z,26.509987,86.737557,247.44,5.44,508.54,5.32,5.2,-0.49,0.2,0.0,0.0,0.0,0.0,1.0,,,,,1,1.0,0.0,4824.182
2026-08-30T01:20:24.429Z,26.509987,86.737557,247.44,5.44,508.54,5.32,5.2,-0.49,0.2,0.0,0.0,0.0,0.0,1.0,1.0,1.0,1.0,0.0,2,1.0,0.0,4824.954
2026-08-30T01:20:25.383Z,26.509987,86.737557,247.44,5.44,508.54,5.32,5.2,-0.49,0.2,0.0,0.0,0.0,0.0,1.0,1.0,1.0,1.0,,1,1.0,0.0,4825.882
2026-08-30T01:20:26.358Z,26.509987,86.737557,247.44,5.44,508.54,5.32,5.2,-0.49,0.2,0.0,0.0,0.0,0.0,1.0,1.0,1.0,1.0,,1,1.0,0.0,4826.837
2026-08-30T01:20:27.481Z,26.509987,86.737557,247.44,,508.54,5.32,5.2,-0.49,0.2,0.0,0.0,0.0,0.0,,1.0,1.0,1.0,0.001,4,1.0,0.0,4828.42
2026-08-30T01:20:28.829Z,26.509987,86.737557,247.44,5.44,508.54,5.32,5.2,-0.49,0.2,0.0,0.0,0.0,0.0,1.0,1.0,1.0,1.0,,1,1.0,0.0,4829.287
2026-08-30T01:20:29.349Z,26.509987,86.737557,247.44,5.44,508.54,5.32,5.2,-0.49,0.2,0.0,0.0,0.0,0.0,1.0,1.0,1.0,1.0,,1,1.0,0.0,4829.815
2026-08-30T01:20:30.481Z,26.509987,86.737557,247.44,5.44,508.54,5.32,5.2,-0.49,0.2,0.0,0.0,0.0,0.0,1.0,1.0,1.0,1.0,0.0,4,1.0,0.0,4830.982
2026-08-30T01:20:31.523Z,26.509987,86.737557,247.44,5.44,508.54,5.32,5.2,-0.49,0.2,0.0,0.0,0.0,0.0,1.0,1.0,1.0,1.0,,1,1.0,0.0,4831.984
2026-08-30T01:20:32.436Z,26.509987,86.737557,247.44,5.44,508.54,5.32,5.2,-0.49,0.2,0.0,0.0,0.0,0.0,1.0,1.0,1.0,1.0,0.0,3,1.0,0.0,4832.884
2026-08-30T01:20:33.333Z,26.509987,86.737557,247.44,5.44,508.54,5.32,5.2,-0.49,0.2,0.0,0.0,0.0,0.0,1.0,1.0,1.0,1.0,0.001,3,1.0,0.0,4833.762
2026-08-30T01:20:34.305Z,26.509987,86.737557,247.44,5.44,508.54,5.32,5.2,-0.49,0.2,0.0,0.0,0.0,0.0,1.0,1.0,1.0,1.0,0.0,2,1.0,0.0,4834.723
2026-08-30T01:20:35.367Z,26.509987,86.737557,247.44,5.44,508.54,5.32,5.2,-0.49,0.2,0.0,0.0,0.0,0.0,1.0,1.0,1.0,1.0,0.0,3,1.0,0.0,4835.785
2026-08-30T01:20:36.337Z,26.509987,86.737557,247.44,5.44,508.54,5.32,5.2,-0.49,0.2,0.0,0.0,0.0,0.0,1.0,1.0,1.0,1.0,0.0,2,1.0,0.0,4836.747
2026-08-30T01:20:37.399Z,26.509987,86.737557,247.44,5.44,508.54,5.32,5.2,-0.49,0.2,0.0,0.0,0.0,0.0,1.0,1.0,1.0,1.0,0.0,4,1.0,0.0,4837.815
2026-08-30T01:20:38.381Z,26.509987,86.737557,247.44,5.44,508.54,5.32,5.2,-0.49,0.2,0.0,0.0,0.0,0.0,1.0,1.0,1.0,1.0,0.0,2,1.0,0.0,4838.781
2026-08-30T01:20:39.432Z,26.509987,86.737557,247.44,5.44,508.54,5.32,5.2,-0.49,0.2,0.0,0.0,0.0,0.0,1.0,1.0,1.0,1.0,0.0,4,1.0,0.0,4839.848
2026-08-30T01:20:40.385Z,26.509987,86.737557,247.44,5.44,508.54,5.32,5.2,-0.49,0.2,0.0,0.0,0.0,0.0,1.0,1.0,1.0,1.0,0.0,2,1.0,0.0,4840.796
2026-08-30T01:20:41.446Z,26.509987,86.737557,247.44,5.44,508.54,5.32,5.2,-0.49,0.2,0.0,0.0,0.0,-0.0,1.0,1.0,1.0,1.0,0.0,4,1.0,0.0,4841.868
2026-08-30T01:20:42.409Z,26.509987,86.737557,247.44,5.44,508.54,5.32,5.2,-0.49,0.2,0.0,0.0,0.0,0.0,1.0,1.0,1.0,1.0,0.0,2,1.0,0.0,4842.814
2026-08-30T01:20:43.453Z,26.509987,86.737557,247.44,5.44,508.54,5.32,5.2,-0.49,0.2,0.0,,,,,1.0,1.0,1.0,0.0,4,,,4844.379
2026-08-30T01:20:44.883Z,26.509987,86.737557,247.44,5.44,508.54,5.32,5.2,-0.49,0.2,0.0,0.0,0.0,0.0,1.0,1.0,1.0,1.0,,1,1.0,0.0,4845.29
2026-08-30T01:20:45.676Z,26.509987,86.737557,247.44,5.44,508.54,5.32,5.2,-0.49,0.2,0.0,0.0,0.0,0.0,1.0,1.0,1.0,1.0,,1,1.0,0.0,4846.047
2026-08-30T01:20:46.376Z,26.509987,86.737557,247.44,5.44,508.54,5.32,5.2,-0.49,0.2,0.0,0.0,0.0,0.0,1.0,1.0,1.0,1.0,,1,1.0,0.0,4846.767
2026-08-30T01:20:47.406Z,26.509987,86.737557,247.44,5.44,508.54,5.32,5.2,-0.49,0.2,0.0,0.0,0.0,0.0,1.0,1.0,1.0,1.0,0.0,4,1.0,0.0,4847.791
2026-08-30T01:20:48.440Z,26.509987,86.737557,247.44,5.44,508.54,5.32,5.2,-0.49,0.2,0.0,0.0,0.0,-0.0,1.0,1.0,1.0,1.0,0.0,4,1.0,0.0,4848.811
2026-08-30T01:20:49.315Z,26.509987,86.737557,247.44,5.44,508.54,5.32,5.2,-0.51,0.2,0.0,0.0,0.0,0.08,1.0,1.001,1.009,1.005,22.441,2,1.0,0.0,4849.683
2026-08-30T01:20:50.330Z,26.509987,86.737557,247.44,5.44,508.54,5.33,5.2,-0.5,0.2,0.0,0.0,0.0,-0.04,1.0,0.995,1.011,1.006,10.619,4,1.0,0.0,4850.688
2026-08-30T01:20:51.327Z,26.509987,86.737557,247.44,5.44,508.54,5.33,5.21,-0.5,0.2,0.0,0.0,0.0,0.04,1.0,0.99,1.012,1.0,20.929,4,1.0,0.0,4851.681
2026-08-30T01:20:52.375Z,26.509987,86.737557,247.44,5.44,508.54,5.33,5.21,-0.5,0.2,0.0,0.0,0.0,0.03,1.0,0.988,0.988,0.988,0.087,3,1.0,0.0,4852.722
2026-08-30T01:20:53.362Z,26.509987,86.737557,247.44,5.44,508.54,5.33,5.21,-0.5,0.2,0.0,0.0,0.0,0.04,1.0,0.989,0.989,0.989,0.116,4,1.0,0.0,4853.713
2026-08-30T01:20:54.443Z,26.509987,86.737557,247.44,5.44,508.54,5.33,5.21,-0.49,0.2,0.0,0.0,0.0,-0.01,1.0,0.997,0.999,0.998,0.001,3,1.0,0.0,4854.815
2026-08-30T01:20:55.386Z,26.509987,86.737557,247.44,5.44,508.54,5.33,5.21,-0.49,0.2,0.0,0.0,0.0,-0.0,1.0,1.0,1.0,1.0,0.001,3,1.0,0.0,4855.732
2026-08-30T01:20:56.419Z,26.509987,86.737557,247.44,5.44,508.54,5.33,5.21,-0.49,0.2,0.0,0.0,0.0,-0.0,1.0,1.0,1.0,1.0,0.102,3,1.0,0.0,4856.772
2026-08-30T01:20:57.415Z,26.509987,86.737557,247.44,5.44,508.54,5.33,5.21,-0.49,0.2,0.0,0.0,0.0,-0.0,1.0,1.0,1.0,1.0,0.163,4,1.0,0.0,4857.764
2026-08-30T01:20:58.457Z,26.509987,86.737557,247.44,5.44,508.54,5.33,5.21,-0.49,0.2,0.0,0.0,0.0,-0.0,1.0,1.0,1.0,1.0,0.0,3,1.0,0.0,4858.807
2026-08-30T01:20:59.455Z,26.509987,86.737557,247.44,5.44,508.54,5.33,5.21,-0.49,0.2,0.0,0.0,0.0,-0.0,1.0,1.0,1.0,1.0,0.0,4,1.0,0.0,4859.755
2026-08-30T01:21:00.446Z,26.509987,86.737557,247.44,5.44,508.54,5.33,5.21,-0.49,0.2,0.0,0.0,0.0,-0.0,1.0,1.0,1.0,1.0,0.0,3,1.0,0.0,4860.792
2026-08-30T01:21:01.445Z,26.509987,86.737557,247.44,5.44,508.54,5.33,5.21,-0.49,0.2,0.0,0.0,0.0,-0.0,1.0,1.0,1.0,1.0,0.0,4,1.0,0.0,4861.793
2026-08-30T01:21:02.443Z,26.509987,86.737557,247.44,5.44,508.54,5.33,5.21,-0.49,0.2,0.0,0.0,0.0,-0.0,1.0,1.0,1.0,1.0,0.0,4,1.0,0.0,4862.793
2026-08-30T01:21:03.289Z,26.509987,86.737557,247.44,5.44,508.54,5.33,5.21,-0.49,0.2,0.0,0.0,0.0,0.0,1.0,1.0,1.0,1.0,0.0,2,1.0,0.0,4863.609
2026-08-30T01:21:04.456Z,26.509987,86.737557,247.44,5.44,508.54,5.33,5.21,-0.49,0.2,0.0,0.0,0.0,0.0,1.0,1.0,1.0,1.0,0.0,5,1.0,0.0,4865.336
