t,lat,lon,alt_ft,agl_ft,alt_ind_ft,hdg_true,hdg_mag,pitch,bank,ias_kt,tas_kt,gs_kt,vs_fpm,on_ground,g_min,g_max,g_rms,acc_y_rms,b_n,sim_rate,slew,sim_time
2026-08-30T22:31:26.513Z,65.148796,-149.359746,510.54,7.7,622.85,104.71,89.97,-0.54,0.55,0.0,0.0,0.0,0.02,1.0,1.0,1.0,1.0,0.03,6,1.0,0.0,81087.219
2026-08-30T22:31:27.680Z,65.148796,-149.359746,510.54,7.7,622.85,104.71,89.97,-0.55,0.55,0.0,0.0,0.0,0.01,1.0,1.0,1.0,1.0,0.027,3,1.0,0.0,81088.398
2026-08-30T22:31:29.005Z,65.148796,-149.359746,510.54,7.7,622.85,104.71,89.97,-0.54,0.55,0.0,0.0,0.0,-0.01,1.0,1.0,1.0,1.0,,1,1.0,0.0,81089.719
2026-08-30T22:31:29.814Z,65.148796,-149.359746,510.54,7.7,622.85,104.71,89.97,-0.55,0.55,0.0,0.0,0.0,0.0,1.0,1.0,1.0,1.0,,1,1.0,0.0,81090.531
2026-08-30T22:31:31.181Z,65.148796,-149.359746,510.54,7.7,622.85,104.71,89.97,-0.54,0.55,0.0,0.0,0.0,0.02,1.0,1.0,1.0,1.0,,1,1.0,0.0,81091.93
2026-08-30T22:31:32.026Z,65.148796,-149.359746,510.54,7.7,622.85,104.71,89.97,-0.54,0.55,0.0,0.0,0.0,-0.02,1.0,1.0,1.0,1.0,,1,1.0,0.0,81092.797
2026-08-30T22:31:33.434Z,65.148796,-149.359746,510.54,7.7,622.85,104.71,89.97,-0.55,0.55,0.0,0.0,0.0,0.0,1.0,1.0,1.0,1.0,,1,1.0,0.0,81094.195
2026-08-30T22:31:34.299Z,65.148796,-149.359746,510.54,7.7,622.85,104.71,89.97,-0.54,0.55,0.0,0.0,0.0,0.02,1.0,1.0,1.0,1.0,,1,1.0,0.0,81095.086
2026-08-30T22:31:35.767Z,65.148796,-149.359746,510.54,7.7,622.85,104.71,89.97,-0.54,0.55,0.0,0.0,0.0,-0.01,1.0,1.0,1.0,1.0,,1,1.0,0.0,81096.547
2026-08-30T22:31:37.295Z,65.148796,-149.359746,510.54,7.7,622.85,104.71,89.97,-0.54,0.55,0.0,0.0,0.0,-0.02,1.0,1.0,1.0,1.0,,1,1.0,0.0,81098.07
2026-08-30T22:31:38.667Z,65.148796,-149.359746,510.54,7.7,622.85,104.71,89.97,-0.55,0.55,0.0,0.0,0.0,-0.0,1.0,1.0,1.0,1.0,,1,1.0,0.0,81099.461
2026-08-30T22:31:39.555Z,65.148796,-149.359746,510.54,7.7,622.85,104.71,89.97,-0.54,0.55,0.0,0.0,0.0,0.02,1.0,1.0,1.0,1.0,,1,1.0,0.0,81100.328
2026-08-30T22:31:40.978Z,65.148796,-149.359746,510.54,7.7,622.85,104.71,89.97,-0.54,0.55,0.0,0.0,0.0,-0.01,1.0,1.0,1.0,1.0,,1,1.0,0.0,81101.789
2026-08-30T22:31:41.893Z,65.148796,-149.359746,510.54,7.7,622.85,104.71,89.97,-0.55,0.55,0.0,0.0,0.0,-0.01,1.0,1.0,1.0,1.0,,1,1.0,0.0,81102.625
2026-08-30T22:31:43.275Z,65.148796,-149.359746,510.54,7.7,622.85,104.71,89.97,-0.55,0.55,0.0,0.0,0.0,0.02,1.0,1.0,1.0,1.0,,1,1.0,0.0,81104.047
2026-08-30T22:31:44.138Z,65.148796,-149.359746,510.54,7.7,622.85,104.71,89.97,-0.54,0.55,0.0,0.0,0.0,-0.01,1.0,1.0,1.0,1.0,,1,1.0,0.0,81104.898
2026-08-30T22:31:45.546Z,65.148796,-149.359746,510.54,7.7,622.85,104.71,89.97,-0.55,0.55,0.0,0.0,0.0,-0.01,1.0,1.0,1.0,1.0,,1,1.0,0.0,81106.312
2026-08-30T22:31:47.035Z,65.148796,-149.359746,510.54,7.7,622.85,104.71,89.97,-0.55,0.55,0.0,0.0,0.0,0.01,1.0,1.0,1.0,1.0,,1,1.0,0.0,81107.812
2026-08-30T22:31:48.456Z,65.148796,-149.359746,510.54,7.7,622.85,104.71,89.97,-0.54,0.55,0.0,0.0,0.0,0.02,1.0,1.0,1.0,1.0,,1,1.0,0.0,81109.242
2026-08-30T22:31:49.339Z,65.148796,-149.359746,510.54,7.7,622.85,104.71,89.97,-0.54,0.55,0.0,0.0,0.0,-0.01,1.0,1.0,1.0,1.0,,1,1.0,0.0,81110.109
2026-08-30T22:31:50.777Z,65.148796,-149.359746,510.54,7.7,622.85,104.71,89.97,-0.55,0.55,0.0,0.0,0.0,-0.02,1.0,1.0,1.0,1.0,,1,1.0,0.0,81111.57
2026-08-30T22:31:51.673Z,65.148796,-149.359746,510.54,7.7,622.85,104.71,89.97,-0.55,0.55,0.0,0.0,0.0,0.02,1.0,1.0,1.0,1.0,,1,1.0,0.0,81112.445
2026-08-30T22:31:53.121Z,65.148796,-149.359746,510.54,7.7,622.85,104.71,89.97,-0.53,0.55,0.0,0.0,0.0,0.02,1.0,1.0,1.0,1.0,,1,1.0,0.0,81113.938
2026-08-30T22:31:54.040Z,65.148796,-149.359746,510.54,7.7,622.85,104.71,89.97,-0.54,0.55,0.0,0.0,0.0,-0.01,1.0,1.0,1.0,1.0,,1,1.0,0.0,81114.836
2026-08-30T22:31:55.471Z,65.148796,-149.359746,510.54,7.7,622.85,104.71,89.97,-0.55,0.55,0.0,0.0,0.0,-0.0,1.0,1.0,1.0,1.0,,1,1.0,0.0,81116.203
2026-08-30T22:31:56.301Z,65.148796,-149.359746,510.54,7.7,622.85,104.71,89.97,-0.54,0.55,0.0,0.0,0.0,0.01,1.0,1.0,1.0,1.0,,1,1.0,0.0,81117.062
2026-08-30T22:31:58.463Z,65.148796,-149.359746,510.54,7.7,622.85,104.71,89.97,-0.54,0.55,0.0,0.0,0.0,0.02,1.0,1.0,1.0,1.0,,1,1.0,0.0,81119.18
2026-08-30T22:31:59.728Z,65.148796,-149.359746,510.54,7.7,622.85,104.71,89.97,-0.55,0.55,0.0,0.0,0.0,-0.01,1.0,1.0,1.0,1.0,,1,1.0,0.0,81120.461
2026-08-30T22:32:00.556Z,65.148796,-149.359746,510.54,7.7,622.85,104.71,89.97,-0.54,0.55,0.0,0.0,0.0,0.02,1.0,1.0,1.0,1.0,,1,1.0,0.0,81121.297
2026-08-30T22:32:01.907Z,65.148796,-149.359746,510.54,7.7,622.85,104.71,89.97,-0.54,0.55,0.0,0.0,0.0,-0.02,1.0,1.0,1.0,1.0,,1,1.0,0.0,81122.641
2026-08-30T22:32:02.737Z,65.148796,-149.359746,510.54,7.7,622.85,104.71,89.97,-0.55,0.55,0.0,0.0,0.0,0.02,1.0,1.0,1.0,1.0,,1,1.0,0.0,81123.453
2026-08-30T22:32:04.073Z,65.148796,-149.359746,510.54,7.7,622.85,104.71,89.97,-0.54,0.55,0.0,0.0,0.0,-0.0,1.0,1.0,1.0,1.0,,1,1.0,0.0,81124.82
2026-08-30T22:32:04.916Z,65.148796,-149.359746,510.54,7.7,622.85,104.71,89.97,-0.55,0.55,0.0,0.0,0.0,-0.01,1.0,1.0,1.0,1.0,,1,1.0,0.0,81125.641
2026-08-30T22:32:06.256Z,65.148796,-149.359746,510.54,7.7,622.85,104.71,89.97,-0.54,0.55,0.0,0.0,0.0,0.01,1.0,1.0,1.0,1.0,,1,1.0,0.0,81126.961
2026-08-30T22:32:07.633Z,65.148796,-149.359746,510.54,7.7,622.85,104.71,89.97,-0.55,0.55,0.0,0.0,0.0,-0.02,1.0,1.0,1.0,1.0,,1,1.0,0.0,81128.32
2026-08-30T22:32:08.890Z,65.148796,-149.359746,510.54,7.7,622.85,104.71,89.97,-0.54,0.55,0.0,0.0,0.0,0.01,1.0,1.0,1.0,1.0,,1,1.0,0.0,81129.555
2026-08-30T22:32:09.635Z,65.148796,-149.359746,510.54,7.7,622.85,104.71,89.97,-0.55,0.55,0.0,0.0,0.0,0.0,1.0,1.0,1.0,1.0,,1,1.0,0.0,81130.297
2026-08-30T22:32:10.837Z,65.148796,-149.359746,510.54,7.7,622.85,104.71,89.97,-0.54,0.55,0.0,0.0,0.0,-0.02,1.0,1.0,1.0,1.0,,1,1.0,0.0,81131.5
2026-08-30T22:32:11.581Z,65.148796,-149.359746,510.54,7.7,622.85,104.71,89.97,-0.54,0.55,0.0,0.0,0.0,0.02,1.0,1.0,1.0,1.0,,1,1.0,0.0,81132.242
2026-08-30T22:32:12.332Z,65.148796,-149.359746,510.54,7.7,,104.71,89.97,-0.54,0.55,0.0,0.0,0.0,-0.02,1.0,1.0,1.0,1.0,,1,1.0,0.0,81133.062
2026-08-30T22:32:13.613Z,65.148796,-149.359746,510.54,7.7,622.85,104.71,89.97,-0.54,0.55,0.0,0.0,0.0,0.01,1.0,1.0,1.0,1.0,,1,1.0,0.0,81134.281
2026-08-30T22:32:14.363Z,65.148796,-149.359746,510.54,7.7,622.85,104.71,89.97,-0.55,0.55,0.0,0.0,0.0,0.0,1.0,1.0,1.0,1.0,,1,1.0,0.0,81135.016
2026-08-30T22:32:15.571Z,65.148796,-149.359746,510.54,7.7,622.85,104.71,89.97,-0.53,0.56,0.0,0.0,0.01,-0.02,1.0,1.0,1.0,1.0,,1,1.0,0.0,81136.219
2026-08-30T22:32:16.854Z,65.148796,-149.359746,510.54,7.7,622.85,104.71,89.96,-0.48,0.59,0.0,0.0,0.17,-0.14,1.0,1.0,1.0,1.0,,1,1.0,0.0,81137.5
2026-08-30T22:32:18.034Z,65.148796,-149.359743,510.53,7.71,622.85,104.71,89.97,-0.39,0.57,0.26,0.34,0.53,-0.18,1.0,0.999,0.999,0.999,,1,1.0,0.0,81138.688
2026-08-30T22:32:19.171Z,65.148795,-149.359735,510.52,7.72,622.84,105.38,90.68,-0.3,0.71,0.94,1.13,1.3,-1.44,1.0,0.999,1.001,1.0,0.077,3,1.0,0.0,81139.812
2026-08-30T22:32:20.383Z,65.148792,-149.359716,510.45,7.7,622.81,108.59,94.01,-0.33,0.74,2.2,2.44,2.43,-3.21,1.0,0.998,0.998,0.998,,1,1.0,0.0,81141.055
2026-08-30T22:32:21.140Z,65.148789,-149.359697,510.4,7.69,622.77,112.14,97.61,-0.49,0.69,3.03,3.3,3.07,-3.71,1.0,0.997,0.997,0.997,,1,1.0,0.0,81141.828
2026-08-30T22:32:22.125Z,65.148783,-149.359667,510.32,7.67,622.71,117.69,103.21,-0.55,0.78,4.18,4.47,3.97,-5.15,1.0,0.998,1.002,1.0,0.173,2,1.0,0.0,81142.812
2026-08-30T22:32:23.396Z,65.14877,-149.359619,510.21,7.66,622.61,129.09,115.05,-0.66,0.77,5.59,5.86,4.66,-3.49,1.0,1.003,1.003,1.003,,1,1.0,0.0,81144.117
2026-08-30T22:32:24.212Z,65.148757,-149.359591,510.19,7.7,622.56,143.42,129.52,-1.2,0.92,6.52,6.76,4.87,-1.84,1.0,1.003,1.003,1.003,,1,1.0,0.0,81144.906
2026-08-30T22:32:25.505Z,65.14873,-149.359567,510.31,7.67,622.56,172.38,158.47,-2.26,0.71,7.63,7.81,5.01,6.15,1.0,0.998,0.998,0.998,,1,1.0,0.0,81146.203
2026-08-30T22:32:26.291Z,65.148712,-149.359569,510.47,7.63,622.65,188.29,174.35,-2.0,0.42,7.92,7.98,4.94,12.33,1.0,1.001,1.001,1.001,,1,1.0,0.0,81146.961
2026-08-30T22:32:28.052Z,65.148674,-149.359611,510.85,7.67,623.0,216.23,202.01,-0.22,0.63,8.21,8.26,5.49,8.19,1.0,0.993,0.993,0.993,,1,1.0,0.0,81148.703
2026-08-30T22:32:28.791Z,65.148661,-149.359641,510.88,7.72,623.1,226.63,212.41,-0.65,1.04,8.32,8.4,5.87,6.08,1.0,0.991,0.991,0.991,,1,1.0,0.0,81149.422
2026-08-30T22:32:29.967Z,65.148642,-149.359704,511.02,7.78,623.22,243.35,229.19,-1.06,0.75,8.24,8.2,6.23,8.98,1.0,1.01,1.01,1.01,,1,1.0,0.0,81150.578
2026-08-30T22:32:30.673Z,65.148635,-149.359749,511.2,7.72,623.33,252.32,237.92,-1.39,0.31,8.1,8.07,6.37,15.51,1.0,0.995,0.995,0.995,,1,1.0,0.0,81151.281
2026-08-30T22:32:31.370Z,65.14863,-149.359797,511.45,7.68,623.51,258.87,244.5,-1.32,0.31,7.82,7.74,6.37,19.21,1.0,0.985,0.985,0.985,,1,1.0,0.0,81151.984
2026-08-30T22:32:32.507Z,65.148627,-149.359876,511.95,7.69,623.9,270.97,256.61,-1.26,0.64,7.25,7.2,6.41,21.44,1.0,1.013,1.013,1.013,,1,1.0,0.0,81153.133
2026-08-30T22:32:33.223Z,65.148629,-149.359925,512.09,7.65,624.14,276.22,261.6,-0.95,0.71,7.25,7.37,6.8,14.53,1.0,0.977,0.977,0.977,,1,1.0,0.0,81153.82
2026-08-30T22:32:34.095Z,65.148632,-149.359991,512.09,7.64,624.32,279.17,264.61,-0.47,0.6,7.74,7.92,7.56,1.59,1.0,0.979,0.996,0.988,0.192,2,1.0,0.0,81154.711
2026-08-30T22:32:35.243Z,65.148641,-149.360087,511.86,7.67,624.28,285.95,271.49,-0.6,0.58,8.55,8.68,8.72,-8.32,1.0,1.009,1.009,1.009,,1,1.0,0.0,81155.852
2026-08-30T22:32:36.504Z,65.14866,-149.360203,511.77,7.66,624.15,295.13,280.57,-0.89,0.6,9.1,9.22,9.68,-3.19,1.0,0.998,1.007,1.003,0.939,2,1.0,0.0,81157.102
2026-08-30T22:32:37.592Z,65.148682,-149.360308,511.74,7.71,624.1,297.7,283.07,-0.52,0.03,9.77,9.95,10.56,-4.89,1.0,1.005,1.005,1.005,,1,1.0,0.0,81158.188
2026-08-30T22:32:38.262Z,65.148698,-149.360376,511.68,7.68,624.06,300.26,285.68,-1.07,0.64,10.17,10.36,11.07,-4.18,1.0,0.999,0.999,0.999,,1,1.0,0.0,81158.844
2026-08-30T22:32:39.129Z,65.148721,-149.360466,511.56,7.66,623.99,302.83,288.11,-0.17,0.49,10.84,11.11,11.89,-11.98,1.0,0.986,0.999,0.993,3.685,2,1.0,0.0,81159.703
2026-08-30T22:32:40.192Z,65.148753,-149.360584,511.18,7.69,623.74,302.76,288.01,-0.86,-0.24,11.81,12.07,12.88,-11.98,1.0,1.017,1.017,1.017,,1,1.0,0.0,81160.766
2026-08-30T22:32:41.056Z,65.148781,-149.360687,511.12,7.64,623.58,302.48,287.73,0.01,-1.46,12.55,12.75,13.53,-7.19,1.0,0.998,1.015,1.007,1.162,2,1.0,0.0,81161.656
2026-08-30T22:32:42.146Z,65.148818,-149.360824,510.97,7.68,623.43,302.37,287.63,-0.3,-0.92,13.39,13.64,14.44,-12.06,1.0,0.989,1.0,0.994,0.966,3,1.0,0.0,81162.719
2026-08-30T22:32:43.219Z,65.148857,-149.360974,510.35,7.65,623.11,303.24,288.7,-0.34,1.33,14.52,14.81,15.72,-34.44,1.0,0.978,0.978,0.978,,1,1.0,0.0,81163.836
2026-08-30T22:32:44.092Z,65.148893,-149.361097,509.68,7.66,622.6,306.39,291.7,0.5,-0.49,15.46,15.8,16.73,-42.64,1.0,0.993,1.012,1.002,1.575,2,1.0,0.0,81164.672
2026-08-30T22:32:45.164Z,65.148944,-149.361256,508.79,7.69,621.79,307.36,292.61,-1.79,0.26,16.4,16.67,17.74,-25.61,1.0,0.978,1.049,1.006,2.888,3,1.0,0.0,81165.727
2026-08-30T22:32:46.204Z,65.148995,-149.361418,509.62,7.7,621.63,307.0,292.24,-1.78,-0.17,16.66,16.72,17.71,33.54,1.0,1.023,1.023,1.023,,1,1.0,0.0,81166.758
2026-08-30T22:32:47.295Z,65.149049,-149.361588,510.49,7.69,622.26,306.54,291.79,-0.58,-0.22,16.93,17.1,18.06,25.74,1.0,0.985,0.985,0.985,,1,1.0,0.0,81167.844
2026-08-30T22:32:48.309Z,65.149099,-149.361751,510.62,7.67,622.64,306.13,291.38,-1.43,-0.29,17.31,17.48,18.41,23.73,1.0,1.017,1.017,1.017,,1,1.0,0.0,81168.859
2026-08-30T22:32:49.133Z,65.149141,-149.361885,510.99,7.61,622.96,305.85,291.09,-0.34,-0.23,17.63,17.84,18.71,13.71,1.0,0.97,0.998,0.984,0.071,2,1.0,0.0,81169.672
2026-08-30T22:32:50.132Z,65.149191,-149.362055,510.33,7.65,622.97,305.3,290.53,-0.1,-0.58,18.25,18.46,19.41,-29.44,1.0,0.948,0.995,0.966,3.348,3,1.0,0.0,81170.703
2026-08-30T22:32:51.176Z,65.149245,-149.362237,509.87,7.68,622.51,305.03,290.27,-1.06,0.39,18.31,18.34,19.16,-15.51,1.0,1.039,1.039,1.039,,1,1.0,0.0,81171.75
2026-08-30T22:32:52.022Z,65.149288,-149.362383,509.65,7.66,622.26,304.71,289.96,-0.53,0.09,17.89,17.82,18.69,-14.81,1.0,0.972,1.012,0.992,0.921,2,1.0,0.0,81172.586
2026-08-30T22:32:53.063Z,65.149339,-149.362557,509.56,7.67,622.03,304.5,289.75,-0.41,-0.07,17.16,17.04,17.87,-11.34,1.0,1.001,1.005,1.003,1.039,3,1.0,0.0,81173.625
2026-08-30T22:32:54.092Z,65.149388,-149.362721,509.4,7.67,621.85,307.98,293.45,-1.0,0.43,16.11,15.92,16.97,-4.7,1.0,1.017,1.017,1.017,,1,1.0,0.0,81174.648
2026-08-30T22:32:55.105Z,65.149438,-149.362867,509.57,7.67,621.83,310.36,295.62,-0.98,0.02,15.01,14.88,15.96,4.15,1.0,0.998,1.013,1.006,0.439,3,1.0,0.0,81175.656
2026-08-30T22:32:56.214Z,65.14949,-149.363012,509.52,7.64,621.86,310.36,295.63,-0.83,0.2,13.99,13.88,15.01,-2.12,1.0,0.998,0.998,0.998,,1,1.0,0.0,81176.875
2026-08-30T22:32:57.443Z,65.149545,-149.363165,509.38,7.66,621.8,310.27,295.54,-0.47,-0.08,13.08,12.98,14.12,-7.0,1.0,0.994,0.994,0.994,,1,1.0,0.0,81178.031
2026-08-30T22:32:58.539Z,65.149591,-149.363293,509.24,7.67,621.67,310.3,295.56,-0.72,0.14,12.3,12.19,13.29,-5.65,1.0,0.99,0.99,0.99,,1,1.0,0.0,81179.133
2026-08-30T22:32:59.211Z,65.149618,-149.363368,509.2,7.67,621.61,310.31,295.58,-0.69,0.08,11.79,11.68,12.79,-4.92,1.0,1.013,1.013,1.013,,1,1.0,0.0,81179.812
2026-08-30T22:33:00.094Z,65.149652,-149.363463,509.12,7.65,621.53,310.3,295.55,-0.56,-0.0,11.18,11.08,12.2,-5.6,1.0,0.994,0.999,0.997,0.922,2,1.0,0.0,81180.688
2026-08-30T22:33:01.187Z,65.149691,-149.363573,509.02,7.67,621.42,310.26,295.51,-0.56,-0.26,10.46,10.37,11.47,-5.49,1.0,1.015,1.015,1.015,,1,1.0,0.0,81181.789
2026-08-30T22:33:02.048Z,65.149721,-149.363656,508.92,7.67,621.33,310.27,295.53,-0.58,-0.09,9.85,9.76,10.87,-6.83,1.0,0.994,0.995,0.994,0.483,2,1.0,0.0,81182.734
2026-08-30T22:33:03.212Z,65.149759,-149.363762,508.79,7.68,621.22,309.61,294.76,-0.59,-0.3,9.23,9.17,10.24,-7.53,1.0,0.989,1.015,1.0,1.048,3,1.0,0.0,81183.781
2026-08-30T22:33:04.227Z,65.149789,-149.363849,508.68,7.68,621.1,312.66,298.16,-0.51,0.23,8.46,8.29,9.58,-6.22,1.0,1.016,1.016,1.016,,1,1.0,0.0,81184.805
2026-08-30T22:33:05.056Z,65.149815,-149.36391,508.6,7.64,621.01,318.42,303.95,-0.36,0.25,7.66,7.49,9.06,-6.66,1.0,0.994,1.005,0.999,1.471,2,1.0,0.0,81185.789
2026-08-30T22:33:06.532Z,65.149863,-149.363997,508.44,7.66,620.86,327.78,313.3,-0.3,0.03,6.51,6.38,8.33,-6.97,1.0,1.006,1.008,1.007,1.691,2,1.0,0.0,81187.172
2026-08-30T22:33:07.713Z,65.149903,-149.364047,508.22,7.67,620.7,336.76,322.35,0.26,0.28,5.73,5.62,7.92,-11.4,1.0,0.99,0.99,0.99,,1,1.0,0.0,81188.359
2026-08-30T22:33:08.444Z,65.149928,-149.364069,508.02,7.67,620.55,342.76,328.3,0.62,0.5,5.39,5.32,7.82,-15.03,1.0,0.999,0.999,0.999,,1,1.0,0.0,81189.094
2026-08-30T22:33:09.182Z,65.149954,-149.364085,507.76,7.66,620.35,348.34,333.93,0.44,0.67,5.25,5.28,7.93,-17.76,1.0,0.988,0.988,0.988,,1,1.0,0.0,81189.828
2026-08-30T22:33:10.371Z,65.149998,-149.364095,507.39,7.69,620.0,1.28,346.98,0.39,0.88,5.36,5.45,8.39,-18.06,1.0,0.998,0.998,0.998,,1,1.0,0.0,81191.039
2026-08-30T22:33:11.120Z,65.150026,-149.364089,507.19,7.68,619.77,9.61,355.27,0.24,0.95,5.6,5.7,8.73,-16.25,1.0,1.005,1.005,1.005,,1,1.0,0.0,81191.766
2026-08-30T22:33:12.048Z,65.150063,-149.364067,507.03,7.68,619.55,16.68,1.95,-0.03,0.84,6.1,6.26,9.28,-11.53,1.0,1.002,1.004,1.003,0.716,2,1.0,0.0,81192.703
2026-08-30T22:33:13.250Z,65.150113,-149.36403,506.86,7.68,619.32,18.29,3.77,-0.46,0.41,6.83,6.98,10.02,-8.72,1.0,1.02,1.02,1.02,,1,1.0,0.0,81193.914
2026-08-30T22:33:14.197Z,65.150154,-149.363992,506.76,7.64,619.19,24.44,9.93,-0.45,0.24,7.36,7.49,10.49,-6.31,1.0,0.999,1.011,1.005,2.177,2,1.0,0.0,81194.859
2026-08-30T22:33:15.426Z,65.150207,-149.363927,506.66,7.68,619.06,31.15,16.63,-0.45,-0.27,7.81,7.92,10.82,-6.94,1.0,0.992,0.992,0.992,,1,1.0,0.0,81196.07
2026-08-30T22:33:16.155Z,65.150238,-149.36388,506.59,7.65,619.0,35.42,20.9,-0.5,-0.22,8.02,8.15,11.01,-6.71,1.0,1.009,1.009,1.009,,1,1.0,0.0,81196.805
2026-08-30T22:33:17.426Z,65.150289,-149.363785,506.44,7.66,618.88,38.22,23.48,-0.53,0.34,8.43,8.54,11.36,-6.06,1.0,0.967,0.967,0.967,,1,1.0,0.0,81198.078
2026-08-30T22:33:18.626Z,65.150339,-149.363692,506.36,7.69,618.76,38.81,24.11,-0.72,0.33,8.77,8.89,11.72,-6.63,1.0,1.014,1.014,1.014,,1,1.0,0.0,81199.273
2026-08-30T22:33:19.354Z,65.150369,-149.363632,506.27,7.65,618.69,39.78,25.08,-0.72,0.36,9.01,9.13,11.92,-4.01,1.0,0.996,0.996,0.996,,1,1.0,0.0,81200.0
2026-08-30T22:33:20.085Z,65.1504,-149.36357,506.24,7.68,618.63,40.55,25.85,-0.57,0.56,9.23,9.33,12.13,-4.17,1.0,1.02,1.02,1.02,,1,1.0,0.0,81200.758
2026-08-30T22:33:21.352Z,65.150454,-149.363459,506.14,7.66,618.54,41.37,26.66,-0.59,-0.54,9.59,9.69,12.45,-4.6,1.0,0.995,0.995,0.995,,1,1.0,0.0,81202.062
2026-08-30T22:33:22.151Z,65.150489,-149.363387,506.13,7.7,618.48,42.48,27.8,-0.86,-0.54,9.75,9.86,12.58,-1.99,1.0,1.03,1.03,1.03,,1,1.0,0.0,81202.797
2026-08-30T22:33:23.354Z,65.15054,-149.363272,506.13,7.65,618.46,43.48,28.75,-0.76,0.32,9.96,10.03,12.76,-0.19,1.0,0.989,0.989,0.989,,1,1.0,0.0,81204.023
2026-08-30T22:33:24.110Z,65.150572,-149.3632,506.15,7.67,618.46,43.34,28.61,-0.92,-0.0,10.07,10.15,12.86,2.49,1.0,1.009,1.009,1.009,,1,1.0,0.0,81204.758
2026-08-30T22:33:25.047Z,65.150613,-149.363108,506.23,7.67,618.5,43.26,28.54,-0.81,0.13,10.19,10.26,12.98,3.32,1.0,0.989,1.01,0.999,0.682,2,1.0,0.0,81205.703
2026-08-30T22:33:26.280Z,65.150667,-149.362989,506.37,7.69,618.58,43.08,28.3,-1.15,-0.52,10.28,10.32,13.04,7.17,1.0,0.999,0.999,0.999,,1,1.0,0.0,81206.93
2026-08-30T22:33:27.576Z,65.150724,-149.362861,506.57,7.68,618.75,43.02,28.29,-1.13,0.24,10.32,10.37,13.09,11.11,1.0,0.994,0.994,0.994,,1,1.0,0.0,81208.227
2026-08-30T22:33:28.772Z,65.150777,-149.362744,506.79,7.67,618.95,42.79,28.03,-1.23,-0.6,10.34,10.39,13.1,11.36,1.0,0.986,0.986,0.986,,1,1.0,0.0,81209.438
2026-08-30T22:33:29.521Z,65.150811,-149.362671,506.98,7.66,619.09,42.72,27.95,-1.17,-0.51,10.32,10.33,13.06,13.16,1.0,1.019,1.019,1.019,,1,1.0,0.0,81210.18
2026-08-30T22:33:30.262Z,65.150844,-149.362598,507.18,7.71,619.26,42.63,27.87,-1.46,-0.61,10.27,10.32,13.02,15.26,1.0,1.015,1.015,1.015,,1,1.0,0.0,81210.922
2026-08-30T22:33:31.478Z,65.150897,-149.362481,507.4,7.63,619.54,42.52,27.79,-1.1,-0.19,10.22,10.25,13.0,13.11,1.0,0.979,0.979,0.979,,1,1.0,0.0,81212.133
2026-08-30T22:33:32.218Z,65.15093,-149.362409,507.61,7.68,619.71,42.38,27.65,-1.22,-0.74,10.21,10.25,12.97,13.38,1.0,1.025,1.025,1.025,,1,1.0,0.0,81212.883
2026-08-30T22:33:33.162Z,65.150972,-149.362318,507.78,7.67,619.91,42.36,27.65,-1.24,0.11,10.16,10.2,12.96,13.54,1.0,0.995,1.006,1.001,1.153,2,1.0,0.0,81213.828
2026-08-30T22:33:34.376Z,65.151026,-149.362202,508.08,7.74,620.17,42.18,27.41,-1.01,-0.39,10.17,10.23,12.97,10.43,1.0,1.056,1.056,1.056,,1,1.0,0.0,81215.039
2026-08-30T22:33:35.121Z,65.151059,-149.362131,508.12,7.68,620.29,42.16,27.39,-0.94,0.01,10.23,10.31,13.06,6.86,1.0,0.986,0.986,0.986,,1,1.0,0.0,81215.773
2026-08-30T22:33:36.496Z,65.151121,-149.361997,508.17,7.68,620.44,42.05,27.34,-0.57,0.57,10.21,10.19,12.92,2.65,1.0,0.972,1.025,0.999,3.473,2,1.0,0.0,81217.164
2026-08-30T22:33:37.709Z,65.151175,-149.361884,508.13,7.66,620.47,42.38,27.7,-0.49,-0.73,9.63,9.54,12.21,-2.81,1.0,0.992,0.992,0.992,,1,1.0,0.0,81218.359
2026-08-30T22:33:38.446Z,65.151205,-149.361817,508.05,7.7,620.42,43.24,28.49,-0.4,-0.07,9.07,8.95,11.63,-6.62,1.0,1.02,1.02,1.02,,1,1.0,0.0,81219.109
2026-08-30T22:33:39.192Z,65.151235,-149.361751,507.87,7.61,620.34,43.37,28.61,-0.17,0.46,8.52,8.38,11.08,-9.02,1.0,0.977,0.977,0.977,,1,1.0,0.0,81219.828
2026-08-30T22:33:40.383Z,65.151278,-149.361653,507.63,7.67,620.14,43.36,28.61,-0.23,-0.26,7.69,7.57,10.25,-13.92,1.0,0.986,0.986,0.986,,1,1.0,0.0,81221.023
2026-08-30T22:33:41.117Z,65.151303,-149.361597,507.47,7.64,619.98,43.51,28.77,-0.24,0.44,7.18,7.06,9.76,-13.02,1.0,1.007,1.007,1.007,,1,1.0,0.0,81221.766
2026-08-30T22:33:42.034Z,65.151334,-149.361528,507.25,7.65,619.78,43.57,28.85,-0.16,0.27,6.54,6.39,9.05,-11.53,1.0,0.987,1.002,0.995,2.208,2,1.0,0.0,81222.68
2026-08-30T22:33:43.213Z,65.151368,-149.361451,506.97,7.65,619.52,43.96,29.24,-0.25,0.28,4.99,4.88,7.56,-13.45,1.0,0.98,0.98,0.98,,1,1.0,0.0,81223.977
2026-08-30T22:33:44.069Z,65.15139,-149.361402,506.85,7.66,619.34,44.13,29.38,0.34,-0.11,4.27,3.77,6.24,-12.65,1.0,1.029,1.029,1.029,,1,1.0,0.0,81224.75
2026-08-30T22:33:45.300Z,65.151414,-149.361344,506.63,7.67,619.1,44.59,29.82,-0.62,0.47,2.65,2.55,5.16,-8.69,1.0,0.991,0.991,0.991,,1,1.0,0.0,81225.984
2026-08-30T22:33:46.069Z,65.151428,-149.361314,506.51,7.65,618.98,40.31,24.98,0.36,0.12,1.84,1.56,4.38,-9.17,1.0,0.988,0.988,0.988,,1,1.0,0.0,81226.766
2026-08-30T22:33:47.431Z,65.151451,-149.361286,506.39,7.67,618.81,15.73,359.94,0.23,-0.39,0.1,0.0,2.79,-5.67,1.0,1.006,1.006,1.006,,1,1.0,0.0,81228.164
2026-08-30T22:33:48.767Z,65.151467,-149.36129,506.38,7.68,618.72,346.08,330.5,-0.2,-0.57,0.0,0.0,2.1,0.02,1.0,0.994,0.994,0.994,,1,1.0,0.0,81229.477
2026-08-30T22:33:49.576Z,65.151474,-149.3613,506.37,7.7,618.71,331.98,316.55,-0.73,-0.55,0.0,0.0,1.84,-1.53,1.0,0.979,0.979,0.979,,1,1.0,0.0,81230.242
2026-08-30T22:33:50.786Z,65.151481,-149.361317,506.38,7.65,618.71,313.85,298.61,-0.93,-0.68,0.19,0.3,1.43,0.77,1.0,0.988,0.988,0.988,,1,1.0,0.0,81231.438
2026-08-30T22:33:51.522Z,65.151484,-149.361327,506.41,7.65,618.72,305.16,290.01,-0.55,-0.34,0.46,0.51,1.27,0.28,1.0,0.992,0.992,0.992,,1,1.0,0.0,81232.18
2026-08-30T22:33:52.264Z,65.151486,-149.361337,506.41,7.62,618.73,297.48,282.35,-1.14,-0.25,0.73,0.86,1.21,1.06,1.0,0.992,0.992,0.992,,1,1.0,0.0,81232.898
2026-08-30T22:33:53.431Z,65.151487,-149.361353,506.45,7.61,618.76,285.96,270.84,-0.71,-0.07,1.34,1.43,1.19,1.1,1.0,0.987,0.987,0.987,,1,1.0,0.0,81234.047
2026-08-30T22:33:54.122Z,65.151487,-149.361362,506.49,7.63,618.78,278.73,263.62,-1.23,-0.27,1.65,1.86,1.29,1.89,1.0,0.998,0.998,0.998,,1,1.0,0.0,81234.742
2026-08-30T22:33:55.219Z,65.151487,-149.361378,506.54,7.64,618.82,271.39,256.44,-0.86,-0.5,2.33,2.4,1.44,2.48,1.0,0.992,1.007,0.999,1.994,3,1.0,0.0,81235.82
2026-08-30T22:33:56.327Z,65.151486,-149.361395,506.55,7.59,618.85,263.65,248.65,-1.52,-0.42,2.69,2.8,1.46,2.17,1.0,0.999,0.999,0.999,,1,1.0,0.0,81236.922
2026-08-30T22:33:57.488Z,65.151484,-149.361413,506.62,7.65,618.9,255.35,240.28,-1.33,-0.23,2.92,2.9,1.14,2.62,1.0,0.994,0.994,0.994,,1,1.0,0.0,81238.07
2026-08-30T22:33:58.566Z,65.151481,-149.361425,506.68,7.66,618.95,245.1,230.05,-1.66,-0.07,3.08,3.2,1.06,2.41,1.0,0.989,0.989,0.989,,1,1.0,0.0,81239.141
2026-08-30T22:33:59.214Z,65.151479,-149.361431,506.7,7.67,618.98,240.26,225.28,-1.15,-0.1,3.27,3.3,1.01,2.75,1.0,1.009,1.009,1.009,,1,1.0,0.0,81239.789
2026-08-30T22:34:00.062Z,65.151477,-149.361439,506.73,7.67,619.01,234.72,219.78,-1.25,-0.12,3.43,3.47,1.0,2.05,1.0,0.983,1.012,0.998,0.399,2,1.0,0.0,81240.625
2026-08-30T22:34:01.100Z,65.151473,-149.361447,506.76,7.65,619.05,230.48,215.66,-1.35,0.04,3.54,3.57,0.99,2.27,1.0,1.0,1.0,1.0,,1,1.0,0.0,81241.672
2026-08-30T22:34:02.137Z,65.15147,-149.361455,506.8,7.61,619.09,227.53,212.68,-1.39,0.26,3.67,3.74,1.11,2.74,1.0,0.998,1.0,0.999,0.708,3,1.0,0.0,81242.703
2026-08-30T22:34:03.172Z,65.151466,-149.361464,506.83,7.66,619.12,223.76,208.87,-1.1,0.38,3.99,4.08,1.37,2.2,1.0,1.008,1.008,1.008,,1,1.0,0.0,81243.727
2026-08-30T22:34:04.198Z,65.15146,-149.361474,506.88,7.69,619.16,219.3,204.48,-0.81,0.27,4.5,4.61,1.8,1.92,1.0,0.992,1.005,0.999,0.456,3,1.0,0.0,81244.742
2026-08-30T22:34:05.209Z,65.151453,-149.361487,506.92,7.66,619.2,218.29,203.55,-0.79,0.46,5.08,5.25,2.49,0.83,1.0,0.998,0.998,0.998,,1,1.0,0.0,81245.75
2026-08-30T22:34:06.355Z,65.151442,-149.361508,506.96,7.64,619.24,218.07,203.32,-1.16,0.19,6.15,6.4,3.6,2.68,1.0,0.99,1.014,1.002,4.191,2,1.0,0.0,81246.898
2026-08-30T22:34:07.375Z,65.151428,-149.361534,507.07,7.69,619.31,217.95,203.2,-2.09,0.3,7.2,7.51,4.73,5.62,1.0,1.001,1.001,1.001,,1,1.0,0.0,81247.93
2026-08-30T22:34:08.189Z,65.151414,-149.361561,507.19,7.66,619.4,218.08,203.36,-0.67,-0.0,8.21,8.44,5.69,7.79,1.0,0.984,1.003,0.993,2.64,2,1.0,0.0,81248.766
2026-08-30T22:34:09.046Z,65.151396,-149.361596,507.32,7.62,619.52,219.78,205.09,-1.39,0.02,9.36,9.74,6.98,9.37,1.0,0.999,1.0,1.0,1.486,2,1.0,0.0,81249.648
2026-08-30T22:34:10.143Z,65.151368,-149.361652,507.51,7.65,619.69,220.01,205.29,-0.9,0.19,11.1,11.53,8.82,9.83,1.0,1.002,1.002,1.002,,1,1.0,0.0,81250.766
2026-08-30T22:34:11.042Z,65.15134,-149.361709,507.7,7.65,619.85,220.72,206.0,-0.87,0.35,12.63,13.1,10.38,11.54,1.0,0.986,1.032,1.009,1.125,2,1.0,0.0,81251.609
2026-08-30T22:34:12.081Z,65.1513,-149.361791,507.91,7.67,620.05,221.36,206.62,-0.86,0.23,14.78,15.34,12.69,11.19,1.0,0.98,0.98,0.98,,1,1.0,0.0,81252.664
2026-08-30T22:34:13.151Z,65.151252,-149.361892,508.18,7.68,620.27,221.6,206.86,-1.11,0.28,17.41,18.11,15.44,13.2,1.0,1.0,1.014,1.005,0.245,3,1.0,0.0,81253.742
2026-08-30T22:34:14.262Z,65.151191,-149.362023,508.29,7.68,620.49,221.62,206.89,-0.58,0.27,20.58,21.35,18.72,8.4,1.0,0.971,0.971,0.971,,1,1.0,0.0,81254.836
2026-08-30T22:34:15.107Z,65.151135,-149.362141,508.32,7.72,620.57,221.34,206.58,-0.39,0.49,23.27,24.09,21.49,-0.9,1.0,0.977,1.009,0.993,1.133,2,1.0,0.0,81255.664
2026-08-30T22:34:16.267Z,65.151046,-149.362327,508.05,7.68,620.52,221.45,206.74,0.09,0.87,27.21,28.06,25.5,-13.32,1.0,0.995,0.999,0.997,2.992,2,1.0,0.0,81256.812
2026-08-30T22:34:17.308Z,65.150953,-149.362527,507.6,7.7,620.24,223.5,208.78,-0.42,0.14,30.82,31.75,29.21,-20.97,1.0,0.986,0.986,0.986,,1,1.0,0.0,81257.852
2026-08-30T22:34:18.134Z,65.15087,-149.362715,507.16,7.7,619.91,223.24,208.45,0.06,0.74,33.97,34.91,32.35,-28.76,1.0,0.972,1.015,0.994,0.239,2,1.0,0.0,81258.719
2026-08-30T22:34:19.192Z,65.150752,-149.362976,506.64,7.69,619.39,222.1,207.35,-0.49,0.17,37.78,38.79,36.17,-29.48,1.0,1.002,1.03,1.018,3.375,3,1.0,0.0,81259.742
2026-08-30T22:34:20.210Z,65.150624,-149.36325,506.24,7.7,618.93,221.19,206.42,-0.88,0.01,41.42,42.42,39.81,-18.18,1.0,1.013,1.013,1.013,,1,1.0,0.0,81260.758
2026-08-30T22:34:21.026Z,65.15051,-149.363485,506.2,7.69,618.71,221.09,206.33,-0.56,0.1,44.32,45.25,42.68,-6.46,1.0,1.015,1.021,1.018,0.46,2,1.0,0.0,81261.562
2026-08-30T22:34:22.023Z,65.15036,-149.363797,506.44,7.69,618.68,221.81,207.09,-0.71,0.19,47.75,48.67,46.08,10.03,1.0,0.989,1.03,1.005,4.008,3,1.0,0.0,81262.562
2026-08-30T22:34:23.213Z,65.150168,-149.36421,506.86,7.73,618.94,221.92,207.16,-0.77,-0.29,51.77,52.73,50.15,11.45,1.0,0.99,0.992,0.991,2.252,2,1.0,0.0,81263.758
2026-08-30T22:34:24.056Z,65.150021,-149.364523,506.59,7.7,619.02,221.55,206.8,-0.25,-0.12,54.89,55.86,53.3,-19.15,1.0,0.96,0.97,0.965,2.903,2,1.0,0.0,81264.641
2026-08-30T22:34:25.103Z,65.149827,-149.364935,505.58,7.69,618.55,222.29,207.57,-0.46,-0.4,58.38,59.39,56.82,-44.06,1.0,0.995,0.995,0.995,,1,1.0,0.0,81265.641
2026-08-30T22:34:26.226Z,65.149606,-149.365417,504.85,7.7,617.74,222.34,207.6,-0.77,0.48,62.16,63.11,60.51,-26.62,1.0,0.993,1.044,1.019,8.478,2,1.0,0.0,81266.758
2026-08-30T22:34:27.218Z,65.149399,-149.365862,505.24,7.7,617.48,221.77,206.98,-1.13,-0.05,65.17,66.06,63.45,23.63,1.0,1.02,1.02,1.02,,1,1.0,0.0,81267.773
2026-08-30T22:34:28.084Z,65.149209,-149.366263,506.41,7.75,617.93,221.28,206.5,-2.13,-0.72,67.56,68.46,65.81,63.84,1.0,1.01,1.031,1.021,2.431,2,1.0,0.0,81268.625
2026-08-30T22:34:29.079Z,65.148977,-149.366745,507.71,7.73,619.01,221.12,206.4,-1.73,-0.22,70.35,71.28,68.66,48.85,1.0,0.957,0.99,0.969,6.523,3,1.0,0.0,81269.617
2026-08-30T22:34:30.074Z,65.148737,-149.367245,507.71,7.7,619.69,221.75,207.02,-1.69,-0.14,73.18,74.06,71.52,20.26,1.0,0.952,0.952,0.952,,1,1.0,0.0,81270.617
2026-08-30T22:34:31.069Z,65.148492,-149.367768,508.27,7.81,620.06,221.98,207.25,-3.1,-0.25,75.83,76.7,74.18,43.26,1.0,0.983,1.046,1.02,0.971,3,1.0,0.0,81271.609
2026-08-30T22:34:32.089Z,65.148229,-149.36833,510.29,7.83,621.13,221.87,207.11,-5.26,-0.85,78.28,79.07,76.66,118.45,1.0,1.019,1.07,1.042,6.079,3,1.0,0.0,81272.625
2026-08-30T22:34:33.083Z,65.147968,-149.368885,513.23,8.07,623.23,221.42,206.64,-6.93,-0.83,80.47,81.3,79.14,131.7,1.0,0.974,0.974,0.974,,1,1.0,0.0,81273.602
2026-08-30T22:34:34.074Z,65.147695,-149.369462,514.9,8.73,625.38,220.37,205.58,-7.21,-0.77,82.95,83.86,81.77,99.48,0.0,0.937,0.975,0.952,0.508,3,1.0,0.0,81274.602
2026-08-30T22:34:35.045Z,65.147416,-149.370046,515.63,9.29,626.84,220.22,205.53,-7.26,-1.17,85.45,86.33,84.32,61.98,0.0,0.962,0.962,0.962,,1,1.0,0.0,81275.578
2026-08-30T22:34:36.140Z,65.147093,-149.37072,517.26,9.69,628.11,221.67,206.95,-8.64,-0.91,87.97,88.84,86.78,129.74,0.0,1.0,1.061,1.031,0.794,2,1.0,0.0,81276.664
2026-08-30T22:34:37.103Z,65.146802,-149.371334,521.79,13.31,630.67,221.48,206.72,-8.97,-1.04,89.93,90.72,88.57,257.78,0.0,1.048,1.048,1.048,,1,1.0,0.0,81277.625
2026-08-30T22:34:38.068Z,65.146507,-149.371964,528.43,21.52,635.31,220.82,206.06,-9.0,-2.45,91.7,92.48,90.13,381.38,0.0,1.042,1.048,1.045,0.491,3,1.0,0.0,81278.609
2026-08-30T22:34:39.079Z,65.146196,-149.372631,536.42,30.68,641.95,221.08,206.36,-9.62,-2.67,93.22,93.98,91.59,453.29,0.0,0.988,0.997,0.991,0.492,3,1.0,0.0,81279.609
2026-08-30T22:34:40.061Z,65.145887,-149.3733,545.28,38.5,649.61,221.76,207.03,-9.46,-1.31,94.67,95.37,92.83,521.69,0.0,1.006,1.006,1.006,,1,1.0,0.0,81280.594
2026-08-30T22:34:41.055Z,65.145572,-149.373986,554.99,48.11,659.24,221.84,207.09,-10.35,0.97,95.78,96.48,93.83,589.16,0.0,0.994,1.021,1.007,0.344,3,1.0,0.0,81281.609
2026-08-30T22:34:42.075Z,65.145242,-149.374705,567.13,61.33,670.5,221.14,206.38,-10.52,2.21,96.82,97.48,94.48,693.52,0.0,1.037,1.04,1.039,0.097,3,1.0,0.0,81282.641
2026-08-30T22:34:43.110Z,65.144908,-149.37542,580.53,73.01,682.23,220.32,205.59,-10.65,-0.81,97.49,98.1,95.0,755.73,0.0,0.991,0.991,0.991,,1,1.0,0.0,81283.688
2026-08-30T22:34:44.139Z,65.144571,-149.376135,594.48,75.73,694.67,220.9,206.18,-10.96,-0.92,97.88,98.46,95.3,802.67,0.0,0.988,1.01,1.001,0.777,3,1.0,0.0,81284.719
2026-08-30T22:34:45.228Z,65.144217,-149.376891,609.98,85.81,710.12,220.79,206.03,-10.98,-0.46,98.18,98.81,95.5,861.94,0.0,1.015,1.015,1.015,,1,1.0,0.0,81285.812
2026-08-30T22:34:46.462Z,65.143809,-149.37776,628.96,104.67,728.91,220.23,205.48,-10.33,-1.15,98.49,99.16,95.76,909.94,0.0,0.992,0.999,0.995,0.098,2,1.0,0.0,81287.047
2026-08-30T22:34:47.529Z,65.143452,-149.378514,645.22,144.76,744.3,220.15,205.41,-9.64,-1.09,98.89,99.62,96.33,892.34,0.0,0.942,0.942,0.942,,1,1.0,0.0,81288.125
2026-08-30T22:34:48.206Z,65.143229,-149.378987,654.95,173.77,753.86,220.18,205.44,-9.53,-1.02,99.46,100.29,96.77,879.54,0.0,0.972,0.972,0.972,,1,1.0,0.0,81288.797
2026-08-30T22:34:49.070Z,65.142938,-149.379604,667.46,195.49,766.32,220.12,205.36,-9.42,-0.36,100.34,101.09,97.36,862.66,0.0,0.971,0.974,0.973,0.664,2,1.0,0.0,81289.656
2026-08-30T22:34:50.129Z,65.142581,-149.380354,682.31,224.8,781.36,220.03,205.3,-9.76,0.11,100.81,101.77,97.69,860.91,0.0,1.002,1.002,1.002,,1,1.0,0.0,81290.695
2026-08-30T22:34:51.168Z,65.142229,-149.381091,697.2,253.67,795.32,220.04,205.31,-9.51,-0.5,101.44,102.18,98.12,854.88,0.0,0.97,0.975,0.972,0.186,3,1.0,0.0,81291.727
2026-08-30T22:34:52.194Z,65.141879,-149.381823,712.03,273.48,810.22,220.53,205.79,-9.7,-1.51,101.79,102.57,98.47,872.97,0.0,1.004,1.004,1.004,,1,1.0,0.0,81292.742
2026-08-30T22:34:53.260Z,65.14152,-149.382574,727.4,293.68,826.28,220.17,205.43,-9.98,1.4,102.06,102.9,98.74,880.61,0.0,0.975,0.982,0.979,0.769,3,1.0,0.0,81293.781
2026-08-30T22:34:54.231Z,65.141178,-149.383288,742.72,305.1,840.83,219.7,204.92,-10.05,4.29,102.03,102.91,98.81,923.81,0.0,1.016,1.016,1.016,,1,1.0,0.0,81294.773
2026-08-30T22:34:55.041Z,65.1409,-149.383854,755.62,329.02,852.77,218.3,203.53,-10.08,6.73,102.21,103.12,98.87,949.41,0.0,0.99,0.992,0.991,0.207,2,1.0,0.0,81295.57
2026-08-30T22:34:56.152Z,65.140506,-149.384621,773.76,351.69,870.59,216.74,201.94,-10.15,8.36,102.45,103.3,98.92,973.75,0.0,0.998,1.003,1.0,0.129,2,1.0,0.0,81296.68
2026-08-30T22:34:57.118Z,65.140156,-149.385266,789.73,369.9,886.45,215.02,200.23,-10.24,9.87,102.6,103.51,98.93,984.06,0.0,0.996,0.996,0.996,,1,1.0,0.0,81297.641
2026-08-30T22:34:58.114Z,65.139788,-149.3859,806.08,387.78,902.77,213.33,198.54,-10.44,11.45,102.68,103.58,98.98,988.57,0.0,0.997,0.998,0.998,0.116,3,1.0,0.0,81298.625
2026-08-30T22:34:59.096Z,65.139414,-149.386495,822.62,405.85,918.83,210.67,195.84,-10.46,13.33,102.71,103.65,98.85,1010.13,0.0,1.015,1.025,1.021,0.269,3,1.0,0.0,81299.617
2026-08-30T22:35:00.052Z,65.139042,-149.387034,838.75,423.47,934.16,207.85,193.03,-10.14,15.54,102.92,103.92,98.83,1008.48,0.0,1.001,1.001,1.001,,1,1.0,0.0,81300.562
2026-08-30T22:35:01.030Z,65.138648,-149.387549,855.05,440.7,949.43,204.81,189.96,-9.0,17.71,102.73,103.75,98.66,964.95,0.0,0.996,1.009,1.003,0.427,3,1.0,0.0,81301.57
2026-08-30T22:35:02.040Z,65.13823,-149.388015,868.91,455.52,965.06,201.15,186.31,-9.3,17.91,102.76,103.86,99.08,853.49,0.0,0.938,0.963,0.947,1.461,3,1.0,0.0,81302.562
2026-08-30T22:35:03.201Z,65.137736,-149.388479,884.54,470.92,982.93,197.43,182.61,-9.07,17.36,103.12,104.21,99.29,828.71,0.0,1.047,1.059,1.053,0.494,2,1.0,0.0,81303.719
2026-08-30T22:35:04.179Z,65.137311,-149.388804,897.26,482.69,996.64,194.35,179.52,-8.48,17.3,103.14,104.3,99.44,779.45,0.0,0.983,1.002,0.992,0.235,3,1.0,0.0,81304.68
2026-08-30T22:35:05.125Z,65.136893,-149.389063,908.16,491.21,1008.78,191.49,176.67,-8.19,17.19,102.98,104.16,99.43,713.38,0.0,1.008,1.008,1.008,,1,1.0,0.0,81305.625
2026-08-30T22:35:06.184Z,65.136413,-149.38929,919.61,498.46,1021.49,188.28,173.43,-8.2,16.45,103.53,104.73,99.73,665.01,0.0,1.002,1.006,1.004,0.033,2,1.0,0.0,81306.68
2026-08-30T22:35:07.165Z,65.135963,-149.389436,930.15,507.03,1032.82,185.16,170.34,-7.86,16.58,104.03,105.36,100.64,643.97,0.0,0.993,1.017,1.006,0.455,3,1.0,0.0,81307.672
2026-08-30T22:35:08.108Z,65.135527,-149.389522,939.85,515.09,1042.58,182.31,167.49,-8.39,15.8,104.58,105.85,101.1,635.0,0.0,1.034,1.034,1.034,,1,1.0,0.0,81308.594
2026-08-30T22:35:09.053Z,65.135083,-149.389555,950.01,522.48,1052.38,179.4,164.56,-7.77,16.25,104.96,106.18,101.65,638.91,0.0,1.023,1.044,1.033,0.185,3,1.0,0.0,81309.562
2026-08-30T22:35:10.018Z,65.134629,-149.38953,960.0,526.94,1061.88,176.07,161.25,-7.65,17.26,105.47,106.82,102.2,618.61,0.0,0.995,1.001,0.998,0.472,3,1.0,0.0,81310.508
2026-08-30T22:35:11.118Z,65.13411,-149.389426,971.07,532.23,1072.91,172.64,157.81,-7.21,18.03,106.01,107.22,102.99,605.87,0.0,1.033,1.038,1.036,0.095,2,1.0,0.0,81311.617
2026-08-30T22:35:12.103Z,65.133647,-149.389266,980.45,537.23,1085.59,168.65,153.81,-7.78,19.36,106.01,107.34,103.26,589.62,0.0,1.039,1.083,1.06,0.944,3,1.0,0.0,81312.602
2026-08-30T22:35:13.228Z,65.133119,-149.388993,992.1,544.11,1096.72,165.12,150.27,-7.27,20.41,106.62,107.98,104.01,615.49,0.0,1.077,1.094,1.086,0.51,2,1.0,0.0,81313.711
2026-08-30T22:35:14.172Z,65.132682,-149.38869,1001.39,549.85,1105.47,161.68,146.84,-7.05,21.43,106.93,108.12,104.45,576.22,0.0,1.007,1.026,1.016,0.039,3,1.0,0.0,81314.656
2026-08-30T22:35:15.077Z,65.132271,-149.388339,1009.09,551.36,1113.27,158.45,143.64,-7.13,21.64,107.26,108.77,105.07,534.81,0.0,1.054,1.054,1.054,,1,1.0,0.0,81315.57
2026-08-30T22:35:16.128Z,65.131801,-149.387855,1017.4,552.87,1122.11,154.64,139.77,-5.95,19.5,108.19,109.69,106.2,464.55,0.0,0.993,1.026,1.01,0.281,2,1.0,0.0,81316.617
2026-08-30T22:35:17.067Z,65.131385,-149.387353,1022.94,550.4,1128.98,151.13,136.32,-6.05,19.22,108.96,110.49,107.38,382.61,0.0,0.98,1.019,0.997,1.0,3,1.0,0.0,81317.562
2026-08-30T22:35:18.188Z,65.130907,-149.386681,1029.23,549.71,1135.76,147.61,132.77,-6.06,17.16,109.88,111.42,108.71,361.06,0.0,1.052,1.06,1.056,0.045,2,1.0,0.0,81318.68
2026-08-30T22:35:19.126Z,65.130512,-149.386046,1035.27,532.38,1141.58,144.84,130.04,-6.27,15.4,110.71,112.31,109.91,386.81,0.0,1.064,1.067,1.066,0.151,3,1.0,0.0,81319.625
2026-08-30T22:35:20.045Z,65.130141,-149.385386,1041.98,545.97,1147.64,142.89,128.1,-7.22,13.75,111.61,113.24,111.04,448.46,0.0,1.071,1.071,1.071,,1,1.0,0.0,81320.547
2026-08-30T22:35:21.031Z,65.129748,-149.384619,1051.86,545.32,1155.57,140.17,125.34,-7.58,12.22,112.33,113.85,111.43,581.91,0.0,1.098,1.104,1.101,0.444,3,1.0,0.0,81321.516
2026-08-30T22:35:22.180Z,65.129308,-149.383678,1065.98,552.48,1167.44,137.22,122.44,-7.92,11.85,112.52,114.0,111.63,720.65,0.0,1.068,1.083,1.073,0.548,4,1.0,0.0,81322.672
2026-08-30T22:35:23.089Z,65.128972,-149.382899,1078.94,558.29,1178.74,135.66,120.87,-8.25,11.24,112.64,114.2,111.75,825.26,0.0,1.065,1.065,1.065,,1,1.0,0.0,81323.594
2026-08-30T22:35:24.071Z,65.12862,-149.382021,1093.75,571.88,1192.49,133.42,118.62,-7.62,11.95,112.89,114.43,112.16,857.91,0.0,1.036,1.05,1.043,0.358,3,1.0,0.0,81324.578
2026-08-30T22:35:25.046Z,65.128286,-149.381124,1107.55,585.54,1206.15,131.44,116.65,-8.24,12.41,112.93,114.48,112.37,859.42,0.0,1.005,1.019,1.011,0.646,3,1.0,0.0,81325.523
2026-08-30T22:35:26.408Z,65.127843,-149.379811,1128.91,607.27,1225.89,128.48,113.68,-10.19,12.44,111.85,113.37,111.65,977.61,0.0,1.057,1.079,1.068,0.846,2,1.0,0.0,81326.906
2026-08-30T22:35:27.172Z,65.12761,-149.379048,1143.7,620.63,1240.0,126.5,111.69,-9.68,12.77,111.65,113.17,111.34,1095.39,0.0,1.102,1.118,1.11,0.798,2,1.0,0.0,81327.656
2026-08-30T22:35:28.075Z,65.12735,-149.378138,1161.01,645.82,1256.27,124.3,109.52,-9.28,13.58,111.11,112.63,111.32,1099.96,0.0,0.952,0.952,0.952,,1,1.0,0.0,81328.57
2026-08-30T22:35:29.044Z,65.127086,-149.377132,1178.7,665.8,1273.04,123.19,108.4,-10.35,13.12,110.67,112.27,111.06,1124.77,0.0,1.004,1.068,1.037,0.625,3,1.0,0.0,81329.523
2026-08-30T22:35:30.192Z,65.126793,-149.375909,1201.16,698.66,1295.09,119.37,104.56,-8.77,12.58,110.14,111.79,111.03,1125.72,0.0,0.96,1.049,1.003,0.907,4,1.0,0.0,81330.68
2026-08-30T22:35:31.084Z,65.126583,-149.374951,1216.3,717.61,1311.55,117.6,102.82,-8.41,12.69,109.97,111.71,111.21,1040.6,0.0,0.948,0.948,0.948,,1,1.0,0.0,81331.562
2026-08-30T22:35:32.042Z,65.126371,-149.373891,1230.82,729.83,1327.95,115.97,101.2,-8.19,12.11,109.95,111.66,111.54,927.68,0.0,0.931,0.946,0.94,0.633,3,1.0,0.0,81332.531
2026-08-30T22:35:33.202Z,65.126132,-149.372574,1246.03,767.39,1349.26,113.47,98.68,-7.29,10.89,109.88,111.59,111.89,782.19,0.0,0.925,0.961,0.945,0.565,4,1.0,0.0,81333.695
2026-08-30T22:35:34.107Z,65.125964,-149.371549,1255.15,784.66,1359.2,111.7,96.92,-6.74,10.99,110.18,112.1,112.43,661.76,0.0,0.951,0.951,0.951,,1,1.0,0.0,81334.602
2026-08-30T22:35:35.073Z,65.125796,-149.370424,1263.86,809.03,1367.77,109.89,95.1,-6.02,11.66,110.47,112.33,113.22,561.48,0.0,0.956,0.982,0.969,0.438,3,1.0,0.0,81335.547
2026-08-30T22:35:36.095Z,65.125633,-149.369201,1271.44,815.22,1377.64,108.21,93.44,-7.47,10.89,110.79,112.72,113.68,500.36,0.0,0.966,1.062,1.015,2.475,2,1.0,0.0,81336.555
2026-08-30T22:35:37.184Z,65.125477,-149.367892,1281.19,829.62,1385.94,106.16,91.36,-6.49,10.43,111.33,113.27,114.5,525.57,0.0,1.035,1.065,1.05,0.521,2,1.0,0.0,81337.703
2026-08-30T22:35:38.181Z,65.125351,-149.366678,1289.7,833.95,1394.17,104.24,89.45,-6.81,9.98,111.96,114.0,115.42,516.09,0.0,0.993,0.999,0.995,0.165,3,1.0,0.0,81338.68
2026-08-30T22:35:39.133Z,65.125243,-149.365486,1298.19,845.32,1402.27,102.28,87.46,-7.42,9.86,112.77,114.83,116.45,535.67,0.0,1.016,1.016,1.016,,1,1.0,0.0,81339.641
2026-08-30T22:35:40.117Z,65.125148,-149.364255,1308.52,861.61,1411.27,98.82,84.06,-7.98,11.94,113.25,115.32,116.71,653.91,0.0,1.099,1.147,1.127,0.473,3,1.0,0.0,81340.617
2026-08-30T22:35:41.073Z,65.125077,-149.363041,1320.84,883.79,1421.98,98.49,83.7,-7.52,12.2,113.54,115.49,117.15,715.91,0.0,1.001,1.061,1.029,0.115,3,1.0,0.0,81341.578
2026-08-30T22:35:42.210Z,65.125014,-149.361583,1334.91,904.44,1435.67,95.9,81.06,-7.78,11.0,113.71,115.78,117.59,736.41,0.0,1.013,1.013,1.013,0.272,2,1.0,0.0,81342.719
2026-08-30T22:35:43.181Z,65.124978,-149.36033,1347.35,921.06,1448.35,93.99,79.2,-7.9,10.92,113.84,115.89,117.86,764.18,0.0,1.026,1.036,1.032,0.47,3,1.0,0.0,81343.672
2026-08-30T22:35:44.151Z,65.124961,-149.35908,1360.14,925.02,1460.38,92.27,77.48,-8.16,10.56,113.93,115.99,118.06,789.78,0.0,1.022,1.022,1.022,,1,1.0,0.0,81344.664
2026-08-30T22:35:45.111Z,65.124959,-149.35783,1373.5,948.39,1473.02,90.52,75.73,-8.28,10.25,113.85,115.89,118.18,827.36,0.0,1.03,1.035,1.033,0.206,3,1.0,0.0,81345.602
2026-08-30T22:35:46.132Z,65.124976,-149.356496,1388.72,981.9,1487.33,88.7,73.91,-8.19,10.68,113.76,115.91,118.21,884.73,0.0,1.042,1.05,1.046,0.17,2,1.0,0.0,81346.625
2026-08-30T22:35:47.053Z,65.125006,-149.355319,1402.9,1005.05,1500.84,87.28,72.47,-7.58,9.88,114.09,116.25,118.46,907.89,0.0,1.002,1.002,1.002,,1,1.0,0.0,81347.539
2026-08-30T22:35:48.209Z,65.125064,-149.353801,1419.79,1022.62,1518.77,85.55,70.78,-7.04,6.18,114.4,116.57,118.98,851.36,0.0,0.967,0.975,0.972,0.446,4,1.0,0.0,81348.695
2026-08-30T22:35:49.113Z,65.12512,-149.352635,1431.07,1033.86,1530.98,84.08,69.3,-6.66,3.84,114.6,116.85,119.56,770.91,0.0,0.944,0.944,0.944,,1,1.0,0.0,81349.633
2026-08-30T22:35:50.079Z,65.125191,-149.351367,1442.01,1048.18,1543.06,83.68,68.98,-6.96,0.77,114.88,117.14,119.98,696.72,0.0,0.951,0.952,0.952,0.33,3,1.0,0.0,81350.578
2026-08-30T22:35:51.050Z,65.125265,-149.350104,1452.78,1060.26,1554.03,84.0,69.24,-7.17,-1.8,115.43,117.8,120.44,703.78,0.0,1.018,1.047,1.035,0.322,3,1.0,0.0,81351.539
2026-08-30T22:35:52.141Z,65.12535,-149.348665,1466.35,1082.19,1566.51,83.91,69.17,-6.73,-1.49,115.23,117.35,120.03,726.11,0.0,1.003,1.007,1.005,0.55,2,1.0,0.0,81352.633
2026-08-30T22:35:53.074Z,65.125421,-149.347461,1477.6,1098.2,1577.75,82.83,68.08,-7.61,0.45,114.86,117.16,119.84,747.59,0.0,0.996,1.035,1.013,0.79,3,1.0,0.0,81353.57
2026-08-30T22:35:54.148Z,65.125506,-149.34606,1492.49,1118.87,1590.47,83.05,68.31,-6.99,2.09,115.12,117.49,120.16,814.11,0.0,1.014,1.038,1.026,0.437,2,1.0,0.0,81354.609
2026-08-30T22:35:55.061Z,65.125584,-149.344868,1504.87,1131.64,1603.73,82.75,67.99,-6.48,3.11,115.46,117.93,120.55,793.08,0.0,0.945,0.96,0.951,0.158,3,1.0,0.0,81355.516
2026-08-30T22:35:56.200Z,65.125686,-149.343389,1518.34,1147.07,1618.73,81.51,66.75,-6.13,3.12,115.84,118.31,121.06,718.88,0.0,0.941,0.948,0.944,0.095,3,1.0,0.0,81356.672
2026-08-30T22:35:57.118Z,65.125775,-149.342197,1528.16,1158.58,1629.39,81.26,66.51,-5.72,2.45,116.28,118.77,121.63,661.76,0.0,0.967,0.967,0.967,,1,1.0,0.0,81357.602
2026-08-30T22:35:58.063Z,65.125874,-149.340924,1537.13,1160.57,1639.58,80.94,66.19,-5.48,-0.04,116.73,119.26,122.26,564.67,0.0,0.924,0.934,0.927,0.203,3,1.0,0.0,81358.555
2026-08-30T22:35:59.230Z,65.125998,-149.339393,1545.95,1162.19,1649.7,80.42,65.68,-5.97,-1.5,117.24,119.86,122.83,504.87,0.0,0.938,1.027,0.978,1.34,4,1.0,0.0,81359.742
2026-08-30T22:36:00.145Z,65.126097,-149.338167,1553.56,1134.41,1657.8,80.8,66.07,-5.39,-1.3,117.74,120.33,123.43,475.33,0.0,0.937,0.937,0.937,,1,1.0,0.0,81360.633
2026-08-30T22:36:01.091Z,65.126199,-149.336915,1560.52,1149.99,1665.36,80.92,66.17,-5.7,-1.62,118.25,120.9,123.91,470.41,0.0,0.986,1.021,1.005,0.202,3,1.0,0.0,81361.562
2026-08-30T22:36:02.040Z,65.126301,-149.335645,1568.11,1157.59,1672.91,80.71,65.97,-7.03,-0.57,118.58,121.21,124.44,491.59,0.0,0.991,1.003,0.997,1.114,3,1.0,0.0,81362.539
2026-08-30T22:36:03.157Z,65.126422,-149.334146,1581.32,1185.89,1683.2,81.07,66.32,-8.28,-1.02,118.99,121.74,124.38,727.19,0.0,1.151,1.171,1.161,0.752,2,1.0,0.0,81363.68
2026-08-30T22:36:04.172Z,65.126529,-149.332785,1597.6,1203.24,1696.22,81.12,66.4,-9.86,-0.66,118.39,120.7,123.2,929.05,0.0,1.11,1.121,1.114,0.7,3,1.0,0.0,81364.656
2026-08-30T22:36:05.072Z,65.126621,-149.331591,1616.34,1276.0,1711.82,81.64,66.89,-10.56,-0.18,117.82,120.42,122.45,1198.52,0.0,1.178,1.178,1.178,,1,1.0,0.0,81365.57
2026-08-30T22:36:06.106Z,65.126728,-149.330215,1643.0,1332.47,1733.82,81.45,66.71,-11.82,0.5,117.1,119.58,121.38,1469.53,0.0,1.077,1.08,1.079,1.194,2,1.0,0.0,81366.602
2026-08-30T22:36:07.051Z,65.126825,-149.328983,1670.0,1361.81,1759.5,80.98,66.22,-11.41,0.12,116.15,118.56,120.15,1629.02,0.0,1.036,1.083,1.062,1.126,3,1.0,0.0,81367.562
2026-08-30T22:36:08.198Z,65.126944,-149.327508,1701.27,1393.73,1788.74,80.52,65.77,-11.1,-0.1,114.74,117.19,119.06,1604.1,0.0,0.946,0.955,0.95,0.002,2,1.0,0.0,81368.68
2026-08-30T22:36:09.133Z,65.127043,-149.326305,1725.23,1417.53,1813.1,80.45,65.72,-10.58,-0.22,113.74,116.26,118.28,1536.34,0.0,0.935,0.955,0.945,0.241,3,1.0,0.0,81369.633
2026-08-30T22:36:10.088Z,65.127145,-149.325089,1747.89,1440.12,1837.21,79.78,65.03,-9.57,-0.22,113.0,115.66,117.83,1429.69,0.0,0.921,0.921,0.921,,1,1.0,0.0,81370.609
2026-08-30T22:36:11.058Z,65.127252,-149.323856,1767.64,1462.84,1860.09,81.03,66.3,-8.24,-2.38,112.42,115.08,117.67,1223.73,0.0,0.825,0.868,0.848,0.389,3,1.0,0.0,81371.555
2026-08-30T22:36:12.202Z,65.127375,-149.32241,1786.95,1444.5,1881.98,80.7,65.9,-9.94,-2.23,112.12,114.95,117.45,1114.94,0.0,0.901,1.043,0.978,1.03,4,1.0,0.0,81372.711
2026-08-30T22:36:13.156Z,65.127477,-149.321199,1805.6,1504.12,1899.92,80.33,65.59,-10.22,-1.06,111.79,114.54,,1180.53,0.0,1.041,1.041,1.041,,1,1.0,0.0,81373.891
2026-08-30T22:36:14.176Z,65.127585,-149.319917,1826.72,1518.21,1919.82,80.69,65.94,-10.45,-0.38,111.26,114.0,116.37,1233.56,0.0,1.019,1.025,1.022,0.017,2,1.0,0.0,81374.711
2026-08-30T22:36:15.136Z,65.127688,-149.318712,1847.59,1536.94,1939.99,80.32,65.56,-10.7,0.31,110.6,113.21,115.55,1287.72,0.0,1.013,1.02,1.016,0.062,2,1.0,0.0,81375.719
2026-08-30T22:36:16.167Z,65.127798,-149.31744,1870.08,1560.09,1961.49,79.68,64.9,-10.04,2.2,109.56,112.43,115.12,1283.41,0.0,0.966,0.966,0.966,,1,1.0,0.0,81376.672
2026-08-30T22:36:17.157Z,65.127909,-149.316202,1889.91,1580.15,1982.71,79.87,65.13,-8.21,-0.45,110.13,112.79,115.43,1177.82,0.0,0.913,0.913,0.913,,1,1.0,0.0,81377.664
2026-08-30T22:36:18.081Z,65.128012,-149.315055,1904.27,1594.35,1998.48,79.86,65.1,-7.0,-2.44,109.68,112.69,115.76,949.01,0.0,0.799,0.799,0.799,,1,1.0,0.0,81378.586
2026-08-30T22:36:19.059Z,65.128121,-149.313843,1915.36,1561.26,2012.04,79.84,65.08,-7.37,-1.92,110.03,113.13,116.24,772.01,0.0,0.878,0.945,0.912,0.611,3,1.0,0.0,81379.562
2026-08-30T22:36:20.080Z,65.128235,-149.312566,1926.25,1619.05,2026.58,80.37,65.62,-6.02,-2.07,110.72,113.86,116.98,653.49,0.0,0.912,0.967,0.939,0.802,3,1.0,0.0,81380.578
2026-08-30T22:36:21.201Z,65.128359,-149.311157,1935.25,1584.17,2038.66,80.38,65.63,-5.79,-2.89,111.05,114.24,117.4,513.86,0.0,0.921,0.935,0.928,0.106,2,1.0,0.0,81381.695
2026-08-30T22:36:22.154Z,65.128464,-149.309942,1941.47,1634.02,2046.69,80.29,65.53,-4.94,-1.66,111.66,114.87,118.37,405.48,0.0,0.922,0.938,0.93,0.14,3,1.0,0.0,81382.648
2026-08-30T22:36:23.068Z,65.128564,-149.30878,1945.41,1640.24,2052.6,80.35,65.6,-4.18,-1.31,112.33,115.66,119.5,284.25,0.0,0.919,0.919,0.919,,1,1.0,0.0,81383.578
2026-08-30T22:36:24.029Z,65.128671,-149.307543,1947.16,1643.55,2056.57,80.06,65.29,-3.48,-1.02,113.99,117.49,121.64,145.2,0.0,0.921,0.938,0.93,0.255,3,1.0,0.0,81384.516
2026-08-30T22:36:25.068Z,65.12879,-149.306177,1947.31,1611.58,2058.58,80.46,65.73,-4.4,-0.83,115.34,118.9,123.06,71.41,0.0,0.948,1.003,0.97,1.819,3,1.0,0.0,81385.57
2026-08-30T22:36:26.464Z,65.128951,-149.304325,1949.27,1646.15,2060.44,80.7,65.94,-4.21,-5.43,116.96,120.37,124.66,69.47,0.0,0.955,1.001,0.978,0.567,2,1.0,0.0,81386.961
2026-08-30T22:36:27.033Z,65.129015,-149.30356,1950.08,1646.78,2061.13,80.92,66.2,-5.86,-6.46,117.44,120.94,125.15,122.43,0.0,1.076,1.076,1.076,,1,1.0,0.0,81387.523
2026-08-30T22:36:28.179Z,65.129138,-149.302009,1957.65,1623.46,2064.88,81.64,66.92,-7.31,-7.17,118.34,121.71,125.45,404.69,0.0,1.176,1.198,1.189,0.763,4,1.0,0.0,81388.664
2026-08-30T22:36:29.084Z,65.129227,-149.30078,1968.29,1664.79,2071.9,83.16,68.45,-7.68,-9.79,118.47,121.78,125.27,623.82,0.0,1.101,1.101,1.101,,1,1.0,0.0,81389.578
2026-08-30T22:36:30.063Z,65.129312,-149.299453,1982.3,1679.07,2083.18,84.73,70.02,-8.38,-11.37,118.32,121.62,124.83,809.72,0.0,1.087,1.089,1.088,0.109,3,1.0,0.0,81390.547
2026-08-30T22:36:31.219Z,65.129394,-149.297879,2001.89,1698.68,2099.43,86.68,71.96,-8.96,-12.79,117.9,121.17,124.08,984.51,0.0,1.068,1.078,1.073,0.112,4,1.0,0.0,81391.695
2026-08-30T22:36:32.112Z,65.129442,-149.296668,2018.86,1715.39,2114.4,88.07,73.38,-9.6,-13.72,117.41,120.71,123.35,1101.87,0.0,1.067,1.067,1.067,,1,1.0,0.0,81392.602
2026-08-30T22:36:33.059Z,65.129477,-149.295376,2038.33,1734.87,2133.83,90.3,75.61,-9.49,-14.55,116.79,120.15,122.59,1176.21,0.0,1.048,1.055,1.051,0.053,3,1.0,0.0,81393.547
2026-08-30T22:36:34.014Z,65.129495,-149.294092,2056.63,1756.07,2151.64,92.7,78.03,-8.01,-15.89,116.77,120.2,122.59,1116.5,0.0,1.001,1.032,1.018,0.76,3,1.0,0.0,81394.516
2026-08-30T22:36:35.121Z,65.129492,-149.292609,2075.05,1778.05,2170.6,95.54,80.82,-8.2,-14.59,116.77,120.33,122.39,1038.76,0.0,1.007,1.029,1.018,0.303,2,1.0,0.0,81395.594
2026-08-30T22:36:36.122Z,65.129466,-149.291268,2090.88,1746.07,2187.61,96.86,82.16,-6.84,-11.08,116.64,120.12,122.21,924.97,0.0,0.93,0.987,0.959,0.204,2,1.0,0.0,81396.602
2026-08-30T22:36:37.199Z,65.129418,-149.289816,2104.84,1769.21,2203.93,98.66,83.94,-8.23,-10.68,116.81,120.45,122.32,851.69,0.0,1.011,1.052,1.032,0.702,2,1.0,0.0,81397.688
2026-08-30T22:36:38.143Z,65.129361,-149.288555,2119.21,1816.97,2217.4,99.61,84.89,-7.91,-10.64,117.06,120.68,122.3,903.28,0.0,1.04,1.087,1.064,0.604,3,1.0,0.0,81398.617
2026-08-30T22:36:39.018Z,65.129299,-149.287396,2132.83,1829.78,2230.79,100.91,86.2,-8.08,-10.58,117.16,120.8,122.29,928.29,0.0,1.009,1.009,1.009,,1,1.0,0.0,81399.461
2026-08-30T22:36:40.142Z,65.129202,-149.2859,2151.07,1806.69,2248.28,102.6,87.87,-8.26,-10.76,117.27,120.93,122.17,968.11,0.0,1.019,1.022,1.021,0.046,4,1.0,0.0,81400.617
2026-08-30T22:36:41.211Z,65.129095,-149.284499,2169.03,1862.97,2265.18,104.05,89.31,-8.36,-10.89,117.16,120.81,121.62,1004.31,0.0,1.008,1.014,1.011,0.1,2,1.0,0.0,81401.672
2026-08-30T22:36:42.145Z,65.128989,-149.283276,2185.43,1878.51,2281.08,106.03,91.32,-9.25,-12.08,117.0,120.73,121.55,1062.31,0.0,1.008,1.012,1.009,0.27,3,1.0,0.0,81402.633
2026-08-30T22:36:43.092Z,65.128865,-149.282046,2204.43,1897.58,2299.31,107.59,92.87,-9.68,-12.44,116.81,120.47,120.9,1183.54,0.0,1.075,1.087,1.081,0.725,3,1.0,0.0,81403.594
2026-08-30T22:36:44.203Z,65.128702,-149.280626,2227.81,1919.56,2320.7,109.15,94.43,-8.88,-11.98,116.48,120.23,120.54,1214.7,0.0,0.963,0.981,0.972,0.095,2,1.0,0.0,81404.68
2026-08-30T22:36:45.144Z,65.12855,-149.279432,2246.05,1939.31,2339.63,110.63,95.9,-8.55,-11.56,116.32,120.14,120.37,1161.44,0.0,0.948,0.953,0.95,0.094,3,1.0,0.0,81405.617
2026-08-30T22:36:46.492Z,65.128313,-149.277738,2269.85,1960.19,2365.11,112.45,97.72,-7.78,-10.95,116.36,120.26,120.38,1050.47,0.0,0.945,0.956,0.951,0.18,2,1.0,0.0,81406.961
2026-08-30T22:36:47.025Z,65.128212,-149.277073,2278.33,1970.46,2374.43,113.17,98.44,-7.55,-10.73,116.45,120.39,120.47,996.28,0.0,0.942,0.942,0.942,,1,1.0,0.0,81407.5
2026-08-30T22:36:48.147Z,65.12799,-149.27569,2294.58,1986.43,2393.26,114.63,99.89,-7.08,-10.31,116.75,120.76,120.75,890.05,0.0,0.948,0.954,0.951,0.064,4,1.0,0.0,81408.602
2026-08-30T22:36:49.186Z,65.12777,-149.274407,2308.18,1999.69,2408.54,116.18,101.45,-6.7,-10.32,117.14,121.22,121.11,800.26,0.0,0.957,0.962,0.96,0.04,2,1.0,0.0,81409.688
2026-08-30T22:36:50.142Z,65.127556,-149.273241,2319.52,2011.98,2421.83,117.2,102.45,-6.38,-10.2,117.63,121.74,121.52,732.44,0.0,0.965,0.966,0.965,0.028,3,1.0,0.0,81410.602
2026-08-30T22:36:51.076Z,65.127335,-149.272103,2329.7,2022.14,2431.97,118.31,103.57,-6.1,-9.83,118.17,122.34,122.01,670.52,0.0,0.966,0.97,0.968,0.07,3,1.0,0.0,81411.555
2026-08-30T22:36:52.149Z,65.127071,-149.270815,2340.35,2038.38,2443.09,119.66,104.92,-5.82,-9.58,118.81,122.98,122.52,608.49,0.0,0.975,0.977,0.976,0.028,2,1.0,0.0,81412.633
2026-08-30T22:36:53.086Z,65.126827,-149.269691,2348.56,2046.54,2452.23,120.88,106.17,-5.09,-10.05,119.5,123.8,123.25,533.31,0.0,0.952,0.977,0.965,0.429,3,1.0,0.0,81413.555
2026-08-30T22:36:54.148Z,65.12654,-149.268427,2356.41,2048.56,2461.17,122.53,107.8,-6.47,-10.04,120.17,124.48,123.86,494.72,0.0,0.988,1.029,1.009,0.926,2,1.0,0.0,81414.617
2026-08-30T22:36:55.084Z,65.126273,-149.267321,2366.12,2058.39,2469.28,123.85,109.11,-7.32,-9.59,120.65,124.94,123.93,630.05,0.0,1.128,1.138,1.134,0.416,3,1.0,0.0,81415.555
2026-08-30T22:36:56.072Z,65.125979,-149.266174,2380.06,2071.37,2480.39,125.11,110.38,-8.21,-9.63,120.79,125.03,123.71,810.91,0.0,1.105,1.113,1.109,0.153,2,1.0,0.0,81416.531
2026-08-30T22:36:57.127Z,65.125653,-149.264967,2398.65,2090.06,2496.48,126.67,111.94,-9.49,-9.49,120.5,124.68,123.06,1026.26,0.0,1.11,1.114,1.112,0.175,2,1.0,0.0,81417.594
2026-08-30T22:36:58.064Z,65.125355,-149.263921,2419.6,2107.14,2513.26,127.9,113.15,-10.58,-8.54,119.88,123.98,121.84,1292.25,0.0,1.158,1.174,1.168,0.608,3,1.0,0.0,81418.539
2026-08-30T22:36:59.206Z,65.124983,-149.262676,2449.72,2137.29,2539.86,128.68,113.94,-10.18,-8.19,118.99,123.26,121.28,1499.82,0.0,1.021,1.107,1.062,0.63,4,1.0,0.0,81419.664
2026-08-30T22:37:00.065Z,65.124699,-149.261752,2472.4,2161.51,2561.84,129.07,114.29,-9.8,-7.9,119.46,123.72,121.4,1535.84,0.0,0.984,0.984,0.984,,1,1.0,0.0,81420.516
2026-08-30T22:37:01.180Z,65.124327,-149.260563,2498.87,2187.87,2588.27,129.0,114.28,-9.43,-7.12,117.91,121.98,120.01,1413.92,0.0,0.931,0.957,0.942,0.801,4,1.0,0.0,81421.633
2026-08-30T22:37:02.102Z,65.124016,-149.259595,2519.6,2209.14,2609.43,130.95,116.22,-9.98,-7.24,117.35,121.64,119.37,1393.63,0.0,0.994,1.033,1.014,0.254,3,1.0,0.0,81422.555
2026-08-30T22:37:03.140Z,65.123663,-149.258523,2544.53,2234.15,2633.67,131.76,117.0,-10.6,0.05,116.73,121.05,118.55,1448.05,0.0,1.036,1.048,1.042,0.399,2,1.0,0.0,81423.594
2026-08-30T22:37:04.060Z,65.12335,-149.257588,2568.36,2258.92,2656.33,131.39,116.59,-10.52,2.63,116.07,120.41,117.89,1532.2,0.0,1.043,1.061,1.053,0.356,3,1.0,0.0,81424.516
2026-08-30T22:37:05.193Z,65.122971,-149.256434,2598.26,2288.8,2684.7,130.12,115.33,-10.28,-0.13,115.22,119.52,117.27,1554.58,0.0,0.964,1.0,0.982,0.091,4,1.0,0.0,81425.641
2026-08-30T22:37:06.036Z,65.122692,-149.255571,2619.9,2309.66,2707.18,130.17,115.41,-10.33,-1.0,114.47,118.62,116.29,1546.34,0.0,0.975,0.975,0.975,,1,1.0,0.0,81426.477
2026-08-30T22:37:07.100Z,65.122346,-149.254506,2646.81,2336.63,2734.87,130.06,115.27,-11.69,-0.2,111.68,115.85,113.64,1535.89,0.0,0.967,0.984,0.976,0.721,2,1.0,0.0,81427.586
2026-08-30T22:37:08.115Z,65.122027,-149.253508,2674.4,2362.74,2762.1,129.72,114.97,-12.13,-1.25,110.53,114.7,112.16,1640.86,0.0,1.058,1.08,1.072,1.227,3,1.0,0.0,81428.555
2026-08-30T22:37:09.117Z,65.121709,-149.252514,2703.96,2392.28,2789.8,130.45,115.69,-12.36,-1.52,109.41,113.77,110.9,1723.17,0.0,1.003,1.003,1.003,0.156,2,1.0,0.0,81429.555
2026-08-30T22:37:10.007Z,65.121432,-149.251648,2729.51,2417.72,2817.32,130.16,115.35,-9.15,-1.2,108.85,113.27,110.83,1650.03,0.0,0.851,0.944,0.9,1.729,3,1.0,0.0,81430.453
2026-08-30T22:37:11.107Z,65.121091,-149.250578,2751.84,2442.69,2844.28,129.31,114.51,-6.21,-1.48,108.7,113.24,111.53,1210.52,0.0,0.664,0.711,0.685,0.825,4,1.0,0.0,81431.555
2026-08-30T22:37:12.127Z,65.120774,-149.249573,2762.94,2448.95,2861.88,129.71,114.95,-6.11,-2.65,108.88,113.57,112.32,781.46,0.0,0.767,0.807,0.788,1.495,2,1.0,0.0,81432.578
2026-08-30T22:37:13.042Z,65.120489,-149.248674,2770.44,2456.45,2872.88,130.31,115.53,-5.75,-3.0,109.97,114.84,113.34,600.76,0.0,0.938,0.979,0.961,0.49,3,1.0,0.0,81433.508
2026-08-30T22:37:14.162Z,65.120134,-149.247559,2778.3,2465.94,2882.94,130.61,115.84,-5.43,-1.62,111.37,116.4,114.72,465.51,0.0,0.932,0.949,0.94,0.842,4,1.0,0.0,81434.617
2026-08-30T22:37:15.185Z,65.119802,-149.246526,2784.88,2472.53,2889.82,130.82,116.03,-5.31,0.5,112.69,117.72,115.99,414.93,0.0,0.986,0.99,0.988,0.012,2,1.0,0.0,81435.625
2026-08-30T22:37:16.130Z,65.119495,-149.245563,2791.06,2478.49,2896.36,130.38,115.58,-5.29,0.68,113.7,118.75,117.15,403.28,0.0,0.993,0.996,0.994,0.003,2,1.0,0.0,81436.578
2026-08-30T22:37:17.074Z,65.11919,-149.244598,2797.33,2484.77,2902.16,130.02,115.23,-5.17,0.64,114.75,119.87,118.23,399.39,0.0,0.989,0.997,0.993,0.236,3,1.0,0.0,81437.523
2026-08-30T22:37:18.122Z,65.118848,-149.243509,2803.83,2493.07,2909.18,129.7,114.91,-4.9,1.61,115.8,120.93,119.44,372.31,0.0,0.968,0.972,0.97,0.327,2,1.0,0.0,81438.555
2026-08-30T22:37:19.215Z,65.118486,-149.242341,2810.49,2499.74,2916.99,129.58,114.78,-4.25,3.46,117.1,122.37,120.76,366.04,0.0,0.995,1.014,1.004,1.148,4,1.0,0.0,81439.656
2026-08-30T22:37:20.025Z,65.118219,-149.241463,2814.71,2503.94,2922.82,128.62,113.8,-4.58,2.85,117.91,123.17,121.83,323.23,0.0,0.948,0.948,0.948,,1,1.0,0.0,81440.477
2026-08-30T22:37:21.136Z,65.117857,-149.240247,2820.86,2508.76,2928.7,127.88,113.08,-4.66,2.48,119.04,124.35,123.06,346.92,0.0,1.022,1.035,1.029,0.645,4,1.0,0.0,81441.57
2026-08-30T22:37:22.026Z,65.117569,-149.239256,2826.58,2514.52,2933.66,127.63,112.85,-5.71,4.39,119.89,125.35,124.21,398.5,0.0,0.998,1.056,1.025,1.641,3,1.0,0.0,81442.461
2026-08-30T22:37:23.039Z,65.117243,-149.238111,2835.97,2526.06,2940.78,127.05,112.23,-5.03,3.55,121.16,126.49,125.28,517.87,0.0,1.039,1.066,1.053,0.675,2,1.0,0.0,81443.492
2026-08-30T22:37:24.148Z,65.116887,-149.236863,2845.31,2531.15,2949.72,125.9,111.11,-4.81,3.47,121.74,127.16,126.27,491.63,0.0,0.929,0.947,0.938,1.074,4,1.0,0.0,81444.555
2026-08-30T22:37:25.124Z,65.116579,-149.235695,2853.18,2539.04,2956.74,125.44,110.64,-4.94,2.97,122.53,128.05,127.16,489.16,0.0,1.007,1.011,1.009,0.021,2,1.0,0.0,81445.555
2026-08-30T22:37:26.059Z,65.116286,-149.234585,2861.5,2550.34,2964.44,124.56,109.77,-5.48,2.8,122.91,128.34,127.52,534.84,0.0,1.009,1.024,1.016,0.485,2,1.0,0.0,81446.5
2026-08-30T22:37:27.167Z,65.115946,-149.233267,2872.19,2561.01,2975.33,125.03,110.22,-4.95,0.07,123.28,128.75,128.01,550.94,0.0,0.968,1.022,0.994,0.52,4,1.0,0.0,81447.594
2026-08-30T22:37:28.164Z,65.115638,-149.232062,2881.31,2570.33,2984.72,123.91,109.11,-5.33,-1.22,124.32,130.03,129.24,563.55,0.0,1.036,1.05,1.043,0.349,2,1.0,0.0,81448.602
2026-08-30T22:37:29.050Z,65.115363,-149.230983,2890.19,2579.21,2993.24,123.76,108.99,-5.4,-0.41,124.82,130.42,129.69,589.74,0.0,1.008,1.028,1.017,0.244,3,1.0,0.0,81449.477
2026-08-30T22:37:30.132Z,65.115028,-149.229661,2901.84,2591.31,3004.18,124.36,109.57,-5.67,-0.92,125.22,130.82,130.09,641.88,0.0,1.023,1.028,1.026,0.179,4,1.0,0.0,81450.562
2026-08-30T22:37:31.110Z,65.114726,-149.228465,2913.17,2602.65,3014.83,124.03,109.23,-6.04,0.81,125.21,130.81,130.11,686.46,0.0,1.036,1.044,1.04,0.16,2,1.0,0.0,81451.555
2026-08-30T22:37:32.014Z,65.114449,-149.227356,2924.66,2614.18,3024.75,123.7,108.91,-6.5,2.57,125.4,131.03,130.28,753.1,0.0,1.043,1.047,1.045,0.104,3,1.0,0.0,81452.43
2026-08-30T22:37:33.081Z,65.114124,-149.226033,2940.16,2630.22,3038.55,122.62,107.82,-6.6,2.85,125.5,131.11,130.36,847.31,0.0,1.034,1.054,1.046,0.49,4,1.0,0.0,81453.516
2026-08-30T22:37:34.084Z,65.113827,-149.224789,2955.91,2643.67,3051.76,122.57,107.78,-7.21,2.96,125.35,130.97,130.26,914.02,0.0,1.028,1.038,1.033,0.007,2,1.0,0.0,81454.523
2026-08-30T22:37:35.182Z,65.113505,-149.223415,2974.36,2662.18,3068.56,122.13,107.32,-7.79,2.29,125.02,130.66,129.91,1017.73,0.0,1.062,1.085,1.076,0.433,4,1.0,0.0,81455.602
2026-08-30T22:37:36.387Z,65.113161,-149.221914,2997.34,2687.82,3091.45,121.25,106.46,-7.54,2.23,124.63,130.3,129.58,1118.16,0.0,1.011,1.041,1.026,0.686,2,1.0,0.0,81456.789
2026-08-30T22:37:37.036Z,65.112976,-149.221088,3009.85,2700.28,3103.94,120.99,106.2,-7.29,2.3,124.44,130.11,129.5,1119.08,0.0,0.966,0.975,0.97,0.071,2,1.0,0.0,81457.461
2026-08-30T22:37:38.122Z,65.112673,-149.219714,3029.46,2713.46,3125.69,120.54,105.75,-7.19,2.14,124.15,129.88,129.43,1083.38,0.0,0.956,0.974,0.964,0.3,4,1.0,0.0,81458.547
2026-08-30T22:37:39.107Z,65.112406,-149.218473,3046.54,2730.52,3143.53,120.07,105.27,-7.0,1.81,124.0,129.7,129.35,1049.66,0.0,0.971,0.975,0.973,0.036,2,1.0,0.0,81459.523
2026-08-30T22:37:40.186Z,65.112116,-149.217103,3064.46,2752.45,3160.52,119.65,104.85,-6.97,1.28,123.72,129.52,129.27,1007.89,0.0,0.971,0.983,0.977,0.122,4,1.0,0.0,81460.602
2026-08-30T22:37:41.137Z,65.111863,-149.215883,3079.93,2767.91,3179.51,119.14,104.31,-6.62,0.98,123.91,129.89,129.7,976.18,0.0,0.969,0.974,0.972,0.183,2,1.0,0.0,81461.562
2026-08-30T22:37:42.012Z,65.111634,-149.214771,3093.06,2781.01,3192.77,118.99,104.21,-6.67,0.99,123.91,129.82,129.86,922.5,0.0,0.945,0.967,0.953,1.15,3,1.0,0.0,81462.438
2026-08-30T22:37:43.095Z,65.111353,-149.21338,3109.16,2798.4,3207.83,119.02,104.2,-6.65,0.12,124.06,129.97,129.94,909.41,0.0,1.006,1.011,1.009,0.154,4,1.0,0.0,81463.516
2026-08-30T22:37:44.103Z,65.11109,-149.212072,3124.63,2812.36,3222.71,118.03,103.23,-6.7,-0.39,123.61,129.49,129.86,909.22,0.0,0.997,1.001,0.999,0.019,2,1.0,0.0,81464.531
2026-08-30T22:37:45.004Z,65.110862,-149.21092,3138.1,2825.83,3236.06,118.74,103.95,-6.82,-0.81,123.57,129.54,129.91,912.65,0.0,0.996,1.006,1.001,0.159,3,1.0,0.0,81465.43
2026-08-30T22:37:46.093Z,65.110582,-149.209511,3155.07,2843.34,3252.69,118.48,103.67,-6.91,-1.38,123.51,129.5,129.91,931.89,0.0,1.004,1.007,1.006,0.048,3,1.0,0.0,81466.516
2026-08-30T22:37:47.103Z,65.110324,-149.208208,3171.33,2859.6,3268.5,118.49,103.7,-6.93,-1.46,123.52,129.53,129.88,957.14,0.0,0.984,0.991,0.988,0.01,2,1.0,0.0,81467.531
2026-08-30T22:37:48.196Z,65.110044,-149.206799,3188.96,2877.55,3286.11,118.69,103.9,-7.08,-1.82,123.42,129.46,129.82,964.91,0.0,0.984,0.996,0.99,0.117,4,1.0,0.0,81468.625
2026-08-30T22:37:49.188Z,65.109788,-149.205518,3205.28,2893.89,3302.08,118.24,103.42,-7.16,-2.02,123.54,129.78,130.11,988.44,0.0,0.991,0.997,0.994,0.182,2,1.0,0.0,81469.617
2026-08-30T22:37:50.075Z,65.109561,-149.204374,3220.17,2908.97,3316.59,118.38,103.61,-7.36,-1.71,123.52,129.63,129.99,1000.11,0.0,0.973,0.987,0.98,0.33,3,1.0,0.0,81470.508
2026-08-30T22:37:51.175Z,65.109279,-149.202956,3238.84,2926.48,3335.38,118.82,104.02,-7.4,-2.11,123.37,129.5,129.8,1016.36,0.0,0.999,1.001,1.0,0.085,4,1.0,0.0,81471.602
2026-08-30T22:37:52.138Z,65.109031,-149.201706,3255.61,2944.19,3352.21,118.75,103.96,-7.31,-2.1,123.24,129.4,129.64,1026.6,0.0,0.996,0.997,0.996,0.112,2,1.0,0.0,81472.578
2026-08-30T22:37:53.017Z,65.108804,-149.200585,3270.38,2958.95,3366.91,118.69,103.89,-6.94,-1.41,123.09,129.26,129.59,1012.35,0.0,0.968,0.98,0.974,0.154,3,1.0,0.0,81473.469
2026-08-30T22:37:54.125Z,65.108518,-149.199162,3288.17,2974.09,3384.75,118.86,104.08,-6.73,-1.18,122.86,128.91,129.65,966.14,0.0,0.96,0.967,0.964,0.059,4,1.0,0.0,81474.547
2026-08-30T22:37:55.106Z,65.108266,-149.197905,3302.91,2988.81,3400.38,118.87,104.07,-6.53,-1.82,122.84,129.17,129.94,919.75,0.0,0.962,0.965,0.963,0.031,2,1.0,0.0,81475.531
2026-08-30T22:37:56.200Z,65.107982,-149.196493,3318.91,3006.04,3417.05,118.94,104.15,-6.52,-0.65,122.95,129.25,130.08,883.39,0.0,0.965,0.969,0.968,0.175,3,1.0,0.0,81476.625
2026-08-30T22:37:57.186Z,65.107725,-149.195223,3333.03,3020.16,3431.48,118.86,104.06,-6.63,-0.11,123.09,129.4,130.21,871.58,0.0,0.996,1.0,0.998,0.03,2,1.0,0.0,81477.609
2026-08-30T22:37:58.053Z,65.107502,-149.194109,3345.66,3032.8,3445.54,118.6,103.8,-6.68,-0.22,123.14,129.48,130.31,877.35,0.0,1.001,1.003,1.002,0.073,3,1.0,0.0,81478.477
2026-08-30T22:37:59.135Z,65.107223,-149.192706,3361.71,3051.62,3463.75,118.47,103.67,-6.49,-0.25,123.22,129.61,130.42,885.23,0.0,0.995,1.0,0.998,0.237,4,1.0,0.0,81479.555
2026-08-30T22:38:00.127Z,65.106969,-149.191422,3375.89,3067.55,3475.86,118.32,103.52,-6.23,-0.38,123.33,129.75,130.63,856.23,0.0,0.961,0.963,0.962,0.117,2,1.0,0.0,81480.547
2026-08-30T22:38:01.190Z,65.106697,-149.190039,3390.15,3081.8,3490.0,118.2,103.4,-6.14,-0.53,123.49,129.96,130.89,813.83,0.0,0.965,0.974,0.97,0.096,4,1.0,0.0,81481.609
2026-08-30T22:38:02.159Z,65.106448,-149.188765,3402.83,3095.81,3502.8,118.1,103.3,-6.17,-0.65,123.67,130.16,131.11,791.57,0.0,0.986,0.99,0.988,0.072,2,1.0,0.0,81482.594
2026-08-30T22:38:03.041Z,65.106224,-149.187618,3414.31,3107.39,3514.38,118.02,103.22,-6.16,-0.69,123.81,130.34,131.31,789.28,0.0,0.996,0.999,0.998,0.021,3,1.0,0.0,81483.477
2026-08-30T22:38:04.136Z,65.105945,-149.186185,3428.8,3076.2,3528.58,117.95,103.15,-6.13,-0.87,124.01,130.52,131.54,794.46,0.0,0.996,0.999,0.998,0.116,4,1.0,0.0,81484.57
2026-08-30T22:38:05.150Z,65.105686,-149.184844,3442.35,3089.74,3542.11,118.2,103.41,-6.18,-1.0,123.81,130.26,131.75,794.67,0.0,0.992,0.992,0.992,0.081,2,1.0,0.0,81485.578
2026-08-30T22:38:06.057Z,65.105457,-149.18366,3454.19,3101.58,3554.32,118.98,104.23,-5.83,-1.56,123.8,130.41,131.96,784.41,0.0,0.98,0.99,0.985,0.407,2,1.0,0.0,81486.492
2026-08-30T22:38:07.155Z,65.105176,-149.182218,3467.84,3160.48,3568.96,118.81,103.99,-6.28,-2.35,124.0,130.64,132.19,761.07,0.0,0.961,0.999,0.978,0.737,4,1.0,0.0,81487.586
2026-08-30T22:38:08.124Z,65.104923,-149.180937,3480.78,3173.45,3580.96,118.65,103.86,-6.5,-1.71,124.16,130.82,132.28,799.34,0.0,1.032,1.033,1.032,0.065,2,1.0,0.0,81488.555
2026-08-30T22:38:09.224Z,65.10464,-149.1795,3496.36,3186.59,3596.75,118.96,104.17,-6.63,-1.5,124.23,130.9,132.33,846.49,0.0,1.01,1.023,1.016,0.065,4,1.0,0.0,81489.641
2026-08-30T22:38:10.212Z,65.104381,-149.178194,3511.27,3203.91,3610.98,119.2,104.39,-7.09,-1.91,124.13,130.72,132.08,895.42,0.0,1.023,1.033,1.028,0.086,2,1.0,0.0,81490.633
2026-08-30T22:38:11.190Z,65.104131,-149.176936,3526.45,3219.15,3624.82,118.71,103.9,-6.82,-2.51,123.7,130.38,131.73,922.12,0.0,1.004,1.033,1.019,0.457,3,1.0,0.0,81491.672
2026-08-30T22:38:12.132Z,65.103881,-149.175676,3541.4,3234.08,3639.35,119.15,104.34,-6.95,-2.41,123.66,130.38,131.67,930.86,0.0,0.99,1.0,0.995,0.117,3,1.0,0.0,81492.633
2026-08-30T22:38:13.083Z,65.103632,-149.174435,3556.45,3244.77,3653.34,119.29,104.5,-7.36,-2.2,123.54,130.28,131.54,949.08,0.0,1.01,1.01,1.01,,1,1.0,0.0,81493.547
2026-08-30T22:38:14.127Z,65.10336,-149.173084,3573.9,3262.27,3669.31,119.65,104.84,-7.3,-2.19,123.41,130.14,131.31,999.93,0.0,1.02,1.036,1.03,0.479,3,1.0,0.0,81494.602
2026-08-30T22:38:15.085Z,65.103105,-149.171842,3590.3,3280.25,3685.63,119.54,104.72,-7.36,-2.39,122.79,129.48,131.14,1018.2,0.0,0.992,0.996,0.994,0.03,3,1.0,0.0,81495.539
2026-08-30T22:38:16.388Z,65.102759,-149.170156,3612.26,3301.07,3707.7,119.64,104.82,-7.13,-1.61,122.52,129.27,130.99,1001.18,0.0,0.964,0.978,0.971,0.069,2,1.0,0.0,81496.828
2026-08-30T22:38:17.073Z,65.102577,-149.169269,3623.48,3312.29,3719.58,119.47,104.66,-7.25,-1.4,122.42,129.23,130.93,995.71,0.0,0.988,0.997,0.993,0.032,2,1.0,0.0,81497.516
2026-08-30T22:38:18.174Z,65.102286,-149.167848,3641.61,3330.68,3738.11,119.72,104.91,-7.01,-1.4,122.4,129.33,131.15,982.42,0.0,0.979,0.996,0.987,0.137,4,1.0,0.0,81498.633
2026-08-30T22:38:19.061Z,65.10205,-149.166697,3655.73,3344.8,3752.71,119.35,104.53,-7.11,-0.9,122.53,129.4,131.12,966.42,0.0,1.01,1.01,1.01,,1,1.0,0.0,81499.508
2026-08-30T22:38:20.146Z,65.101761,-149.165282,3673.05,3362.09,3770.26,119.26,104.44,-6.61,-1.49,122.19,129.17,131.02,939.04,0.0,0.932,1.002,0.968,0.859,4,1.0,0.0,81500.609
2026-08-30T22:38:21.055Z,65.101524,-149.164111,3685.84,3374.66,3784.17,119.83,105.04,-5.72,-2.97,121.22,127.93,129.79,846.35,0.0,0.953,0.974,0.965,0.446,3,1.0,0.0,81501.492
2026-08-30T22:38:22.055Z,65.101265,-149.162828,3696.36,3385.1,3797.4,119.61,104.79,-6.17,-1.03,121.25,128.22,130.3,688.36,0.0,0.888,0.931,0.91,1.498,2,1.0,0.0,81502.484
2026-08-30T22:38:23.140Z,65.100982,-149.161432,3708.39,3398.08,3812.22,120.76,106.05,-5.69,1.05,121.85,128.94,130.85,688.47,0.0,1.024,1.062,1.046,1.448,4,1.0,0.0,81503.594
2026-08-30T22:38:24.136Z,65.100717,-149.160132,3719.27,3408.93,3822.65,119.59,104.72,-5.29,-0.7,122.31,129.39,131.35,644.27,0.0,0.951,0.954,0.952,0.113,2,1.0,0.0,81504.57
2026-08-30T22:38:25.013Z,65.100485,-149.158994,3727.66,3416.93,3830.03,118.91,104.12,-5.08,-0.21,122.33,129.39,131.76,590.63,0.0,0.96,0.971,0.965,0.156,3,1.0,0.0,81505.453
2026-08-30T22:38:26.124Z,65.100192,-149.157548,3737.05,3426.29,3834.75,119.47,104.65,-5.38,0.69,122.88,130.01,132.49,531.4,0.0,0.965,0.976,0.972,0.85,3,1.0,0.0,81506.555
2026-08-30T22:38:27.120Z,65.099931,-149.156246,3746.48,3435.57,3841.8,118.9,104.07,-5.57,-0.15,123.39,130.55,132.89,582.9,0.0,1.061,1.069,1.065,0.659,2,1.0,0.0,81507.578
2026-08-30T22:38:28.033Z,65.09969,-149.15504,3756.15,3445.24,3853.02,118.58,103.78,-5.62,-2.22,123.66,130.87,133.25,616.25,0.0,1.001,1.008,1.004,0.295,3,1.0,0.0,81508.469
2026-08-30T22:38:29.126Z,65.0994,-149.153585,3768.15,3417.53,3865.94,119.3,104.51,-6.35,-0.85,124.14,131.33,133.64,668.34,0.0,1.011,1.047,1.024,0.996,4,1.0,0.0,81509.57
2026-08-30T22:38:30.131Z,65.099135,-149.152257,3781.6,3431.04,3876.31,118.93,104.1,-6.01,-1.46,124.34,131.58,133.7,771.9,0.0,1.041,1.055,1.048,0.304,2,1.0,0.0,81510.57
2026-08-30T22:38:31.017Z,65.0989,-149.151079,3793.15,3486.35,3885.61,118.76,103.96,-5.93,-2.44,124.4,131.64,133.96,751.95,0.0,0.918,0.957,0.932,1.154,3,1.0,0.0,81511.445
2026-08-30T22:38:32.091Z,65.098612,-149.149649,3806.83,3500.07,3898.24,119.26,104.45,-6.14,-3.37,124.59,131.89,134.02,777.72,0.0,1.003,1.039,1.027,0.765,4,1.0,0.0,81512.523
2026-08-30T22:38:33.086Z,65.098346,-149.14834,3819.78,3513.68,3910.88,119.48,104.68,-5.98,-3.77,124.74,132.07,134.15,774.07,0.0,0.974,0.975,0.975,0.092,2,1.0,0.0,81513.523
2026-08-30T22:38:34.171Z,65.098051,-149.146903,3833.53,3527.37,3924.61,119.88,105.08,-6.03,-3.53,124.89,132.24,134.33,761.63,0.0,0.983,0.99,0.988,0.106,4,1.0,0.0,81514.617
2026-08-30T22:38:35.179Z,65.097773,-149.14557,3846.59,3538.52,3936.26,120.23,105.42,-6.53,-2.23,124.74,132.1,134.42,789.87,0.0,1.028,1.036,1.032,0.038,2,1.0,0.0,81515.617
2026-08-30T22:38:36.090Z,65.097518,-149.144364,3859.64,3551.63,3947.94,120.14,105.32,-6.79,-2.45,124.77,132.13,134.44,847.06,0.0,1.03,1.035,1.032,0.014,2,1.0,0.0,81516.523
2026-08-30T22:38:37.201Z,65.097207,-149.142895,3877.06,3567.24,3965.96,120.62,105.82,-7.12,-3.32,124.32,131.68,133.87,922.27,0.0,1.03,1.031,1.03,0.034,4,1.0,0.0,81517.656
2026-08-30T22:38:38.041Z,65.096975,-149.141809,3890.63,3580.82,3979.22,120.82,106.01,-7.11,-3.81,123.59,130.68,132.89,950.21,0.0,1.026,1.026,1.026,,1,1.0,0.0,81518.484
2026-08-30T22:38:39.123Z,65.096671,-149.140395,3908.17,3597.16,3995.37,120.54,105.74,-7.53,-3.86,122.56,129.81,131.96,971.77,0.0,1.012,1.031,1.02,0.656,4,1.0,0.0,81519.57
2026-08-30T22:38:40.033Z,65.096418,-149.139232,3923.7,3612.71,4010.49,121.52,106.71,-7.52,-4.27,122.25,129.56,131.63,1006.8,0.0,1.006,1.027,1.016,0.047,3,1.0,0.0,81520.477
2026-08-30T22:38:41.057Z,65.096127,-149.137916,3941.41,3628.44,4028.07,121.67,106.85,-7.61,-4.72,122.12,129.47,131.44,1032.93,0.0,0.999,1.001,1.0,0.034,2,1.0,0.0,81521.523
2026-08-30T22:38:42.177Z,65.095807,-149.136497,3960.96,3647.94,4047.46,122.19,107.38,-7.6,-4.7,121.98,129.36,131.24,1044.67,0.0,0.993,0.996,0.995,0.052,4,1.0,0.0,81522.617
2026-08-30T22:38:43.194Z,65.095511,-149.135217,3978.67,3668.07,4064.44,122.73,107.92,-7.61,-4.82,121.83,129.24,131.05,1046.3,0.0,0.992,0.992,0.992,0.012,2,1.0,0.0,81523.641
2026-08-30T22:38:44.085Z,65.095248,-149.134097,3994.21,3683.58,4079.4,123.13,108.31,-7.58,-4.45,121.74,129.15,130.89,1045.3,0.0,0.992,0.993,0.992,0.071,3,1.0,0.0,81524.539
2026-08-30T22:38:45.187Z,65.094917,-149.132707,4013.49,3701.68,4097.13,123.75,108.93,-7.57,-0.78,121.36,128.68,130.77,1041.3,0.0,0.989,0.991,0.989,0.023,4,1.0,0.0,81525.648
2026-08-30T22:38:46.021Z,65.09467,-149.131679,4027.74,3715.92,4113.01,123.83,109.0,-7.45,-0.95,121.03,128.47,130.74,1035.84,0.0,0.985,0.985,0.985,,1,1.0,0.0,81526.469
2026-08-30T22:38:47.113Z,65.094343,-149.130289,4046.6,3739.51,4133.07,123.56,108.73,-6.99,-1.18,120.97,128.49,130.77,1013.67,0.0,0.98,0.982,0.981,0.18,2,1.0,0.0,81527.586
2026-08-30T22:38:48.026Z,65.094069,-149.129172,4060.49,3753.34,4148.19,123.55,108.72,-6.39,-1.32,121.06,128.61,131.04,927.71,0.0,0.905,0.929,0.915,0.369,3,1.0,0.0,81528.492
2026-08-30T22:38:49.069Z,65.09376,-149.127875,4074.44,3765.6,4164.9,123.62,108.79,-6.3,-1.67,121.28,128.9,131.34,838.35,0.0,0.955,0.962,0.958,0.026,2,1.0,0.0,81529.516
2026-08-30T22:38:50.165Z,65.093428,-149.126491,4088.4,3779.55,4180.02,123.61,108.78,-5.97,-1.85,121.59,129.27,131.75,776.04,0.0,0.969,0.971,0.97,0.044,4,1.0,0.0,81530.625
2026-08-30T22:38:51.219Z,65.093111,-149.125172,4100.85,3792.36,4192.89,123.72,108.9,-5.71,-2.17,121.98,129.72,132.2,721.73,0.0,0.965,0.966,0.966,0.001,2,1.0,0.0,81531.68
2026-08-30T22:38:52.124Z,65.092838,-149.124039,4110.8,3802.33,4203.14,123.84,109.02,-5.56,-2.48,122.34,130.15,132.62,678.53,0.0,0.968,0.97,0.969,0.028,3,1.0,0.0,81532.586
2026-08-30T22:38:53.048Z,65.092553,-149.122861,4120.55,3805.24,4212.5,124.0,109.17,-5.47,-2.75,122.75,130.6,133.06,642.16,0.0,0.972,0.977,0.975,0.117,3,1.0,0.0,81533.516
2026-08-30T22:38:54.130Z,65.092218,-149.121494,4131.51,3816.19,4227.71,124.23,109.41,-5.37,-2.77,123.25,131.15,133.58,615.09,0.0,0.984,0.985,0.985,0.021,2,1.0,0.0,81534.594
2026-08-30T22:38:55.065Z,65.091928,-149.120311,4140.87,3830.22,4236.81,124.47,109.64,-5.64,-1.71,123.16,131.05,134.02,611.57,0.0,0.99,1.004,0.996,0.192,3,1.0,0.0,81535.531
2026-08-30T22:38:56.365Z,65.091518,-149.118661,4155.02,3845.23,4249.37,124.43,109.6,-5.99,-1.87,123.62,131.54,134.45,662.57,0.0,1.025,1.027,1.026,0.013,2,1.0,0.0,81536.82
2026-08-30T22:38:57.073Z,65.091293,-149.117753,4163.44,3853.65,4256.54,124.6,109.78,-6.35,-1.9,123.77,131.7,134.49,691.18,0.0,1.033,1.041,1.037,0.337,2,1.0,0.0,81537.531
2026-08-30T22:38:58.115Z,65.090966,-149.116446,4176.22,3866.45,4267.98,124.47,109.64,-5.78,-2.09,123.16,130.94,133.74,720.64,0.0,1.06,1.076,1.068,0.488,2,1.0,0.0,81538.57
2026-08-30T22:38:59.016Z,65.090679,-149.115297,4186.49,3876.63,4278.44,124.36,109.55,-5.63,-0.77,123.2,131.16,134.11,676.64,0.0,0.942,0.966,0.951,0.918,3,1.0,0.0,81539.477
2026-08-30T22:39:00.128Z,65.090332,-149.113899,4198.84,3889.03,4291.05,124.53,109.7,-6.27,-0.96,123.55,131.56,134.43,700.6,0.0,1.002,1.045,1.027,0.139,4,1.0,0.0,81540.578
2026-08-30T22:39:01.141Z,65.090009,-149.112605,4212.04,3903.52,4303.31,124.44,109.61,-6.56,-1.27,123.7,131.73,134.57,767.05,0.0,1.029,1.033,1.031,0.036,2,1.0,0.0,81541.602
2026-08-30T22:39:02.060Z,65.089718,-149.111433,4225.05,3916.54,4315.32,124.5,109.67,-6.91,-1.39,123.79,131.78,134.58,832.18,0.0,1.028,1.034,1.031,0.151,3,1.0,0.0,81542.523
2026-08-30T22:39:03.167Z,65.089367,-149.110024,4242.37,3933.15,4331.25,124.52,109.7,-7.22,-1.57,123.74,131.77,134.46,927.09,0.0,1.038,1.044,1.041,0.18,4,1.0,0.0,81543.664
2026-08-30T22:39:04.117Z,65.089069,-149.108824,4258.55,3949.44,4346.3,124.7,109.89,-7.48,-1.52,123.9,132.07,134.69,1004.47,0.0,1.03,1.03,1.03,,1,1.0,0.0,81544.648
2026-08-30T22:39:05.114Z,65.088754,-149.107556,4276.83,3968.55,4362.63,125.06,110.22,-7.58,-0.6,124.01,131.71,134.44,1082.07,0.0,0.981,1.012,0.996,0.155,3,1.0,0.0,81545.609
2026-08-30T22:39:06.110Z,65.088435,-149.106285,4296.17,3987.79,4382.58,124.33,109.49,-8.34,0.26,122.76,130.75,133.47,1146.32,0.0,0.978,1.005,0.991,0.862,2,1.0,0.0,81546.57
2026-08-30T22:39:07.150Z,65.088111,-149.104979,4317.36,4008.49,4401.96,124.2,109.37,-8.22,0.16,122.38,130.38,133.05,1206.59,0.0,1.011,1.021,1.016,0.312,2,1.0,0.0,81547.609
2026-08-30T22:39:08.062Z,65.087828,-149.103828,4336.06,4027.18,4418.94,124.02,109.19,-8.23,-0.04,122.04,130.29,133.07,1212.96,0.0,0.981,0.983,0.982,0.139,3,1.0,0.0,81548.516
2026-08-30T22:39:09.188Z,65.087483,-149.102406,4358.55,4048.58,4440.95,122.1,107.18,-8.14,-0.03,122.6,130.72,133.7,1206.63,0.0,1.0,1.01,1.005,0.101,4,1.0,0.0,81549.648
2026-08-30T22:39:10.045Z,65.087222,-149.101303,4375.93,4065.95,4456.86,122.28,107.5,-7.98,1.45,122.34,130.47,133.47,1209.61,0.0,0.997,0.997,0.997,,1,1.0,0.0,81550.523
2026-08-30T22:39:11.184Z,65.086886,-149.099849,4399.0,4091.27,4480.59,122.9,108.02,-8.46,0.85,121.73,129.88,132.88,1223.82,0.0,0.966,0.994,0.976,0.992,4,1.0,0.0,81551.656
2026-08-30T22:39:12.051Z,65.086628,-149.098732,4417.18,4109.37,4499.87,120.56,105.64,-7.34,2.84,120.75,128.6,131.87,1208.8,0.0,0.966,0.966,0.966,,1,1.0,0.0,81552.523
2026-08-30T22:39:13.186Z,65.086309,-149.097281,4438.39,4126.95,4522.98,119.61,104.79,-7.31,6.56,119.51,127.63,131.14,1135.99,0.0,0.872,0.9,0.882,0.765,4,1.0,0.0,81553.664
2026-08-30T22:39:14.087Z,65.086067,-149.096128,4453.43,4141.91,4539.73,119.7,104.82,-6.39,4.45,119.29,127.09,131.01,999.3,0.0,0.873,0.873,0.873,,1,1.0,0.0,81554.562
2026-08-30T22:39:15.018Z,65.085822,-149.094913,4465.05,4153.28,4554.62,117.86,103.02,-5.43,3.04,118.1,125.9,130.13,808.82,0.0,0.924,0.982,0.956,0.353,3,1.0,0.0,81555.508
2026-08-30T22:39:16.034Z,65.085568,-149.093593,4473.08,,,117.76,102.68,-4.97,-0.74,116.76,124.64,130.23,419.58,0.0,0.791,0.854,0.823,2.265,2,1.0,0.0,81556.695
2026-08-30T22:39:17.106Z,65.085308,-149.092195,4476.27,4163.9,4574.38,116.75,101.87,-4.19,0.64,116.3,124.53,130.03,292.79,0.0,1.122,1.122,1.122,,1,1.0,0.0,81557.594
2026-08-30T22:39:18.067Z,65.08508,-149.090937,4478.66,4166.23,4578.56,116.55,101.74,-4.86,0.17,117.23,125.42,131.41,187.12,0.0,0.932,0.968,0.945,1.527,3,1.0,0.0,81558.547
2026-08-30T22:39:19.154Z,65.08482,-149.089499,4484.31,4173.62,4582.6,117.28,102.46,-6.52,-5.88,118.13,126.48,131.86,387.92,0.0,1.212,1.23,1.221,1.247,2,1.0,0.0,81559.633
2026-08-30T22:39:20.078Z,65.084593,-149.088264,4493.66,4182.94,4590.13,118.0,103.19,-5.42,-4.33,118.74,127.06,132.43,492.54,0.0,0.949,1.082,1.017,1.043,3,1.0,0.0,81560.57
2026-08-30T22:39:21.199Z,65.084315,-149.086784,4503.19,4197.04,4599.06,118.62,103.79,-5.91,-1.98,119.36,127.73,133.09,507.7,0.0,0.976,0.977,0.977,0.678,2,1.0,0.0,81561.688
2026-08-30T22:39:22.155Z,65.08407,-149.085508,4512.36,4206.21,4607.02,118.66,103.8,-5.44,-1.91,119.99,128.41,133.59,563.22,0.0,1.032,1.055,1.047,1.159,3,1.0,0.0,81562.641
2026-08-30T22:39:23.055Z,65.083838,-149.084299,4520.9,4215.6,4615.36,118.45,103.62,-5.12,-2.03,120.28,128.49,133.74,539.2,0.0,0.951,0.951,0.951,,1,1.0,0.0,81563.555
2026-08-30T22:39:24.213Z,65.083538,-149.082752,4530.52,4225.2,4625.56,118.32,103.5,-5.21,-0.76,120.47,128.96,134.2,508.07,0.0,0.903,0.952,0.922,0.694,4,1.0,0.0,81564.719
2026-08-30T22:39:25.122Z,65.083303,-149.081553,4538.14,4234.37,4633.17,119.08,104.24,-5.58,-1.02,120.96,129.18,134.32,529.09,0.0,1.026,1.026,1.026,,1,1.0,0.0,81565.594
2026-08-30T22:39:26.118Z,65.083043,-149.080219,4548.24,4244.53,4642.52,117.67,102.71,-5.74,-1.19,118.7,126.84,132.25,587.87,0.0,0.97,1.007,0.988,0.288,2,1.0,0.0,81566.609
2026-08-30T22:39:27.079Z,65.082799,-149.078948,4557.67,4238.73,4653.9,114.1,99.15,-3.47,1.8,118.85,127.21,133.12,533.34,0.0,0.9,0.952,0.933,2.403,3,1.0,0.0,81567.57
2026-08-30T22:39:28.170Z,65.082534,-149.077475,4562.03,4242.88,4660.85,113.39,98.59,-2.1,5.02,119.39,127.74,133.91,260.17,0.0,0.8,0.803,0.801,0.419,2,1.0,0.0,81568.664
2026-08-30T22:39:29.113Z,65.082319,-149.076191,4562.72,4243.94,4663.84,112.7,97.84,-3.63,3.54,119.83,128.53,134.95,126.71,0.0,0.805,0.922,0.863,2.445,3,1.0,0.0,81569.609
2026-08-30T22:39:30.019Z,65.082117,-149.074931,4563.21,4244.4,4666.91,113.63,98.9,-2.36,-2.07,121.27,130.06,136.36,43.45,0.0,0.991,0.991,0.991,,1,1.0,0.0,81570.508
2026-08-30T22:39:31.172Z,65.081862,-149.073325,4561.96,4244.35,4666.26,115.43,100.51,-3.34,-2.81,123.87,133.42,139.52,-14.99,0.0,0.944,1.099,1.019,2.081,4,1.0,0.0,81571.656
2026-08-30T22:39:32.083Z,65.081645,-149.072018,4560.93,4243.19,4666.64,111.29,96.33,0.37,-3.23,125.62,134.38,140.54,-139.73,0.0,0.909,0.909,0.909,,1,1.0,0.0,81572.578
2026-08-30T22:39:33.030Z,65.081428,-149.070642,4551.13,4244.1,4663.06,109.92,95.14,1.6,-1.72,126.28,135.67,142.36,-576.31,0.0,0.663,0.711,0.686,1.809,3,1.0,0.0,81573.516
2026-08-30T22:39:34.188Z,65.081172,-149.068928,4533.98,4227.12,4648.83,113.66,98.88,-1.45,-6.22,130.09,139.59,146.09,-685.52,0.0,0.902,1.155,1.036,2.209,4,1.0,0.0,81574.688
2026-08-30T22:39:35.115Z,65.080954,-149.06754,4527.67,4220.86,4638.7,114.33,99.5,-3.69,-9.37,131.4,140.7,147.11,-393.41,0.0,1.29,1.29,1.29,,1,1.0,0.0,81575.594
2026-08-30T22:39:36.128Z,65.080701,-149.066002,4530.14,4223.64,4633.59,115.91,101.1,-6.07,-7.75,132.51,142.28,148.3,103.38,0.0,1.281,1.301,1.291,0.29,2,1.0,0.0,81576.625
2026-08-30T22:39:37.088Z,65.080448,-149.064562,4543.73,4234.14,4635.42,116.19,101.41,-8.6,-3.53,133.32,142.51,147.61,741.42,0.0,1.317,1.384,1.35,0.828,3,1.0,0.0,81577.57
2026-08-30T22:39:38.168Z,65.080157,-149.062959,4569.28,4258.78,4647.59,117.62,102.79,-8.45,-3.2,132.49,141.5,146.36,1224.02,0.0,1.077,1.121,1.099,0.196,2,1.0,0.0,81578.648
2026-08-30T22:39:39.112Z,65.079903,-149.061585,4593.31,4282.9,4666.13,117.46,102.61,-8.03,-2.97,131.64,140.69,145.27,1435.65,0.0,1.066,1.075,1.07,1.199,3,1.0,0.0,81579.586
2026-08-30T22:39:40.174Z,65.079612,-149.06003,4618.57,4310.27,4690.36,117.54,102.69,-6.16,-1.99,130.82,139.93,144.98,1322.79,0.0,0.795,0.809,0.802,0.467,2,1.0,0.0,81580.656
2026-08-30T22:39:41.113Z,65.079358,-149.058669,4635.12,4326.71,4709.49,117.77,102.92,-5.51,-1.67,130.51,139.71,144.9,1106.76,0.0,0.829,0.863,0.847,0.245,3,1.0,0.0,81581.609
2026-08-30T22:39:42.015Z,65.079111,-149.057352,4648.06,4339.53,4724.91,117.73,102.87,-5.84,-0.67,130.34,139.61,144.9,939.19,0.0,0.92,0.92,0.92,,1,1.0,0.0,81582.5
2026-08-30T22:39:43.152Z,65.078804,-149.05571,4662.76,4349.48,4743.03,117.4,102.53,-3.01,-2.28,130.53,139.87,145.24,743.96,0.0,0.822,1.003,0.921,3.228,4,1.0,0.0,81583.641
2026-08-30T22:39:44.070Z,65.078551,-149.054366,4667.97,4354.49,4753.62,117.5,102.65,-1.59,-3.75,131.02,140.52,146.03,390.93,0.0,0.757,0.757,0.757,,1,1.0,0.0,81584.578
2026-08-30T22:39:45.037Z,65.078284,-149.052945,4667.75,4353.68,4758.8,118.25,103.4,-1.98,-1.62,131.98,141.57,147.06,123.58,0.0,0.801,0.941,0.869,1.758,3,1.0,0.0,81585.539
2026-08-30T22:39:46.082Z,65.077992,-149.051418,4667.32,4353.26,4760.45,117.63,102.75,-2.02,-1.3,132.81,142.56,148.15,40.49,0.0,0.965,1.01,0.988,0.582,2,1.0,0.0,81586.57
2026-08-30T22:39:47.205Z,65.077673,-149.049746,4667.36,4360.27,4761.05,118.35,103.54,-2.4,-3.05,133.88,143.46,149.62,14.23,0.0,0.946,0.962,0.954,1.103,2,1.0,0.0,81587.695
2026-08-30T22:39:48.151Z,65.077401,-149.048329,4668.07,4361.02,4761.41,118.65,103.77,-2.74,-1.1,134.56,144.33,150.35,53.8,0.0,1.034,1.036,1.034,0.205,3,1.0,0.0,81588.648
2026-08-30T22:39:49.061Z,65.077139,-149.046977,4670.29,4270.79,4762.48,117.48,102.61,-3.45,0.21,135.1,144.89,150.98,145.82,0.0,1.074,1.074,1.074,,1,1.0,0.0,81589.539
2026-08-30T22:39:50.200Z,65.076806,-149.045241,4677.0,4192.64,4766.34,118.37,103.52,-4.08,-2.54,135.78,145.5,151.52,329.86,0.0,1.076,1.106,1.095,0.748,4,1.0,0.0,81590.688
2026-08-30T22:39:51.100Z,65.076546,-149.043887,4685.13,4200.91,4770.56,118.27,103.42,-5.67,-3.17,135.84,145.55,151.36,539.63,0.0,1.181,1.181,1.181,,1,1.0,0.0,81591.594
2026-08-30T22:39:52.053Z,65.076266,-149.042454,4699.25,4215.18,4780.48,118.64,103.84,-6.35,-1.37,135.82,145.61,151.25,822.97,0.0,1.134,1.184,1.159,0.458,3,1.0,0.0,81592.539
2026-08-30T22:39:53.194Z,65.07593,-149.040748,4722.04,4207.01,4798.71,119.69,104.8,-6.08,-0.98,135.01,144.62,149.83,1118.14,0.0,1.079,1.136,1.117,2.382,4,1.0,0.0,81593.68
2026-08-30T22:39:54.093Z,65.075663,-149.039409,4739.4,4224.25,4815.68,118.63,103.72,-3.91,-0.33,134.98,144.78,150.21,1048.64,0.0,0.847,0.847,0.847,,1,1.0,0.0,81594.586
2026-08-30T22:39:55.038Z,65.075384,-149.038008,4750.8,4217.17,4831.58,118.37,103.53,-2.92,-0.85,134.82,144.65,150.4,755.09,0.0,0.722,0.76,0.739,1.048,3,1.0,0.0,81595.531
2026-08-30T22:39:56.071Z,65.075081,-149.036466,4756.81,4223.02,4844.33,119.44,104.59,-2.87,-1.56,135.12,144.97,150.89,436.49,0.0,0.798,0.848,0.824,2.711,2,1.0,0.0,81596.562
2026-08-30T22:39:57.186Z,65.074747,-149.034793,4762.23,4204.58,4851.37,118.77,103.9,-2.75,2.2,135.26,144.99,150.78,357.9,0.0,1.043,1.054,1.049,1.631,2,1.0,0.0,81597.672
2026-08-30T22:39:58.131Z,65.074467,-149.03338,4765.77,4208.02,4857.96,119.01,104.13,-2.19,3.22,134.97,144.78,150.86,228.61,0.0,0.903,0.922,0.912,0.4,3,1.0,0.0,81598.609
2026-08-30T22:39:59.043Z,65.074199,-149.032012,4766.82,4205.42,4860.16,117.64,102.76,-1.85,2.47,135.58,145.68,151.89,107.83,0.0,0.934,0.934,0.934,,1,1.0,0.0,81599.531
2026-08-30T22:40:00.175Z,65.073865,-149.030283,4766.44,4205.03,4862.21,118.11,103.28,-2.06,0.45,136.7,146.81,152.98,28.17,0.0,0.959,1.02,0.988,0.847,4,1.0,0.0,81600.656
2026-08-30T22:40:01.074Z,65.073603,-149.02891,4766.9,4257.17,4861.31,118.01,103.14,-3.09,0.32,136.92,146.86,153.12,76.64,0.0,1.063,1.063,1.063,,1,1.0,0.0,81601.555
2026-08-30T22:40:02.007Z,65.073331,-149.027491,4771.08,4261.41,4862.47,118.05,103.18,-1.86,-1.25,137.03,147.08,153.16,199.03,0.0,1.036,1.119,1.08,2.119,3,1.0,0.0,81602.484
2026-08-30T22:40:03.154Z,65.072993,-149.025719,4772.46,4349.23,4866.39,117.8,102.95,-0.73,-0.52,137.83,148.19,154.3,26.54,0.0,0.828,0.866,0.843,1.178,4,1.0,0.0,81603.648
2026-08-30T22:40:04.065Z,65.072727,-149.024324,4769.29,4345.96,4866.02,117.67,102.78,-0.62,-0.47,139.17,149.58,155.75,-152.82,0.0,0.926,0.926,0.926,,1,1.0,0.0,81604.547
2026-08-30T22:40:05.195Z,65.072393,-149.022567,4763.74,4454.94,4861.73,116.9,102.04,-0.99,-0.42,140.39,150.82,157.14,-242.07,0.0,0.99,1.006,0.998,0.325,4,1.0,0.0,81605.68
2026-08-30T22:40:06.079Z,65.072126,-149.021159,4760.77,4452.08,4858.75,116.84,102.01,-2.26,-0.22,141.22,151.64,157.98,-153.04,0.0,1.143,1.143,1.143,,1,1.0,0.0,81606.562
2026-08-30T22:40:07.026Z,65.071847,-149.019662,4762.04,4414.59,4857.54,116.65,101.77,-1.96,0.51,141.8,152.17,158.45,21.84,0.0,1.095,1.095,1.095,,1,1.0,0.0,81607.516
2026-08-30T22:40:08.161Z,65.071511,-149.01785,4764.59,4417.16,4857.91,116.71,101.87,-3.13,-0.29,142.09,152.45,158.81,128.37,0.0,0.996,1.077,1.029,2.052,4,1.0,0.0,81608.641
2026-08-30T22:40:09.068Z,65.071246,-149.016401,4769.79,4466.44,4860.88,117.23,102.38,-2.85,-0.28,142.13,152.45,158.57,300.74,0.0,1.162,1.162,1.162,,1,1.0,0.0,81609.555
2026-08-30T22:40:10.211Z,65.070912,-149.014583,4775.23,4469.02,4865.6,117.28,102.39,-1.61,-2.87,142.6,153.15,159.52,206.06,0.0,0.86,0.952,0.892,1.578,4,1.0,0.0,81610.688
2026-08-30T22:40:11.110Z,65.070646,-149.013147,4776.37,4470.17,4868.12,117.03,102.16,-2.11,-3.5,143.39,153.94,160.23,140.26,0.0,0.993,0.993,0.993,,1,1.0,0.0,81611.586
2026-08-30T22:40:12.032Z,65.070368,-149.011661,4778.89,4472.75,4870.28,118.11,103.26,-2.75,-3.63,143.89,154.46,160.58,189.94,0.0,1.039,1.075,1.057,0.332,3,1.0,0.0,81612.508
2026-08-30T22:40:13.149Z,65.070024,-149.009868,4784.56,4470.79,4874.31,117.79,102.88,-3.09,-2.85,144.4,155.08,161.15,294.13,0.0,1.059,1.069,1.064,0.483,4,1.0,0.0,81613.625
2026-08-30T22:40:14.041Z,65.069749,-149.008443,4790.59,4476.85,4878.97,117.67,102.8,-2.71,-1.81,144.68,155.22,161.25,362.5,0.0,1.011,1.011,1.011,,1,1.0,0.0,81614.523
2026-08-30T22:40:15.181Z,65.069392,-149.006595,4797.95,4484.81,4886.0,118.59,103.72,-3.22,-2.66,144.68,155.25,161.21,388.87,0.0,0.967,1.029,0.995,1.189,4,1.0,0.0,81615.672
2026-08-30T22:40:16.079Z,65.069112,-149.005172,4804.77,4491.67,4892.76,118.49,103.6,-3.43,-0.94,144.61,155.17,161.09,450.67,0.0,1.047,1.047,1.047,,1,1.0,0.0,81616.547
2026-08-30T22:40:17.216Z,65.068756,-149.00336,4814.64,4504.23,4903.56,118.18,103.31,-2.77,-1.02,144.49,155.07,161.01,486.01,0.0,0.978,1.004,0.991,0.553,2,1.0,0.0,81617.695
2026-08-30T22:40:18.089Z,65.068477,-149.001943,4820.72,4510.21,4909.47,118.3,103.43,-2.32,-1.3,144.51,155.12,161.11,404.47,0.0,0.91,0.91,0.91,,1,1.0,0.0,81618.578
2026-08-30T22:40:19.033Z,65.068179,-149.000425,4824.93,4481.13,4914.88,118.3,103.42,-1.99,-1.66,144.63,155.31,161.31,292.55,0.0,0.922,0.933,0.928,0.023,3,1.0,0.0,81619.523
2026-08-30T22:40:20.195Z,65.067814,-148.998573,4827.75,4483.91,4920.27,118.42,103.55,-1.98,-1.62,144.91,155.63,161.66,177.41,0.0,0.935,0.968,0.948,0.781,4,1.0,0.0,81620.672
2026-08-30T22:40:21.083Z,65.067534,-148.997155,4829.69,4515.85,4922.54,118.48,103.6,-1.98,-1.46,145.17,155.91,161.93,157.66,0.0,1.014,1.014,1.014,,1,1.0,0.0,81621.562
2026-08-30T22:40:22.032Z,65.067232,-148.99563,4832.15,4518.31,4926.37,118.5,103.63,-1.95,-1.37,145.44,156.21,162.19,158.26,0.0,1.004,1.009,1.007,0.036,3,1.0,0.0,81622.508
2026-08-30T22:40:23.177Z,65.066864,-148.993779,4835.31,4527.46,4928.51,118.58,103.71,-2.02,-1.45,145.7,156.48,162.49,165.62,0.0,1.003,1.005,1.004,0.059,4,1.0,0.0,81623.664
2026-08-30T22:40:24.068Z,65.066578,-148.992342,4837.96,4530.11,4930.21,118.62,103.75,-2.1,-1.46,145.89,156.69,162.68,178.4,0.0,1.011,1.011,1.011,,1,1.0,0.0,81624.555
2026-08-30T22:40:25.220Z,65.066207,-148.990482,4841.87,4528.1,4933.03,118.7,103.82,-2.22,-1.55,146.12,156.91,162.88,203.16,0.0,1.01,1.014,1.011,0.087,4,1.0,0.0,81625.703
2026-08-30T22:40:26.107Z,65.065922,-148.989059,4845.32,4531.56,4935.91,118.74,103.87,-2.31,-1.63,146.24,157.06,163.0,228.81,0.0,1.016,1.016,1.016,,1,1.0,0.0,81626.602
2026-08-30T22:40:27.058Z,65.065613,-148.987518,4849.58,4538.74,4939.59,118.75,103.88,-2.59,-1.31,146.32,157.13,163.07,264.43,0.0,1.02,1.02,1.02,,1,1.0,0.0,81627.555
2026-08-30T22:40:28.225Z,65.065235,-148.985646,4855.84,4545.02,4944.98,118.65,103.75,-2.5,0.39,146.6,157.42,163.39,308.34,0.0,0.985,1.039,1.013,0.74,4,1.0,0.0,81628.695
2026-08-30T22:40:29.104Z,65.06495,-148.984225,4860.81,4547.36,4949.66,118.59,103.72,-2.57,0.64,146.51,157.26,163.42,333.29,0.0,1.018,1.018,1.018,,1,1.0,0.0,81629.578
2026-08-30T22:40:30.046Z,65.064644,-148.982683,4866.27,4552.81,4954.96,118.45,103.57,-2.45,0.3,146.41,157.25,163.47,333.49,0.0,0.986,0.994,0.99,0.043,3,1.0,0.0,81630.531
2026-08-30T22:40:31.201Z,65.064275,-148.980823,4872.4,4563.47,4961.24,118.04,103.16,-2.44,0.2,146.23,157.07,163.32,321.18,0.0,0.988,0.989,0.988,0.022,4,1.0,0.0,81631.68
2026-08-30T22:40:32.076Z,65.063993,-148.979389,4876.92,4567.99,4965.9,118.1,103.22,-2.25,0.11,146.24,157.06,163.33,306.11,0.0,0.99,0.99,0.99,,1,1.0,0.0,81632.578
2026-08-30T22:40:33.011Z,65.063697,-148.977867,4880.98,4567.81,4970.52,117.92,103.07,-2.37,0.37,146.09,156.92,163.26,271.32,0.0,0.975,0.986,0.979,0.69,3,1.0,0.0,81633.5
2026-08-30T22:40:34.181Z,65.063331,-148.975974,4886.43,4573.29,4975.86,117.33,102.43,-2.5,1.92,146.21,157.14,163.5,289.69,0.0,1.005,1.018,1.01,0.407,4,1.0,0.0,81634.656
2026-08-30T22:40:35.085Z,65.06305,-148.974499,4891.11,4572.63,4980.31,117.26,102.39,-1.71,1.63,146.46,157.31,163.73,280.29,0.0,0.966,0.966,0.966,,1,1.0,0.0,81635.57
2026-08-30T22:40:36.106Z,65.062735,-148.972818,4893.85,4575.29,4984.59,116.86,101.97,-1.61,-0.48,146.34,157.27,163.81,171.95,0.0,0.901,0.929,0.915,0.419,2,1.0,0.0,81636.594
2026-08-30T22:40:37.038Z,65.06245,-148.971287,4895.41,4576.6,4987.08,116.77,101.88,-2.35,-0.21,146.68,157.77,164.47,154.26,0.0,0.986,1.034,1.01,0.635,3,1.0,0.0,81637.516
2026-08-30T22:40:38.128Z,65.062118,-148.969482,4900.57,4581.87,4990.53,115.87,100.99,-3.12,0.6,147.45,158.44,165.03,292.22,0.0,1.072,1.082,1.077,0.334,2,1.0,0.0,81638.617
2026-08-30T22:40:39.084Z,65.061832,-148.967903,4908.07,4593.95,4995.85,116.07,101.21,-3.17,1.01,147.32,158.28,164.81,432.54,0.0,1.077,1.095,1.087,0.779,3,1.0,0.0,81639.562
2026-08-30T22:40:40.203Z,65.061497,-148.966028,4916.87,4602.6,5004.64,115.87,100.95,-1.02,-0.35,146.62,157.39,164.28,368.37,0.0,0.84,0.897,0.869,0.873,2,1.0,0.0,81640.742
2026-08-30T22:40:41.086Z,65.061239,-148.964561,4917.35,4607.2,5009.31,114.77,99.87,-0.57,-0.05,146.32,157.37,164.77,70.76,0.0,0.709,0.734,0.722,1.941,2,1.0,0.0,81641.609
2026-08-30T22:40:42.034Z,65.060964,-148.962973,4914.25,4604.08,5009.81,115.3,100.41,0.03,-2.75,146.63,157.72,165.01,-107.24,0.0,0.963,0.963,0.963,,1,1.0,0.0,81642.57
2026-08-30T22:40:43.121Z,65.060651,-148.961149,4907.57,4587.2,5005.9,115.7,100.83,2.03,-5.49,147.53,158.71,165.84,-399.87,0.0,0.803,0.887,0.843,0.952,3,1.0,0.0,81643.625
2026-08-30T22:40:44.213Z,65.060331,-148.959315,4892.99,4572.53,4995.91,116.39,101.49,1.08,-4.24,148.57,159.92,167.0,-668.79,0.0,0.996,0.996,0.996,,1,1.0,0.0,81644.711
2026-08-30T22:40:45.172Z,65.060042,-148.957695,4881.24,4564.94,4985.75,116.68,101.8,1.05,-4.26,149.42,160.6,167.68,-704.33,0.0,1.021,1.058,1.039,0.335,3,1.0,0.0,81645.68
2026-08-30T22:40:46.100Z,65.059756,-148.956119,4870.8,4554.59,4975.26,117.36,102.49,0.25,-3.12,150.42,161.85,169.0,-643.41,0.0,1.105,1.105,1.105,,1,1.0,0.0,81646.609
2026-08-30T22:40:47.092Z,65.059445,-148.954447,4863.02,4543.9,4965.4,117.88,102.98,-0.34,-3.82,151.51,162.81,169.8,-482.99,0.0,1.131,1.131,1.131,,1,1.0,0.0,81647.586
2026-08-30T22:40:48.040Z,65.059139,-148.952831,4858.53,4539.47,4958.39,117.92,103.04,-0.31,-2.78,151.9,163.28,170.17,-337.8,0.0,1.08,1.108,1.096,0.936,3,1.0,0.0,81648.539
2026-08-30T22:40:49.138Z,65.058781,-148.950962,4854.3,4532.19,4953.74,118.22,103.32,-1.02,-1.12,152.54,163.86,170.77,-241.89,0.0,1.023,1.049,1.036,0.587,2,1.0,0.0,81649.633
2026-08-30T22:40:50.085Z,65.05847,-148.949356,4852.74,4531.83,4950.25,117.54,102.65,-0.66,-0.11,152.67,163.82,170.73,-145.41,0.0,1.057,1.114,1.09,1.561,3,1.0,0.0,81650.578
2026-08-30T22:40:51.199Z,65.058106,-148.94746,4850.88,4529.95,4947.3,118.07,103.15,-0.85,-1.62,152.68,163.99,170.42,-121.75,0.0,0.996,0.999,0.997,0.553,2,1.0,0.0,81651.688
2026-08-30T22:40:52.138Z,65.057797,-148.945864,4849.08,4528.88,4945.08,117.61,102.73,-0.65,-1.18,152.71,164.03,170.37,-111.29,0.0,1.033,1.047,1.041,0.642,3,1.0,0.0,81652.641
2026-08-30T22:40:53.064Z,65.057494,-148.944293,4847.04,4526.8,4943.15,118.64,103.75,-0.75,-2.04,152.89,164.17,170.56,-140.46,0.0,0.945,0.945,0.945,,1,1.0,0.0,81653.555
2026-08-30T22:40:54.018Z,65.05718,-148.942689,4845.18,4525.0,4941.0,117.73,102.82,-0.67,-1.52,152.9,164.13,170.47,-105.54,0.0,1.059,1.075,1.069,0.909,3,1.0,0.0,81654.516
2026-08-30T22:40:55.190Z,65.056789,-148.940695,4843.23,4528.92,4938.91,118.65,103.77,-0.77,-0.52,153.1,164.34,170.63,-105.35,0.0,0.979,0.994,0.986,0.707,4,1.0,0.0,81655.68
2026-08-30T22:40:56.096Z,65.056484,-148.939148,4841.73,4482.44,4937.35,118.13,103.2,0.43,0.61,153.59,165.08,171.29,-140.04,0.0,0.891,0.891,0.891,,1,1.0,0.0,81656.594
2026-08-30T22:40:57.082Z,65.056154,-148.937478,4836.65,4477.28,4934.46,117.54,102.63,0.31,0.73,154.06,165.47,171.79,-277.35,0.0,0.889,0.889,0.889,,1,1.0,0.0,81657.562
2026-08-30T22:40:58.012Z,65.055843,-148.935879,4831.05,4471.68,4930.29,117.11,102.2,0.34,-0.71,154.8,166.42,172.72,-317.92,0.0,0.984,1.057,1.022,0.752,3,1.0,0.0,81658.516
2026-08-30T22:40:59.130Z,65.055473,-148.933953,4822.98,4510.64,4924.15,117.35,102.49,-0.05,-2.2,155.43,166.9,173.32,-409.8,0.0,0.922,0.97,0.946,1.464,2,1.0,0.0,81659.633
2026-08-30T22:41:00.104Z,65.055148,-148.93227,4817.72,4507.73,4917.38,117.58,102.7,-0.53,-2.27,155.96,167.46,173.82,-301.46,0.0,1.125,1.137,1.132,0.626,3,1.0,0.0,81660.633
2026-08-30T22:41:01.061Z,65.054827,-148.930616,4814.94,4504.94,4914.58,117.84,102.93,0.12,-1.61,156.37,167.89,174.15,-233.47,0.0,0.982,0.982,0.982,,1,1.0,0.0,81661.625
2026-08-30T22:41:02.080Z,65.054481,-148.928851,4811.27,4499.93,4909.7,117.99,103.13,-1.02,-1.63,157.18,168.78,174.94,-189.39,0.0,0.956,1.069,1.012,1.257,3,1.0,0.0,81662.594
2026-08-30T22:41:03.044Z,65.054151,-148.927175,4810.67,4499.43,4908.57,118.73,103.85,-1.44,-0.94,157.5,169.13,175.21,-56.23,0.0,1.13,1.136,1.134,0.28,3,1.0,0.0,81663.539
2026-08-30T22:41:04.168Z,65.053762,-148.925229,4812.25,4493.57,4906.65,119.47,104.58,-0.84,-1.64,157.67,169.11,175.1,27.35,0.0,1.005,1.055,1.031,0.74,2,1.0,0.0,81664.656
2026-08-30T22:41:05.113Z,65.053432,-148.923595,4812.14,4493.42,4909.42,119.4,104.48,-1.16,-1.3,157.51,169.02,175.03,-3.65,0.0,0.939,0.965,0.951,0.816,3,1.0,0.0,81665.602
2026-08-30T22:41:06.024Z,65.05311,-148.922019,4813.04,4495.53,4910.59,118.97,104.07,-2.16,-1.88,157.78,169.42,175.38,94.81,0.0,1.128,1.128,1.128,,1,1.0,0.0,81666.516
2026-08-30T22:41:07.206Z,65.052692,-148.919964,4819.75,4502.38,4913.85,119.48,104.59,-2.45,-0.06,157.72,169.15,175.0,318.59,0.0,1.116,1.138,1.127,1.098,2,1.0,0.0,81667.695
2026-08-30T22:41:08.123Z,65.052368,-148.91839,4826.85,4504.54,4918.3,118.61,103.66,-2.78,-0.69,157.06,168.38,174.24,417.8,0.0,1.063,1.063,1.063,,1,1.0,0.0,81668.625
2026-08-30T22:41:09.087Z,65.052034,-148.916744,4834.86,4512.54,4924.6,118.32,103.48,-2.81,-0.17,156.37,167.8,173.74,470.98,0.0,1.05,1.054,1.052,0.222,3,1.0,0.0,81669.586
2026-08-30T22:41:10.045Z,65.051705,-148.915091,4842.86,4519.51,4930.51,119.65,104.74,-2.48,-1.01,156.12,167.61,173.52,487.21,0.0,1.023,1.046,1.035,0.622,3,1.0,0.0,81670.539
2026-08-30T22:41:11.161Z,65.051314,-148.913164,4852.34,4529.04,4938.77,118.8,103.87,-3.43,-1.19,155.64,166.98,172.81,530.93,0.0,1.017,1.047,1.032,0.538,2,1.0,0.0,81671.672
2026-08-30T22:41:12.122Z,65.050982,-148.911526,4862.87,4547.26,4947.53,119.36,104.45,-3.42,-0.51,154.91,166.18,172.19,623.23,0.0,1.039,1.093,1.065,0.633,3,1.0,0.0,81672.625
2026-08-30T22:41:13.058Z,65.050659,-148.909946,4873.63,4558.05,4957.21,118.71,103.78,-3.64,-0.84,154.36,165.36,171.34,683.8,0.0,1.041,1.041,1.041,,1,1.0,0.0,81673.555
2026-08-30T22:41:14.223Z,65.050258,-148.907975,4889.65,4577.95,4971.12,118.55,103.66,-3.71,-0.57,153.01,164.25,170.01,825.06,0.0,1.016,1.113,1.059,1.378,4,1.0,0.0,81674.727
2026-08-30T22:41:15.158Z,65.049941,-148.906403,4900.15,4588.1,4982.06,118.74,103.8,-0.89,-0.75,152.35,163.72,169.92,540.33,0.0,0.596,0.596,0.596,,1,1.0,0.0,81675.664
2026-08-30T22:41:16.218Z,65.049581,-148.904629,4902.44,4591.86,4990.51,118.99,104.09,-1.59,-1.16,152.4,163.76,169.86,282.16,0.0,0.798,1.015,0.913,0.281,2,1.0,0.0,81676.727
2026-08-30T22:41:17.050Z,65.0493,-148.903243,4904.17,4593.52,4993.4,119.02,104.1,-0.33,-1.34,152.44,163.91,170.04,142.24,0.0,0.907,0.964,0.936,0.687,2,1.0,0.0,81677.547
2026-08-30T22:41:18.164Z,65.048915,-148.901353,4901.73,4592.07,4994.15,118.23,103.32,-0.34,0.52,153.22,164.98,171.18,-70.71,0.0,0.894,0.931,0.913,0.441,2,1.0,0.0,81678.68
2026-08-30T22:41:19.139Z,65.048581,-148.899695,4898.38,4588.65,4993.51,118.7,103.8,0.56,-1.28,154.44,166.06,172.26,-197.91,0.0,0.877,0.953,0.917,0.886,3,1.0,0.0,81679.664
2026-08-30T22:41:20.097Z,65.048255,-148.898067,4892.55,4579.81,4988.72,118.41,103.47,-0.02,-3.34,154.92,166.6,172.84,-301.5,0.0,0.968,0.968,0.968,,1,1.0,0.0,81680.617
2026-08-30T22:41:21.089Z,65.047913,-148.896375,4887.4,4574.69,4984.66,118.57,103.69,0.11,-2.36,155.58,167.25,173.42,-300.2,0.0,0.991,1.032,1.013,0.591,3,1.0,0.0,81681.602
2026-08-30T22:41:22.074Z,65.047572,-148.894695,4882.6,4570.66,4980.28,119.19,104.26,-0.28,-2.98,155.98,167.58,173.72,-283.89,0.0,0.965,0.984,0.972,0.829,3,1.0,0.0,81682.578
2026-08-30T22:41:23.229Z,65.047163,-148.892707,4878.48,4566.57,4974.85,118.46,103.53,-0.21,0.03,156.19,167.78,173.93,-226.17,0.0,1.029,1.048,1.038,0.462,2,1.0,0.0,81683.75
2026-08-30T22:41:24.031Z,65.046882,-148.891334,4875.43,4555.46,4972.49,118.58,103.71,0.1,-0.39,156.13,167.68,173.81,-244.91,0.0,0.967,0.98,0.973,0.093,2,1.0,0.0,81684.547
2026-08-30T22:41:25.228Z,65.046467,-148.889294,4869.33,4549.32,4967.7,119.46,104.54,0.4,-2.37,156.31,167.94,174.03,-309.26,0.0,0.952,0.956,0.954,0.215,4,1.0,0.0,81685.75
2026-08-30T22:41:26.182Z,65.04613,-148.887653,4863.5,4502.99,4962.71,119.25,104.35,0.14,-0.2,156.48,168.0,174.07,-341.92,0.0,1.001,1.001,1.001,,1,1.0,0.0,81686.68
2026-08-30T22:41:27.169Z,65.04578,-148.885957,4857.75,4497.26,4957.18,119.89,104.95,0.62,-1.81,156.49,168.11,174.06,-350.36,0.0,1.008,1.008,1.008,,1,1.0,0.0,81687.68
2026-08-30T22:41:28.146Z,65.045433,-148.884285,4851.06,4531.98,4951.91,118.51,103.6,0.42,-2.38,156.5,168.02,174.07,-405.08,0.0,0.911,0.923,0.917,0.583,3,1.0,0.0,81688.656
2026-08-30T22:41:29.084Z,65.045098,-148.882673,4844.98,4525.97,4945.25,120.21,105.33,0.02,-0.63,156.8,168.41,174.48,-360.21,0.0,1.061,1.061,1.061,,1,1.0,0.0,81689.602
2026-08-30T22:41:30.063Z,65.04475,-148.881011,4840.12,4520.16,4939.38,119.51,104.56,-0.26,0.6,157.31,169.07,175.13,-314.13,0.0,1.017,1.031,1.024,1.0,3,1.0,0.0,81690.57
2026-08-30T22:41:31.032Z,65.0444,-148.879329,4836.13,4516.19,4934.44,119.3,104.38,-0.15,-0.09,157.73,169.34,175.4,-263.67,0.0,1.026,1.068,1.046,0.513,3,1.0,0.0,81691.555
2026-08-30T22:41:32.171Z,65.043997,-148.877374,4832.19,4508.75,4930.52,119.46,104.56,-0.74,-1.01,157.56,169.17,175.29,-192.15,0.0,1.022,1.037,1.03,0.19,2,1.0,0.0,81692.688
2026-08-30T22:41:33.154Z,65.043641,-148.87567,4830.91,4507.51,4929.28,119.54,104.62,-0.91,-2.72,157.93,169.55,175.62,-107.13,0.0,1.017,1.046,1.031,0.161,3,1.0,0.0,81693.672
2026-08-30T22:41:34.104Z,65.043299,-148.874031,4830.64,4512.49,4927.84,119.81,104.91,-1.32,-1.34,157.97,169.45,175.41,-27.82,0.0,1.042,1.042,1.042,,1,1.0,0.0,81694.664
2026-08-30T22:41:35.119Z,65.042931,-148.872281,4831.86,4513.76,4927.74,119.72,104.77,-0.97,-2.12,157.47,168.98,174.89,39.31,0.0,1.031,1.059,1.046,0.788,3,1.0,0.0,81695.82
2026-08-30T22:41:36.574Z,65.042407,-148.869812,4831.57,4512.09,4927.74,120.23,105.32,-0.53,-1.82,156.73,168.05,173.98,-37.96,0.0,0.937,0.978,0.957,0.979,2,1.0,0.0,81697.266
2026-08-30T22:41:37.837Z,65.041948,-148.867654,4829.74,4509.68,4926.16,119.8,104.86,-0.67,-1.17,155.82,167.06,173.03,-76.01,0.0,0.946,0.946,0.946,,1,1.0,0.0,81698.516
2026-08-30T22:41:38.598Z,65.041675,-148.866382,4828.65,4508.6,4925.21,119.26,104.32,-0.7,0.39,155.42,166.78,172.7,-76.43,0.0,0.998,0.998,0.998,,1,1.0,0.0,81699.25
2026-08-30T22:41:39.781Z,65.041253,-148.864364,4827.27,4475.41,4923.48,119.06,104.13,-0.52,1.84,154.96,166.32,172.32,-76.9,0.0,0.982,0.982,0.982,,1,1.0,0.0,81700.414
2026-08-30T22:41:40.503Z,65.041001,-148.863146,4826.08,4474.17,4923.65,118.97,104.02,-0.29,1.37,155.12,166.55,172.59,-105.56,0.0,0.951,0.951,0.951,,1,1.0,0.0,81701.141
2026-08-30T22:41:41.218Z,65.040749,-148.861928,4824.3,4472.37,4923.69,118.62,103.68,-0.39,2.47,155.24,166.73,172.9,-129.87,0.0,0.958,0.958,0.958,,1,1.0,0.0,81701.844
2026-08-30T22:41:42.363Z,65.040354,-148.85997,4821.06,4507.12,4920.67,119.05,104.12,-0.18,2.93,155.63,167.13,173.27,-172.97,0.0,0.966,0.966,0.966,,1,1.0,0.0,81702.969
2026-08-30T22:41:43.050Z,65.040116,-148.858788,4818.67,4504.72,4917.34,118.42,103.44,0.01,2.35,155.85,167.28,173.5,-197.69,0.0,0.98,0.98,0.98,,1,1.0,0.0,81703.633
2026-08-30T22:41:44.103Z,65.03976,-148.856983,4814.41,4499.26,4914.73,117.7,102.78,0.07,3.03,156.14,167.63,173.97,-234.93,0.0,0.967,0.986,0.975,0.382,3,1.0,0.0,81704.688
2026-08-30T22:41:45.162Z,65.039401,-148.855129,4809.42,4494.24,4911.69,117.47,102.52,0.23,3.0,156.32,167.78,174.16,-280.72,0.0,0.97,0.97,0.97,,1,1.0,0.0,81705.727
2026-08-30T22:41:46.328Z,65.039018,-148.853103,4803.14,4488.09,4906.82,116.89,101.94,0.1,1.6,156.58,168.04,174.54,-309.89,0.0,0.987,1.002,0.994,0.447,2,1.0,0.0,81706.875
2026-08-30T22:41:47.336Z,65.038688,-148.851337,4798.21,4483.21,4898.61,116.77,101.84,-0.28,-1.32,156.81,168.27,174.75,-274.37,0.0,1.045,1.045,1.045,,1,1.0,0.0,81707.875
2026-08-30T22:41:48.143Z,65.038427,-148.849936,4795.45,4480.55,4894.09,116.84,101.91,-0.43,-1.93,156.91,168.35,174.83,-224.34,0.0,1.04,1.045,1.042,0.094,2,1.0,0.0,81708.672
2026-08-30T22:41:49.144Z,65.038099,-148.848175,4793.01,4478.15,4890.06,116.83,101.92,-0.66,-1.46,156.66,168.04,174.49,-153.72,0.0,1.017,1.023,1.019,0.193,3,1.0,0.0,81709.664
2026-08-30T22:41:50.103Z,65.037787,-148.846501,4791.63,4477.2,4887.59,116.99,102.05,-0.7,-1.38,156.66,168.08,174.5,-107.64,0.0,1.009,1.009,1.009,,1,1.0,0.0,81710.617
2026-08-30T22:41:51.078Z,65.037469,-148.844799,4790.62,4476.21,4885.91,116.91,101.98,-0.81,-1.3,156.68,168.08,174.49,-70.92,0.0,1.015,1.018,1.016,0.068,3,1.0,0.0,81711.578
2026-08-30T22:41:52.047Z,65.037151,-148.843107,4790.07,4472.13,4884.84,117.01,102.08,-0.88,-1.28,156.63,168.03,174.45,-44.18,0.0,1.009,1.012,1.01,0.03,3,1.0,0.0,81712.547
2026-08-30T22:41:53.180Z,65.036782,-148.84114,4789.85,4471.92,4884.15,117.02,102.09,-0.94,-1.25,156.59,167.96,174.37,-16.57,0.0,1.01,1.013,1.011,0.054,2,1.0,0.0,81713.688
2026-08-30T22:41:54.140Z,65.036465,-148.839457,4789.72,4469.95,4883.89,116.75,101.8,-0.88,-0.94,156.31,167.65,174.08,-12.7,0.0,1.011,1.034,1.022,0.48,3,1.0,0.0,81714.633
2026-08-30T22:41:55.048Z,65.036166,-148.837866,4789.12,4469.31,4883.6,116.76,101.85,-0.74,-0.54,156.21,167.56,174.03,-49.61,0.0,0.952,0.952,0.952,,1,1.0,0.0,81715.539
2026-08-30T22:41:56.064Z,65.035836,-148.836095,4787.64,4470.1,4882.64,116.86,101.92,-0.75,-0.64,156.23,167.74,174.03,-69.63,0.0,1.008,1.02,1.014,0.416,2,1.0,0.0,81716.555
2026-08-30T22:41:57.020Z,65.035527,-148.834435,4786.3,4468.74,4881.49,116.72,101.79,-0.5,-0.02,156.59,168.09,174.4,-87.65,0.0,0.984,1.0,0.992,0.344,3,1.0,0.0,81717.5
2026-08-30T22:41:58.112Z,65.035173,-148.832527,4784.36,4467.84,4879.82,116.42,101.49,-0.64,0.93,157.08,168.5,174.85,-95.54,0.0,1.0,1.001,1.0,0.223,2,1.0,0.0,81718.586
2026-08-30T22:41:59.046Z,65.034872,-148.830886,4782.86,4466.34,4878.32,116.52,101.58,-0.66,0.72,157.11,168.54,174.91,-95.43,0.0,0.996,1.0,0.998,0.088,3,1.0,0.0,81719.523
2026-08-30T22:42:00.116Z,65.034529,-148.829009,4781.44,4464.98,4876.69,116.49,101.55,-0.82,0.34,157.06,168.46,174.85,-75.45,0.0,1.021,1.025,1.023,0.195,2,1.0,0.0,81720.609
2026-08-30T22:42:01.075Z,65.034222,-148.827322,4780.58,4464.13,4875.54,116.32,101.4,-1.0,0.17,157.22,168.65,175.07,-56.86,0.0,1.005,1.011,1.008,0.493,3,1.0,0.0,81721.555
2026-08-30T22:42:02.158Z,65.033876,-148.825415,4780.55,4464.51,4874.77,116.39,101.44,-1.13,-0.99,157.14,168.52,174.92,-3.97,0.0,1.036,1.04,1.038,0.201,2,1.0,0.0,81722.641
2026-08-30T22:42:03.105Z,65.033574,-148.823751,4781.18,4465.14,4874.83,116.07,101.13,-1.02,-1.0,157.0,168.37,174.78,20.94,0.0,1.001,1.013,1.007,0.244,3,1.0,0.0,81723.57
2026-08-30T22:42:04.162Z,65.033237,-148.821887,4781.26,4465.22,4875.14,116.57,101.68,-0.2,-1.01,156.83,168.22,174.58,-23.88,0.0,0.942,0.962,0.952,0.462,2,1.0,0.0,81724.633
2026-08-30T22:42:05.132Z,65.032925,-148.820175,4778.0,4461.84,4874.1,116.83,101.88,0.43,-1.51,157.42,169.21,175.53,-189.89,0.0,0.871,0.881,0.876,0.669,3,1.0,0.0,81725.609
2026-08-30T22:42:06.459Z,65.032495,-148.817835,4769.2,4450.09,4869.59,116.62,101.68,0.47,-1.79,158.01,169.55,175.86,-356.66,0.0,0.935,0.977,0.956,0.923,2,1.0,0.0,81726.93
2026-08-30T22:42:07.186Z,65.032257,-148.81655,4764.25,4445.15,4865.32,116.64,101.72,0.41,-1.86,158.26,169.77,176.09,-376.74,0.0,1.013,1.016,1.015,0.02,2,1.0,0.0,81727.664
2026-08-30T22:42:08.050Z,65.031975,-148.815029,4758.77,4440.16,4859.36,116.45,101.5,0.17,-2.2,158.51,170.02,176.35,-371.97,0.0,1.021,1.021,1.021,,1,1.0,0.0,81728.516
2026-08-30T22:42:09.194Z,65.031602,-148.813021,4752.56,4433.98,4852.12,116.76,101.82,0.25,-2.02,158.87,170.44,176.76,-336.4,0.0,1.02,1.038,1.032,0.506,4,1.0,0.0,81729.648
2026-08-30T22:42:10.148Z,65.031285,-148.811324,4746.81,4428.13,4846.7,116.88,101.95,0.54,-1.42,159.53,171.22,177.43,-370.23,0.0,0.979,0.984,0.982,0.339,3,1.0,0.0,81730.609
2026-08-30T22:42:11.195Z,65.030933,-148.809458,4739.03,4420.34,4839.73,116.9,101.91,0.55,-0.85,160.13,171.66,177.92,-426.96,0.0,0.993,1.002,0.998,0.088,2,1.0,0.0,81731.656
2026-08-30T22:42:12.102Z,65.030629,-148.80784,4732.66,4414.24,4833.23,116.21,101.27,0.05,0.39,160.32,171.87,178.2,-390.96,0.0,1.059,1.115,1.09,0.311,3,1.0,0.0,81732.562
2026-08-30T22:42:13.014Z,65.030325,-148.806207,4728.47,4410.11,4827.59,116.98,102.04,-0.35,0.27,160.42,172.0,178.32,-291.06,0.0,1.084,1.089,1.087,0.29,3,1.0,0.0,81733.492
2026-08-30T22:42:14.087Z,65.029971,-148.804304,4725.64,4407.12,4822.92,116.14,101.18,-1.02,-0.61,160.75,172.25,178.64,-165.83,0.0,1.1,1.123,1.112,0.17,2,1.0,0.0,81734.547
2026-08-30T22:42:15.216Z,65.029597,-148.802272,4726.46,4408.02,4820.82,116.26,101.3,-1.2,-0.46,160.62,172.11,178.48,9.08,0.0,1.038,1.109,1.074,0.796,4,1.0,0.0,81735.68
2026-08-30T22:42:16.086Z,65.029313,-148.800724,4728.54,4410.56,4821.27,116.52,101.57,-1.61,-0.83,160.33,171.75,178.11,106.1,0.0,1.043,1.043,1.043,,1,1.0,0.0,81736.539
2026-08-30T22:42:17.168Z,65.028957,-148.798779,4732.83,4414.88,4823.77,116.4,101.45,-1.85,-1.49,159.81,171.19,177.53,211.0,0.0,1.037,1.041,1.039,0.031,2,1.0,0.0,81737.633
2026-08-30T22:42:18.074Z,65.02866,-148.797159,4737.41,4418.18,4827.22,116.51,101.57,-1.76,-1.53,159.37,170.76,177.03,273.8,0.0,1.03,1.033,1.032,0.424,3,1.0,0.0,81738.547
2026-08-30T22:42:19.143Z,65.028313,-148.795271,4742.25,4422.97,4832.03,116.55,101.6,-1.26,-1.24,158.9,170.26,176.6,243.53,0.0,0.94,0.947,0.944,0.01,2,1.0,0.0,81739.594
2026-08-30T22:42:20.030Z,65.028022,-148.79369,4744.49,4424.86,4835.39,116.58,101.63,-0.89,-1.0,158.63,170.02,176.36,163.16,0.0,0.936,0.937,0.937,0.056,3,1.0,0.0,81740.492
2026-08-30T22:42:21.198Z,65.027646,-148.791584,4744.93,4425.25,4837.85,116.56,101.61,-0.66,-0.02,158.42,169.77,176.11,40.46,0.0,0.933,0.947,0.938,0.47,4,1.0,0.0,81741.688
2026-08-30T22:42:22.114Z,65.027346,-148.790008,4744.36,4424.2,4838.25,116.7,101.73,-0.78,0.24,158.26,169.7,176.07,-6.05,0.0,0.975,0.975,0.975,,1,1.0,0.0,81742.586
2026-08-30T22:42:23.049Z,65.027043,-148.788343,4743.91,4423.75,4838.11,115.79,100.85,-0.65,1.32,158.26,169.66,176.08,-23.98,0.0,0.984,0.993,0.989,0.061,3,1.0,0.0,81743.531
2026-08-30T22:42:24.200Z,65.026679,-148.78632,4742.3,4379.03,4837.37,116.03,101.07,-0.17,1.01,158.23,169.64,176.1,-95.53,0.0,0.933,0.978,0.953,0.569,4,1.0,0.0,81744.656
2026-08-30T22:42:25.069Z,65.026404,-148.784773,4739.67,4376.39,4835.78,115.61,100.65,-0.16,-0.2,158.33,169.76,176.27,-148.47,0.0,0.973,0.973,0.973,,1,1.0,0.0,81745.531
2026-08-30T22:42:26.031Z,65.026102,-148.78306,4736.6,4413.97,4833.27,115.17,100.22,-0.33,-1.06,157.84,169.11,175.63,-179.41,0.0,0.975,1.02,0.998,0.93,2,1.0,0.0,81746.5
2026-08-30T22:42:27.160Z,65.02575,-148.781047,4732.64,4409.99,4829.77,115.54,100.59,-0.03,-1.31,158.01,169.46,176.0,-210.51,0.0,0.982,1.025,1.001,0.193,4,1.0,0.0,81747.617
2026-08-30T22:42:28.033Z,65.02548,-148.779499,4729.23,4406.97,4826.66,115.33,100.38,-0.21,-1.73,158.32,169.73,176.25,-217.26,0.0,1.019,1.019,1.019,,1,1.0,0.0,81748.484
2026-08-30T22:42:29.142Z,65.025134,-148.777517,4725.01,4402.71,4822.58,115.58,100.64,0.51,-2.68,158.68,170.25,176.68,-248.74,0.0,0.969,1.012,0.992,0.735,4,1.0,0.0,81749.602
2026-08-30T22:42:30.074Z,65.024841,-148.775855,4718.99,4398.41,4818.29,115.84,100.89,1.18,-3.1,159.87,171.58,177.98,-378.92,0.0,0.866,0.89,0.875,0.606,3,1.0,0.0,81750.516
2026-08-30T22:42:31.108Z,65.024512,-148.773993,4709.34,4388.7,4811.06,115.75,100.81,1.43,-3.15,160.43,171.98,178.35,-526.24,0.0,0.893,0.901,0.897,0.445,2,1.0,0.0,81751.555
2026-08-30T22:42:32.008Z,65.024222,-148.772362,4699.61,4378.82,4802.65,116.18,101.24,0.82,-2.5,160.81,172.36,178.74,-575.67,0.0,0.959,1.024,0.993,0.598,3,1.0,0.0,81752.508
2026-08-30T22:42:33.186Z,65.023839,-148.770255,4690.07,4369.43,4791.64,116.31,101.36,0.31,-2.34,161.11,172.62,178.98,-473.95,0.0,1.083,1.092,1.088,0.497,4,1.0,0.0,81753.641
2026-08-30T22:42:34.042Z,65.023557,-148.768705,4684.99,4359.98,4784.11,116.47,101.53,-0.01,-2.26,161.21,172.68,179.03,-381.32,0.0,1.054,1.054,1.054,,1,1.0,0.0,81754.539
2026-08-30T22:42:35.203Z,65.023178,-148.766641,4680.31,4355.38,4777.35,116.67,101.72,-0.52,-2.16,161.17,172.59,178.93,-243.78,0.0,1.062,1.067,1.065,0.099,4,1.0,0.0,81755.711
2026-08-30T22:42:36.097Z,65.022876,-148.765019,4678.81,4354.38,4774.37,116.78,101.83,-0.74,-2.09,161.05,172.44,178.75,-141.19,0.0,1.062,1.062,1.062,,1,1.0,0.0,81756.562
2026-08-30T22:42:37.217Z,65.022503,-148.763014,4678.25,4353.82,4771.92,116.88,101.93,-0.58,-1.93,160.95,172.43,178.45,-65.65,0.0,0.999,1.013,1.006,0.039,2,1.0,0.0,81757.719
2026-08-30T22:42:38.138Z,65.022196,-148.761379,4677.58,4352.3,4770.58,116.71,101.75,-0.55,-1.87,161.11,172.55,178.24,-55.42,0.0,0.993,0.993,0.993,,1,1.0,0.0,81758.602
2026-08-30T22:42:39.051Z,65.021889,-148.759748,4676.68,4351.39,4769.67,116.79,101.84,-0.43,-1.54,160.99,172.38,178.06,-64.62,0.0,0.985,0.991,0.988,0.033,3,1.0,0.0,81759.531
2026-08-30T22:42:40.204Z,65.021504,-148.757707,4674.84,4345.31,4768.75,116.88,101.91,-0.32,-1.33,160.82,172.21,177.89,-95.6,0.0,0.98,0.981,0.981,0.082,4,1.0,0.0,81760.672
2026-08-30T22:42:41.068Z,65.02121,-148.75615,4672.93,4343.39,4767.73,116.81,101.84,-0.05,-1.21,160.74,172.14,177.8,-127.95,0.0,0.977,0.977,0.977,,1,1.0,0.0,81761.539
2026-08-30T22:42:42.209Z,65.020827,-148.754115,4669.17,4334.97,4765.22,116.89,101.91,0.05,-0.84,160.75,172.18,177.86,-189.89,0.0,0.961,0.977,0.969,0.173,4,1.0,0.0,81762.688
2026-08-30T22:42:43.091Z,65.020531,-148.752561,4665.79,4331.59,4762.75,116.25,101.3,-0.06,0.41,160.97,172.42,178.15,-209.17,0.0,0.997,0.997,0.997,,1,1.0,0.0,81763.562
2026-08-30T22:42:44.024Z,65.020219,-148.750896,4662.33,4335.77,4759.62,116.7,101.72,-0.14,-3.09,160.93,172.29,178.07,-221.7,0.0,0.983,0.997,0.989,0.219,3,1.0,0.0,81764.484
2026-08-30T22:42:45.129Z,65.019849,-148.748931,4659.59,4333.13,4755.98,116.78,101.85,-0.8,-3.77,160.61,171.93,177.64,-119.68,0.0,1.045,1.126,1.096,0.944,4,1.0,0.0,81765.602
2026-08-30T22:42:46.062Z,65.01954,-148.7473,4659.2,4332.58,4754.37,117.9,102.96,-0.62,-4.56,160.41,171.72,177.39,-74.6,0.0,0.984,0.984,0.984,,1,1.0,0.0,81766.523
2026-08-30T22:42:47.176Z,65.019151,-148.745311,4659.06,4332.51,4753.31,118.0,103.02,-1.5,-5.22,159.68,170.77,176.32,13.1,0.0,1.071,1.088,1.079,0.02,2,1.0,0.0,81767.641
2026-08-30T22:42:48.043Z,65.018852,-148.743809,4661.02,4328.64,4753.81,118.43,103.47,-1.04,-3.96,159.25,170.45,175.79,78.27,0.0,1.012,1.012,1.012,,1,1.0,0.0,81768.523
2026-08-30T22:42:49.204Z,65.018441,-148.741787,4663.05,4330.67,4755.44,118.79,103.81,-1.21,-3.06,158.48,169.49,174.77,101.42,0.0,0.979,1.022,1.006,0.643,4,1.0,0.0,81769.68
2026-08-30T22:42:50.162Z,65.018106,-148.74014,4664.88,4334.04,4757.1,118.52,103.56,-1.23,-2.63,158.12,169.28,174.52,107.77,0.0,0.987,0.99,0.989,0.254,3,1.0,0.0,81770.625
2026-08-30T22:42:51.030Z,65.017804,-148.738664,4666.04,4335.15,4758.57,118.32,103.33,-0.45,0.37,157.85,168.98,174.26,58.69,0.0,0.935,0.935,0.935,,1,1.0,0.0,81771.484
2026-08-30T22:42:52.148Z,65.017412,-148.736731,4664.41,4333.66,4758.92,118.46,103.48,-0.57,1.18,157.48,168.63,174.02,-55.23,0.0,0.904,0.955,0.931,0.532,4,1.0,0.0,81772.609
2026-08-30T22:42:53.052Z,65.017101,-148.735176,4663.1,4332.38,4758.04,118.03,103.04,-0.89,0.71,157.43,168.51,173.78,-59.34,0.0,1.012,1.03,1.023,0.197,3,1.0,0.0,81773.539
2026-08-30T22:42:54.139Z,65.01673,-148.733309,4662.71,4338.47,4757.16,117.56,102.59,-0.67,0.02,156.39,167.37,172.76,-31.97,0.0,1.051,1.069,1.06,0.545,2,1.0,0.0,81774.625
2026-08-30T22:42:55.089Z,65.01641,-148.731676,4661.31,4337.0,4756.43,117.69,102.72,-0.2,-1.74,156.3,167.41,172.82,-102.08,0.0,0.919,0.96,0.937,0.444,3,1.0,0.0,81775.562
2026-08-30T22:42:56.407Z,65.015968,-148.729415,4656.92,4328.03,4753.57,117.68,102.71,0.08,-0.8,156.61,167.88,173.28,-188.55,0.0,0.967,0.976,0.972,0.367,2,1.0,0.0,81776.867
2026-08-30T22:42:57.117Z,65.015728,-148.728193,4653.84,4324.92,4751.25,117.85,102.89,0.36,-0.34,157.15,168.36,173.75,-243.11,0.0,0.936,0.947,0.942,0.171,2,1.0,0.0,81777.578
2026-08-30T22:42:58.168Z,65.015372,-148.726379,4648.09,4320.38,4746.67,117.75,102.77,0.1,-1.27,157.45,168.63,174.01,-295.36,0.0,0.988,1.004,0.996,0.025,2,1.0,0.0,81778.633
2026-08-30T22:42:59.081Z,65.015063,-148.724798,4643.55,4315.85,4740.52,117.75,102.78,0.08,-1.65,157.75,168.9,174.29,-291.91,0.0,1.006,1.013,1.01,0.151,3,1.0,0.0,81779.555
2026-08-30T22:43:00.110Z,65.014714,-148.72303,4638.56,4310.52,4734.32,117.92,102.95,0.78,-1.73,158.01,169.24,174.48,-310.52,0.0,0.985,1.004,0.996,0.773,3,1.0,0.0,81780.602
2026-08-30T22:43:01.196Z,65.014341,-148.721147,4629.31,4302.88,4728.0,117.47,102.5,2.69,-1.63,158.34,169.62,174.74,-549.13,0.0,0.79,0.804,0.797,0.15,2,1.0,0.0,81781.664
2026-08-30T22:43:02.127Z,65.014024,-148.719533,4613.72,4287.06,4718.11,117.81,102.87,4.28,-1.84,159.07,170.42,175.29,-953.26,0.0,0.687,0.729,0.705,0.708,3,1.0,0.0,81782.594
2026-08-30T22:43:03.189Z,65.013658,-148.717681,4588.57,4264.79,4700.48,118.25,103.26,4.55,-3.58,160.42,171.96,176.69,-1299.18,0.0,0.897,0.921,0.909,0.79,2,1.0,0.0,81783.688
2026-08-30T22:43:04.147Z,65.013322,-148.716,4563.27,4239.42,4679.87,118.22,103.25,4.68,-3.72,161.59,173.02,177.58,-1494.13,0.0,0.906,0.93,0.916,1.052,3,1.0,0.0,81784.625
2026-08-30T22:43:05.036Z,65.013008,-148.714449,4538.61,4178.28,4658.17,118.65,103.68,5.41,-2.95,162.57,174.02,178.3,-1645.19,0.0,0.908,0.908,0.908,,1,1.0,0.0,81785.508
2026-08-30T22:43:06.039Z,65.012647,-148.712685,4506.85,4146.41,4629.55,119.05,104.08,6.14,-1.81,164.24,175.82,179.92,-1867.9,0.0,0.88,0.908,0.894,0.257,2,1.0,0.0,81786.523
2026-08-30T22:43:07.202Z,65.01222,-148.710621,4468.03,4147.0,4592.76,118.97,104.0,5.03,-1.12,166.15,177.7,182.04,-1902.13,0.0,0.967,1.117,1.058,0.843,4,1.0,0.0,81787.672
2026-08-30T22:43:08.079Z,65.011893,-148.709045,4441.44,4120.44,4564.94,119.03,104.06,4.68,-1.23,167.46,179.13,183.27,-1831.95,0.0,1.037,1.037,1.037,,1,1.0,0.0,81788.555
2026-08-30T22:43:09.012Z,65.011545,-148.707371,4415.97,4096.58,4537.03,119.29,104.33,2.89,-1.2,168.34,179.75,184.2,-1616.18,0.0,1.124,1.202,1.163,0.966,3,1.0,0.0,81789.484
2026-08-30T22:43:10.160Z,65.011112,-148.705296,4395.14,4076.09,4508.91,119.18,104.17,1.06,-0.84,168.82,180.13,184.89,-1113.9,0.0,1.268,1.281,1.275,0.156,4,1.0,0.0,81790.625
2026-08-30T22:43:11.034Z,65.010781,-148.703714,4386.22,4065.81,4493.91,119.17,104.2,0.57,-0.75,168.54,179.65,184.43,-765.78,0.0,1.18,1.18,1.18,,1,1.0,0.0,81791.492
2026-08-30T22:43:12.152Z,65.010359,-148.701691,4378.82,4058.46,4480.05,119.13,104.15,0.85,-0.68,167.88,178.91,183.73,-508.2,0.0,0.995,1.123,1.066,2.431,4,1.0,0.0,81792.625
2026-08-30T22:43:13.119Z,65.009995,-148.699944,4372.85,4052.62,4469.96,119.18,104.18,0.02,-0.75,167.45,178.41,183.21,-376.79,0.0,0.985,1.095,1.045,0.974,3,1.0,0.0,81793.602
2026-08-30T22:43:14.207Z,65.009586,-148.697989,4368.11,4003.95,4463.27,119.07,104.08,0.14,-0.74,166.6,177.45,182.29,-316.65,0.0,0.956,0.959,0.958,1.124,2,1.0,0.0,81794.68
2026-08-30T22:43:15.129Z,65.009242,-148.696337,4364.43,4000.35,4458.94,119.28,104.29,-0.23,-1.03,165.79,176.55,181.35,-234.44,0.0,1.051,1.08,1.067,0.278,3,1.0,0.0,81795.609
2026-08-30T22:43:16.463Z,65.008753,-148.693983,4360.15,4030.22,4454.63,119.07,104.09,0.59,-0.93,164.5,175.18,179.96,-247.79,0.0,0.925,0.957,0.941,0.258,2,1.0,0.0,81796.93
2026-08-30T22:43:17.200Z,65.00848,-148.692679,4355.89,4025.91,4452.34,119.17,104.18,0.97,-1.08,163.84,174.48,179.23,-326.44,0.0,0.921,0.924,0.923,0.04,2,1.0,0.0,81797.68
2026-08-30T22:43:18.088Z,65.008154,-148.691113,4348.69,4018.63,4447.06,119.09,104.1,1.62,-1.3,162.89,173.3,178.03,-467.69,0.0,0.893,0.893,0.893,,1,1.0,0.0,81798.57
2026-08-30T22:43:19.022Z,65.007818,-148.68949,4337.93,4006.12,4439.51,119.42,104.42,2.37,-2.02,161.98,172.34,176.72,-653.62,0.0,0.891,0.902,0.897,0.283,3,1.0,0.0,81799.5
2026-08-30T22:43:20.164Z,65.007405,-148.687501,4319.49,3988.42,4425.97,119.26,104.28,3.56,-2.19,160.35,170.58,174.77,-953.74,0.0,0.839,0.859,0.846,0.072,4,1.0,0.0,81800.664
2026-08-30T22:43:21.096Z,65.007073,-148.685919,4300.11,3969.35,4411.21,119.61,104.63,3.19,-2.65,159.24,169.42,173.58,-1151.41,0.0,0.918,0.918,0.918,,1,1.0,0.0,81801.578
2026-08-30T22:43:22.059Z,65.006727,-148.684277,4279.77,3945.05,4392.94,119.76,104.77,3.67,-2.23,158.19,168.24,172.29,-1235.4,0.0,0.969,1.013,0.993,0.9,3,1.0,0.0,81802.555
2026-08-30T22:43:23.006Z,65.006391,-148.682668,4258.31,3923.54,4371.87,119.89,104.91,3.78,-1.59,157.22,167.17,171.14,-1315.33,0.0,0.943,0.961,0.952,0.319,3,1.0,0.0,81803.508
2026-08-30T22:43:24.123Z,65.005992,-148.680814,4232.75,3900.54,4347.88,120.08,105.09,4.01,-1.97,156.15,166.01,169.93,-1372.7,0.0,0.931,0.937,0.934,0.132,2,1.0,0.0,81804.625
2026-08-30T22:43:25.081Z,65.005652,-148.67923,4209.75,3877.47,4326.22,120.21,105.22,4.32,-2.06,155.41,165.22,169.04,-1436.69,0.0,0.95,0.954,0.953,0.197,3,1.0,0.0,81805.578
2026-08-30T22:43:26.470Z,65.00516,-148.676939,4173.69,3841.18,4291.77,119.93,104.94,4.84,-0.09,154.68,164.41,168.12,-1558.95,0.0,0.939,0.946,0.943,0.855,2,1.0,0.0,81806.969
2026-08-30T22:43:27.041Z,65.004961,-148.676017,4158.2,3825.74,4277.17,120.16,105.18,4.86,0.49,154.45,164.12,167.8,-1609.61,0.0,0.941,0.941,0.941,,1,1.0,0.0,81807.539
2026-08-30T22:43:28.220Z,65.004546,-148.674073,4124.34,3789.07,4245.59,120.09,105.09,5.08,-1.91,153.98,163.57,167.22,-1692.82,0.0,0.955,0.966,0.96,0.322,4,1.0,0.0,81808.734
2026-08-30T22:43:29.161Z,65.004217,-148.672543,4097.17,3761.88,4218.32,120.11,105.14,4.97,-2.71,153.72,163.26,166.8,-1716.68,0.0,0.993,0.993,0.993,,1,1.0,0.0,81809.672
2026-08-30T22:43:30.129Z,65.003876,-148.670962,4068.67,3679.89,4190.43,120.19,105.19,5.17,-4.33,153.59,163.1,166.29,-1759.0,0.0,0.954,0.973,0.96,0.487,3,1.0,0.0,81810.641
2026-08-30T22:43:31.098Z,65.003533,-148.6694,4039.17,3693.76,4161.55,120.34,105.36,5.51,-3.96,153.82,163.36,165.85,-1808.99,0.0,0.962,0.975,0.969,0.361,3,1.0,0.0,81811.617
2026-08-30T22:43:32.056Z,65.003194,-148.667863,4009.25,3663.81,4132.04,120.62,105.63,5.85,-2.97,153.94,163.3,165.48,-1881.65,0.0,0.947,0.947,0.947,,1,1.0,0.0,81812.57
2026-08-30T22:43:33.082Z,65.002827,-148.666232,3975.55,3622.15,4099.24,120.81,105.83,6.11,-1.83,153.86,163.15,165.23,-1965.19,0.0,0.947,0.954,0.95,0.196,3,1.0,0.0,81813.594
2026-08-30T22:43:34.058Z,65.002476,-148.664679,3942.66,3589.16,4067.63,121.09,106.11,5.16,-1.94,153.76,162.96,165.24,-1971.11,0.0,0.969,1.045,1.004,1.422,3,1.0,0.0,81814.578
2026-08-30T22:43:35.205Z,65.002063,-148.662865,3908.01,3526.3,4030.91,121.41,106.44,4.91,-2.46,153.78,163.01,165.37,-1806.84,0.0,1.101,1.108,1.105,0.806,2,1.0,0.0,81815.719
2026-08-30T22:43:36.261Z,65.001669,-148.661164,3877.46,3495.83,3999.03,122.24,107.27,5.28,-4.74,153.8,162.8,165.01,-1773.63,0.0,0.91,0.966,0.938,0.835,2,1.0,0.0,81816.789
2026-08-30T22:43:37.222Z,65.001317,-148.659664,3849.37,3428.36,3971.11,122.22,107.24,4.12,-5.29,153.38,162.21,164.6,-1731.07,0.0,1.049,1.049,1.049,,1,1.0,0.0,81817.734
2026-08-30T22:43:38.190Z,65.000949,-148.658142,3823.83,3402.87,3942.95,123.75,108.79,4.51,-5.72,153.05,161.85,164.13,-1613.71,0.0,1.068,1.128,1.1,1.332,3,1.0,0.0,81818.711
2026-08-30T22:43:39.175Z,65.000574,-148.656632,3798.69,3366.72,3917.65,123.12,108.12,4.1,-5.96,152.55,161.25,163.49,-1561.87,0.0,1.001,1.022,1.011,0.307,3,1.0,0.0,81819.688
2026-08-30T22:43:40.104Z,65.000212,-148.6552,3775.31,3318.67,3893.5,124.19,109.2,4.21,-5.77,152.11,160.81,162.86,-1521.98,0.0,1.012,1.012,1.012,,1,1.0,0.0,81820.609
2026-08-30T22:43:41.077Z,64.999829,-148.653716,3750.71,3293.98,3869.88,124.26,109.26,4.26,-6.44,152.05,160.85,162.27,-1526.27,0.0,0.98,0.988,0.983,0.201,3,1.0,0.0,81821.594
2026-08-30T22:43:42.062Z,64.99944,-148.652248,3725.23,3213.07,3844.1,125.19,110.2,4.57,-4.86,151.35,159.66,160.55,-1560.35,0.0,0.997,1.026,1.011,0.383,3,1.0,0.0,81822.578
2026-08-30T22:43:43.188Z,64.998987,-148.650575,3693.99,3181.67,3814.21,125.85,110.88,4.63,-1.9,150.57,159.05,159.9,-1648.22,0.0,0.945,0.946,0.946,0.89,2,1.0,0.0,81823.703
2026-08-30T22:43:44.188Z,64.998588,-148.649122,3667.05,3094.36,3786.75,126.18,111.14,4.06,-0.57,150.39,158.75,159.69,-1586.12,0.0,1.052,1.093,1.076,0.58,3,1.0,0.0,81824.695
2026-08-30T22:43:45.136Z,64.998204,-148.64774,3644.02,3071.39,3761.51,125.86,110.86,3.71,-0.05,149.9,158.18,159.24,-1480.58,0.0,1.058,1.058,1.058,,1,1.0,0.0,81825.633
2026-08-30T22:43:46.201Z,64.997771,-148.646179,3619.49,2952.76,3734.78,125.71,110.68,4.44,-0.4,149.55,157.72,158.66,-1429.12,0.0,0.976,1.037,1.007,1.782,2,1.0,0.0,81826.719
2026-08-30T22:43:47.146Z,64.99739,-148.6448,3596.01,2929.29,3712.41,125.62,110.62,4.96,-0.77,149.63,157.89,158.65,-1498.19,0.0,0.939,0.939,0.939,,1,1.0,0.0,81827.656
2026-08-30T22:43:48.118Z,64.997002,-148.643393,3568.86,2919.8,3686.8,125.8,110.81,6.0,-3.54,149.51,157.61,157.98,-1680.88,0.0,0.844,0.879,0.859,0.543,3,1.0,0.0,81828.641
2026-08-30T22:43:49.086Z,64.996614,-148.641997,3537.79,2888.51,3659.64,126.17,111.16,6.74,-5.92,149.49,157.59,157.75,-1886.32,0.0,0.888,0.889,0.888,0.318,3,1.0,0.0,81829.609
2026-08-30T22:43:50.041Z,64.996226,-148.640627,3503.64,2801.68,3629.94,126.5,111.53,7.45,-8.15,149.92,158.09,157.84,-2104.81,0.0,0.885,0.885,0.885,,1,1.0,0.0,81830.594
2026-08-30T22:43:51.047Z,64.995811,-148.639192,3462.57,2694.03,3592.58,128.06,113.06,9.05,-8.16,150.97,159.29,158.32,-2380.54,0.0,0.844,0.904,0.875,0.979,3,1.0,0.0,81831.562
2026-08-30T22:43:52.058Z,64.995387,-148.637706,3414.31,2645.56,3549.35,128.47,113.59,9.43,-7.1,153.12,161.44,159.22,-2676.99,0.0,0.859,0.906,0.883,0.393,3,1.0,0.0,81832.656
2026-08-30T22:43:53.080Z,64.994944,-148.636321,3368.3,2479.88,3506.26,129.57,114.55,9.36,-6.88,154.23,162.56,160.1,-2828.22,0.0,0.954,0.954,0.954,,1,1.0,0.0,81833.586
2026-08-30T22:43:54.072Z,64.994512,-148.634953,3320.71,2432.29,3461.01,129.6,114.62,9.35,-6.21,155.52,163.64,161.03,-2893.97,0.0,0.995,1.001,0.998,0.45,3,1.0,0.0,81834.547
2026-08-30T22:43:55.166Z,64.994007,-148.633392,3268.04,2304.87,3406.6,130.97,115.97,7.05,-6.65,156.52,164.5,162.7,-2729.07,0.0,1.167,1.217,1.192,0.459,2,1.0,0.0,81835.688
2026-08-30T22:43:56.264Z,64.993496,-148.631882,3225.97,2147.98,3359.09,132.0,117.03,5.7,-5.9,157.53,165.35,163.82,-2353.78,0.0,1.17,1.181,1.176,0.763,2,1.0,0.0,81836.766
2026-08-30T22:43:57.217Z,64.993032,-148.630554,3194.25,2116.3,3321.88,132.85,117.85,5.41,-5.7,157.48,164.85,163.31,-2109.78,0.0,1.071,1.071,1.071,,1,1.0,0.0,81837.727
2026-08-30T22:43:58.198Z,64.992554,-148.629213,3163.23,1984.86,3288.44,132.97,117.99,4.17,-4.3,157.04,164.38,163.19,-1891.95,0.0,1.066,1.158,1.114,1.078,3,1.0,0.0,81838.703
2026-08-30T22:43:59.176Z,64.992072,-148.627885,3137.49,1959.21,3258.61,133.8,118.78,3.83,-3.66,155.84,162.81,161.5,-1657.51,0.0,1.1,1.154,1.13,1.221,3,1.0,0.0,81839.688
2026-08-30T22:44:00.125Z,64.991609,-148.626621,3114.06,1961.45,3232.82,133.88,118.9,3.82,-2.98,155.14,162.81,160.83,-1536.86,0.0,1.068,1.068,1.068,,1,1.0,0.0,81840.641
2026-08-30T22:44:01.114Z,64.991126,-148.625313,3090.09,1952.6,3208.14,134.41,119.39,2.58,-2.69,154.72,161.63,159.79,-1455.05,0.0,0.969,1.021,0.992,2.509,3,1.0,0.0,81841.617
2026-08-30T22:44:02.071Z,64.990657,-148.62406,3070.73,2113.91,3186.74,134.59,119.59,2.3,-3.42,155.39,164.13,158.61,-1251.66,0.0,1.134,1.183,1.164,2.247,3,1.0,0.0,81842.602
2026-08-30T22:44:03.047Z,64.990187,-148.622809,3052.65,2095.83,3165.6,134.87,119.88,1.83,-4.72,154.76,162.4,157.29,-1151.91,0.0,1.026,1.026,1.026,,1,1.0,0.0,81843.57
2026-08-30T22:44:04.014Z,64.989713,-148.621562,3035.72,2235.74,3147.09,134.87,119.86,2.29,-4.78,154.25,161.25,155.75,-1100.26,0.0,0.994,1.043,1.019,0.801,3,1.0,0.0,81844.531
2026-08-30T22:44:05.198Z,64.989142,-148.620079,3015.09,2215.13,3126.05,134.75,119.76,1.94,-1.45,151.63,158.54,154.41,-1025.42,0.0,0.981,1.099,1.056,1.716,4,1.0,0.0,81845.719
2026-08-30T22:44:06.166Z,64.988674,-148.618864,2999.35,2400.47,3109.27,134.69,119.64,1.88,1.64,149.95,156.99,153.8,-987.85,0.0,0.995,0.995,0.995,,1,1.0,0.0,81846.789
2026-08-30T22:44:07.296Z,64.988137,-148.617463,2982.16,2383.35,3090.88,133.56,118.55,1.51,2.52,148.74,155.4,152.83,-900.91,0.0,1.079,1.079,1.079,,1,1.0,0.0,81847.82
2026-08-30T22:44:08.272Z,64.987677,-148.616246,2968.74,2561.18,3076.37,133.74,118.73,1.59,1.64,148.07,154.54,151.94,-868.82,0.0,0.969,0.969,0.969,,1,1.0,0.0,81848.781
2026-08-30T22:44:09.031Z,64.987323,-148.615296,2957.63,2550.06,3064.84,133.72,118.72,1.39,1.57,147.1,153.52,151.01,-854.94,0.0,0.97,0.986,0.978,3.027,2,1.0,0.0,81849.547
2026-08-30T22:44:10.199Z,64.986789,-148.61385,2942.45,2590.58,3046.6,133.58,118.54,0.84,2.92,145.23,151.52,149.25,-796.05,0.0,0.96,1.013,0.99,0.888,4,1.0,0.0,81850.711
2026-08-30T22:44:11.157Z,64.986358,-148.612667,2932.05,2580.34,3035.3,132.09,116.98,0.59,4.41,143.91,150.05,147.89,-625.29,0.0,1.181,1.181,1.181,,1,1.0,0.0,81851.68
2026-08-30T22:44:12.145Z,64.985923,-148.611442,2925.22,2557.57,3026.62,131.71,116.72,0.09,5.03,141.85,147.82,145.8,-478.09,0.0,1.022,1.06,1.042,0.869,3,1.0,0.0,81852.656
2026-08-30T22:44:13.134Z,64.985504,-148.610224,2919.34,2551.7,3019.42,131.42,116.34,-1.33,10.76,139.94,145.95,144.27,-360.38,0.0,0.994,1.065,1.028,1.34,3,1.0,0.0,81853.648
2026-08-30T22:44:14.084Z,64.985113,-148.609039,2916.3,2546.11,3014.36,129.29,114.2,0.29,12.75,138.99,145.05,143.39,-255.97,0.0,1.068,1.068,1.068,,1,1.0,0.0,81854.594
2026-08-30T22:44:15.104Z,64.984713,-148.607766,2909.27,2538.79,3009.26,128.04,112.98,2.95,14.36,138.34,144.49,142.81,-520.67,0.0,0.721,0.844,0.78,0.799,3,1.0,0.0,81855.633
2026-08-30T22:44:16.191Z,64.984299,-148.606372,2891.17,2516.2,2997.94,127.15,112.06,3.79,11.06,138.4,144.59,142.64,-936.76,0.0,0.741,0.836,0.79,0.778,2,1.0,0.0,81856.758
2026-08-30T22:44:17.218Z,64.983922,-148.60504,2868.98,2493.98,2980.67,124.91,109.85,3.12,7.53,138.65,144.88,143.02,-1166.15,0.0,0.993,0.993,0.993,,1,1.0,0.0,81857.75
2026-08-30T22:44:18.217Z,64.983564,-148.603721,2848.01,2421.98,2960.87,123.37,108.3,3.74,5.73,139.28,145.57,143.49,-1243.13,0.0,0.987,1.021,1.003,0.175,3,1.0,0.0,81858.766
2026-08-30T22:44:19.236Z,64.98321,-148.602361,2824.31,2391.37,2939.33,123.77,108.75,5.06,2.36,139.56,145.59,142.98,-1404.42,0.0,0.869,0.869,0.869,,1,1.0,0.0,81859.758
2026-08-30T22:44:20.013Z,64.982942,-148.601313,2803.12,2370.02,2920.28,123.33,108.29,5.31,-1.81,139.64,145.82,143.07,-1566.57,0.0,0.84,0.852,0.846,0.53,2,1.0,0.0,81860.539
2026-08-30T22:44:21.187Z,64.982541,-148.599749,2769.4,2347.85,2889.01,123.65,108.64,5.02,-5.48,140.49,146.66,143.64,-1675.54,0.0,0.946,1.006,0.983,0.183,4,1.0,0.0,81861.703
2026-08-30T22:44:22.135Z,64.982209,-148.598475,2741.65,2320.05,2862.59,124.32,109.33,5.59,-7.38,141.11,147.29,143.88,-1744.88,0.0,0.952,0.952,0.952,,1,1.0,0.0,81862.648
2026-08-30T22:44:23.105Z,64.981866,-148.597196,2711.69,2304.79,2835.11,125.47,110.45,6.31,-10.05,142.07,148.19,144.3,-1860.88,0.0,0.924,0.947,0.937,0.482,3,1.0,0.0,81863.602
2026-08-30T22:44:24.060Z,64.981514,-148.595935,2679.75,2272.85,2804.53,126.13,111.15,5.94,-11.83,143.46,150.12,145.91,-1937.85,0.0,0.941,0.999,0.97,0.556,3,1.0,0.0,81864.555
2026-08-30T22:44:25.139Z,64.981096,-148.594513,2642.81,2219.11,2769.41,127.7,112.69,6.69,-12.34,145.38,151.54,146.72,-2063.6,0.0,0.852,0.889,0.871,1.389,2,1.0,0.0,81865.625
2026-08-30T22:44:26.145Z,64.980694,-148.593211,2605.61,2181.88,2734.0,128.64,113.71,6.74,-12.3,146.54,152.64,147.84,-2185.65,0.0,0.975,0.978,0.977,1.495,2,1.0,0.0,81866.641
2026-08-30T22:44:27.055Z,64.980319,-148.592052,2572.43,2075.77,2700.1,131.01,116.0,4.74,-12.65,147.25,153.13,148.71,-2093.65,0.0,1.174,1.174,1.174,,1,1.0,0.0,81867.578
2026-08-30T22:44:28.031Z,64.979888,-148.590828,2544.51,2048.03,2667.01,131.64,116.67,1.93,-9.68,147.8,153.61,149.53,-1700.36,0.0,1.263,1.298,1.279,1.058,3,1.0,0.0,81868.555
2026-08-30T22:44:29.019Z,64.979437,-148.589619,2526.55,2007.17,2640.03,133.68,118.69,1.6,-7.15,147.81,153.29,149.33,-1221.41,0.0,1.207,1.326,1.27,1.544,3,1.0,0.0,81869.539
2026-08-30T22:44:30.151Z,64.97891,-148.588262,2511.04,1958.03,2618.51,134.61,119.62,0.62,-6.41,147.1,152.71,148.84,-903.11,0.0,1.082,1.091,1.086,0.249,2,1.0,0.0,81870.664
2026-08-30T22:44:31.137Z,64.97844,-148.587094,2500.87,1946.07,2605.73,135.0,119.97,-0.09,-6.64,146.51,151.57,147.74,-671.1,0.0,1.11,1.128,1.118,0.313,3,1.0,0.0,81871.641
2026-08-30T22:44:32.069Z,64.977996,-148.586025,2494.37,1930.24,2596.49,135.73,120.76,-0.16,-5.23,145.05,150.34,146.34,-493.52,0.0,1.071,1.071,1.071,,1,1.0,0.0,81872.586
2026-08-30T22:44:33.043Z,64.977532,-148.584926,2488.7,1911.21,2589.12,136.02,120.97,-0.17,-5.7,144.2,149.44,145.33,-401.92,0.0,1.025,1.037,1.033,0.69,3,1.0,0.0,81873.539
2026-08-30T22:44:34.216Z,64.976972,-148.583621,2481.38,1896.01,2581.39,137.08,122.11,-0.52,-5.57,143.12,148.35,144.15,-381.06,0.0,0.974,1.0,0.982,1.086,4,1.0,0.0,81874.727
2026-08-30T22:44:35.164Z,64.976516,-148.582584,2476.2,1874.59,2575.56,137.49,122.48,-0.87,-5.74,142.25,147.36,143.14,-333.69,0.0,0.987,0.987,0.987,,1,1.0,0.0,81875.664
2026-08-30T22:44:36.213Z,64.976011,-148.581463,2472.11,1813.87,2570.15,137.8,122.75,-1.24,-3.27,140.62,145.44,141.48,-243.05,0.0,1.045,1.084,1.065,0.873,2,1.0,0.0,81876.711
2026-08-30T22:44:37.179Z,64.975551,-148.580455,2469.02,1800.79,2566.38,137.33,122.3,-1.73,2.2,139.42,144.38,140.81,-205.8,0.0,1.021,1.035,1.027,0.854,3,1.0,0.0,81877.672
2026-08-30T22:44:38.103Z,64.975106,-148.579477,2467.29,1797.35,2563.49,137.51,122.44,-1.81,5.19,138.36,142.96,139.46,-123.04,0.0,1.063,1.063,1.063,,1,1.0,0.0,81878.602
2026-08-30T22:44:39.090Z,64.974647,-148.578441,2466.6,1721.02,2561.7,135.69,120.64,-2.72,5.53,136.28,141.0,137.63,-54.46,0.0,1.036,1.058,1.044,1.341,3,1.0,0.0,81879.594
2026-08-30T22:44:40.043Z,64.974217,-148.577432,2468.69,1744.0,2561.48,135.27,120.24,-3.65,4.77,135.03,139.65,136.29,129.11,0.0,1.173,1.189,1.183,0.996,3,1.0,0.0,81880.547
2026-08-30T22:44:41.142Z,64.973733,-148.576265,2474.67,1712.94,2564.64,134.73,119.66,-4.26,3.22,132.79,137.28,133.81,286.86,0.0,1.06,1.064,1.062,0.266,2,1.0,0.0,81881.641
2026-08-30T22:44:42.086Z,64.973333,-148.575271,2481.69,1684.49,2569.63,134.09,119.03,-3.74,5.93,130.85,135.31,131.76,389.41,0.0,1.01,1.07,1.041,1.316,3,1.0,0.0,81882.594
2026-08-30T22:44:43.212Z,64.972867,-148.574088,2488.75,1607.28,2576.78,132.81,117.72,-3.34,6.52,128.63,132.99,129.62,347.03,0.0,0.918,0.922,0.92,0.185,2,1.0,0.0,81883.703
2026-08-30T22:44:44.166Z,64.972486,-148.57308,2492.45,1620.19,2581.96,131.08,116.0,-2.22,6.86,127.29,132.03,128.66,232.99,0.0,0.899,0.908,0.903,0.113,3,1.0,0.0,81884.664
2026-08-30T22:44:45.076Z,64.972132,-148.572106,2492.35,1591.19,2584.8,130.23,115.19,-1.02,5.38,127.14,131.78,128.55,3.61,0.0,0.814,0.814,0.814,,1,1.0,0.0,81885.57
2026-08-30T22:44:46.098Z,64.971744,-148.571007,2487.24,1556.8,2583.8,130.12,115.07,-0.29,2.86,127.05,131.6,128.22,-222.65,0.0,0.874,0.914,0.894,0.725,2,1.0,0.0,81886.602
2026-08-30T22:44:47.045Z,64.971391,-148.569974,2480.09,1517.36,2579.52,129.34,114.28,0.39,1.93,126.7,131.46,127.88,-419.44,0.0,0.837,0.859,0.847,0.797,3,1.0,0.0,81887.547
2026-08-30T22:44:48.184Z,64.970974,-148.568742,2467.12,1441.48,2570.47,128.42,113.36,1.9,1.69,127.09,131.96,128.21,-670.89,0.0,0.88,0.889,0.884,0.281,2,1.0,0.0,81888.672
2026-08-30T22:44:49.124Z,64.970626,-148.567695,2451.93,1436.63,2559.76,128.33,113.3,0.93,1.47,127.86,132.85,129.29,-867.56,0.0,0.853,0.943,0.892,2.588,3,1.0,0.0,81889.625
2026-08-30T22:44:50.052Z,64.970284,-148.566654,2437.79,1398.56,2545.8,128.28,113.23,0.45,0.48,128.52,133.28,129.66,-857.08,0.0,1.113,1.113,1.113,,1,1.0,0.0,81890.555
2026-08-30T22:44:51.213Z,64.96986,-148.565356,2422.72,1358.86,2529.05,128.64,113.59,0.43,-1.69,129.36,134.27,130.75,-795.05,0.0,1.045,1.098,1.071,0.515,4,1.0,0.0,81891.719
2026-08-30T22:44:52.141Z,64.969515,-148.564307,2411.25,1317.94,2517.06,127.89,112.83,0.2,-2.15,129.87,134.59,131.05,-742.35,0.0,1.049,1.049,1.049,,1,1.0,0.0,81892.641
2026-08-30T22:44:53.088Z,64.969164,-148.563243,2400.52,1279.84,2505.78,128.02,113.01,-0.53,-2.73,129.78,134.41,130.97,-690.99,0.0,1.018,1.031,1.023,0.618,3,1.0,0.0,81893.578
2026-08-30T22:44:54.064Z,64.968799,-148.562143,2391.68,1236.92,2495.58,129.97,114.95,-1.44,-3.8,129.64,134.27,130.76,-530.2,0.0,1.091,1.143,1.116,0.298,3,1.0,0.0,81894.562
2026-08-30T22:44:55.205Z,64.968366,-148.56087,2384.86,1187.41,2485.92,129.08,114.02,-1.22,-1.54,129.3,133.85,130.35,-419.37,0.0,0.993,1.008,1.001,0.5,2,1.0,0.0,81895.695
2026-08-30T22:44:56.236Z,64.967975,-148.559726,2378.43,1109.12,2478.62,128.91,113.88,-0.98,1.15,128.98,133.43,130.18,-394.96,0.0,0.991,1.036,1.014,0.782,2,1.0,0.0,81896.727
2026-08-30T22:44:57.153Z,64.96763,-148.558719,2372.06,1097.9,2472.44,129.24,114.2,-1.62,1.6,128.61,133.32,129.96,-407.65,0.0,1.001,1.001,1.001,,1,1.0,0.0,81897.656
2026-08-30T22:44:58.106Z,64.96727,-148.557657,2366.74,1059.52,2466.19,128.47,113.39,-1.65,2.09,128.01,132.3,129.62,-333.34,0.0,1.04,1.076,1.061,1.19,3,1.0,0.0,81898.602
2026-08-30T22:44:59.061Z,64.966915,-148.556593,2362.6,987.85,2461.09,127.71,112.65,-1.86,2.92,127.4,131.8,129.33,-275.97,0.0,0.994,1.013,1.004,0.085,3,1.0,0.0,81899.562
2026-08-30T22:45:00.187Z,64.966506,-148.555352,2358.43,943.85,2456.12,126.54,111.46,-2.17,4.11,126.69,130.97,129.15,-229.91,0.0,1.0,1.003,1.001,0.061,2,1.0,0.0,81900.695
2026-08-30T22:45:01.167Z,64.966148,-148.554236,2356.0,958.79,2452.66,125.34,110.28,-2.73,5.94,126.11,130.46,128.75,-152.59,0.0,1.048,1.073,1.061,0.159,3,1.0,0.0,81901.68
2026-08-30T22:45:02.109Z,64.96582,-148.553167,2354.81,934.01,2450.47,125.47,110.45,-2.5,6.88,125.69,129.96,128.29,-107.26,0.0,1.04,1.04,1.04,,1,1.0,0.0,81902.617
2026-08-30T22:45:03.087Z,64.965485,-148.552041,2353.34,912.78,2448.75,123.87,108.75,-2.68,6.01,125.54,129.96,128.29,-86.82,0.0,0.998,1.028,1.008,1.045,3,1.0,0.0,81903.617
2026-08-30T22:45:04.078Z,64.965152,-148.550889,2352.03,898.5,2447.31,122.14,107.09,-1.4,6.4,125.54,129.86,128.09,-116.9,0.0,0.958,1.027,0.994,0.948,3,1.0,0.0,81904.578
2026-08-30T22:45:05.194Z,64.964793,-148.549584,2346.98,882.41,2444.4,121.98,106.92,-1.26,5.87,125.44,129.84,128.09,-266.37,0.0,0.908,0.919,0.914,0.412,2,1.0,0.0,81905.703
2026-08-30T22:45:06.266Z,64.964458,-148.548315,2340.74,864.94,2439.38,121.13,106.05,-1.79,4.91,125.62,130.05,128.38,-297.83,0.0,0.995,1.037,1.016,0.063,2,1.0,0.0,81906.781
2026-08-30T22:45:07.298Z,64.96415,-148.547086,2335.98,855.66,2434.43,120.0,104.88,-1.08,4.92,125.88,130.22,128.43,-300.62,0.0,0.997,0.997,0.997,,1,1.0,0.0,81907.883
2026-08-30T22:45:08.147Z,64.963889,-148.546041,2330.54,845.66,2430.14,118.47,103.4,-0.52,6.09,126.25,130.84,129.05,-376.24,0.0,0.944,0.945,0.945,0.246,2,1.0,0.0,81908.727
2026-08-30T22:45:09.190Z,64.963583,-148.54475,2322.14,831.59,2422.96,118.11,103.06,-1.05,5.96,127.14,131.72,130.2,-453.88,0.0,0.926,0.939,0.933,1.185,3,1.0,0.0,81909.797
2026-08-30T22:45:10.275Z,64.963276,-148.543396,2314.45,815.81,2414.94,116.72,101.61,-1.15,4.42,127.47,131.72,129.95,-396.15,0.0,1.088,1.088,1.088,,1,1.0,0.0,81910.891
2026-08-30T22:45:11.153Z,64.963034,-148.542281,2309.39,800.98,2410.46,115.89,100.81,-0.97,3.09,126.52,130.69,129.14,-372.63,0.0,0.985,0.997,0.991,0.04,2,1.0,0.0,81911.75
2026-08-30T22:45:12.212Z,64.962749,-148.540945,2302.85,784.95,2403.89,114.96,99.9,-1.05,1.36,126.54,130.93,129.32,-372.77,0.0,0.978,0.997,0.988,0.153,3,1.0,0.0,81912.812
2026-08-30T22:45:13.306Z,64.962462,-148.539557,2295.78,766.33,2397.89,114.99,99.94,-0.74,-0.09,127.09,131.69,130.05,-397.14,0.0,0.982,0.982,0.982,,1,1.0,0.0,81913.922
2026-08-30T22:45:14.216Z,64.962225,-148.5384,2289.18,752.21,2393.23,114.94,99.88,0.34,-0.93,127.79,132.25,130.49,-459.06,0.0,0.965,0.986,0.975,0.869,2,1.0,0.0,81914.805
2026-08-30T22:45:15.079Z,64.961998,-148.537287,2280.38,745.62,2385.07,115.03,99.97,0.85,-2.32,128.13,132.56,130.78,-591.34,0.0,0.903,0.905,0.904,0.438,2,1.0,0.0,81915.641
2026-08-30T22:45:16.137Z,64.961717,-148.535916,2267.41,747.31,2372.54,115.29,100.24,1.03,-3.45,128.53,132.96,131.17,-691.18,0.0,0.985,0.985,0.985,,1,1.0,0.0,81916.703
2026-08-30T22:45:17.331Z,64.961398,-148.534378,2251.67,765.43,2357.32,115.5,100.46,0.13,-3.56,128.92,133.37,131.73,-720.5,0.0,1.025,1.025,1.025,,1,1.0,0.0,81917.938
2026-08-30T22:45:18.418Z,64.961104,-148.532986,2240.19,798.59,2344.91,116.43,101.43,1.01,-4.13,129.43,133.81,132.09,-687.64,0.0,1.004,1.004,1.004,,1,1.0,0.0,81918.984
2026-08-30T22:45:19.068Z,64.960925,-148.532156,2232.5,807.67,2337.43,116.72,101.66,0.82,-4.79,129.57,133.92,132.33,-711.2,0.0,0.953,0.953,0.953,,1,1.0,0.0,81919.617
2026-08-30T22:45:20.091Z,64.960636,-148.530838,2220.44,851.68,2325.01,117.06,102.05,0.76,-4.14,130.24,134.7,133.12,-689.8,0.0,1.024,1.038,1.033,0.707,3,1.0,0.0,81920.672
2026-08-30T22:45:21.153Z,64.960334,-148.529485,2208.67,892.71,2312.73,117.41,102.34,-0.19,0.31,130.77,135.05,133.63,-655.69,0.0,1.023,1.023,1.023,,1,1.0,0.0,81921.695
2026-08-30T22:45:22.154Z,64.960039,-148.528177,2199.87,920.14,2302.46,116.8,101.73,-1.46,1.71,130.68,134.85,133.55,-505.77,0.0,1.1,1.107,1.102,0.599,3,1.0,0.0,81922.711
2026-08-30T22:45:23.177Z,64.959747,-148.526856,2195.44,1010.92,2294.83,115.61,100.53,-1.5,1.41,130.52,134.63,133.33,-307.58,0.0,1.102,1.102,1.102,,1,1.0,0.0,81923.742
2026-08-30T22:45:24.194Z,64.959462,-148.525541,2193.31,1043.72,2290.26,116.26,101.27,-3.11,1.03,130.68,134.9,133.57,-122.63,0.0,1.037,1.063,1.048,0.972,3,1.0,0.0,81924.734
2026-08-30T22:45:25.191Z,64.959184,-148.524239,2196.17,1131.43,2289.19,116.33,101.21,-3.94,3.74,129.68,133.58,131.96,131.48,0.0,1.133,1.133,1.133,,1,1.0,0.0,81925.766
2026-08-30T22:45:26.368Z,64.958866,-148.522724,2202.5,1165.47,2292.55,113.98,98.89,-3.02,3.2,128.37,132.32,130.67,244.74,0.0,0.99,1.053,1.022,1.295,2,1.0,0.0,81926.906
2026-08-30T22:45:27.390Z,64.958602,-148.521416,2206.25,1121.39,2296.55,114.11,99.06,-3.47,2.66,127.33,131.29,129.67,215.57,0.0,0.947,0.947,0.947,,1,1.0,0.0,81927.938
2026-08-30T22:45:28.199Z,64.958395,-148.520372,2208.93,1031.09,2299.46,113.79,98.71,-3.17,2.17,126.66,130.62,128.95,198.66,0.0,0.991,0.994,0.992,0.352,2,1.0,0.0,81928.75
2026-08-30T22:45:29.242Z,64.958141,-148.519049,2210.79,925.45,2302.53,112.95,97.88,-2.83,1.85,125.3,129.09,127.62,90.81,0.0,0.934,0.944,0.939,0.637,3,1.0,0.0,81929.789
2026-08-30T22:45:30.260Z,64.957894,-148.517749,2209.83,801.82,2303.58,112.74,97.68,-2.33,1.66,124.46,128.41,127.16,-32.7,0.0,0.963,0.963,0.963,,1,1.0,0.0,81930.836
2026-08-30T22:45:31.098Z,64.957695,-148.516679,2207.68,807.08,2302.92,112.54,97.5,-2.24,1.44,124.37,128.54,127.4,-120.7,0.0,0.943,0.946,0.945,0.001,2,1.0,0.0,81931.664
2026-08-30T22:45:32.129Z,64.957453,-148.515353,2204.51,715.45,2300.65,112.1,97.02,-3.11,1.61,125.24,129.46,128.46,-131.67,0.0,0.995,1.044,1.018,0.888,3,1.0,0.0,81932.742
2026-08-30T22:45:33.266Z,64.957191,-148.513901,2203.58,630.93,2298.58,111.95,96.91,-2.84,0.84,126.07,130.29,129.29,-63.91,0.0,1.023,1.023,1.023,,1,1.0,0.0,81933.859
2026-08-30T22:45:34.109Z,64.956993,-148.512794,2203.37,642.05,2297.78,112.11,97.02,-3.65,-0.61,126.67,130.99,129.96,-1.91,0.0,1.031,1.048,1.04,0.31,2,1.0,0.0,81934.688
2026-08-30T22:45:35.170Z,64.95675,-148.511411,2205.59,585.57,2298.22,110.98,95.91,-3.55,-1.57,127.53,131.82,130.7,103.93,0.0,1.034,1.058,1.048,0.318,3,1.0,0.0,81935.766
2026-08-30T22:45:36.253Z,64.956498,-148.509967,2208.69,569.84,2300.32,112.02,97.03,-3.33,-2.29,128.39,132.74,131.49,153.17,0.0,1.009,1.009,1.009,,1,1.0,0.0,81936.883
2026-08-30T22:45:37.495Z,64.956208,-148.508333,2212.68,559.79,2303.64,112.46,97.4,-4.36,-3.87,129.03,133.23,132.07,215.5,0.0,1.014,1.014,1.014,,1,1.0,0.0,81938.109
2026-08-30T22:45:38.633Z,64.955933,-148.506825,2220.5,558.69,2307.61,113.06,98.02,-6.55,-4.46,128.81,133.07,131.72,470.12,0.0,1.175,1.175,1.175,,1,1.0,0.0,81939.266
2026-08-30T22:45:39.341Z,64.95576,-148.505895,2229.62,566.53,2313.4,113.07,98.03,-7.7,-4.72,129.04,133.32,131.87,712.14,0.0,1.212,1.212,1.212,,1,1.0,0.0,81939.93
2026-08-30T22:45:40.207Z,64.955545,-148.504771,2245.78,587.37,2324.85,114.39,99.39,-8.93,-5.33,128.92,133.01,131.03,1051.57,0.0,1.198,1.204,1.201,0.605,2,1.0,0.0,81940.797
2026-08-30T22:45:41.328Z,64.955253,-148.503308,2273.14,620.55,2346.51,115.25,100.16,-10.31,-6.48,127.52,131.52,129.63,1391.84,0.0,1.12,1.12,1.12,,1,1.0,0.0,81941.914
2026-08-30T22:45:42.197Z,64.955023,-148.502208,2297.29,663.66,2368.57,115.5,100.5,-9.51,-5.55,126.76,130.89,128.77,1564.96,0.0,1.121,1.164,1.143,1.487,2,1.0,0.0,81942.781
2026-08-30T22:45:43.051Z,64.954791,-148.501133,2320.52,693.85,2390.14,116.68,101.65,-9.2,-6.3,125.9,130.05,128.04,1568.04,0.0,0.949,0.97,0.96,0.749,2,1.0,0.0,81943.617
2026-08-30T22:45:44.108Z,64.954501,-148.499829,2347.48,731.42,2417.19,117.3,102.25,-8.68,-6.22,125.39,129.61,127.71,1525.65,0.0,0.96,0.96,0.96,,1,1.0,0.0,81944.672
2026-08-30T22:45:45.139Z,64.95421,-148.498565,2372.72,783.04,2443.1,117.25,102.18,-8.41,-5.78,124.65,128.92,126.98,1467.96,0.0,0.924,0.946,0.935,0.123,3,1.0,0.0,81945.688
2026-08-30T22:45:46.153Z,64.953922,-148.497335,2395.56,820.4,2467.47,117.93,102.92,-7.4,-6.0,124.27,128.62,126.83,1346.21,0.0,0.897,0.897,0.897,,1,1.0,0.0,81946.703
2026-08-30T22:45:47.228Z,64.953611,-148.496033,2416.44,872.03,2491.17,119.36,104.33,-7.26,-6.87,124.18,128.62,126.97,1188.86,0.0,0.917,0.917,0.917,,1,1.0,0.0,81947.789
2026-08-30T22:45:48.244Z,64.953311,-148.494822,2435.08,885.7,2510.42,119.62,104.57,-7.22,-7.64,124.13,128.6,126.93,1137.82,0.0,1.0,1.0,1.0,,1,1.0,0.0,81948.781
2026-08-30T22:45:49.043Z,64.953068,-148.493874,2449.57,960.39,2526.51,120.91,105.92,-6.82,-8.99,123.91,128.29,126.63,1096.55,0.0,0.971,0.977,0.974,0.135,2,1.0,0.0,81949.578
2026-08-30T22:45:50.025Z,64.952765,-148.492728,2465.86,1000.23,2544.04,121.11,106.02,-6.39,-9.37,123.54,128.03,126.44,999.36,0.0,0.933,0.965,0.948,0.602,3,1.0,0.0,81950.562
2026-08-30T22:45:51.182Z,64.952394,-148.49138,2482.67,1040.16,2562.31,122.94,108.03,-7.12,-9.37,123.23,127.82,126.28,905.83,0.0,0.956,0.984,0.97,1.026,2,1.0,0.0,81951.719
2026-08-30T22:45:52.174Z,64.952067,-148.490251,2499.2,1056.87,2577.58,125.72,110.67,-8.47,-12.17,123.19,127.76,126.0,1047.71,0.0,1.127,1.178,1.156,0.279,3,1.0,0.0,81952.703
2026-08-30T22:45:53.151Z,64.951734,-148.489178,2520.13,1132.71,2595.03,126.83,111.81,-7.53,-13.24,123.18,127.72,125.87,1167.99,0.0,1.03,1.03,1.03,,1,1.0,0.0,81953.703
2026-08-30T22:45:54.178Z,64.951365,-148.488066,2539.56,1218.45,2613.06,128.52,113.5,-8.73,-11.66,122.27,126.69,125.02,1184.81,0.0,0.951,1.025,0.985,1.315,3,1.0,0.0,81954.695
2026-08-30T22:45:55.164Z,64.951001,-148.487032,2560.62,1269.3,2633.6,129.57,114.54,-8.77,-8.59,121.58,126.21,124.23,1261.38,0.0,1.066,1.09,1.08,0.686,3,1.0,0.0,81955.68
2026-08-30T22:45:56.112Z,64.950644,-148.486065,2581.4,1285.55,2653.79,130.99,115.98,-9.39,-7.25,120.9,125.49,123.66,1315.34,0.0,1.028,1.028,1.028,,1,1.0,0.0,81956.633
2026-08-30T22:45:57.137Z,64.950251,-148.485038,2606.76,1331.91,2677.02,131.82,116.76,-10.78,-6.26,120.44,125.08,122.8,1486.18,0.0,1.1,1.1,1.1,,1,1.0,0.0,81957.648
2026-08-30T22:45:58.122Z,64.949872,-148.484081,2634.45,1426.56,2702.54,132.89,117.88,-10.91,-5.22,119.83,124.54,122.2,1648.38,0.0,1.044,1.07,1.055,0.336,3,1.0,0.0,81958.633
2026-08-30T22:45:59.073Z,64.949498,-148.483162,2662.93,1455.12,2729.73,134.04,118.99,-11.59,-5.4,119.28,123.99,121.35,1762.04,0.0,1.046,1.046,1.046,,1,1.0,0.0,81959.586
2026-08-30T22:46:00.045Z,64.949114,-148.48225,2693.95,1529.04,2758.7,133.85,118.76,-13.13,-4.82,118.27,122.86,120.11,1904.92,0.0,1.032,1.055,1.041,1.167,3,1.0,0.0,81960.555
2026-08-30T22:46:01.031Z,64.948734,-148.481363,2728.03,1572.47,2791.17,133.73,118.69,-12.78,-3.73,117.24,121.95,118.9,2051.2,0.0,1.031,1.099,1.068,1.2,3,1.0,0.0,81961.523
2026-08-30T22:46:02.146Z,64.948288,-148.480342,2768.4,1675.35,2829.34,133.59,118.51,-13.57,-3.57,115.69,120.37,117.2,2115.06,0.0,0.982,1.003,0.992,0.046,2,1.0,0.0,81962.648
2026-08-30T22:46:03.097Z,64.947918,-148.479498,2802.15,1676.88,2862.25,134.49,119.48,-12.92,-4.05,114.66,119.27,116.1,2106.21,0.0,0.955,0.991,0.972,0.268,3,1.0,0.0,81963.609
2026-08-30T22:46:04.039Z,64.947552,-148.478672,2833.99,1708.83,2895.54,135.33,120.29,-13.42,-5.52,113.63,118.27,114.72,2040.81,0.0,0.959,0.959,0.959,,1,1.0,0.0,81964.562
2026-08-30T22:46:05.016Z,64.947175,-148.477835,2866.56,1692.13,2928.14,136.34,121.28,-13.23,-5.93,112.71,117.5,113.66,2005.1,0.0,0.956,0.975,0.966,0.349,3,1.0,0.0,81965.547
2026-08-30T22:46:06.091Z,64.946756,-148.476931,2901.22,1669.06,2964.04,135.24,120.13,-12.35,-1.62,112.43,117.24,112.63,1910.19,0.0,0.907,0.945,0.926,0.111,2,1.0,0.0,81966.625
2026-08-30T22:46:07.064Z,64.946384,-148.476131,2929.43,1585.47,2994.41,135.07,120.03,-11.99,-0.65,111.92,116.78,111.85,1775.34,0.0,0.898,0.898,0.898,,1,1.0,0.0,81967.57
2026-08-30T22:46:08.038Z,64.946012,-148.475325,2956.41,1536.02,3022.32,135.23,120.17,-11.3,-1.6,110.76,115.06,111.01,1679.09,0.0,0.952,0.961,0.955,0.765,3,1.0,0.0,81968.594
2026-08-30T22:46:09.057Z,64.945626,-148.474493,2982.29,1561.73,3050.4,134.72,119.6,-10.39,-3.55,109.53,114.49,110.52,1511.59,0.0,0.852,0.866,0.858,0.879,3,1.0,0.0,81969.609
2026-08-30T22:46:10.045Z,64.94525,-148.473686,3002.61,1519.42,3074.84,133.19,118.07,-9.3,-1.82,110.3,115.36,110.58,1246.51,0.0,0.845,0.845,0.845,,1,1.0,0.0,81970.602
2026-08-30T22:46:11.058Z,64.944873,-148.472863,3017.61,1475.28,3094.84,132.06,116.97,-7.39,2.29,110.46,115.67,111.02,930.65,0.0,0.789,0.839,0.818,0.886,3,1.0,0.0,81971.602
2026-08-30T22:46:12.062Z,64.944495,-148.472015,3027.59,1435.3,3110.79,131.87,116.77,-8.71,1.17,110.28,115.53,111.36,722.2,0.0,0.994,0.994,0.994,,1,1.0,0.0,81972.625
2026-08-30T22:46:13.095Z,64.944116,-148.471148,3038.15,1363.61,3122.3,131.19,116.1,-7.81,-1.97,110.45,115.8,112.23,625.7,0.0,0.9,0.991,0.951,1.386,3,1.0,0.0,81973.648
2026-08-30T22:46:14.118Z,64.943739,-148.470267,3048.62,1368.87,3132.62,131.65,116.61,-10.15,4.22,110.74,116.19,112.64,693.45,0.0,1.088,1.088,1.088,,1,1.0,0.0,81974.648
2026-08-30T22:46:15.112Z,64.943374,-148.469384,3063.96,1346.9,3144.43,130.02,114.8,-10.63,10.49,110.44,116.18,112.3,898.55,0.0,1.166,1.187,1.179,0.86,3,1.0,0.0,81975.664
2026-08-30T22:46:16.111Z,64.943023,-148.468486,3082.55,1327.16,3160.93,127.42,112.31,-11.84,10.91,110.71,116.11,111.32,1079.51,0.0,1.099,1.099,1.099,,1,1.0,0.0,81976.68
2026-08-30T22:46:17.210Z,64.942662,-148.467475,3105.69,1307.26,3181.35,126.64,111.51,-13.95,11.71,109.2,114.07,109.95,1252.89,0.0,1.068,1.068,1.068,,1,1.0,0.0,81977.781
2026-08-30T22:46:18.227Z,64.942341,-148.466509,3130.97,1297.98,3202.98,123.06,107.79,-12.91,12.83,107.45,112.43,108.38,1453.09,0.0,1.136,1.136,1.136,,1,1.0,0.0,81978.781
2026-08-30T22:46:19.058Z,64.942097,-148.465705,3152.55,1319.57,3223.28,119.2,104.05,-11.24,13.09,106.34,111.43,108.03,1458.28,0.0,0.96,0.992,0.976,0.019,2,1.0,0.0,81979.633
2026-08-30T22:46:20.103Z,64.941815,-148.464685,3175.73,1302.82,3247.76,119.08,104.0,-10.94,7.55,105.39,110.42,107.61,1342.9,0.0,0.906,0.922,0.913,0.16,3,1.0,0.0,81980.656
2026-08-30T22:46:21.109Z,64.941552,-148.46367,3196.4,1266.77,3270.14,118.39,103.27,-10.67,0.42,104.29,109.32,107.33,1246.1,0.0,0.942,0.942,0.942,,1,1.0,0.0,81981.641
2026-08-30T22:46:22.104Z,64.941304,-148.462672,3214.59,1234.73,3289.32,117.76,102.7,-8.36,-1.36,104.15,109.56,107.66,1092.54,0.0,0.861,0.917,0.892,0.928,3,1.0,0.0,81982.648
2026-08-30T22:46:23.130Z,64.941047,-148.461613,3227.33,1200.22,3306.32,118.54,103.48,-5.36,-2.8,105.13,110.75,109.35,711.43,0.0,0.724,0.724,0.724,,1,1.0,0.0,81983.734
2026-08-30T22:46:24.188Z,64.940782,-148.460522,3232.44,1158.55,3318.84,119.34,104.27,-4.19,1.99,107.0,112.86,111.43,374.75,0.0,0.789,0.853,0.823,0.515,3,1.0,0.0,81984.75
2026-08-30T22:46:25.246Z,64.94051,-148.459404,3233.12,1115.61,3324.57,117.68,102.54,-4.35,2.02,108.94,114.97,113.66,118.09,0.0,0.915,0.915,0.915,,1,1.0,0.0,81985.812
2026-08-30T22:46:26.431Z,64.940204,-148.458109,3232.94,1073.67,3326.73,116.51,101.42,-3.9,3.76,111.3,117.39,115.99,31.17,0.0,1.008,1.011,1.01,0.269,2,1.0,0.0,81987.023
2026-08-30T22:46:27.601Z,64.93991,-148.456793,3232.18,1031.6,3327.52,116.02,100.91,-2.43,5.07,113.01,119.17,118.61,-67.03,0.0,0.968,0.968,0.968,,1,1.0,0.0,81988.32
2026-08-30T22:46:28.419Z,64.93971,-148.45585,3229.62,989.7,3326.67,114.9,99.75,-2.54,4.6,114.12,120.26,120.26,-160.18,0.0,0.94,0.94,0.94,,1,1.0,0.0,81989.203
2026-08-30T22:46:29.297Z,64.939494,-148.454813,3226.34,931.02,3322.52,113.88,98.76,-0.95,5.12,114.96,121.25,121.19,-210.73,0.0,0.991,0.991,0.991,,1,1.0,0.0,81990.008
2026-08-30T22:46:30.526Z,64.939203,-148.45333,3217.54,884.94,3317.19,112.61,97.51,1.78,5.41,116.86,123.48,123.54,-531.9,0.0,0.731,0.731,0.731,,1,1.0,0.0,81991.164
2026-08-30T22:46:31.243Z,64.939038,-148.452445,3207.25,839.28,3310.58,112.38,97.29,1.54,4.33,118.82,125.67,125.56,-729.0,0.0,0.855,0.855,0.855,,1,1.0,0.0,81991.867
2026-08-30T22:46:32.133Z,64.938838,-148.451329,3192.89,758.09,3299.57,111.76,96.68,2.46,3.15,121.48,128.47,128.27,-924.81,0.0,0.915,0.916,0.915,0.115,2,1.0,0.0,81992.789
2026-08-30T22:46:33.325Z,64.938568,-148.449776,3170.06,734.37,3280.56,110.86,95.72,3.07,2.64,124.99,132.13,131.84,-1118.93,0.0,0.915,0.915,0.915,,1,1.0,0.0,81993.961
2026-08-30T22:46:34.004Z,64.938414,-148.44886,3155.78,692.06,3267.8,109.92,94.8,3.63,3.4,127.18,134.38,133.97,-1209.04,0.0,0.949,0.949,0.949,,1,1.0,0.0,81994.602
2026-08-30T22:46:35.061Z,64.938177,-148.447404,3131.26,637.82,3245.96,108.89,93.8,4.27,4.61,130.28,137.59,137.07,-1387.91,0.0,0.87,0.909,0.889,0.535,3,1.0,0.0,81995.656
2026-08-30T22:46:36.153Z,64.937942,-148.445869,3103.56,588.09,3220.3,109.0,93.91,3.36,3.91,133.56,140.86,140.34,-1456.12,0.0,1.071,1.071,1.071,,1,1.0,0.0,81996.75
2026-08-30T22:46:37.321Z,64.937693,-148.444182,3077.09,552.93,3192.56,108.02,92.95,1.81,3.49,136.1,143.46,143.39,-1295.8,0.0,1.21,1.21,1.21,,1,1.0,0.0,81997.922
2026-08-30T22:46:38.442Z,64.937455,-148.442506,3058.54,537.43,3169.28,107.28,92.16,0.7,4.12,138.43,145.86,145.89,-976.08,0.0,1.228,1.228,1.228,,1,1.0,0.0,81999.062
2026-08-30T22:46:39.140Z,64.937313,-148.441462,3050.21,551.81,3157.7,106.91,91.85,1.45,4.12,139.93,147.37,147.33,-855.86,0.0,1.09,1.09,1.09,,1,1.0,0.0,81999.75
2026-08-30T22:46:40.220Z,64.937094,-148.439795,3036.27,561.55,3142.88,106.46,91.34,1.06,3.59,141.93,149.47,149.46,-801.08,0.0,0.97,0.995,0.98,1.361,3,1.0,0.0,82000.812
2026-08-30T22:46:41.305Z,64.936878,-148.438091,3023.27,590.94,3129.22,105.4,90.29,0.41,2.86,143.71,151.26,151.34,-709.05,0.0,1.054,1.054,1.054,,1,1.0,0.0,82001.883
2026-08-30T22:46:42.161Z,64.936711,-148.436725,3015.33,614.27,3119.63,105.25,90.17,-0.09,2.71,144.83,152.35,152.46,-573.01,0.0,1.125,1.132,1.129,0.995,2,1.0,0.0,82002.734
2026-08-30T22:46:43.216Z,64.936511,-148.435044,3008.48,640.88,3109.89,105.98,90.9,-0.48,-0.73,145.85,153.44,153.55,-420.84,0.0,1.091,1.099,1.096,0.443,3,1.0,0.0,82003.773
2026-08-30T22:46:44.247Z,64.936311,-148.433373,3004.12,674.04,3103.07,105.6,90.47,-1.85,-2.76,146.77,154.41,154.58,-241.9,0.0,1.118,1.118,1.118,,1,1.0,0.0,82004.797
2026-08-30T22:46:45.067Z,64.93615,-148.432046,3004.42,716.02,3100.18,104.9,89.81,-1.06,-2.54,147.32,154.91,154.96,-65.68,0.0,1.127,1.162,1.145,2.138,2,1.0,0.0,82005.609
2026-08-30T22:46:46.199Z,64.935925,-148.430209,3004.42,774.45,3099.03,106.17,91.13,-1.87,-4.26,147.89,155.62,155.75,-24.23,0.0,0.902,0.975,0.939,2.544,2,1.0,0.0,82006.75
2026-08-30T22:46:47.204Z,64.935719,-148.428567,3006.07,848.5,3099.07,107.0,91.91,-2.51,-7.77,148.37,156.09,156.21,99.67,0.0,1.085,1.085,1.085,,1,1.0,0.0,82007.75
2026-08-30T22:46:48.203Z,64.935504,-148.426942,3010.96,908.25,3101.37,107.52,92.47,-3.55,-11.21,148.56,156.29,156.36,287.01,0.0,1.118,1.132,1.126,0.132,3,1.0,0.0,82008.734
2026-08-30T22:46:49.186Z,64.935279,-148.425354,3019.7,949.78,3106.81,109.06,94.01,-4.14,-11.77,148.52,156.21,156.18,488.57,0.0,1.122,1.122,1.122,,1,1.0,0.0,82009.711
2026-08-30T22:46:50.035Z,64.93507,-148.423979,3029.85,988.49,3114.96,110.34,95.29,-5.08,-11.86,148.21,156.05,155.91,674.99,0.0,1.158,1.179,1.168,0.266,2,1.0,0.0,82010.594
2026-08-30T22:46:51.071Z,64.934802,-148.42235,3045.55,1061.11,3126.98,111.44,96.4,-5.28,-10.85,148.26,156.08,155.9,860.25,0.0,1.112,1.159,1.135,0.458,3,1.0,0.0,82011.617
2026-08-30T22:46:52.103Z,64.934518,-148.420728,3063.85,1106.78,3141.77,112.71,97.64,-6.65,-9.49,147.61,155.39,154.98,1065.77,0.0,1.148,1.148,1.148,,1,1.0,0.0,82012.656
2026-08-30T22:46:53.131Z,64.934223,-148.41914,3087.06,1161.58,3165.08,114.27,99.24,-8.02,-8.14,146.5,154.28,153.49,1366.03,0.0,1.151,1.162,1.157,0.713,3,1.0,0.0,82013.773
2026-08-30T22:46:54.224Z,64.933898,-148.417482,3117.8,1217.98,3187.8,115.2,100.14,-8.33,-8.16,145.4,153.25,152.01,1631.8,0.0,1.124,1.124,1.124,,1,1.0,0.0,82014.742
2026-08-30T22:46:55.208Z,64.933596,-148.416007,3147.11,1247.14,3214.64,115.74,100.64,-6.22,-7.97,143.67,151.41,150.76,1626.21,0.0,0.813,1.016,0.921,2.59,3,1.0,0.0,82015.727
2026-08-30T22:46:56.157Z,64.933303,-148.414619,3169.23,1262.52,3239.34,115.68,100.6,-6.19,-5.7,142.79,150.76,150.13,1463.25,0.0,0.927,0.927,0.927,,1,1.0,0.0,82016.664
2026-08-30T22:46:57.146Z,64.932994,-148.413173,3189.3,1344.36,3262.54,115.84,100.77,-6.43,-4.07,142.02,150.04,149.75,1264.15,0.0,0.856,0.856,0.856,,1,1.0,0.0,82017.648
2026-08-30T22:46:58.097Z,64.932693,-148.411781,3209.16,1393.39,3282.75,117.11,102.06,-5.77,-3.0,141.81,149.95,149.47,1273.85,0.0,1.043,1.089,1.072,2.982,3,1.0,0.0,82018.602
2026-08-30T22:46:59.032Z,64.932398,-148.410438,3227.72,1443.4,3301.27,117.41,102.28,-5.58,-4.68,141.37,149.52,149.16,1195.7,0.0,0.927,0.927,0.927,,1,1.0,0.0,82019.531
2026-08-30T22:47:00.206Z,64.932024,-148.408751,3248.95,1495.73,3325.09,117.21,102.18,-4.68,-4.91,141.85,150.36,149.09,1079.1,0.0,0.935,0.976,0.957,1.19,4,1.0,0.0,82020.828
2026-08-30T22:47:01.374Z,64.931643,-148.407081,3266.63,1515.27,3345.39,118.38,103.3,-4.73,-5.42,142.82,151.24,149.17,933.26,0.0,0.944,0.944,0.944,,1,1.0,0.0,82022.016
2026-08-30T22:47:02.101Z,64.931403,-148.40604,3277.42,1525.96,3355.9,119.02,103.97,-4.78,-5.27,142.86,151.19,149.04,924.32,0.0,0.991,0.991,0.991,,1,1.0,0.0,82022.695
2026-08-30T22:47:03.160Z,64.931042,-148.404521,3293.63,1618.44,3372.56,119.74,104.68,-5.24,-5.77,142.66,150.95,148.86,919.45,0.0,0.962,0.975,0.969,0.875,3,1.0,0.0,82023.688
2026-08-30T22:47:04.123Z,64.930714,-148.403173,3309.21,1683.98,3387.73,120.5,105.41,-4.85,-5.67,142.47,150.74,148.54,963.19,0.0,1.037,1.037,1.037,,1,1.0,0.0,82024.633
2026-08-30T22:47:05.091Z,64.930374,-148.401813,3323.39,1755.48,3403.1,120.68,105.62,-3.2,-5.23,142.27,150.68,148.75,821.35,0.0,0.865,0.95,0.907,0.604,3,1.0,0.0,82025.609
2026-08-30T22:47:06.171Z,64.929993,-148.400314,3332.73,1807.92,3416.61,120.78,105.66,-2.91,-3.65,143.17,151.51,149.82,577.13,0.0,0.862,0.929,0.896,0.723,2,1.0,0.0,82026.695
2026-08-30T22:47:07.133Z,64.929649,-148.398976,3339.72,1924.22,3426.47,120.92,105.88,-2.61,-2.67,143.91,152.5,150.65,488.35,0.0,0.977,0.977,0.977,,1,1.0,0.0,82027.656
2026-08-30T22:47:08.129Z,64.929286,-148.397575,3346.63,2019.52,3435.02,121.49,106.39,-2.76,-3.48,144.63,153.1,151.13,439.08,0.0,0.954,0.982,0.968,0.461,3,1.0,0.0,82028.641
2026-08-30T22:47:09.111Z,64.928924,-148.3962,3353.21,2083.5,3441.76,121.33,106.25,-2.35,-4.34,144.82,153.24,151.35,400.3,0.0,0.96,0.982,0.973,0.701,3,1.0,0.0,82029.641
2026-08-30T22:47:10.082Z,64.928562,-148.394834,3358.56,2088.82,3448.36,122.27,107.2,-2.57,-4.23,145.38,153.86,152.0,352.43,0.0,0.974,0.974,0.974,,1,1.0,0.0,82030.602
2026-08-30T22:47:11.046Z,64.9282,-148.393491,3364.58,2202.09,3453.46,123.12,108.0,-2.88,-4.63,146.37,154.99,152.32,405.82,0.0,1.024,1.071,1.05,0.479,3,1.0,0.0,82031.57
2026-08-30T22:47:12.057Z,64.927813,-148.392092,3373.0,2210.57,3459.95,123.27,108.18,-3.22,-3.62,147.33,155.89,152.24,478.81,0.0,1.028,1.039,1.032,0.285,3,1.0,0.0,82032.562
2026-08-30T22:47:13.029Z,64.927433,-148.390729,3382.13,2316.0,3467.8,123.27,108.17,-3.6,0.99,147.91,156.6,152.11,562.2,0.0,1.08,1.08,1.08,,1,1.0,0.0,82033.562
2026-08-30T22:47:14.061Z,64.927034,-148.389306,3394.28,2328.41,3478.04,123.35,108.23,-4.41,3.26,148.6,157.07,151.98,714.43,0.0,1.08,1.095,1.09,0.529,2,1.0,0.0,82034.594
2026-08-30T22:47:15.063Z,64.926653,-148.387919,3409.72,2431.31,3490.33,122.38,107.26,-5.03,2.08,147.8,155.89,150.02,901.68,0.0,1.037,1.098,1.069,1.449,3,1.0,0.0,82035.57
2026-08-30T22:47:16.485Z,64.926129,-148.38595,3434.97,2456.51,3513.25,121.92,106.76,-4.07,1.19,146.32,154.52,148.78,948.16,0.0,0.827,0.952,0.892,0.654,2,1.0,0.0,82037.0
2026-08-30T22:47:17.070Z,64.925918,-148.385144,3442.93,2418.74,3522.7,121.92,106.86,-4.14,0.7,146.52,154.99,148.95,878.71,0.0,0.902,0.902,0.902,,1,1.0,0.0,82037.578
2026-08-30T22:47:18.200Z,64.925511,-148.383579,3458.71,2434.6,3539.2,122.61,107.48,-4.92,-2.63,146.5,154.71,148.84,895.51,0.0,1.062,1.072,1.067,0.286,2,1.0,0.0,82038.711
2026-08-30T22:47:19.174Z,64.925158,-148.382232,3475.19,2341.12,3553.89,122.78,107.7,-5.23,-2.58,146.82,155.2,148.71,1010.33,0.0,1.057,1.073,1.065,0.35,3,1.0,0.0,82039.68
2026-08-30T22:47:20.121Z,64.924812,-148.380919,3491.3,2357.06,3569.84,122.91,107.78,-2.75,-3.34,146.57,154.83,148.86,903.5,0.0,0.787,0.787,0.787,,1,1.0,0.0,82040.633
2026-08-30T22:47:21.096Z,64.924457,-148.379576,3500.31,2330.48,3583.76,122.91,107.84,-1.33,-4.65,146.55,154.7,148.82,583.22,0.0,0.747,0.773,0.762,0.897,3,1.0,0.0,82041.617
2026-08-30T22:47:22.070Z,64.924099,-148.378247,3501.6,2331.49,3592.81,123.97,108.87,0.51,-6.92,146.93,155.41,149.65,133.77,0.0,0.702,0.73,0.715,1.357,3,1.0,0.0,82042.586
2026-08-30T22:47:23.056Z,64.923726,-148.376887,3496.14,2254.22,3593.02,124.44,109.36,-0.42,-6.06,147.87,156.24,150.69,-157.98,0.0,0.966,0.966,0.966,,1,1.0,0.0,82043.578
2026-08-30T22:47:24.028Z,64.923352,-148.375558,3491.97,2250.12,3591.0,124.83,109.71,-0.75,-5.92,147.98,156.11,151.41,-199.28,0.0,1.067,1.095,1.082,0.73,3,1.0,0.0,82044.555
2026-08-30T22:47:25.033Z,64.922958,-148.374182,3489.15,2160.78,3586.18,125.88,110.85,-1.53,-4.94,149.33,157.86,153.34,-130.57,0.0,1.103,1.199,1.152,0.98,3,1.0,0.0,82045.555
2026-08-30T22:47:26.500Z,64.922367,-148.372157,3489.84,2161.54,3583.31,126.89,111.81,-1.83,-6.6,150.54,158.87,154.13,19.05,0.0,1.023,1.067,1.045,1.528,2,1.0,0.0,82047.016
2026-08-30T22:47:27.085Z,64.922126,-148.371358,3491.27,2100.55,3583.78,127.32,112.22,-1.95,-7.42,150.74,158.95,154.09,118.22,0.0,1.129,1.129,1.129,,1,1.0,0.0,82047.609
2026-08-30T22:47:28.146Z,64.92169,-148.369946,3495.76,2105.03,3587.86,128.07,112.98,-0.96,-9.0,150.86,159.09,153.99,179.68,0.0,0.96,0.96,0.96,,1,1.0,0.0,82048.648
2026-08-30T22:47:29.127Z,64.92126,-148.368595,3497.09,2062.11,3590.96,128.5,113.45,-0.57,-9.36,151.3,159.6,154.53,67.85,0.0,0.876,0.886,0.881,0.686,3,1.0,0.0,82049.656
2026-08-30T22:47:30.101Z,64.920836,-148.367304,3496.34,2061.36,3591.91,129.87,114.76,-1.55,-9.44,152.37,161.11,155.96,13.06,0.0,1.026,1.026,1.026,,1,1.0,0.0,82050.625
2026-08-30T22:47:31.079Z,64.920391,-148.365998,3497.88,2037.98,3592.46,130.15,115.11,-1.6,-8.01,154.47,163.39,158.14,100.28,0.0,1.155,1.178,1.166,1.955,3,1.0,0.0,82051.609
2026-08-30T22:47:32.063Z,64.919931,-148.364702,3501.52,2041.7,3594.0,132.13,117.04,-2.52,-4.91,154.45,162.72,157.28,237.0,0.0,1.085,1.124,1.103,0.882,3,1.0,0.0,82052.578
2026-08-30T22:47:33.026Z,64.919475,-148.363442,3509.11,2064.71,3599.04,132.61,117.53,-2.7,0.2,153.77,161.85,156.7,415.63,0.0,1.066,1.066,1.066,,1,1.0,0.0,82053.539
2026-08-30T22:47:34.190Z,64.918926,-148.361935,3521.44,2077.16,3607.09,131.7,116.51,-3.88,5.5,152.71,160.81,155.98,631.75,0.0,1.058,1.137,1.103,0.475,4,1.0,0.0,82054.703
2026-08-30T22:47:35.127Z,64.91849,-148.360717,3534.46,2153.4,3617.07,130.85,115.78,-2.76,7.76,151.67,159.75,155.26,742.07,0.0,1.019,1.019,1.019,,1,1.0,0.0,82055.641
2026-08-30T22:47:36.195Z,64.918006,-148.359314,3545.27,2164.02,3629.27,131.46,116.3,-1.86,7.02,149.86,158.12,154.5,560.3,0.0,0.86,0.87,0.865,1.83,2,1.0,0.0,82056.719
2026-08-30T22:47:37.191Z,64.917569,-148.358009,3550.92,2272.28,3637.8,129.22,114.08,-2.32,7.19,150.49,158.86,155.46,426.28,0.0,0.896,0.982,0.937,1.573,3,1.0,0.0,82057.703
2026-08-30T22:47:38.137Z,64.917154,-148.356731,3557.71,2279.14,3644.62,128.69,113.55,-2.39,6.97,150.69,159.12,155.75,459.47,0.0,1.028,1.028,1.028,,1,1.0,0.0,82058.648
2026-08-30T22:47:39.120Z,64.916731,-148.355386,3565.43,2381.87,3651.37,128.27,113.17,-0.86,5.4,150.84,158.9,155.66,395.64,0.0,0.843,0.969,0.91,2.193,3,1.0,0.0,82059.633
2026-08-30T22:47:40.106Z,64.916313,-148.354034,3568.1,2384.44,3657.02,128.06,112.93,-1.64,3.37,150.16,158.72,155.66,231.69,0.0,0.803,0.919,0.857,2.012,3,1.0,0.0,82060.633
2026-08-30T22:47:41.068Z,64.915905,-148.352698,3571.55,2484.35,3660.03,127.33,112.19,-1.72,4.74,151.24,159.84,156.83,249.3,0.0,1.033,1.033,1.033,,1,1.0,0.0,82061.586
2026-08-30T22:47:42.050Z,64.915496,-148.351336,3577.18,2490.1,3664.47,127.95,112.84,-3.73,7.23,151.95,160.39,157.45,389.63,0.0,1.02,1.119,1.071,1.594,3,1.0,0.0,82062.555
2026-08-30T22:47:43.013Z,64.915096,-148.349977,3588.78,2596.2,3671.31,125.99,110.78,-3.0,8.49,151.95,160.37,157.16,647.84,0.0,1.173,1.202,1.192,2.699,3,1.0,0.0,82063.523
2026-08-30T22:47:44.152Z,64.914635,-148.348352,3598.91,2605.96,3684.01,124.32,109.24,-0.35,10.84,151.95,160.32,157.7,385.26,0.0,0.675,0.675,0.675,2.216,2,1.0,0.0,82064.68
2026-08-30T22:47:45.153Z,64.914243,-148.346902,3598.42,2680.65,3689.63,124.38,109.19,-0.86,9.25,151.63,160.09,158.44,81.48,0.0,0.782,0.882,0.832,2.078,3,1.0,0.0,82065.688
2026-08-30T22:47:46.126Z,64.913868,-148.345461,3597.74,2680.05,3690.95,122.3,107.14,-1.46,8.95,151.73,160.15,159.15,47.31,0.0,1.075,1.075,1.075,,1,1.0,0.0,82066.648
2026-08-30T22:47:47.143Z,64.913491,-148.343941,3599.88,2706.29,3692.17,121.58,106.44,-1.42,8.24,151.66,160.12,159.71,113.22,0.0,1.05,1.05,1.05,,1,1.0,0.0,82067.648
2026-08-30T22:47:48.108Z,64.913142,-148.342467,3602.72,2709.2,3694.23,120.19,105.03,-2.09,3.66,152.03,160.59,160.38,186.12,0.0,1.025,1.076,1.049,0.681,3,1.0,0.0,82068.633
2026-08-30T22:47:49.054Z,64.912807,-148.341004,3607.32,2712.96,3697.48,119.61,104.5,-0.71,3.44,152.3,160.88,160.71,214.57,0.0,0.972,0.972,0.972,,1,1.0,0.0,82069.562
2026-08-30T22:47:50.041Z,64.912468,-148.339483,3607.07,2712.47,3700.12,119.75,104.6,0.42,2.67,152.73,161.39,161.39,-41.06,0.0,0.792,0.832,0.811,0.994,3,1.0,0.0,82070.555
2026-08-30T22:47:51.028Z,64.912129,-148.33794,3602.08,2734.75,3698.67,118.78,103.63,-0.31,2.59,153.23,161.79,161.98,-186.76,0.0,0.919,1.03,0.978,0.892,3,1.0,0.0,82071.547
2026-08-30T22:47:52.213Z,64.911731,-148.336086,3599.48,2732.26,3695.37,118.86,103.72,1.43,0.28,153.66,162.35,162.72,-124.4,0.0,1.11,1.122,1.116,3.212,2,1.0,0.0,82072.727
2026-08-30T22:47:53.194Z,64.911397,-148.334509,3590.77,2574.12,3691.09,117.42,102.27,6.13,4.34,154.68,163.69,163.65,-698.53,0.0,0.39,0.646,0.518,1.762,3,1.0,0.0,82073.727
2026-08-30T22:47:54.167Z,64.911076,-148.332941,3564.92,2547.84,3675.77,117.34,102.19,6.88,7.26,156.82,166.02,165.72,-1394.4,0.0,0.689,0.689,0.689,,1,1.0,0.0,82074.703
2026-08-30T22:47:55.145Z,64.910757,-148.331341,3533.07,2266.26,3652.6,116.84,101.71,5.54,4.51,159.28,168.67,168.87,-1710.01,0.0,0.881,1.041,0.957,3.453,3,1.0,0.0,82075.68
2026-08-30T22:47:56.253Z,64.910395,-148.329454,3502.98,2236.58,3619.38,116.51,101.37,2.57,2.24,161.27,170.11,171.84,-1473.41,0.0,1.191,1.329,1.261,1.052,2,1.0,0.0,82076.789
2026-08-30T22:47:57.254Z,64.910069,-148.327752,3487.17,2039.73,3592.44,116.02,100.88,0.7,0.83,162.39,171.35,174.17,-996.89,0.0,1.265,1.265,1.265,,1,1.0,0.0,82077.789
2026-08-30T22:47:58.043Z,64.909812,-148.326398,3481.67,2034.46,3578.72,116.23,101.13,-0.03,0.37,163.27,172.22,174.73,-593.4,0.0,1.271,1.301,1.286,0.921,2,1.0,0.0,82078.57
2026-08-30T22:47:59.048Z,64.909482,-148.32465,3479.09,1944.54,3569.14,115.98,100.84,-1.4,-1.49,163.62,172.41,174.9,-245.38,0.0,1.097,1.13,1.118,1.772,3,1.0,0.0,82079.562
2026-08-30T22:48:00.190Z,64.909106,-148.322658,3483.87,1949.55,3566.33,115.77,100.66,-2.76,-2.73,163.36,172.01,174.36,195.05,0.0,1.187,1.21,1.199,0.197,2,1.0,0.0,82080.703
2026-08-30T22:48:01.164Z,64.908785,-148.32097,3494.27,2008.34,3571.64,116.41,101.29,-4.72,-4.98,162.49,170.94,172.98,603.85,0.0,1.209,1.288,1.247,1.241,3,1.0,0.0,82081.672
2026-08-30T22:48:02.101Z,64.908475,-148.319367,3511.91,2074.91,3583.55,116.39,101.27,-4.07,-3.57,161.29,169.77,171.56,956.81,0.0,1.124,1.124,1.124,,1,1.0,0.0,82082.609
2026-08-30T22:48:03.100Z,64.908143,-148.317673,3529.27,2092.03,3599.02,116.58,101.47,-1.99,-2.81,160.07,168.44,170.56,890.25,0.0,0.793,0.923,0.86,1.326,3,1.0,0.0,82083.609
2026-08-30T22:48:04.081Z,64.907821,-148.316031,3539.31,2188.98,3612.32,117.36,102.25,-3.75,-3.02,159.16,167.73,169.82,741.42,0.0,0.795,1.009,0.899,3.374,3,1.0,0.0,82084.586
2026-08-30T22:48:05.199Z,64.907445,-148.314151,3556.38,2206.3,3627.02,117.5,102.39,-4.63,-3.73,158.42,166.91,168.74,944.19,0.0,1.157,1.18,1.169,0.17,2,1.0,0.0,82085.711
2026-08-30T22:48:06.267Z,64.907085,-148.312381,3577.51,2311.62,3643.51,117.89,102.8,-5.32,-4.69,157.62,166.14,167.77,1153.38,0.0,1.069,1.114,1.092,0.28,2,1.0,0.0,82086.766
2026-08-30T22:48:07.194Z,64.906767,-148.310852,3599.01,2333.19,3662.38,117.9,102.73,-4.55,-4.52,156.82,165.37,166.86,1293.47,0.0,1.031,1.031,1.031,,1,1.0,0.0,82087.711
2026-08-30T22:48:08.171Z,64.906436,-148.309271,3618.67,2365.09,3683.61,117.25,102.16,-2.87,-2.98,156.17,164.82,166.63,1143.9,0.0,0.813,0.882,0.848,0.602,3,1.0,0.0,82088.68
2026-08-30T22:48:09.147Z,64.906102,-148.30768,3631.97,2378.24,3700.59,117.93,102.8,-2.04,-2.42,155.87,164.63,166.55,860.48,0.0,0.795,0.827,0.812,0.427,3,1.0,0.0,82089.664
2026-08-30T22:48:10.089Z,64.905781,-148.306143,3640.76,2345.14,3713.59,117.6,102.46,-1.88,-0.83,156.06,164.91,167.13,639.51,0.0,0.873,0.873,0.873,,1,1.0,0.0,82090.602
2026-08-30T22:48:11.057Z,64.905453,-148.30456,3648.73,2353.13,3723.53,118.02,102.86,-1.49,0.21,156.87,165.8,167.89,545.87,0.0,0.972,0.991,0.981,1.32,3,1.0,0.0,82091.562
2026-08-30T22:48:12.026Z,64.905126,-148.302973,3654.78,2359.51,3732.2,116.86,101.72,-1.03,0.73,157.38,166.38,168.64,386.46,0.0,0.889,0.891,0.89,0.142,3,1.0,0.0,82092.539
2026-08-30T22:48:13.163Z,64.904744,-148.301093,3659.08,2363.78,3738.96,117.76,102.6,-0.83,-1.44,157.51,166.42,168.51,270.57,0.0,0.991,0.991,0.991,0.837,2,1.0,0.0,82093.664
2026-08-30T22:48:14.136Z,64.904414,-148.299469,3661.48,2363.62,3743.0,117.6,102.51,-0.62,-2.3,157.63,166.6,168.72,164.39,0.0,0.876,0.908,0.892,1.52,3,1.0,0.0,82094.648
2026-08-30T22:48:15.090Z,64.904092,-148.2979,3662.8,2364.94,3745.42,118.01,102.85,-1.02,-4.72,157.78,166.73,168.79,117.56,0.0,0.976,0.976,0.976,,1,1.0,0.0,82095.594
2026-08-30T22:48:16.151Z,64.903724,-148.296139,3665.1,2359.44,3747.61,118.32,103.19,-0.77,-6.07,158.01,166.98,168.94,129.65,0.0,1.016,1.032,1.024,1.728,2,1.0,0.0,82096.656
2026-08-30T22:48:17.098Z,64.903392,-148.29458,3667.15,2361.5,3749.64,118.7,103.58,-1.31,-7.34,158.32,167.33,169.25,150.75,0.0,1.032,1.032,1.032,,1,1.0,0.0,82097.602
2026-08-30T22:48:18.079Z,64.903044,-148.29298,3670.37,2369.95,3752.26,119.99,104.89,-1.55,-9.07,157.88,166.75,168.82,180.22,0.0,1.021,1.029,1.024,0.35,3,1.0,0.0,82098.586
2026-08-30T22:48:19.056Z,64.902685,-148.291385,3675.02,2374.71,3755.58,120.97,105.85,-2.82,-8.49,157.93,166.85,168.72,309.3,0.0,1.101,1.136,1.121,0.611,3,1.0,0.0,82099.562
2026-08-30T22:48:20.181Z,64.902256,-148.289576,3686.27,2421.63,3762.77,121.4,106.28,-3.63,-6.57,157.61,166.49,168.03,584.65,0.0,1.166,1.18,1.173,0.895,2,1.0,0.0,82100.68
2026-08-30T22:48:21.145Z,64.901883,-148.288048,3698.87,2434.21,3772.72,122.11,106.97,-3.6,-5.79,157.35,166.33,167.54,695.85,0.0,0.971,1.047,1.01,0.156,3,1.0,0.0,82101.641
2026-08-30T22:48:22.068Z,64.90152,-148.286591,3711.13,2504.06,3784.15,122.47,107.34,-3.86,-5.13,156.61,165.36,166.77,790.93,0.0,1.08,1.08,1.08,,1,1.0,0.0,82102.578
2026-08-30T22:48:23.034Z,64.901137,-148.285085,3725.32,2518.23,3797.75,122.87,107.75,-3.6,-5.92,156.18,165.14,166.46,829.65,0.0,0.946,1.011,0.981,1.133,3,1.0,0.0,82103.539
2026-08-30T22:48:24.216Z,64.900666,-148.283264,3741.17,2607.3,3813.27,124.14,108.99,-2.72,-7.77,155.53,164.56,166.03,779.4,0.0,0.921,0.967,0.95,1.703,4,1.0,0.0,82104.719
2026-08-30T22:48:25.158Z,64.900283,-148.281821,3751.52,2617.57,3824.99,124.09,108.97,-2.39,-5.77,155.63,164.55,165.97,673.29,0.0,0.919,0.919,0.919,,1,1.0,0.0,82105.656
2026-08-30T22:48:26.202Z,64.899849,-148.280232,3760.41,2709.69,3837.41,125.25,110.13,-3.33,-5.56,155.14,164.04,165.36,578.08,0.0,0.878,1.015,0.949,3.125,2,1.0,0.0,82106.711
2026-08-30T22:48:27.157Z,64.89945,-148.278796,3770.24,2719.57,3847.44,125.49,110.36,-3.17,-5.4,154.75,163.85,164.87,617.98,0.0,1.047,1.078,1.063,0.707,3,1.0,0.0,82107.656
2026-08-30T22:48:28.078Z,64.899062,-148.277415,3779.46,2796.32,3856.17,125.44,110.32,-2.29,-4.11,154.41,163.28,164.3,556.99,0.0,0.893,0.893,0.893,,1,1.0,0.0,82108.578
2026-08-30T22:48:29.040Z,64.898656,-148.275986,3784.88,2801.62,3864.15,126.21,111.1,-2.22,-4.25,153.77,162.76,163.97,373.27,0.0,0.843,0.87,0.853,2.094,3,1.0,0.0,82109.539
2026-08-30T22:48:30.201Z,64.898162,-148.274268,3789.04,2891.15,3869.87,126.02,110.84,-0.15,-4.04,153.49,162.68,164.05,176.11,0.0,0.82,1.01,0.934,3.779,4,1.0,0.0,82110.711
2026-08-30T22:48:31.131Z,64.897762,-148.27288,3785.91,2887.85,3871.23,125.83,110.72,0.5,-2.0,154.57,163.74,165.15,-120.06,0.0,0.871,0.871,0.871,,1,1.0,0.0,82111.633
2026-08-30T22:48:32.086Z,64.897353,-148.271459,3778.95,2996.84,3869.37,126.04,110.89,0.28,-1.18,155.15,164.33,165.92,-335.54,0.0,0.888,0.933,0.908,2.34,3,1.0,0.0,82112.586
2026-08-30T22:48:33.076Z,64.896927,-148.269981,3771.96,2989.94,3864.08,125.83,110.69,-0.6,-0.34,156.04,165.23,166.77,-332.04,0.0,1.044,1.152,1.092,2.841,3,1.0,0.0,82113.586
2026-08-30T22:48:34.236Z,64.896433,-148.268257,3767.92,3056.94,3858.58,125.6,110.46,0.28,1.21,155.98,165.06,166.68,-273.4,0.0,0.929,0.981,0.956,1.06,2,1.0,0.0,82114.758
2026-08-30T22:48:35.007Z,64.896098,-148.267079,3764.44,3053.5,3855.72,125.55,110.4,-0.31,2.16,155.73,164.73,166.21,-241.88,0.0,1.023,1.058,1.041,0.253,2,1.0,0.0,82115.5
2026-08-30T22:48:36.042Z,64.895658,-148.26551,3761.98,3094.49,3852.41,125.22,110.08,-1.1,6.06,155.29,164.22,165.9,-140.65,0.0,1.057,1.063,1.06,0.648,2,1.0,0.0,82116.547
2026-08-30T22:48:37.175Z,64.89519,-148.263798,3762.29,3094.88,3849.51,125.0,109.83,-2.13,9.62,153.31,161.66,163.45,8.33,0.0,1.142,1.155,1.149,0.477,2,1.0,0.0,82117.664
2026-08-30T22:48:38.147Z,64.894802,-148.262323,3765.56,3119.04,3850.05,123.59,108.39,-0.84,8.06,153.33,162.45,164.22,132.73,0.0,1.015,1.173,1.103,3.533,3,1.0,0.0,82118.641
2026-08-30T22:48:39.063Z,64.894445,-148.260911,3766.2,3119.47,3851.75,121.88,106.72,1.94,8.05,153.94,162.92,164.71,-49.92,0.0,0.728,0.728,0.728,,1,1.0,0.0,82119.57
2026-08-30T22:48:40.074Z,64.894062,-148.259342,3754.79,3130.79,3848.9,121.31,106.13,3.13,8.34,154.85,164.23,165.96,-660.04,0.0,0.517,0.569,0.539,3.63,3,1.0,0.0,82120.695
2026-08-30T22:48:41.181Z,64.893649,-148.257586,3732.71,3108.6,3833.62,120.51,105.31,4.98,7.9,156.34,165.44,166.97,-1131.65,0.0,0.762,0.863,0.819,2.471,3,1.0,0.0,82121.695
2026-08-30T22:48:42.115Z,64.893301,-148.25608,3709.11,3101.11,3814.63,119.21,104.05,2.96,7.0,156.64,165.84,167.78,-1294.15,0.0,1.114,1.114,1.114,,1,1.0,0.0,82122.625
2026-08-30T22:48:43.093Z,64.892953,-148.254495,3689.68,3081.79,3794.16,118.72,103.53,3.2,5.53,158.07,167.26,169.27,-1200.3,0.0,1.116,1.202,1.166,2.0,3,1.0,0.0,82123.594
2026-08-30T22:48:44.056Z,64.892616,-148.252916,3671.16,3083.31,3774.73,117.96,102.8,3.68,4.86,159.03,168.26,170.29,-1212.0,0.0,0.921,1.008,0.967,1.698,3,1.0,0.0,82124.562
2026-08-30T22:48:45.195Z,64.892219,-148.251003,3648.16,3067.57,3751.59,117.54,102.35,2.42,1.76,160.29,169.49,171.74,-1149.7,0.0,1.101,1.111,1.106,0.531,2,1.0,0.0,82125.695
2026-08-30T22:48:46.253Z,64.891856,-148.24922,3631.41,3050.93,3730.67,117.75,102.61,1.38,-1.62,161.13,170.3,172.65,-943.49,0.0,1.112,1.154,1.133,0.463,2,1.0,0.0,82126.766
2026-08-30T22:48:47.195Z,64.891529,-148.247619,3620.96,2968.9,3716.92,117.96,102.77,1.48,-0.6,161.73,170.86,173.22,-734.52,0.0,1.091,1.091,1.091,,1,1.0,0.0,82127.703
2026-08-30T22:48:48.177Z,64.89119,-148.245957,3611.13,2959.04,3706.04,117.21,102.07,1.51,1.7,162.15,171.27,173.65,-661.26,0.0,0.976,0.992,0.983,0.751,3,1.0,0.0,82128.68
2026-08-30T22:48:49.154Z,64.89085,-148.244279,3600.86,3003.64,3695.59,117.46,102.28,1.33,0.44,162.55,171.63,174.08,-635.46,0.0,0.98,0.995,0.987,0.665,3,1.0,0.0,82129.664
2026-08-30T22:48:50.099Z,64.890525,-148.242663,3592.59,2995.48,3685.24,117.3,102.14,0.25,0.03,162.76,171.87,174.44,-507.92,0.0,1.078,1.078,1.078,,1,1.0,0.0,82130.609
2026-08-30T22:48:51.078Z,64.890188,-148.240988,3588.65,3014.12,3677.35,116.85,101.69,-0.66,0.18,163.41,172.66,175.01,-267.33,0.0,1.165,1.179,1.172,0.787,3,1.0,0.0,82131.562
2026-08-30T22:48:52.025Z,64.88986,-148.239346,3589.2,3014.78,3673.0,116.99,101.85,-1.36,-0.5,163.9,172.86,175.22,-28.51,0.0,1.133,1.141,1.138,0.318,3,1.0,0.0,82132.531
2026-08-30T22:48:53.139Z,64.889477,-148.237422,3594.18,3023.08,3673.12,117.0,101.81,-0.87,-2.91,163.0,171.86,174.03,188.63,0.0,1.093,1.143,1.118,1.665,2,1.0,0.0,82133.648
2026-08-30T22:48:54.115Z,64.889142,-148.235752,3594.9,3023.44,3675.95,116.27,101.15,2.08,-1.82,162.43,171.23,173.49,-92.85,0.0,0.638,0.811,0.726,1.093,3,1.0,0.0,82134.633
2026-08-30T22:48:55.066Z,64.888817,-148.234115,3586.0,3046.75,3671.88,117.7,102.54,-0.19,-3.97,161.84,170.75,173.04,-339.28,0.0,1.005,1.005,1.005,,1,1.0,0.0,82135.578
2026-08-30T22:48:56.156Z,64.888443,-148.23227,3581.69,3042.62,3667.22,117.54,102.4,-0.45,-2.55,161.78,170.72,172.83,-201.26,0.0,1.157,1.186,1.172,1.516,2,1.0,0.0,82136.664
2026-08-30T22:48:57.103Z,64.888116,-148.230678,3579.94,3056.14,3663.5,117.75,102.6,0.31,-1.18,161.77,170.73,172.78,-178.64,0.0,0.962,0.962,0.962,,1,1.0,0.0,82137.617
2026-08-30T22:48:58.072Z,64.887775,-148.229019,3575.27,3051.36,3661.4,117.36,102.2,1.06,-1.09,162.33,171.4,173.47,-300.97,0.0,0.857,0.883,0.866,1.231,3,1.0,0.0,82138.586
2026-08-30T22:48:59.056Z,64.887433,-148.227351,3567.26,3101.91,3656.18,117.65,102.5,2.43,-0.11,162.92,171.96,173.9,-496.27,0.0,0.828,0.894,0.863,1.673,3,1.0,0.0,82139.555
2026-08-30T22:49:00.175Z,64.887042,-148.22543,3551.43,3086.01,3646.12,117.39,102.23,1.48,1.06,163.72,172.83,174.9,-744.46,0.0,0.863,0.947,0.906,2.406,2,1.0,0.0,82140.688
2026-08-30T22:49:01.156Z,64.886703,-148.22376,3540.19,3075.45,3635.18,117.53,102.37,0.88,-0.2,164.15,173.16,175.29,-645.2,0.0,1.144,1.155,1.15,0.749,3,1.0,0.0,82141.664
2026-08-30T22:49:02.093Z,64.886375,-148.222137,3532.92,3068.28,3625.93,116.98,101.8,0.31,0.23,164.37,173.3,175.4,-487.99,0.0,1.117,1.117,1.117,,1,1.0,0.0,82142.609
2026-08-30T22:49:03.079Z,64.886038,-148.220441,3528.6,3066.99,3618.78,116.96,101.83,-0.57,1.49,164.65,173.58,175.76,-290.27,0.0,1.08,1.086,1.083,0.447,3,1.0,0.0,82143.609
2026-08-30T22:49:04.065Z,64.885697,-148.218712,3527.55,3065.98,3614.8,116.28,101.11,-0.17,0.39,164.35,173.19,175.4,-149.87,0.0,1.002,1.126,1.068,2.288,3,1.0,0.0,82144.57
2026-08-30T22:49:05.204Z,64.885311,-148.216721,3525.86,3077.5,3612.25,115.93,100.76,-0.12,0.44,164.05,172.95,175.15,-108.45,0.0,0.974,0.991,0.983,0.301,2,1.0,0.0,82145.734
2026-08-30T22:49:06.266Z,64.884955,-148.214879,3522.57,3074.07,3610.01,115.86,100.72,1.06,-1.77,163.92,172.86,175.18,-246.72,0.0,0.783,0.923,0.856,1.62,2,1.0,0.0,82146.789
2026-08-30T22:49:07.215Z,64.884643,-148.213243,3516.41,3066.39,3605.78,116.6,101.45,-0.38,-2.95,164.04,172.99,175.3,-279.9,0.0,1.09,1.09,1.09,,1,1.0,0.0,82147.727
2026-08-30T22:49:08.199Z,64.884315,-148.21155,3514.71,3064.86,3601.78,116.52,101.38,-1.74,-4.79,163.63,172.36,174.64,-80.22,0.0,1.162,1.175,1.17,0.343,3,1.0,0.0,82148.727
2026-08-30T22:49:09.219Z,64.883965,-148.209755,3518.94,3065.48,3601.68,117.01,101.84,-0.46,-6.41,162.77,171.38,173.48,142.63,0.0,1.079,1.215,1.158,5.175,3,1.0,0.0,82149.734
2026-08-30T22:49:10.163Z,64.883643,-148.208169,3518.62,3064.82,3603.2,117.0,101.87,1.18,-6.54,162.16,170.9,173.07,-117.42,0.0,0.653,0.653,0.653,,1,1.0,0.0,82150.672
2026-08-30T22:49:11.117Z,64.88331,-148.206535,3511.91,3060.16,3600.51,118.98,103.8,-1.1,-8.59,162.12,170.86,172.94,-228.75,0.0,0.853,1.107,0.984,2.596,3,1.0,0.0,82151.617
2026-08-30T22:49:12.069Z,64.882968,-148.204934,3511.45,3059.88,3598.11,118.67,103.51,-1.22,-6.98,161.64,170.26,172.17,-47.22,0.0,1.182,1.253,1.222,1.915,3,1.0,0.0,82152.57
2026-08-30T22:49:13.200Z,64.882558,-148.203063,3512.42,3021.79,3598.14,119.48,104.38,-1.39,-4.35,161.05,169.69,171.48,7.25,0.0,0.959,0.959,0.959,1.726,2,1.0,0.0,82153.695
2026-08-30T22:49:14.157Z,64.882203,-148.201478,3515.59,3025.18,3598.74,120.65,105.45,-3.14,-3.82,160.44,169.02,170.52,239.08,0.0,1.157,1.253,1.208,0.088,3,1.0,0.0,82154.664
2026-08-30T22:49:15.075Z,64.88186,-148.199982,3524.68,3000.08,3602.89,120.18,105.02,-2.3,-1.95,159.71,168.32,169.64,473.63,0.0,1.133,1.133,1.133,,1,1.0,0.0,82155.578
2026-08-30T22:49:16.119Z,64.881469,-148.198284,3531.86,3007.02,3610.49,120.73,105.56,-1.37,-2.52,159.01,167.47,168.8,325.3,0.0,0.783,0.871,0.828,2.628,2,1.0,0.0,82156.617
2026-08-30T22:49:17.075Z,64.881113,-148.196747,3535.28,3011.06,3615.39,119.65,104.43,-2.17,-2.63,157.73,166.29,167.74,306.54,0.0,0.993,1.089,1.045,0.317,3,1.0,0.0,82157.578
2026-08-30T22:49:18.198Z,64.880699,-148.194949,3541.33,3017.03,3621.13,118.42,103.27,-1.34,-0.9,156.83,165.24,166.83,280.91,0.0,0.93,0.959,0.944,0.177,2,1.0,0.0,82158.688
2026-08-30T22:49:19.145Z,64.880361,-148.193438,3544.01,2977.23,3625.22,119.66,104.47,-0.53,-1.07,156.23,164.72,166.25,175.39,0.0,0.922,0.931,0.927,0.791,3,1.0,0.0,82159.633
2026-08-30T22:49:20.062Z,64.880031,-148.191965,3542.58,2975.58,3626.97,119.65,104.55,0.29,-2.39,155.98,164.53,166.2,-82.84,0.0,0.748,0.748,0.748,,1,1.0,0.0,82160.555
2026-08-30T22:49:21.026Z,64.879681,-148.190408,3537.7,2924.64,3625.16,120.28,105.06,-0.17,-3.25,156.02,164.45,166.05,-200.23,0.0,0.966,1.034,1.008,1.135,3,1.0,0.0,82161.539
2026-08-30T22:49:22.206Z,64.879257,-148.188542,3533.17,2920.1,3621.2,120.31,105.18,0.43,-3.99,154.82,162.89,164.34,-240.98,0.0,0.943,1.043,0.998,1.65,4,1.0,0.0,82162.711
2026-08-30T22:49:23.139Z,64.878918,-148.187068,3526.98,2843.62,3616.93,121.14,105.97,1.22,-4.96,153.4,161.74,163.09,-392.19,0.0,0.919,0.919,0.919,,1,1.0,0.0,82163.648
2026-08-30T22:49:24.117Z,64.87856,-148.185559,3516.61,2833.08,3609.76,120.83,105.68,2.07,-5.13,153.87,162.46,163.84,-613.66,0.0,0.853,0.885,0.866,0.645,3,1.0,0.0,82164.625
2026-08-30T22:49:25.094Z,64.878198,-148.184035,3502.49,2730.37,3600.43,121.09,105.91,2.27,-4.0,154.87,163.31,164.59,-809.66,0.0,0.912,0.927,0.918,0.664,3,1.0,0.0,82165.602
2026-08-30T22:49:26.022Z,64.877845,-148.182575,3487.51,2715.39,3587.27,121.44,106.26,2.57,-2.56,155.88,164.57,165.72,-903.51,0.0,1.002,1.002,1.002,,1,1.0,0.0,82166.531
2026-08-30T22:49:27.033Z,64.877466,-148.18101,3471.81,2589.9,3570.88,121.42,106.26,1.53,-1.06,156.79,165.38,166.69,-884.01,0.0,1.087,1.087,1.087,,1,1.0,0.0,82167.523
2026-08-30T22:49:28.196Z,64.877019,-148.179159,3458.83,2577.12,3554.75,121.98,106.8,-0.07,-2.65,157.35,165.87,167.25,-631.78,0.0,1.134,1.164,1.153,1.529,4,1.0,0.0,82168.703
2026-08-30T22:49:29.131Z,64.87666,-148.177697,3454.38,2411.34,3546.04,121.76,106.62,0.19,-3.06,157.73,166.26,167.57,-389.9,0.0,1.085,1.085,1.085,,1,1.0,0.0,82169.633
2026-08-30T22:49:30.081Z,64.876288,-148.176188,3451.34,2408.35,3540.43,122.68,107.5,-0.12,-4.14,157.96,166.43,167.58,-242.87,0.0,1.031,1.053,1.041,0.359,3,1.0,0.0,82170.578
2026-08-30T22:49:31.032Z,64.875914,-148.174693,3448.84,2309.03,3536.94,122.58,107.41,0.14,-5.01,157.23,165.35,166.58,-205.8,0.0,0.934,0.976,0.953,0.495,3,1.0,0.0,82171.539
2026-08-30T22:49:32.175Z,64.875468,-148.172926,3444.61,2304.76,3533.33,123.66,108.53,0.84,-7.39,156.16,164.57,165.7,-253.28,0.0,0.994,0.999,0.996,1.086,2,1.0,0.0,82172.672
2026-08-30T22:49:33.128Z,64.875087,-148.171448,3437.42,2202.49,3528.67,124.0,108.86,0.29,-9.87,156.87,165.35,166.45,-409.09,0.0,0.872,0.93,0.899,2.027,3,1.0,0.0,82173.633
2026-08-30T22:49:34.060Z,64.874705,-148.17002,3431.6,2196.85,3522.14,125.69,110.51,-1.21,-10.07,157.36,165.8,166.75,-288.67,0.0,1.193,1.193,1.193,,1,1.0,0.0,82174.562
2026-08-30T22:49:35.013Z,64.874296,-148.168565,3431.2,2108.23,3518.2,124.35,109.12,-0.8,-9.15,157.34,165.62,166.44,-113.59,0.0,1.101,1.229,1.177,3.299,3,1.0,0.0,82175.531
2026-08-30T22:49:36.078Z,64.87384,-148.16697,3429.49,2106.39,3516.13,124.35,109.26,0.38,-5.77,157.04,165.23,165.99,-181.21,0.0,0.861,0.941,0.902,3.794,2,1.0,0.0,82176.586
2026-08-30T22:49:37.195Z,64.87336,-148.165305,3423.55,2036.73,3512.1,126.53,111.36,-1.31,-7.33,156.51,164.79,165.54,-209.16,0.0,1.049,1.136,1.093,1.083,2,1.0,0.0,82177.711
2026-08-30T22:49:38.205Z,64.872924,-148.163826,3422.93,1985.81,3509.25,126.95,111.8,-0.94,-7.06,155.56,163.76,164.76,-92.86,0.0,1.025,1.167,1.099,1.914,3,1.0,0.0,82178.703
2026-08-30T22:49:39.121Z,64.872515,-148.162479,3422.55,1985.45,3508.02,127.59,112.44,-0.97,-2.9,155.54,163.85,164.79,-41.57,0.0,0.983,0.983,0.983,,1,1.0,0.0,82179.633
2026-08-30T22:49:40.103Z,64.872077,-148.161049,3421.84,1984.7,3507.29,127.95,112.75,-0.59,-0.57,156.26,164.67,165.25,-59.13,0.0,0.919,0.936,0.929,1.559,3,1.0,0.0,82180.594
2026-08-30T22:49:41.057Z,64.871645,-148.159646,3421.41,1924.21,3506.47,127.99,112.78,-1.16,-1.86,156.54,165.13,165.64,-2.99,0.0,1.015,1.055,1.036,0.32,3,1.0,0.0,82181.555
2026-08-30T22:49:42.150Z,64.871152,-148.158047,3422.04,1860.67,3506.57,127.26,112.1,-0.57,-1.61,157.36,165.67,166.27,-8.79,0.0,0.936,0.949,0.942,0.645,2,1.0,0.0,82182.648
2026-08-30T22:49:43.101Z,64.870728,-148.156667,3421.33,1859.94,3506.37,127.89,112.69,-0.3,-2.31,157.17,165.48,166.14,-50.69,0.0,0.952,1.001,0.983,2.207,3,1.0,0.0,82183.594
2026-08-30T22:49:44.198Z,64.870231,-148.15506,3419.48,1829.98,3505.26,127.82,112.63,-0.15,-4.12,157.19,165.38,165.86,-86.07,0.0,1.02,1.024,1.022,0.776,2,1.0,0.0,82184.695
2026-08-30T22:49:45.152Z,64.869796,-148.153671,3416.55,1822.17,3503.53,129.0,113.88,-0.35,-6.65,156.5,164.8,165.33,-166.65,0.0,0.921,0.941,0.933,1.499,3,1.0,0.0,82185.656
2026-08-30T22:49:46.110Z,64.869364,-148.152321,3413.98,1820.07,3501.01,129.39,114.18,-0.26,-8.25,156.68,165.04,165.48,-150.21,0.0,1.059,1.059,1.059,,1,1.0,0.0,82186.594
2026-08-30T22:49:47.080Z,64.868903,-148.150915,3411.22,1822.55,3498.43,130.19,115.06,0.03,-8.47,156.95,165.32,165.69,-174.87,0.0,0.975,0.975,0.975,,1,1.0,0.0,82187.578
2026-08-30T22:49:48.052Z,64.868445,-148.149568,3407.84,1819.19,3495.55,130.75,115.54,-0.05,-8.96,156.99,165.37,165.79,-199.93,0.0,0.977,0.982,0.98,0.557,3,1.0,0.0,82188.539
2026-08-30T22:49:49.161Z,64.867896,-148.147992,3403.79,1827.37,3491.71,131.19,116.06,-0.56,-9.1,157.12,165.63,165.87,-199.61,0.0,0.993,1.011,1.002,1.415,2,1.0,0.0,82189.664
2026-08-30T22:49:50.131Z,64.867414,-148.146661,3401.73,1818.2,3488.76,133.5,118.35,-0.67,-13.62,157.33,165.66,165.73,-130.74,0.0,1.076,1.088,1.084,0.68,3,1.0,0.0,82190.633
2026-08-30T22:49:51.071Z,64.866936,-148.145398,3401.1,1803.75,3486.96,134.36,119.19,-1.07,-10.89,157.23,165.49,165.3,-46.44,0.0,1.103,1.103,1.103,,1,1.0,0.0,82191.594
2026-08-30T22:49:52.088Z,64.866412,-148.144024,3402.17,1798.58,3486.54,135.95,120.8,-1.17,-8.8,156.88,165.12,164.82,41.46,0.0,1.057,1.085,1.07,0.633,3,1.0,0.0,82192.648
2026-08-30T22:49:53.103Z,64.865865,-148.14274,3404.36,1778.56,3487.52,136.51,121.3,-1.06,-5.04,156.52,164.72,164.37,102.77,0.0,1.031,1.059,1.046,0.58,3,1.0,0.0,82193.617
2026-08-30T22:49:54.046Z,64.865362,-148.141549,3406.34,1780.52,3489.18,136.62,121.43,-0.62,-0.86,155.9,164.05,163.74,106.98,0.0,0.995,0.995,0.995,,1,1.0,0.0,82194.555
2026-08-30T22:49:55.039Z,64.864834,-148.140302,3406.91,1816.02,3490.65,136.43,121.24,-0.79,3.58,155.18,163.22,162.77,32.91,0.0,0.931,0.963,0.942,1.723,3,1.0,0.0,82195.578
2026-08-30T22:49:56.248Z,64.864203,-148.138799,3406.09,1831.16,3490.98,136.02,120.81,-0.39,4.74,154.45,162.64,162.25,-34.31,0.0,0.994,1.052,1.023,0.923,2,1.0,0.0,82196.828
2026-08-30T22:49:57.259Z,64.863665,-148.13749,3404.89,1825.87,3490.33,135.42,120.21,-0.29,5.01,154.45,162.66,162.32,-66.25,0.0,1.004,1.004,1.004,,1,1.0,0.0,82197.891
2026-08-30T22:49:58.193Z,64.863185,-148.136294,3403.23,1827.91,3489.23,134.26,119.01,-0.58,5.31,154.48,162.77,162.63,-90.7,0.0,0.996,1.016,1.006,0.423,2,1.0,0.0,82198.703
2026-08-30T22:49:59.079Z,64.862744,-148.135167,3402.98,1825.65,3488.15,133.47,118.27,-0.77,6.53,155.3,163.67,163.67,-5.26,0.0,1.113,1.115,1.114,1.604,2,1.0,0.0,82199.602
2026-08-30T22:50:00.050Z,64.862244,-148.133848,3403.98,1826.65,3488.2,133.36,118.14,-1.04,8.93,155.33,163.25,163.33,44.39,0.0,0.999,0.999,0.999,,1,1.0,0.0,82200.562
2026-08-30T22:50:01.023Z,64.861765,-148.132546,3406.38,1818.87,3489.33,131.76,116.52,-1.1,11.84,154.88,163.0,163.15,131.58,0.0,1.037,1.067,1.053,0.202,3,1.0,0.0,82201.633
2026-08-30T22:50:02.077Z,64.861256,-148.131094,3409.01,1806.96,3491.49,130.45,115.21,-1.12,13.19,154.58,162.74,163.06,130.9,0.0,0.991,0.991,0.991,,1,1.0,0.0,82202.586
2026-08-30T22:50:03.077Z,64.860798,-148.129713,3410.91,1805.33,3493.59,128.82,113.58,-0.94,12.51,154.33,162.52,163.04,113.79,0.0,1.004,1.021,1.014,0.228,3,1.0,0.0,82203.578
2026-08-30T22:50:04.027Z,64.860367,-148.128345,3412.0,1793.59,3495.25,127.46,112.22,-0.77,11.65,154.35,162.55,163.05,73.63,0.0,1.003,1.003,1.003,,1,1.0,0.0,82204.547
2026-08-30T22:50:05.223Z,64.859849,-148.126606,3412.65,1781.29,3496.53,125.79,110.56,-0.63,10.76,154.18,162.35,163.09,28.03,0.0,0.998,1.013,1.008,0.749,4,1.0,0.0,82205.75
2026-08-30T22:50:06.193Z,64.859445,-148.125175,3412.22,1789.85,3496.84,124.4,109.16,-0.49,10.68,154.08,162.24,163.13,-19.58,0.0,0.974,0.974,0.974,,1,1.0,0.0,82206.711
2026-08-30T22:50:07.221Z,64.859028,-148.123623,3410.58,1805.14,3496.24,123.44,108.24,-0.54,9.93,154.15,162.38,163.46,-97.25,0.0,0.988,0.988,0.988,,1,1.0,0.0,82207.742
2026-08-30T22:50:08.186Z,64.858653,-148.122161,3408.13,1829.05,3494.55,122.22,106.94,-1.07,8.17,154.52,162.8,163.89,-100.68,0.0,1.126,1.126,1.126,,1,1.0,0.0,82208.703
2026-08-30T22:50:09.176Z,64.858274,-148.120625,3407.21,1869.1,3493.04,120.59,105.38,-0.91,8.72,154.72,162.91,164.02,-74.47,0.0,1.035,1.075,1.053,0.103,3,1.0,0.0,82209.695
2026-08-30T22:50:10.158Z,64.857915,-148.119094,3405.87,1903.35,3491.79,119.85,104.61,-0.72,7.78,154.69,162.82,164.14,-93.74,0.0,0.989,1.011,0.999,0.258,3,1.0,0.0,82210.664
2026-08-30T22:50:11.100Z,64.857578,-148.117601,3403.38,1900.82,3490.08,118.36,103.11,-1.51,3.89,154.76,162.91,164.2,-141.97,0.0,0.968,0.968,0.968,,1,1.0,0.0,82211.625
2026-08-30T22:50:12.070Z,64.857241,-148.116053,3400.58,1919.85,3487.74,118.11,102.92,-1.38,3.75,154.39,162.53,163.87,-179.06,0.0,0.964,1.004,0.983,0.751,3,1.0,0.0,82212.578
2026-08-30T22:50:13.047Z,64.85691,-148.114496,3396.86,1934.39,3484.67,117.44,102.16,-2.15,3.96,154.23,162.29,163.98,-199.23,0.0,0.967,0.992,0.98,0.505,3,1.0,0.0,82213.562
2026-08-30T22:50:14.199Z,64.856531,-148.112661,3399.4,1999.5,3482.53,117.13,101.93,-8.31,-0.14,153.1,160.86,162.02,308.12,0.0,1.384,1.497,1.441,0.107,2,1.0,0.0,82214.695
2026-08-30T22:50:15.149Z,64.856226,-148.111161,3420.28,2020.94,3490.58,116.93,101.7,-11.34,-4.85,150.83,158.34,158.15,1189.52,0.0,1.62,1.646,1.631,1.736,3,1.0,0.0,82215.641
2026-08-30T22:50:16.064Z,64.855931,-148.109737,3453.15,2026.46,3511.46,117.04,101.83,-9.16,-9.13,148.39,155.86,155.35,1770.17,0.0,1.161,1.161,1.161,,1,1.0,0.0,82216.562
2026-08-30T22:50:17.049Z,64.855619,-148.108247,3480.17,2052.89,3539.33,116.64,101.43,-4.26,-7.54,146.13,153.75,154.73,1388.04,0.0,0.395,0.395,0.395,,1,1.0,0.0,82217.578
2026-08-30T22:50:18.044Z,64.855307,-148.106752,3487.85,2086.6,3558.9,117.12,101.95,-0.82,-5.84,145.28,153.13,154.71,542.35,0.0,0.404,0.453,0.428,0.712,3,1.0,0.0,82218.578
2026-08-30T22:50:19.027Z,64.854995,-148.105269,3483.28,2081.9,3565.33,118.32,103.1,-0.48,-7.46,145.47,153.46,154.85,3.03,0.0,0.942,0.942,0.942,,1,1.0,0.0,82219.555
2026-08-30T22:50:20.006Z,64.854677,-148.103793,3474.99,2183.97,3563.86,118.17,103.01,1.86,-5.66,146.02,154.13,155.52,-453.8,0.0,0.716,0.814,0.763,0.476,3,1.0,0.0,82220.539
2026-08-30T22:50:21.249Z,64.854274,-148.101899,3455.44,2210.04,3551.9,119.67,104.48,-0.42,-5.28,147.15,155.2,156.68,-760.36,0.0,0.82,0.992,0.905,3.409,4,1.0,0.0,82221.789
2026-08-30T22:50:22.223Z,64.853934,-148.100456,3446.47,2201.33,3541.21,120.54,105.35,-0.59,-2.48,147.65,155.69,157.02,-541.18,0.0,1.211,1.211,1.211,,1,1.0,0.0,82222.742
2026-08-30T22:50:23.004Z,64.853664,-148.099283,3441.29,2196.09,3534.71,120.15,104.92,-0.14,-0.01,147.95,156.06,157.25,-501.59,0.0,0.957,0.986,0.972,0.151,2,1.0,0.0,82223.516
2026-08-30T22:50:24.179Z,64.853257,-148.097519,3431.14,2273.72,3524.07,118.93,103.76,-0.78,-0.13,148.56,156.62,157.85,-476.72,0.0,0.903,1.066,0.98,2.305,4,1.0,0.0,82224.688
2026-08-30T22:50:25.110Z,64.852933,-148.096097,3423.0,2363.92,3516.21,119.89,104.68,0.86,-2.17,148.82,156.8,158.19,-608.08,0.0,0.771,0.771,0.771,,1,1.0,0.0,82225.625
2026-08-30T22:50:26.185Z,64.852563,-148.094474,3409.87,2350.86,3504.85,119.51,104.32,1.67,-3.59,149.73,158.03,159.27,-665.45,0.0,0.936,1.103,1.023,3.205,2,1.0,0.0,82226.711
2026-08-30T22:50:27.158Z,64.852225,-148.092998,3392.92,2403.16,3492.52,120.36,105.14,4.27,-3.44,151.75,160.37,161.24,-1123.42,0.0,0.628,0.628,0.628,,1,1.0,0.0,82227.688
2026-08-30T22:50:28.153Z,64.851869,-148.091447,3366.64,2376.88,3472.69,120.08,104.89,3.46,-5.46,153.16,161.41,162.58,-1397.65,0.0,0.925,1.005,0.964,1.247,3,1.0,0.0,82228.688
2026-08-30T22:50:29.165Z,64.851501,-148.089881,3341.58,2410.28,3449.34,120.96,105.77,3.46,-5.01,154.76,163.3,164.42,-1437.82,0.0,1.06,1.079,1.071,0.646,3,1.0,0.0,82229.688
2026-08-30T22:50:30.129Z,64.851143,-148.088382,3320.39,2389.27,3427.38,121.6,106.41,1.65,-4.06,156.19,164.6,165.69,-1245.1,0.0,1.263,1.263,1.263,,1,1.0,0.0,82230.656
2026-08-30T22:50:31.119Z,64.850762,-148.086827,3306.18,2391.85,3407.31,121.93,106.74,0.62,-4.05,156.98,165.17,166.28,-907.97,0.0,1.217,1.232,1.224,0.147,3,1.0,0.0,82231.625
2026-08-30T22:50:32.121Z,64.850374,-148.085261,3297.28,2383.05,3393.06,122.39,107.2,-0.17,-4.73,157.21,165.33,166.51,-611.65,0.0,1.112,1.159,1.135,0.818,3,1.0,0.0,82232.641
2026-08-30T22:50:33.068Z,64.849998,-148.083783,3293.56,2352.63,3384.45,122.78,107.58,-0.59,-4.18,157.36,165.48,166.49,-308.22,0.0,1.203,1.203,1.203,,1,1.0,0.0,82233.586
2026-08-30T22:50:34.051Z,64.849608,-148.082266,3291.87,2350.9,3379.9,123.29,108.11,-0.51,-4.78,157.41,165.47,166.48,-188.22,0.0,0.972,1.016,0.991,1.283,3,1.0,0.0,82234.57
2026-08-30T22:50:35.037Z,64.849209,-148.080739,3290.81,2399.24,3377.21,123.39,108.18,-0.65,-5.91,157.14,164.93,166.12,-90.76,0.0,1.051,1.064,1.058,1.304,3,1.0,0.0,82235.562
2026-08-30T22:50:36.477Z,64.848626,-148.078544,3288.9,2454.26,3375.08,124.7,109.49,-0.45,-3.29,156.73,164.68,165.87,-112.48,0.0,0.958,0.974,0.966,0.244,2,1.0,0.0,82236.992
2026-08-30T22:50:37.061Z,64.848386,-148.077653,3287.52,2452.9,3373.98,124.6,109.38,-0.87,-2.47,156.55,164.53,165.75,-111.49,0.0,1.009,1.009,1.009,,1,1.0,0.0,82237.578
2026-08-30T22:50:38.189Z,64.847921,-148.075936,3286.61,2452.03,3372.22,124.65,109.44,-0.72,-1.46,156.03,163.93,165.42,-54.23,0.0,1.038,1.052,1.045,0.949,2,1.0,0.0,82238.711
2026-08-30T22:50:39.164Z,64.847516,-148.074451,3284.39,2416.45,3370.99,124.98,109.77,0.82,-1.81,155.7,163.78,165.07,-199.07,0.0,0.83,0.91,0.867,0.21,3,1.0,0.0,82239.688
2026-08-30T22:50:40.137Z,64.847115,-148.072981,3276.75,2408.72,3366.53,124.14,108.91,0.7,-1.84,156.37,164.7,166.06,-400.05,0.0,0.907,0.907,0.907,,1,1.0,0.0,82240.648
2026-08-30T22:50:41.114Z,64.846714,-148.071507,3266.69,2373.92,3359.25,124.57,109.35,2.2,-2.0,156.95,165.13,166.24,-622.3,0.0,0.82,0.925,0.874,0.549,3,1.0,0.0,82241.633
2026-08-30T22:50:42.107Z,64.8463,-148.06999,3251.16,2358.34,3348.2,125.02,109.84,2.3,-5.68,157.27,165.42,165.68,-851.2,0.0,0.842,0.928,0.887,0.978,3,1.0,0.0,82242.609
2026-08-30T22:50:43.030Z,64.845912,-148.068584,3235.86,2294.93,3335.42,125.51,110.34,2.21,-7.99,158.55,166.94,167.07,-922.92,0.0,1.017,1.017,1.017,,1,1.0,0.0,82243.555
2026-08-30T22:50:44.012Z,64.84549,-148.067108,3220.36,2279.44,3319.91,127.1,111.87,1.62,-9.87,159.26,167.32,167.86,-925.84,0.0,1.044,1.05,1.047,0.512,3,1.0,0.0,82244.523
2026-08-30T22:50:45.208Z,64.844954,-148.065333,3205.8,2335.57,3301.77,127.62,112.43,1.44,-9.21,159.79,167.81,168.1,-726.68,0.0,1.142,1.205,1.179,3.159,4,1.0,0.0,82245.711
2026-08-30T22:50:46.143Z,64.844523,-148.063958,3195.76,2325.51,3290.9,128.86,113.68,0.6,-10.14,159.98,168.15,168.35,-654.72,0.0,1.04,1.04,1.04,,1,1.0,0.0,82246.68
2026-08-30T22:50:47.164Z,64.844034,-148.06246,3186.97,2290.32,3280.53,129.47,114.26,0.87,-11.34,160.85,168.97,168.96,-560.44,0.0,1.004,1.004,1.004,,1,1.0,0.0,82247.672
2026-08-30T22:50:48.131Z,64.843566,-148.061077,3177.86,2131.52,3271.49,130.4,115.22,2.07,-10.99,160.69,168.55,168.42,-630.98,0.0,0.891,0.993,0.945,1.973,3,1.0,0.0,82248.656
2026-08-30T22:50:49.083Z,64.843098,-148.059742,3164.54,2118.2,3261.13,131.18,115.97,2.43,-9.91,159.97,167.74,167.91,-815.42,0.0,0.893,0.893,0.893,,1,1.0,0.0,82249.578
2026-08-30T22:50:50.034Z,64.842619,-148.058412,3148.5,2102.14,3247.61,132.16,116.96,2.48,-7.98,159.64,167.47,167.65,-941.02,0.0,0.921,0.976,0.95,0.691,3,1.0,0.0,82250.523
2026-08-30T22:50:51.180Z,64.842036,-148.056844,3128.3,2021.14,3229.02,132.74,117.53,3.17,-6.35,158.97,166.77,167.04,-1057.94,0.0,0.925,0.99,0.96,0.823,4,1.0,0.0,82251.672
2026-08-30T22:50:52.085Z,64.841565,-148.055608,3110.49,1983.48,3212.76,133.45,118.25,3.02,-5.21,159.1,166.98,167.04,-1128.58,0.0,0.983,0.983,0.983,,1,1.0,0.0,82252.578
2026-08-30T22:50:53.021Z,64.841081,-148.054356,3092.39,1965.4,3195.16,133.66,118.44,2.7,-5.19,160.13,167.97,168.46,-1140.92,0.0,1.005,1.02,1.011,0.564,3,1.0,0.0,82253.508
2026-08-30T22:50:54.160Z,64.840482,-148.052826,3072.44,1900.7,3174.61,134.41,119.21,2.92,-5.15,161.3,168.82,168.05,-1061.52,0.0,1.041,1.094,1.077,2.383,4,1.0,0.0,82254.648
2026-08-30T22:50:55.068Z,64.839995,-148.051604,3057.68,1875.88,3157.64,135.23,120.03,1.42,-6.31,159.87,167.22,166.26,-952.53,0.0,1.082,1.082,1.082,,1,1.0,0.0,82255.562
2026-08-30T22:50:56.131Z,64.83943,-148.050218,3043.83,1836.3,3141.71,135.8,120.6,1.38,-6.48,158.92,166.33,165.25,-821.84,0.0,1.066,1.088,1.077,1.708,2,1.0,0.0,82256.625
2026-08-30T22:50:57.109Z,64.838915,-148.048987,3031.47,1757.54,3128.93,136.63,121.41,1.65,-6.79,158.1,165.46,164.5,-804.68,0.0,0.994,1.005,0.998,0.341,3,1.0,0.0,82257.586
2026-08-30T22:50:58.212Z,64.838317,-148.04759,3016.66,1754.32,3114.54,136.84,121.64,1.28,-6.39,157.57,164.95,164.05,-787.93,0.0,1.011,1.015,1.013,1.151,2,1.0,0.0,82258.695
2026-08-30T22:50:59.179Z,64.837793,-148.046387,3004.75,1759.84,3101.41,137.63,122.42,1.16,-4.86,156.88,164.33,163.59,-733.65,0.0,1.018,1.061,1.041,0.592,3,1.0,0.0,82259.703
2026-08-30T22:51:00.124Z,64.837269,-148.045214,2994.89,1793.11,3090.21,137.98,122.76,1.29,-3.45,156.88,164.25,163.22,-648.56,0.0,1.06,1.06,1.06,,1,1.0,0.0,82260.625
2026-08-30T22:51:01.090Z,64.836738,-148.044039,2985.86,1833.13,3080.02,138.32,123.1,0.99,-3.07,156.59,163.87,162.74,-576.9,0.0,1.027,1.046,1.036,0.218,3,1.0,0.0,82261.578
2026-08-30T22:51:02.048Z,64.836212,-148.042884,2978.22,1922.52,3071.1,138.13,122.9,0.84,-3.05,156.01,163.25,162.14,-498.63,0.0,1.052,1.063,1.059,0.361,3,1.0,0.0,82262.547
2026-08-30T22:51:03.163Z,64.835603,-148.041553,2969.86,1962.64,3062.0,139.0,123.83,0.35,-3.37,156.01,163.37,161.86,-458.12,0.0,1.016,1.03,1.023,0.564,2,1.0,0.0,82263.656
2026-08-30T22:51:04.119Z,64.835076,-148.040418,2963.91,1991.21,3052.58,139.48,124.21,0.44,-4.98,155.56,162.64,161.2,-389.56,0.0,1.052,1.074,1.06,0.594,3,1.0,0.0,82264.609
2026-08-30T22:51:05.035Z,64.83457,-148.039343,2958.53,2028.7,3047.06,139.1,123.9,0.61,-3.28,154.95,162.1,160.62,-377.93,0.0,0.987,0.987,0.987,,1,1.0,0.0,82265.539
2026-08-30T22:51:06.080Z,64.833993,-148.038128,2951.51,2053.23,3039.34,139.8,124.58,0.83,-3.32,154.52,161.57,160.04,-411.52,0.0,0.964,0.975,0.969,0.021,2,1.0,0.0,82266.609
2026-08-30T22:51:07.070Z,64.833444,-148.036982,2943.76,2045.48,3033.24,139.93,124.72,0.25,0.7,153.96,160.97,159.53,-448.66,0.0,0.962,0.972,0.968,1.167,3,1.0,0.0,82267.562
2026-08-30T22:51:08.183Z,64.832832,-148.035701,2937.67,2109.24,3025.94,139.45,124.18,-0.76,8.0,153.26,160.17,158.63,-286.35,0.0,1.139,1.145,1.142,0.624,2,1.0,0.0,82268.695
2026-08-30T22:51:09.154Z,64.832307,-148.034571,2936.4,2108.03,3022.27,138.06,122.8,-0.69,9.49,152.55,159.46,157.88,-135.58,0.0,1.082,1.093,1.088,0.82,3,1.0,0.0,82269.656
2026-08-30T22:51:10.085Z,64.831814,-148.033464,2935.48,2157.84,3020.76,136.97,121.69,-0.96,9.17,152.01,159.1,157.67,-92.33,0.0,1.013,1.013,1.013,,1,1.0,0.0,82270.594
2026-08-30T22:51:11.081Z,64.831296,-148.032262,2934.25,2156.56,3018.92,136.01,120.74,0.25,8.1,152.54,159.57,158.05,-122.62,0.0,0.953,1.044,1.001,1.608,3,1.0,0.0,82271.578
2026-08-30T22:51:12.046Z,64.8308,-148.031084,2929.75,2201.76,3016.2,135.86,120.62,-0.12,6.27,152.08,159.0,157.62,-240.59,0.0,0.894,0.949,0.919,1.544,3,1.0,0.0,82272.531
2026-08-30T22:51:13.153Z,64.830243,-148.029717,2924.93,2196.98,3012.83,134.54,119.27,-0.23,5.83,151.13,157.76,156.51,-239.78,0.0,1.006,1.038,1.022,0.829,2,1.0,0.0,82273.664
2026-08-30T22:51:14.142Z,64.829752,-148.028476,2921.73,2223.75,3009.37,134.0,118.74,-0.2,5.34,150.2,156.96,155.68,-192.05,0.0,1.019,1.026,1.021,0.742,3,1.0,0.0,82274.633
2026-08-30T22:51:15.060Z,64.829313,-148.027335,2917.85,2219.73,3006.32,132.81,117.56,1.32,5.74,149.52,156.31,155.04,-312.08,0.0,0.796,0.796,0.796,,1,1.0,0.0,82275.539
2026-08-30T22:51:16.061Z,64.828832,-148.02606,2907.73,2232.78,3000.03,133.03,117.73,0.52,4.39,149.38,156.21,155.03,-522.25,0.0,0.802,0.92,0.863,3.561,2,1.0,0.0,82276.555
2026-08-30T22:51:17.206Z,64.8283,-148.024615,2898.4,2223.62,2990.43,131.56,116.31,-0.8,4.6,149.18,155.91,154.81,-417.78,0.0,1.092,1.162,1.134,0.944,4,1.0,0.0,82277.688
2026-08-30T22:51:18.097Z,64.827887,-148.023464,2895.25,2216.66,2984.7,131.19,115.93,-1.19,4.18,148.9,155.57,154.31,-253.16,0.0,1.1,1.1,1.1,,1,1.0,0.0,82278.594
2026-08-30T22:51:19.069Z,64.827446,-148.022207,2895.19,2216.74,2981.43,130.52,115.26,-1.54,3.52,148.25,154.85,153.56,-44.77,0.0,1.121,1.162,1.148,1.377,3,1.0,0.0,82279.547
2026-08-30T22:51:20.215Z,64.826935,-148.020722,2894.66,2189.67,2980.54,130.08,114.82,0.49,2.6,147.41,154.04,152.79,-141.39,0.0,0.821,0.989,0.899,0.717,4,1.0,0.0,82280.703
2026-08-30T22:51:21.110Z,64.826539,-148.019552,2888.76,2183.65,2977.74,129.46,114.19,0.88,2.63,147.22,153.9,152.69,-339.58,0.0,0.872,0.872,0.872,,1,1.0,0.0,82281.617
2026-08-30T22:51:22.106Z,64.826109,-148.018258,2879.57,2242.25,2971.37,128.83,113.56,1.42,3.08,147.5,154.21,153.02,-523.4,0.0,0.927,0.935,0.931,0.605,3,1.0,0.0,82282.648
2026-08-30T22:51:23.108Z,64.825676,-148.016933,2868.47,2231.24,2962.34,128.65,113.4,0.4,3.26,147.73,154.42,153.25,-578.48,0.0,0.99,1.052,1.019,0.991,3,1.0,0.0,82283.602
2026-08-30T22:51:24.041Z,64.825279,-148.015688,2860.19,2240.28,2953.14,127.7,112.41,0.32,6.78,147.64,154.23,153.18,-533.08,0.0,1.046,1.046,1.046,,1,1.0,0.0,82284.547
2026-08-30T22:51:25.027Z,64.824867,-148.014363,2852.76,2232.88,2944.81,126.64,111.41,0.49,6.7,147.52,154.19,153.09,-465.78,0.0,1.035,1.05,1.044,0.707,3,1.0,0.0,82285.531
2026-08-30T22:51:26.107Z,64.824426,-148.012887,2843.92,2245.03,2936.04,125.56,110.25,1.57,4.41,147.92,154.44,153.29,-536.7,0.0,0.883,0.931,0.907,0.483,2,1.0,0.0,82286.617
2026-08-30T22:51:27.040Z,64.824056,-148.011611,2832.39,2233.39,2927.41,124.77,109.57,2.29,4.19,148.25,154.97,153.7,-738.81,0.0,0.831,0.831,0.831,,1,1.0,0.0,82287.523
2026-08-30T22:51:28.209Z,64.823594,-148.009983,2813.63,2210.19,2912.33,124.83,109.54,2.34,2.69,148.92,155.55,154.03,-909.07,0.0,0.933,0.972,0.96,0.464,4,1.0,0.0,82288.703
2026-08-30T22:51:29.130Z,64.823238,-148.0087,2799.25,2195.93,2896.76,124.45,109.21,0.26,7.16,148.5,154.95,153.7,-851.28,0.0,1.128,1.128,1.128,,1,1.0,0.0,82289.625
2026-08-30T22:51:30.059Z,64.822878,-148.007371,2790.15,2165.54,2884.02,123.14,107.84,-1.17,11.63,148.11,154.33,153.33,-589.46,0.0,1.202,1.208,1.206,0.803,3,1.0,0.0,82290.555
2026-08-30T22:51:31.031Z,64.822526,-148.005994,2787.72,2163.33,2875.54,121.29,105.98,-2.61,13.84,147.12,153.33,152.47,-211.8,0.0,1.24,1.261,1.254,1.032,3,1.0,0.0,82291.531
2026-08-30T22:51:32.151Z,64.82214,-148.004361,2791.73,2147.08,2873.86,118.83,103.55,-2.81,13.51,145.92,152.08,151.42,131.41,0.0,1.155,1.166,1.161,0.072,2,1.0,0.0,82292.656
2026-08-30T22:51:33.133Z,64.821831,-148.002936,2796.01,2151.25,2877.08,117.59,102.31,-1.38,12.99,145.19,151.4,150.97,148.47,0.0,0.928,1.022,0.973,0.274,3,1.0,0.0,82293.617
2026-08-30T22:51:34.066Z,64.82155,-148.001551,2796.04,2096.11,2878.69,116.06,100.78,-0.53,12.0,144.76,151.16,150.81,-0.65,0.0,0.91,0.91,0.91,,1,1.0,0.0,82294.586
2026-08-30T22:51:35.065Z,64.821263,-148.000064,2791.58,2091.48,2877.44,114.69,99.42,1.07,11.66,145.1,151.49,151.17,-257.5,0.0,0.862,0.901,0.883,0.661,3,1.0,0.0,82295.555
2026-08-30T22:51:36.099Z,64.820979,-147.998492,2780.74,2018.84,2871.82,113.81,98.53,1.85,11.05,145.66,152.27,151.78,-564.09,0.0,0.857,0.878,0.867,0.283,2,1.0,0.0,82296.586
2026-08-30T22:51:37.221Z,64.820691,-147.996775,2764.8,2002.85,2860.74,112.2,96.92,1.97,10.61,146.42,152.84,152.31,-776.51,0.0,0.963,0.989,0.976,0.169,2,1.0,0.0,82297.711
2026-08-30T22:51:38.186Z,64.820456,-147.995271,2749.55,1913.02,2847.98,110.94,95.67,2.96,9.98,146.91,153.25,152.67,-928.34,0.0,0.918,0.963,0.939,0.225,3,1.0,0.0,82298.688
2026-08-30T22:51:39.102Z,64.820243,-147.993831,2731.93,1895.3,2833.34,110.18,94.91,3.59,8.09,147.49,153.93,153.17,-1122.13,0.0,0.892,0.892,0.892,,1,1.0,0.0,82299.609
2026-08-30T22:51:40.063Z,64.820031,-147.99232,2711.11,1731.68,2816.87,109.22,93.93,3.26,4.85,148.04,154.32,153.6,-1216.89,0.0,0.959,0.963,0.961,0.844,3,1.0,0.0,82300.57
2026-08-30T22:51:41.027Z,64.819822,-147.990774,2691.98,1668.19,2797.01,108.58,93.33,2.2,3.55,148.45,154.81,154.22,-1154.86,0.0,0.991,1.045,1.015,1.057,3,1.0,0.0,82301.523
2026-08-30T22:51:42.131Z,64.819593,-147.989019,2673.76,1608.1,2775.47,107.94,92.66,1.28,-4.43,148.91,155.17,154.61,-991.74,0.0,1.092,1.094,1.093,0.072,2,1.0,0.0,82302.625
2026-08-30T22:51:43.108Z,64.819388,-147.987444,2660.98,1553.0,2760.44,108.75,93.55,1.69,-8.24,149.14,155.33,154.62,-852.36,0.0,1.025,1.1,1.064,1.015,3,1.0,0.0,82303.602
2026-08-30T22:51:44.036Z,64.819185,-147.985962,2648.63,1524.28,2747.62,109.92,94.71,1.08,-16.16,149.36,155.54,154.81,-812.85,0.0,1.009,1.009,1.009,,1,1.0,0.0,82304.531
2026-08-30T22:51:45.172Z,64.818912,-147.984155,2635.79,1537.53,2731.99,112.9,97.7,0.54,-20.38,148.97,155.01,153.86,-661.79,0.0,1.118,1.209,1.175,0.88,4,1.0,0.0,82305.664
2026-08-30T22:51:46.072Z,64.818672,-147.982767,2627.66,1523.55,2722.11,114.66,99.46,0.93,-21.35,148.72,154.77,153.45,-610.83,0.0,1.053,1.053,1.053,,1,1.0,0.0,82306.578
2026-08-30T22:51:47.102Z,64.818373,-147.981212,2617.62,1526.66,2711.53,116.98,101.8,0.3,-20.64,148.91,154.89,153.05,-562.33,0.0,1.12,1.12,1.12,,1,1.0,0.0,82307.625
2026-08-30T22:51:48.106Z,64.818051,-147.979715,2608.84,1533.2,2702.23,119.19,104.0,2.68,-20.72,148.28,154.09,152.31,-599.89,0.0,0.938,1.058,0.999,1.741,3,1.0,0.0,82308.602
2026-08-30T22:51:49.223Z,64.817673,-147.978108,2590.7,1516.46,2688.71,121.15,105.94,3.18,-21.81,148.33,154.3,152.42,-964.79,0.0,0.773,0.838,0.806,1.438,2,1.0,0.0,82309.711
2026-08-30T22:51:50.181Z,64.817325,-147.976753,2570.4,1584.64,2671.81,122.83,107.64,3.73,-20.31,148.23,154.03,151.88,-1192.7,0.0,0.955,0.988,0.972,0.422,3,1.0,0.0,82310.656
2026-08-30T22:51:51.068Z,64.816984,-147.975519,2549.02,1596.77,2653.87,125.03,109.84,4.92,-19.03,148.47,154.3,151.78,-1387.15,0.0,0.917,0.917,0.917,,1,1.0,0.0,82311.547
2026-08-30T22:51:52.209Z,64.816525,-147.973982,2518.37,1643.08,2625.61,127.35,112.15,4.53,-18.95,149.1,154.95,152.22,-1547.52,0.0,0.905,1.024,0.971,0.655,4,1.0,0.0,82312.703
2026-08-30T22:51:53.120Z,64.816137,-147.972786,2493.69,1663.11,2602.89,129.17,113.98,4.87,-19.08,149.54,155.24,152.3,-1606.83,0.0,1.011,1.011,1.011,,1,1.0,0.0,82313.602
2026-08-30T22:51:54.062Z,64.815716,-147.971577,2467.4,1683.81,2577.8,131.21,116.01,4.74,-19.37,149.45,155.01,151.91,-1651.42,0.0,0.959,0.997,0.975,0.512,3,1.0,0.0,82314.539
2026-08-30T22:51:55.202Z,64.815183,-147.970171,2436.24,1724.71,2546.92,133.99,118.8,4.34,-19.61,150.12,155.78,152.6,-1607.34,0.0,1.033,1.159,1.105,1.107,4,1.0,0.0,82315.68
2026-08-30T22:51:56.094Z,64.814744,-147.969108,2412.36,1729.39,2522.48,135.87,120.69,4.61,-19.76,150.33,155.92,152.63,-1639.35,0.0,0.952,0.952,0.952,,1,1.0,0.0,82316.57
2026-08-30T22:51:57.047Z,64.814261,-147.968019,2386.17,1721.65,2496.94,138.09,122.9,4.68,-19.49,150.62,156.05,152.84,-1640.05,0.0,1.074,1.074,1.074,,1,1.0,0.0,82317.531
2026-08-30T22:51:58.192Z,64.813652,-147.966762,2355.29,1715.38,2465.59,141.12,125.93,3.93,-18.87,150.85,156.23,153.09,-1589.7,0.0,1.05,1.123,1.086,0.572,4,1.0,0.0,82318.664
2026-08-30T22:51:59.074Z,64.813166,-147.965842,2333.48,1731.03,2442.53,143.12,127.94,3.55,-18.48,150.96,156.26,153.1,-1502.04,0.0,1.102,1.102,1.102,,1,1.0,0.0,82319.547
2026-08-30T22:52:00.208Z,64.81252,-147.964726,2307.93,1715.41,2415.14,145.74,130.55,3.0,-17.95,151.02,156.15,152.9,-1366.84,0.0,1.114,1.116,1.115,0.134,4,1.0,0.0,82320.695
2026-08-30T22:52:01.092Z,64.812001,-147.963901,2289.99,1695.52,2396.15,147.72,132.53,2.7,-17.64,150.67,155.72,152.48,-1251.17,0.0,1.116,1.116,1.116,,1,1.0,0.0,82321.562
2026-08-30T22:52:02.016Z,64.811452,-147.963095,2272.96,1752.51,2377.01,149.7,134.5,2.31,-17.36,150.23,155.23,151.9,-1140.86,0.0,1.095,1.109,1.102,0.209,3,1.0,0.0,82322.477
2026-08-30T22:52:03.152Z,64.810761,-147.962168,2254.17,1727.35,2355.64,152.06,136.86,1.91,-17.03,149.35,154.17,151.02,-1017.21,0.0,1.092,1.098,1.094,0.116,4,1.0,0.0,82323.625
2026-08-30T22:52:04.024Z,64.810219,-147.961504,2240.93,1754.9,2340.88,153.92,138.72,1.67,-16.85,148.6,153.43,150.26,-939.5,0.0,1.077,1.077,1.077,,1,1.0,0.0,82324.484
2026-08-30T22:52:05.127Z,64.809523,-147.960727,2225.26,1742.05,2323.42,156.09,140.9,1.43,-16.56,147.64,152.33,149.19,-862.54,0.0,1.06,1.07,1.066,0.276,4,1.0,0.0,82325.594
2026-08-30T22:52:06.096Z,64.808909,-147.960109,2213.51,1754.03,2309.69,158.27,143.08,0.65,-16.3,146.28,150.79,147.66,-714.7,0.0,1.11,1.167,1.139,1.122,2,1.0,0.0,82326.602
2026-08-30T22:52:07.015Z,64.808325,-147.959583,2207.71,1779.19,2299.86,160.66,145.49,-1.1,-16.24,144.36,148.64,145.55,-409.1,0.0,1.295,1.295,1.295,,1,1.0,0.0,82327.484
2026-08-30T22:52:08.152Z,64.807608,-147.959024,2209.22,1782.98,2294.91,163.0,147.8,-1.69,-16.32,141.45,145.52,142.4,-11.13,0.0,1.17,1.299,1.235,1.616,4,1.0,0.0,82328.648
2026-08-30T22:52:09.054Z,64.807038,-147.958642,2212.98,1786.67,2295.23,165.12,149.94,-2.28,-16.49,138.98,142.95,139.9,172.43,0.0,1.114,1.114,1.114,,1,1.0,0.0,82329.539
2026-08-30T22:52:10.189Z,64.806326,-147.958235,2219.72,1792.62,2299.1,167.42,152.19,-2.54,-16.75,136.14,140.08,136.88,309.92,0.0,1.087,1.092,1.089,0.491,4,1.0,0.0,82330.672
2026-08-30T22:52:11.091Z,64.805768,-147.95797,2225.07,1797.94,2303.77,169.22,154.02,-2.18,-16.33,133.92,137.8,134.63,314.16,0.0,0.991,0.991,0.991,,1,1.0,0.0,82331.586
2026-08-30T22:52:12.049Z,64.805178,-147.957736,2229.2,1803.49,2308.49,171.22,155.99,-1.71,-16.27,131.99,135.98,132.83,252.38,0.0,0.984,0.988,0.986,0.148,3,1.0,0.0,82332.555
2026-08-30T22:52:13.021Z,64.804591,-147.957548,2231.18,1808.37,2312.12,172.28,157.04,-0.89,-16.72,130.6,134.6,131.81,129.87,0.0,0.937,0.964,0.952,0.641,3,1.0,0.0,82333.492
2026-08-30T22:52:14.084Z,64.803945,-147.95739,2229.82,1805.12,2313.35,175.96,160.8,-1.77,-19.01,129.37,133.27,130.42,-7.05,0.0,0.967,1.037,1.002,0.939,2,1.0,0.0,82334.57
2026-08-30T22:52:15.024Z,64.803379,-147.957316,2230.84,1806.88,2313.59,179.27,164.08,-3.57,-19.86,127.69,131.5,128.54,113.76,0.0,1.173,1.235,1.207,0.179,3,1.0,0.0,82335.508
2026-08-30T22:52:16.399Z,64.802571,-147.957344,2241.64,1818.7,2319.51,183.34,168.17,-5.83,-20.26,124.66,128.3,125.13,492.43,0.0,1.241,1.256,1.249,0.368,2,1.0,0.0,82336.883
2026-08-30T22:52:17.135Z,64.802141,-147.957423,2251.49,1828.64,2326.18,186.05,170.88,-6.71,-20.56,122.73,126.25,123.03,695.75,0.0,1.207,1.214,1.211,0.114,2,1.0,0.0,82337.641
2026-08-30T22:52:18.083Z,64.801609,-147.957587,2266.85,1843.34,2338.0,189.24,174.08,-7.69,-20.97,120.1,123.58,120.3,904.37,0.0,1.167,1.167,1.167,,1,1.0,0.0,82338.586
2026-08-30T22:52:19.071Z,64.801074,-147.957827,2285.1,1862.44,2353.34,192.49,177.33,-8.27,-21.1,117.45,120.86,117.51,1056.39,0.0,1.132,1.149,1.141,0.253,3,1.0,0.0,82339.555
2026-08-30T22:52:20.030Z,64.80057,-147.958126,2303.69,1880.21,2372.43,195.98,180.81,-7.99,-20.53,115.3,118.86,115.6,1114.51,0.0,1.084,1.102,1.093,0.14,3,1.0,0.0,82340.523
2026-08-30T22:52:21.129Z,64.800009,-147.958544,2323.62,1899.13,2392.14,199.13,183.94,-7.79,-18.68,112.86,116.3,113.2,1061.98,0.0,1.008,1.008,1.008,0.327,2,1.0,0.0,82341.609
2026-08-30T22:52:22.072Z,64.79955,-147.958952,2339.06,1913.89,2408.12,201.89,186.7,-7.59,-18.59,110.83,114.32,111.47,1003.57,0.0,1.035,1.042,1.04,0.39,3,1.0,0.0,82342.57
2026-08-30T22:52:23.170Z,64.799032,-147.959487,2355.97,1930.7,2425.76,204.97,189.77,-7.71,-19.22,109.12,112.54,109.74,931.69,0.0,1.007,1.013,1.01,0.381,2,1.0,0.0,82343.648
2026-08-30T22:52:24.116Z,64.798602,-147.959996,2369.73,1944.26,2440.16,207.41,192.22,-7.69,-19.68,107.34,110.76,108.09,881.65,0.0,1.026,1.037,1.031,0.163,3,1.0,0.0,82344.602
2026-08-30T22:52:25.199Z,64.798135,-147.960622,2384.08,1958.62,2455.58,210.67,195.46,-6.87,-20.15,105.61,109.1,106.62,792.98,0.0,0.99,1.002,0.996,0.321,2,1.0,0.0,82345.711
2026-08-30T22:52:26.230Z,64.797709,-147.96127,2395.0,1970.1,2469.17,212.93,197.75,-5.75,-17.8,104.15,107.66,105.36,635.42,0.0,0.908,0.944,0.927,0.326,2,1.0,0.0,82346.703
2026-08-30T22:52:27.119Z,64.797357,-147.961858,2400.88,1975.86,2478.33,215.62,200.42,-3.77,-14.96,103.51,107.13,104.77,430.88,0.0,0.885,0.885,0.885,,1,1.0,0.0,82347.602
2026-08-30T22:52:28.079Z,64.796988,-147.962523,2402.33,1971.46,2483.98,217.13,201.9,-1.96,-12.66,103.34,107.1,104.57,130.93,0.0,0.839,0.841,0.84,0.158,3,1.0,0.0,82348.594
2026-08-30T22:52:29.068Z,64.796615,-147.963231,2397.66,1965.26,2485.18,217.88,202.62,1.37,-7.19,103.56,107.42,104.69,-254.23,0.0,0.776,0.834,0.806,0.969,3,1.0,0.0,82349.562
2026-08-30T22:52:30.189Z,64.796198,-147.964055,2382.73,1945.5,2477.59,219.46,204.24,1.91,-3.0,104.61,108.63,105.99,-699.96,0.0,0.816,0.859,0.838,0.697,2,1.0,0.0,82350.703
2026-08-30T22:52:31.179Z,64.795829,-147.964794,2366.64,1910.24,2464.89,219.54,204.25,2.67,0.48,105.58,109.62,107.27,-907.18,0.0,0.936,0.953,0.945,0.92,3,1.0,0.0,82351.68
2026-08-30T22:52:32.106Z,64.795478,-147.965501,2348.74,1867.01,2449.93,218.94,203.66,4.0,1.98,106.97,111.21,108.67,-1109.75,0.0,0.878,0.878,0.878,,1,1.0,0.0,82352.602
2026-08-30T22:52:33.074Z,64.795106,-147.966243,2326.3,1816.05,2431.18,218.42,203.15,3.2,-0.25,108.61,112.85,110.51,-1306.53,0.0,0.86,0.92,0.886,2.351,3,1.0,0.0,82353.57
2026-08-30T22:52:34.040Z,64.794726,-147.966989,2304.76,1767.54,2410.66,218.52,203.28,2.5,-0.54,110.65,115.13,112.6,-1282.19,0.0,1.079,1.09,1.085,0.573,3,1.0,0.0,82354.539
2026-08-30T22:52:35.160Z,64.794275,-147.967873,2283.28,1731.02,2388.79,219.07,203.81,1.35,-0.4,112.62,116.65,114.23,-1141.06,0.0,1.082,1.088,1.085,1.025,2,1.0,0.0,82355.648
2026-08-30T22:52:36.182Z,64.793863,-147.968685,2268.33,1707.23,2369.08,219.31,204.01,-0.0,1.58,112.92,116.88,114.87,-900.52,0.0,1.175,1.178,1.176,1.289,2,1.0,0.0,82356.664
2026-08-30T22:52:37.084Z,64.793494,-147.969407,2259.05,1674.3,2355.82,217.83,202.53,-0.79,2.98,113.35,117.36,115.3,-675.49,0.0,1.173,1.173,1.173,,1,1.0,0.0,82357.578
2026-08-30T22:52:38.046Z,64.793096,-147.97017,2252.19,1656.09,2345.52,217.13,201.86,-0.7,0.32,113.43,117.25,115.44,-510.58,0.0,1.039,1.109,1.073,0.559,3,1.0,0.0,82358.555
2026-08-30T22:52:39.007Z,64.792698,-147.970923,2245.7,1631.08,2337.59,217.34,202.08,-0.66,-0.06,113.77,117.73,115.55,-437.25,0.0,1.005,1.016,1.01,0.584,3,1.0,0.0,82359.492
2026-08-30T22:52:40.114Z,64.792236,-147.971791,2237.28,1603.61,2329.36,216.78,201.49,-0.15,-1.27,113.68,117.54,115.6,-494.06,0.0,0.9,0.911,0.906,0.937,2,1.0,0.0,82360.594
2026-08-30T22:52:41.067Z,64.791837,-147.972538,2228.79,1580.76,2320.97,216.22,200.95,1.11,-1.81,113.91,117.71,115.69,-529.05,0.0,0.985,1.019,1.005,2.13,3,1.0,0.0,82361.555
2026-08-30T22:52:42.167Z,64.791376,-147.973401,2216.49,1548.27,2310.3,217.11,201.87,0.63,-1.85,114.36,118.21,116.38,-642.36,0.0,0.925,0.966,0.946,0.546,2,1.0,0.0,82362.68
2026-08-30T22:52:43.151Z,64.79096,-147.974182,2206.07,1511.71,2300.0,217.28,202.01,0.24,-2.41,114.75,118.52,116.64,-595.83,0.0,1.046,1.088,1.068,0.299,3,1.0,0.0,82363.656
2026-08-30T22:52:44.077Z,64.790573,-147.974916,2197.43,1470.61,2291.15,216.88,201.62,1.54,-2.07,114.84,118.56,116.63,-612.09,0.0,0.929,0.929,0.929,,1,1.0,0.0,82364.562
2026-08-30T22:52:45.030Z,64.79017,-147.975676,2185.69,1423.58,2281.41,217.24,201.99,1.74,-1.77,115.46,119.36,117.44,-716.65,0.0,0.909,0.949,0.93,0.437,3,1.0,0.0,82365.523
2026-08-30T22:52:46.123Z,64.789712,-147.976548,2170.9,1416.66,2266.41,217.59,202.33,1.58,-2.2,116.19,120.09,118.29,-786.22,0.0,0.974,0.975,0.974,0.587,2,1.0,0.0,82366.625
2026-08-30T22:52:47.031Z,64.789324,-147.977292,2159.11,1416.38,2254.56,217.69,202.44,1.14,-2.5,116.79,120.63,118.91,-756.08,0.0,1.052,1.052,1.052,,1,1.0,0.0,82367.531
2026-08-30T22:52:48.175Z,64.788837,-147.978234,2146.91,1432.01,2240.95,218.14,202.89,0.13,-2.88,117.26,121.07,119.44,-620.15,0.0,1.066,1.112,1.088,0.607,4,1.0,0.0,82368.672
2026-08-30T22:52:49.171Z,64.788416,-147.979056,2139.22,1466.9,2231.83,218.39,203.13,0.09,-2.52,117.47,121.21,119.65,-499.95,0.0,1.047,1.047,1.047,,1,1.0,0.0,82369.695
2026-08-30T22:52:50.153Z,64.788,-147.979878,2132.75,1450.72,2224.25,218.64,203.39,-0.12,-2.56,117.2,120.81,119.75,-428.39,0.0,1.024,1.031,1.028,0.226,3,1.0,0.0,82370.648
2026-08-30T22:52:51.122Z,64.787591,-147.980693,2126.89,1478.62,2217.65,218.79,203.53,-0.36,-2.56,117.11,120.76,119.8,-379.72,0.0,1.017,1.02,1.018,0.05,3,1.0,0.0,82371.625
2026-08-30T22:52:52.042Z,64.787203,-147.981474,2121.82,1536.57,2212.14,219.01,203.76,-0.4,-2.49,117.16,120.75,119.79,-343.49,0.0,1.018,1.018,1.018,,1,1.0,0.0,82372.547
2026-08-30T22:52:53.200Z,64.786717,-147.98246,2115.86,1518.99,2205.72,219.27,204.01,-0.51,-2.56,117.16,120.58,119.62,-313.91,0.0,1.009,1.012,1.01,0.048,4,1.0,0.0,82373.688
2026-08-30T22:52:54.112Z,64.786337,-147.983238,2111.37,1584.4,2200.85,219.41,204.16,-0.38,-2.28,116.49,120.02,119.06,-306.83,0.0,0.998,0.998,0.998,,1,1.0,0.0,82374.648
2026-08-30T22:52:55.118Z,64.785925,-147.984097,2106.08,1604.5,2195.56,219.82,204.56,-0.49,-2.21,116.47,120.02,119.07,-311.98,0.0,0.99,0.998,0.994,0.131,3,1.0,0.0,82375.68
2026-08-30T22:52:56.301Z,64.785435,-147.985115,2100.03,1641.96,2189.41,219.99,204.73,-0.54,-2.25,116.43,119.98,119.07,-304.74,0.0,1.004,1.008,1.006,0.03,2,1.0,0.0,82376.828
2026-08-30T22:52:57.249Z,64.785045,-147.985934,2095.32,1670.3,2184.66,220.24,204.98,-0.58,-2.23,116.46,119.98,119.04,-301.6,0.0,0.999,0.999,0.999,,1,1.0,0.0,82377.773
2026-08-30T22:52:58.025Z,64.784729,-147.986604,2091.44,1666.4,2180.75,220.36,205.1,-0.63,-2.27,116.39,119.87,119.01,-300.39,0.0,0.998,1.0,0.999,0.04,2,1.0,0.0,82378.555
2026-08-30T22:52:59.023Z,64.784321,-147.987473,2086.54,1662.11,2175.79,220.52,205.27,-0.67,-2.4,116.29,119.77,118.97,-293.46,0.0,1.004,1.006,1.005,0.076,3,1.0,0.0,82379.547
2026-08-30T22:53:00.155Z,64.783862,-147.988458,2081.13,1664.22,2170.29,220.59,205.32,-0.6,-2.21,116.13,119.6,118.79,-292.38,0.0,0.997,1.001,0.999,0.052,2,1.0,0.0,82380.656
2026-08-30T22:53:01.116Z,64.783473,-147.989295,2076.37,1657.86,2165.6,220.88,205.63,-0.58,-2.0,116.4,119.95,118.76,-294.65,0.0,0.998,1.0,0.999,0.047,3,1.0,0.0,82381.617
2026-08-30T22:53:02.029Z,64.783102,-147.990098,2071.96,1652.52,2161.13,221.34,206.09,-0.62,-1.92,116.66,120.19,119.01,-286.25,0.0,0.995,0.995,0.995,,1,1.0,0.0,82382.531
2026-08-30T22:53:03.185Z,64.782639,-147.991106,2067.01,1647.29,2155.77,221.69,206.42,-1.66,-0.72,116.5,119.96,118.81,-234.7,0.0,0.989,1.065,1.024,1.344,4,1.0,0.0,82383.672
2026-08-30T22:53:04.098Z,64.782271,-147.991909,2065.0,1645.33,2152.48,221.61,206.35,-1.12,-0.87,116.31,119.7,118.56,-170.62,0.0,1.03,1.03,1.03,,1,1.0,0.0,82384.586
2026-08-30T22:53:05.025Z,64.781897,-147.992727,2062.46,1634.9,2149.8,221.55,206.28,-1.19,-0.9,115.88,119.27,118.32,-179.19,0.0,0.967,0.972,0.97,0.38,3,1.0,0.0,82385.516
2026-08-30T22:53:06.053Z,64.781489,-147.993621,2058.93,1636.09,2146.64,221.62,206.34,-0.72,-1.2,115.64,119.06,118.02,-208.62,0.0,0.988,0.993,0.99,0.35,2,1.0,0.0,82386.539
2026-08-30T22:53:07.135Z,64.781056,-147.994567,2053.25,1632.22,2142.37,220.98,205.75,-0.9,-0.36,115.28,118.71,117.8,-311.8,0.0,0.905,0.909,0.907,1.916,2,1.0,0.0,82387.648
2026-08-30T22:53:08.103Z,64.780669,-147.995411,2048.46,1630.31,2137.49,221.9,206.64,-0.92,-0.51,115.55,119.03,117.97,-264.07,0.0,1.062,1.075,1.067,1.224,3,1.0,0.0,82388.594
2026-08-30T22:53:09.035Z,64.780297,-147.996219,2045.0,1622.3,2133.45,221.03,205.74,-1.14,-0.13,115.25,118.66,117.67,-236.35,0.0,1.016,1.016,1.016,,1,1.0,0.0,82389.539
2026-08-30T22:53:10.204Z,64.779829,-147.997228,2040.93,1622.35,2129.82,220.97,205.72,-0.86,0.31,115.13,118.47,117.45,-221.22,0.0,0.989,1.012,1.0,0.246,4,1.0,0.0,82390.719
2026-08-30T22:53:11.142Z,64.779452,-147.998035,2037.52,1613.59,2126.85,220.85,205.59,-1.14,0.08,114.96,118.36,117.29,-217.89,0.0,0.985,0.985,0.985,,1,1.0,0.0,82391.633
2026-08-30T22:53:12.080Z,64.779076,-147.998838,2034.2,1612.16,2123.66,221.11,205.86,-0.46,-1.05,115.04,118.53,117.64,-228.72,0.0,0.962,0.998,0.982,0.729,3,1.0,0.0,82392.57
2026-08-30T22:53:13.045Z,64.778688,-147.999667,2029.33,1604.3,2119.68,221.83,206.57,-0.44,-2.25,115.65,119.09,118.09,-290.98,0.0,0.934,0.962,0.947,0.529,3,1.0,0.0,82393.539
2026-08-30T22:53:14.181Z,64.778232,-148.000659,2022.83,1601.51,2114.24,221.21,205.96,-0.49,-2.49,115.73,119.11,118.15,-327.67,,0.994,0.995,0.995,0.058,2,1.0,0.0,82394.867
2026-08-30T22:53:15.123Z,64.777855,-148.001481,2017.45,1597.42,2107.67,221.59,206.35,-0.45,-2.35,115.71,119.09,118.19,-335.68,0.0,1.001,1.002,1.001,0.08,2,1.0,0.0,82395.617
2026-08-30T22:53:16.044Z,64.777487,-148.002291,2012.19,1593.69,2101.43,221.87,206.62,-0.36,-2.41,115.79,119.17,118.24,-342.96,0.0,0.993,0.993,0.993,,1,1.0,0.0,82396.547
2026-08-30T22:53:17.029Z,64.777096,-148.003157,2006.32,1584.42,2095.7,222.01,206.76,-0.35,-2.37,115.84,119.22,118.3,-355.83,0.0,0.993,0.993,0.993,,1,1.0,0.0,82397.531
2026-08-30T22:53:18.193Z,64.776635,-148.004189,1999.13,1575.1,2088.9,222.22,206.97,-0.3,-2.19,115.94,119.29,118.38,-368.96,0.0,0.995,0.995,0.995,0.055,4,1.0,0.0,82398.688
2026-08-30T22:53:19.108Z,64.776272,-148.005005,1993.28,1571.23,2083.55,222.41,207.16,-0.28,-2.06,116.03,119.37,118.45,-379.03,0.0,0.994,0.994,0.994,,1,1.0,0.0,82399.617
2026-08-30T22:53:20.069Z,64.775895,-148.005862,1987.1,1565.61,2077.64,222.57,207.32,-0.24,-1.98,116.05,119.38,118.54,-384.04,0.0,0.998,1.0,0.999,0.032,3,1.0,0.0,82400.578
2026-08-30T22:53:21.034Z,64.775516,-148.006724,1980.9,1562.95,2071.85,222.74,207.49,-0.17,-1.82,116.13,119.47,118.64,-386.44,0.0,1.0,1.001,1.0,0.088,3,1.0,0.0,82401.523
2026-08-30T22:53:22.155Z,64.775073,-148.007737,1973.52,1550.88,2064.99,222.88,207.63,-0.21,-1.71,116.23,119.55,118.76,-390.97,0.0,0.998,1.0,0.999,0.022,2,1.0,0.0,82402.664
2026-08-30T22:53:23.120Z,64.774696,-148.008605,1967.57,1546.36,2058.8,223.4,208.2,-0.85,-2.31,116.2,119.56,119.04,-361.29,0.0,1.015,1.046,1.032,0.214,3,1.0,0.0,82403.625
2026-08-30T22:53:24.054Z,64.774328,-148.009463,1962.97,1539.74,2052.9,224.82,209.61,-1.66,-4.78,116.5,119.78,119.27,-285.32,0.0,1.069,1.069,1.069,,1,1.0,0.0,82404.555
2026-08-30T22:53:25.217Z,64.773885,-148.010533,1960.55,1538.0,2048.03,225.92,210.68,-1.66,-6.25,116.28,119.41,118.96,-157.81,0.0,1.02,1.091,1.059,1.117,4,1.0,0.0,82405.742
2026-08-30T22:53:26.159Z,64.773527,-148.011432,1959.17,1540.21,2045.65,225.86,210.61,-2.41,-2.34,115.94,119.07,118.68,-92.11,0.0,1.027,1.027,1.027,,1,1.0,0.0,82406.664
2026-08-30T22:53:27.154Z,64.773161,-148.012367,1959.97,1496.79,2044.62,226.2,210.95,-2.8,-1.84,115.54,118.54,118.12,27.84,0.0,1.06,1.06,1.06,,1,1.0,0.0,82407.664
2026-08-30T22:53:28.128Z,64.772803,-148.013291,1962.18,1533.7,2045.38,226.46,211.23,-2.97,-1.19,114.71,117.73,117.36,103.07,0.0,1.032,1.035,1.034,0.165,3,1.0,0.0,82408.641
2026-08-30T22:53:29.081Z,64.772455,-148.014191,1964.73,1472.82,2047.18,226.43,211.17,-3.08,-1.55,114.15,117.19,116.71,144.67,0.0,1.018,1.018,1.018,,1,1.0,0.0,82409.586
2026-08-30T22:53:30.061Z,64.772102,-148.015113,1967.37,1442.51,2049.58,226.15,210.89,-2.64,-0.94,113.23,116.12,115.54,135.5,0.0,0.971,0.997,0.984,0.275,3,1.0,0.0,82410.562
2026-08-30T22:53:31.046Z,64.771754,-148.016018,1968.42,1401.37,2051.52,225.97,210.73,-3.12,-0.47,111.88,114.91,114.51,85.53,0.0,0.95,0.982,0.961,1.423,3,1.0,0.0,82411.531
2026-08-30T22:53:32.135Z,64.771365,-148.017029,1970.29,1363.58,2054.1,226.39,211.17,-3.15,-1.32,111.74,114.77,114.35,113.07,0.0,1.014,1.021,1.017,0.043,2,1.0,0.0,82412.625
2026-08-30T22:53:33.075Z,64.771033,-148.017897,1972.45,1320.73,2056.39,226.67,211.4,-3.04,-1.82,111.26,114.28,113.9,125.35,0.0,0.995,1.003,0.999,0.093,3,1.0,0.0,82413.578
2026-08-30T22:53:34.200Z,64.770639,-148.018931,1974.55,1277.08,2058.19,226.39,211.14,-2.92,-1.7,110.51,113.49,113.46,107.16,0.0,0.979,0.979,0.979,0.269,2,1.0,0.0,82414.711
2026-08-30T22:53:35.175Z,64.770298,-148.01983,1975.85,1260.49,2060.08,226.54,211.3,-3.68,2.54,110.03,112.97,113.05,96.11,0.0,0.979,0.998,0.987,1.244,3,1.0,0.0,82415.672
2026-08-30T22:53:36.090Z,64.769978,-148.020664,1978.42,1268.62,2061.66,226.24,210.94,-4.64,6.9,109.57,112.47,112.37,182.23,0.0,1.092,1.092,1.092,,1,1.0,0.0,82416.586
2026-08-30T22:53:37.098Z,64.769622,-148.021567,1984.16,1289.1,2064.98,224.35,209.03,-5.12,9.54,108.75,111.65,111.4,324.89,0.0,1.092,1.092,1.092,,1,1.0,0.0,82417.641
2026-08-30T22:53:38.104Z,64.76926,-148.022428,1991.67,1312.81,2070.35,222.34,207.03,-4.97,10.34,108.05,110.88,110.5,406.29,0.0,1.027,1.06,1.043,0.259,3,1.0,0.0,82418.602
2026-08-30T22:53:39.042Z,64.768915,-148.023205,1998.82,1362.35,2076.62,219.87,204.5,-5.8,10.29,107.02,109.8,109.58,454.96,0.0,1.019,1.019,1.019,,1,1.0,0.0,82419.555
2026-08-30T22:53:40.006Z,64.768552,-148.023967,2007.75,1393.55,2083.75,216.8,201.48,-4.79,11.32,106.23,109.06,108.59,519.04,0.0,1.046,1.086,1.069,1.529,3,1.0,0.0,82420.5
2026-08-30T22:53:41.164Z,64.768105,-148.02483,2016.66,1423.04,2093.09,214.14,198.83,-4.67,12.23,105.33,108.19,107.7,448.8,0.0,0.949,0.976,0.958,0.721,4,1.0,0.0,82421.664
2026-08-30T22:53:42.082Z,64.767737,-148.025478,2022.59,1467.88,2100.26,211.68,196.35,-5.21,12.08,104.8,107.66,106.99,413.0,0.0,1.021,1.021,1.021,,1,1.0,0.0,82422.578
2026-08-30T22:53:43.036Z,64.767351,-148.026102,2029.55,1516.44,2108.38,208.76,193.34,-5.46,11.99,104.14,106.98,106.11,455.28,0.0,1.074,1.082,1.079,0.249,3,1.0,0.0,82423.562
2026-08-30T22:53:44.036Z,64.766934,-148.026711,2037.96,1603.3,2116.51,206.13,190.83,-4.71,11.22,103.58,106.49,105.31,476.14,0.0,1.016,1.055,1.035,0.335,3,1.0,0.0,82424.547
2026-08-30T22:53:45.175Z,64.766452,-148.027347,2044.87,1616.87,2124.23,203.56,188.24,-3.66,11.67,102.67,105.58,104.89,335.0,0.0,0.895,0.908,0.901,0.879,2,1.0,0.0,82425.695
2026-08-30T22:53:46.263Z,64.765982,-148.027899,2047.9,1624.37,2129.05,201.13,185.81,-3.14,11.56,102.13,105.11,104.45,190.6,0.0,0.946,0.951,0.948,0.007,2,1.0,0.0,82426.766
2026-08-30T22:53:47.187Z,64.765573,-148.028328,2048.82,1584.94,2131.49,198.88,183.57,-3.15,11.1,102.2,105.24,104.45,100.27,0.0,1.0,1.0,1.0,,1,1.0,0.0,82427.695
2026-08-30T22:53:48.141Z,64.765144,-148.028731,2048.96,1629.64,2132.76,196.76,181.46,-2.66,10.61,102.41,105.46,104.59,26.33,0.0,0.985,0.998,0.991,0.185,3,1.0,0.0,82428.633
2026-08-30T22:53:49.116Z,64.764701,-148.029104,2047.84,1631.42,2132.86,194.62,179.32,-2.01,9.45,102.7,105.79,104.79,-55.76,0.0,0.972,0.98,0.976,0.144,3,1.0,0.0,82429.609
2026-08-30T22:53:50.044Z,64.764271,-148.029423,2045.29,1626.98,2131.68,192.71,177.41,-1.61,8.38,103.08,106.18,105.11,-144.43,0.0,0.967,0.967,0.967,,1,1.0,0.0,82430.547
2026-08-30T22:53:51.221Z,64.763717,-148.029784,2040.53,1621.86,2129.4,190.5,175.2,-1.89,6.59,103.56,106.69,105.6,-212.53,0.0,0.972,1.016,0.996,0.439,4,1.0,0.0,82431.727
2026-08-30T22:53:52.147Z,64.763278,-148.030033,2037.03,1617.67,2126.27,188.98,173.7,-1.95,5.25,103.95,107.05,105.94,-217.26,0.0,1.02,1.02,1.02,,1,1.0,0.0,82432.641
2026-08-30T22:53:53.088Z,64.762829,-148.03026,2033.74,1613.45,2123.11,187.78,172.5,-2.08,5.1,104.29,107.43,106.25,-206.16,0.0,1.013,1.02,1.016,0.357,3,1.0,0.0,82433.594
2026-08-30T22:53:54.072Z,64.762353,-148.030472,2030.67,1610.27,2120.16,186.51,171.21,-1.85,5.97,104.72,107.82,106.56,-196.38,0.0,1.004,1.019,1.011,0.07,3,1.0,0.0,82434.578
2026-08-30T22:53:55.214Z,64.761794,-148.030684,2026.7,1609.09,2116.49,184.27,168.96,-1.21,7.31,105.23,108.49,106.93,-220.34,0.0,0.982,0.996,0.989,0.183,2,1.0,0.0,82435.727
2026-08-30T22:53:56.260Z,64.761282,-148.030837,2021.75,1597.11,2111.94,181.93,166.63,-1.86,7.82,106.04,109.25,107.26,-259.72,0.0,0.962,1.009,0.986,1.862,2,1.0,0.0,82436.75
2026-08-30T22:53:57.158Z,64.760837,-148.030934,2018.36,1599.1,2106.68,180.11,164.81,-1.83,8.55,106.42,109.54,107.37,-227.38,0.0,1.054,1.054,1.054,,1,1.0,0.0,82437.641
2026-08-30T22:53:58.117Z,64.760364,-148.031,2015.01,1597.79,2102.4,178.25,162.95,-1.73,9.59,106.11,109.22,107.02,-215.05,0.0,1.021,1.046,1.034,0.18,3,1.0,0.0,82438.617
2026-08-30T22:53:59.070Z,64.759892,-148.031027,2011.72,1581.02,2098.69,176.11,160.78,-1.77,9.86,106.48,109.82,107.87,-212.39,0.0,1.013,1.026,1.02,0.134,3,1.0,0.0,82439.562
2026-08-30T22:54:00.223Z,64.759314,-148.031002,2008.76,1567.4,2094.76,173.23,157.83,-2.12,7.79,107.91,111.1,108.93,-137.6,0.0,1.015,1.049,1.032,0.405,2,1.0,0.0,82440.75
2026-08-30T22:54:01.213Z,64.758817,-148.030937,2008.35,1532.89,2092.82,170.91,155.65,-2.05,7.58,108.07,111.2,108.78,-48.19,0.0,1.028,1.053,1.043,0.765,3,1.0,0.0,82441.727
2026-08-30T22:54:02.182Z,64.758331,-148.030834,2007.34,1524.68,2092.02,169.96,154.67,-0.94,4.89,108.04,111.17,108.75,-112.56,0.0,0.917,0.917,0.917,,1,1.0,0.0,82442.711
2026-08-30T22:54:03.177Z,64.757831,-148.030696,2002.79,1555.15,2089.65,168.56,153.28,-0.48,2.05,108.22,111.39,108.97,-258.83,0.0,0.902,0.908,0.905,0.312,3,1.0,0.0,82443.695
2026-08-30T22:54:04.164Z,64.757339,-148.030538,1996.17,1576.87,2085.41,167.85,152.59,0.18,-0.49,108.75,111.96,109.47,-386.25,0.0,0.953,0.965,0.959,1.198,3,1.0,0.0,82444.758
2026-08-30T22:54:05.220Z,64.756809,-148.030347,1987.58,1568.99,2078.78,167.79,152.55,-0.4,0.6,109.39,112.68,110.1,-430.29,0.0,1.038,1.038,1.038,,1,1.0,0.0,82445.727
2026-08-30T22:54:06.261Z,64.756285,-148.030144,1980.23,1559.75,2071.64,166.99,151.72,-0.11,0.73,109.87,112.99,110.64,-431.71,0.0,0.989,1.026,1.008,0.306,2,1.0,0.0,82446.766
2026-08-30T22:54:07.212Z,64.755808,-148.029945,1973.58,1508.44,2065.5,166.16,150.89,-0.46,1.2,110.1,113.18,111.01,-410.95,0.0,1.029,1.029,1.029,,1,1.0,0.0,82447.703
2026-08-30T22:54:08.153Z,64.755332,-148.029732,1968.07,1553.4,2059.33,165.97,150.72,-1.23,1.05,110.11,113.24,111.04,-347.57,0.0,1.015,1.023,1.018,0.558,3,1.0,0.0,82448.648
2026-08-30T22:54:09.124Z,64.754842,-148.029498,1964.09,1546.17,2053.53,164.74,149.45,-1.44,1.19,110.15,113.22,111.01,-267.08,0.0,1.038,1.045,1.042,0.305,3,1.0,0.0,82449.609
2026-08-30T22:54:10.026Z,64.754389,-148.029268,1961.01,1541.59,2049.49,163.57,148.29,-1.26,2.78,109.63,112.44,110.45,-240.15,0.0,0.982,0.982,0.982,,1,1.0,0.0,82450.508
2026-08-30T22:54:11.184Z,64.753814,-148.028951,1957.01,1536.22,2044.92,162.58,147.31,-1.83,2.18,109.49,112.56,110.47,-189.78,0.0,1.001,1.064,1.037,0.511,4,1.0,0.0,82451.688
2026-08-30T22:54:12.097Z,64.753359,-148.028679,1955.0,1539.27,2042.15,161.43,146.14,-1.67,1.18,109.5,112.52,110.45,-157.32,0.0,1.004,1.004,1.004,,1,1.0,0.0,82452.578
2026-08-30T22:54:13.046Z,64.75289,-148.02838,1952.63,1541.68,2039.66,159.77,144.48,-1.75,2.31,109.47,112.56,110.43,-156.22,0.0,0.985,0.995,0.99,0.54,3,1.0,0.0,82453.539
2026-08-30T22:54:14.213Z,64.752321,-148.027984,1949.77,1534.72,2036.68,158.4,143.15,-1.39,6.85,109.59,112.63,110.41,-148.01,0.0,1.01,1.018,1.015,0.278,4,1.0,0.0,82454.695
2026-08-30T22:54:15.094Z,64.75189,-148.027651,1947.61,1531.4,2034.48,157.67,142.35,-2.54,8.21,109.55,112.55,110.36,-129.53,0.0,1.04,1.04,1.04,,1,1.0,0.0,82455.578
2026-08-30T22:54:16.096Z,64.751414,-148.027242,1947.36,1529.52,2032.76,154.43,139.09,-3.03,12.12,109.22,112.15,109.97,-12.8,0.0,1.101,1.118,1.109,0.229,2,1.0,0.0,82456.586
2026-08-30T22:54:17.090Z,64.750945,-148.02678,1949.32,1533.54,2032.94,151.25,135.93,-3.12,15.44,108.68,111.55,109.45,82.42,0.0,1.075,1.093,1.083,0.122,3,1.0,0.0,82457.578
2026-08-30T22:54:18.185Z,64.750448,-148.026203,1953.21,1540.04,2035.01,148.04,132.75,-3.71,15.7,109.03,111.99,109.56,206.43,0.0,1.1,1.1,1.1,0.117,2,1.0,0.0,82458.68
2026-08-30T22:54:19.133Z,64.750029,-148.025638,1957.18,1541.86,2038.35,146.77,131.48,-2.86,12.86,108.71,111.73,109.42,188.55,0.0,0.958,1.022,0.988,0.244,3,1.0,0.0,82459.633
2026-08-30T22:54:20.049Z,64.749639,-148.025062,1958.26,1547.16,2040.86,145.28,130.02,-2.33,9.15,108.64,111.63,109.19,86.0,0.0,0.946,0.946,0.946,,1,1.0,0.0,82460.531
2026-08-30T22:54:21.183Z,64.749163,-148.024305,1955.94,1545.74,2041.56,141.92,126.63,0.72,1.88,108.54,111.52,109.12,-164.22,0.0,0.812,0.941,0.882,2.187,4,1.0,0.0,82461.672
2026-08-30T22:54:22.081Z,64.748795,-148.023692,1948.32,1537.87,2038.21,143.01,127.84,-1.08,-1.2,108.83,111.98,109.66,-377.09,0.0,0.932,0.932,0.932,,1,1.0,0.0,82462.578
2026-08-30T22:54:23.033Z,64.748403,-148.023029,1941.54,1530.51,2032.22,144.08,128.85,-1.2,-5.06,109.33,112.44,110.05,-378.7,0.0,1.061,1.078,1.07,0.416,3,1.0,0.0,82463.523
2026-08-30T22:54:24.181Z,64.747926,-148.022239,1935.19,1523.29,2025.21,144.53,129.29,-0.69,-4.3,109.81,112.9,110.41,-343.28,0.0,1.015,1.044,1.032,0.782,4,1.0,0.0,82464.664
2026-08-30T22:54:25.062Z,64.747553,-148.021633,1929.36,1514.4,2019.99,144.76,129.54,0.4,-3.86,110.15,113.22,110.82,-421.83,0.0,0.895,0.895,0.895,,1,1.0,0.0,82465.547
2026-08-30T22:54:26.061Z,64.747133,-148.020961,1920.54,1499.26,2012.65,145.58,130.36,-0.92,-2.86,110.67,113.79,111.4,-472.35,0.0,0.935,1.031,0.984,0.731,2,1.0,0.0,82466.539
2026-08-30T22:54:27.205Z,64.746642,-148.020189,1913.5,1493.05,2003.02,145.97,130.73,-1.94,-1.63,111.07,114.08,111.65,-348.06,0.0,1.094,1.104,1.099,0.419,4,1.0,0.0,82467.688
2026-08-30T22:54:28.095Z,64.746261,-148.019595,1910.86,1490.0,1997.62,146.04,130.8,-2.89,-0.03,110.94,113.86,111.52,-206.21,0.0,1.096,1.096,1.096,,1,1.0,0.0,82468.586
2026-08-30T22:54:29.043Z,64.74585,-148.018957,1910.89,1487.08,1995.55,145.85,130.6,-4.09,0.92,110.5,113.38,111.09,-30.2,0.0,1.101,1.105,1.102,0.47,3,1.0,0.0,82469.523
2026-08-30T22:54:30.180Z,64.745367,-148.018199,1914.54,1494.41,1995.07,145.26,130.01,-3.49,2.28,109.81,112.55,110.08,125.12,0.0,0.986,1.118,1.057,1.789,4,1.0,0.0,82470.664
2026-08-30T22:54:31.080Z,64.744989,-148.017595,1917.23,1495.59,1998.37,144.64,129.39,-3.78,2.58,108.88,111.7,109.41,157.18,0.0,0.984,0.984,0.984,,1,1.0,0.0,82471.57
2026-08-30T22:54:32.030Z,64.744596,-148.016954,1920.19,1497.97,2001.59,144.26,129.01,-3.84,2.68,108.39,111.23,108.94,180.07,0.0,1.007,1.01,1.009,0.099,3,1.0,0.0,82472.539
2026-08-30T22:54:33.049Z,64.744176,-148.016255,1923.56,1502.46,2004.98,143.63,128.38,-3.98,3.45,107.89,110.7,108.38,193.47,0.0,1.0,1.012,1.006,0.227,3,1.0,0.0,82473.523
2026-08-30T22:54:34.118Z,64.743744,-148.015513,1927.34,1509.14,2008.6,142.8,127.53,-3.77,3.33,107.51,110.34,107.87,205.47,0.0,1.007,1.013,1.01,0.276,2,1.0,0.0,82474.602
2026-08-30T22:54:35.078Z,64.743366,-148.014846,1930.31,1512.38,2011.78,142.29,127.03,-4.3,6.35,106.66,108.93,106.49,206.54,0.0,0.974,0.998,0.984,0.869,3,1.0,0.0,82475.539
2026-08-30T22:54:36.408Z,64.742851,-148.013894,1936.46,1516.51,2016.99,139.79,124.47,-4.39,11.95,103.94,106.78,104.46,245.4,0.0,0.909,0.928,0.918,1.589,2,1.0,0.0,82476.883
2026-08-30T22:54:37.139Z,64.742582,-148.013363,1939.04,1519.07,2019.93,138.0,122.69,-3.78,12.89,104.04,106.99,104.51,219.73,0.0,0.984,0.99,0.987,0.331,2,1.0,0.0,82477.633
2026-08-30T22:54:38.041Z,64.742258,-148.012677,1940.99,1520.98,2022.92,135.97,120.66,-3.6,16.28,103.89,106.68,104.42,137.7,0.0,0.952,0.952,0.952,,1,1.0,0.0,82478.555
2026-08-30T22:54:39.018Z,64.741922,-148.011902,1941.71,1520.7,2024.87,133.34,118.0,-3.09,16.37,103.79,106.62,104.39,64.65,0.0,0.999,1.007,1.004,0.348,3,1.0,0.0,82479.5
2026-08-30T22:54:40.160Z,64.741549,-148.010945,1940.1,1516.79,2025.33,130.06,114.73,-1.96,16.25,103.88,106.83,104.61,-85.68,0.0,0.96,0.982,0.968,0.325,4,1.0,0.0,82480.656
2026-08-30T22:54:41.059Z,64.741271,-148.01016,1936.64,1517.6,2023.72,127.33,111.99,-1.55,14.89,104.64,107.58,105.24,-193.18,0.0,0.989,0.989,0.989,,1,1.0,0.0,82481.539
2026-08-30T22:54:42.210Z,64.740937,-148.009111,1929.52,1508.06,2019.13,124.06,108.75,-0.15,13.06,104.46,107.41,105.15,-374.19,0.0,0.974,1.0,0.989,0.524,4,1.0,0.0,82482.695
2026-08-30T22:54:43.093Z,64.740694,-148.008267,1921.52,1501.18,2013.24,122.75,107.45,-0.77,13.38,105.13,108.16,106.0,-469.94,0.0,1.017,1.017,1.017,,1,1.0,0.0,82483.594
2026-08-30T22:54:44.064Z,64.740443,-148.007317,1913.6,1494.51,2004.17,120.54,105.17,-0.47,12.75,105.8,108.77,106.56,-465.85,0.0,1.052,1.062,1.058,0.783,3,1.0,0.0,82484.586
2026-08-30T22:54:45.052Z,64.740202,-148.006325,1905.64,1483.46,1993.83,118.14,102.81,-0.16,10.93,106.48,109.51,107.36,-495.72,0.0,0.975,0.984,0.98,0.578,3,1.0,0.0,82485.555
2026-08-30T22:54:46.407Z,64.739893,-148.004919,1894.07,1479.28,1983.58,115.39,100.09,-0.59,10.09,107.5,110.52,108.43,-493.08,0.0,1.035,1.044,1.04,0.18,2,1.0,0.0,82486.898
2026-08-30T22:54:47.157Z,64.739734,-148.004122,1888.26,1474.06,1978.49,114.19,98.89,-0.58,10.17,107.99,111.0,108.92,-475.14,0.0,1.032,1.037,1.035,0.098,2,1.0,0.0,82487.633
2026-08-30T22:54:48.032Z,64.739557,-148.003175,1881.63,1467.42,1972.67,112.52,97.22,-0.8,10.91,108.52,111.59,109.46,-459.51,0.0,1.024,1.024,1.024,,1,1.0,0.0,82488.539
2026-08-30T22:54:49.192Z,64.739342,-148.001901,1873.73,1452.93,1964.7,110.28,94.96,-1.54,14.53,109.32,112.3,109.94,-397.61,0.0,1.045,1.072,1.06,0.2,4,1.0,0.0,82489.688
2026-08-30T22:54:50.088Z,64.739193,-148.000895,1869.03,1410.23,1959.13,107.9,92.57,-1.79,17.22,109.56,112.46,110.17,-334.52,0.0,1.072,1.072,1.072,,1,1.0,0.0,82490.562
2026-08-30T22:54:51.021Z,64.739058,-147.999828,1864.91,1453.97,1954.14,104.85,89.5,-1.97,20.04,109.67,112.55,110.35,-281.61,0.0,1.07,1.071,1.071,0.09,3,1.0,0.0,82491.492
2026-08-30T22:54:52.153Z,64.738927,-147.998499,1860.55,1440.35,1949.08,100.61,85.25,-2.03,20.85,109.78,112.66,110.57,-238.79,0.0,1.07,1.078,1.075,0.092,4,1.0,0.0,82492.656
2026-08-30T22:54:53.067Z,64.738852,-147.99742,1857.41,1437.63,1945.53,97.18,81.82,-2.06,20.58,109.87,112.73,110.72,-215.0,0.0,1.079,1.079,1.079,,1,1.0,0.0,82493.555
2026-08-30T22:54:54.028Z,64.738803,-147.99628,1854.47,1436.68,1942.17,93.74,78.39,-2.18,19.48,109.91,112.76,110.85,-189.98,0.0,1.078,1.079,1.078,0.045,3,1.0,0.0,82494.508
2026-08-30T22:54:55.169Z,64.738783,-147.994904,1851.66,1432.64,1938.77,89.85,74.5,-2.42,18.41,109.89,112.73,110.93,-147.38,0.0,1.08,1.081,1.08,0.036,4,1.0,0.0,82495.688
2026-08-30T22:54:56.095Z,64.738795,-147.993797,1850.2,1430.95,1936.64,86.89,71.55,-2.65,17.63,109.81,112.61,110.93,-105.61,0.0,1.08,1.08,1.08,,1,1.0,0.0,82496.586
2026-08-30T22:54:57.046Z,64.738834,-147.992655,1849.44,1430.32,1935.14,83.96,68.62,-2.97,16.69,109.62,112.41,110.84,-57.29,0.0,1.077,1.077,1.077,,1,1.0,0.0,82497.539
2026-08-30T22:54:58.205Z,64.738914,-147.991287,1849.81,1438.0,1934.43,80.57,65.24,-3.33,15.61,109.28,112.05,110.63,12.9,0.0,1.076,1.079,1.078,0.065,4,1.0,0.0,82498.688
2026-08-30T22:54:59.096Z,64.739,-147.990239,1851.06,1439.5,1934.83,78.11,62.79,-3.56,15.6,109.13,111.96,110.38,67.1,0.0,1.07,1.07,1.07,,1,1.0,0.0,82499.578
2026-08-30T22:55:00.063Z,64.739114,-147.989117,1853.09,1434.99,1936.13,75.44,60.11,-3.65,16.49,108.86,111.6,110.07,108.44,0.0,1.051,1.059,1.055,0.067,3,1.0,0.0,82500.57
2026-08-30T22:55:01.042Z,64.739254,-147.987994,1855.23,1436.9,1937.92,72.69,57.36,-3.73,17.29,108.4,111.11,109.8,121.13,0.0,1.039,1.041,1.04,0.098,3,1.0,0.0,82501.555
2026-08-30T22:55:02.191Z,64.739448,-147.986709,1857.58,1435.87,1940.23,69.15,53.81,-3.62,18.17,107.91,110.65,109.52,119.07,0.0,1.04,1.04,1.04,0.018,2,1.0,0.0,82502.672
2026-08-30T22:55:03.141Z,64.739633,-147.985676,1859.16,1439.46,1942.04,66.13,50.79,-3.47,18.94,107.64,110.37,109.37,98.87,0.0,1.031,1.036,1.033,0.068,3,1.0,0.0,82503.633
2026-08-30T22:55:04.042Z,64.739831,-147.984713,1860.09,1439.78,1943.42,63.15,47.8,-3.28,19.58,107.42,110.19,109.3,67.2,0.0,1.029,1.029,1.029,,1,1.0,0.0,82504.531
2026-08-30T22:55:05.187Z,64.740114,-147.983527,1860.24,1440.03,1944.42,59.01,43.66,-2.91,20.14,107.28,110.06,109.32,9.12,0.0,1.027,1.028,1.028,0.06,4,1.0,0.0,82505.719
2026-08-30T22:55:06.132Z,64.740373,-147.982586,1859.4,1438.81,1944.38,55.84,40.5,-2.54,19.62,107.35,110.14,109.45,-44.51,0.0,1.025,1.025,1.025,,1,1.0,0.0,82506.633
2026-08-30T22:55:07.102Z,64.740661,-147.98166,1857.47,1440.39,1943.42,52.71,37.37,-2.2,20.19,107.3,110.13,109.69,-106.63,0.0,1.023,1.023,1.023,,1,1.0,0.0,82507.602
2026-08-30T22:55:08.065Z,64.740973,-147.98077,1854.45,1431.96,1941.45,49.37,34.02,-1.7,19.21,107.48,110.31,110.05,-174.29,0.0,1.018,1.022,1.02,0.066,3,1.0,0.0,82508.555
2026-08-30T22:55:09.165Z,64.741352,-147.979811,1849.67,1431.0,1937.88,45.88,30.54,-1.19,17.64,107.9,110.87,110.56,-251.1,0.0,1.02,1.022,1.021,0.112,2,1.0,0.0,82509.664
2026-08-30T22:55:10.137Z,64.74171,-147.979002,1844.08,1425.71,1933.5,42.9,27.56,-0.53,12.95,108.59,111.54,111.06,-338.39,0.0,0.979,0.996,0.986,0.217,3,1.0,0.0,82510.656
2026-08-30T22:55:11.079Z,64.742073,-147.97825,1837.27,1416.22,1927.97,41.1,25.77,-0.68,15.19,109.01,111.91,111.63,-405.26,0.0,1.002,1.002,1.002,,1,1.0,0.0,82511.578
2026-08-30T22:55:12.052Z,64.742464,-147.977505,1829.89,1408.07,1921.23,38.72,23.37,-0.58,15.22,109.49,112.42,112.21,-434.57,0.0,1.026,1.035,1.031,0.096,3,1.0,0.0,82512.547
2026-08-30T22:55:12.998Z,64.742858,-147.976814,1822.55,1401.21,1914.23,35.9,20.58,0.24,9.56,110.02,112.96,112.74,-466.67,0.0,1.009,1.019,1.013,0.137,3,1.0,0.0,82513.523
2026-08-30T22:55:14.150Z,64.743351,-147.976016,1811.81,1390.16,1904.91,34.4,19.13,0.57,4.98,110.63,113.6,113.55,-563.3,0.0,0.935,0.951,0.943,0.559,2,1.0,0.0,82514.656
2026-08-30T22:55:15.141Z,64.743784,-147.975347,1801.73,1379.84,1894.88,33.84,18.54,0.26,3.69,111.38,114.27,114.32,-579.39,0.0,1.008,1.021,1.016,0.318,3,1.0,0.0,82515.656
2026-08-30T22:55:16.089Z,64.744208,-147.974714,1793.22,1371.9,1885.86,32.91,17.64,-0.55,1.69,111.74,114.64,114.81,-524.0,0.0,1.071,1.071,1.071,,1,1.0,0.0,82516.578
2026-08-30T22:55:17.055Z,64.744643,-147.974077,1786.46,1363.03,1877.95,32.71,17.44,-0.64,0.95,112.14,114.94,115.13,-450.11,0.0,1.027,1.027,1.027,,1,1.0,0.0,82517.562
2026-08-30T22:55:18.002Z,64.745072,-147.973459,1780.76,1360.01,1871.42,32.54,17.28,-0.92,-0.01,112.33,115.21,115.31,-372.84,0.0,1.045,1.058,1.053,0.585,3,1.0,0.0,82518.492
2026-08-30T22:55:19.113Z,64.745579,-147.972734,1775.16,1353.36,1864.93,32.34,17.08,-0.85,0.13,112.62,115.44,115.48,-325.24,0.0,1.003,1.007,1.005,0.054,2,1.0,0.0,82519.609
2026-08-30T22:55:20.058Z,64.74601,-147.972121,1770.45,1349.19,1860.27,32.16,16.9,-1.17,-0.19,112.78,115.65,115.57,-304.21,0.0,1.004,1.006,1.005,0.048,3,1.0,0.0,82520.547
2026-08-30T22:55:21.188Z,64.746529,-147.971387,1765.92,1345.26,1855.17,32.0,16.74,-1.26,-1.14,112.96,115.67,115.53,-242.14,0.0,1.038,1.048,1.043,0.517,2,1.0,0.0,82521.68
2026-08-30T22:55:22.124Z,64.74696,-147.970778,1762.57,1341.41,1851.53,32.11,16.86,-1.17,-1.35,112.96,115.72,115.5,-229.89,0.0,0.989,0.995,0.991,0.246,3,1.0,0.0,82522.633
2026-08-30T22:55:23.076Z,64.747393,-147.970162,1758.97,1337.86,1848.04,32.23,16.97,-1.19,-1.68,113.03,115.75,115.48,-229.2,0.0,0.996,0.996,0.996,,1,1.0,0.0,82523.617
2026-08-30T22:55:24.113Z,64.747864,-147.969495,1755.03,1333.64,1841.94,32.3,17.05,-1.18,-2.0,113.14,116.0,115.7,-232.58,0.0,0.999,1.003,1.001,0.075,3,1.0,0.0,82524.672
2026-08-30T22:55:25.148Z,64.748336,-147.968816,1750.66,1328.97,1837.43,32.57,17.32,-0.88,-2.11,113.48,116.32,116.04,-256.13,0.0,0.994,1.007,1.0,0.085,3,1.0,0.0,82525.688
2026-08-30T22:55:26.140Z,64.748792,-147.96816,1745.83,1323.75,1832.95,32.81,17.56,-0.61,-2.28,114.05,116.82,116.45,-290.09,0.0,0.974,0.974,0.974,,1,1.0,0.0,82526.648
2026-08-30T22:55:27.137Z,64.749251,-147.967494,1740.42,1319.81,1828.07,33.01,17.76,-1.0,-2.47,114.11,116.84,116.46,-305.49,0.0,1.009,1.009,1.009,,1,1.0,0.0,82527.641
2026-08-30T22:55:28.095Z,64.749685,-147.966856,1735.71,1313.33,1823.34,33.17,17.91,-1.16,-2.13,113.67,116.32,115.99,-298.7,0.0,1.022,1.026,1.024,0.2,3,1.0,0.0,82528.602
2026-08-30T22:55:29.025Z,64.750111,-147.966229,1731.38,1311.08,1819.17,33.46,18.22,-0.66,-1.18,113.86,116.65,116.23,-287.45,0.0,1.017,1.017,1.017,,1,1.0,0.0,82529.523
2026-08-30T22:55:30.188Z,64.750636,-147.965446,1725.22,1305.63,1814.13,33.52,18.26,-1.47,-4.77,113.83,116.52,116.21,-301.22,0.0,0.969,1.012,0.984,1.401,4,1.0,0.0,82530.688
2026-08-30T22:55:31.100Z,64.751051,-147.964819,1721.66,1302.13,1810.07,34.12,18.9,-1.27,-5.03,113.92,116.68,116.11,-242.46,0.0,1.051,1.051,1.051,,1,1.0,0.0,82531.609
2026-08-30T22:55:32.076Z,64.751486,-147.964147,1718.01,1298.3,1806.31,35.52,20.28,-1.79,-4.81,113.98,116.56,115.99,-236.97,0.0,0.977,0.986,0.983,0.601,3,1.0,0.0,82532.578
2026-08-30T22:55:33.054Z,64.75192,-147.963456,1715.69,1295.5,1802.87,35.48,20.24,-2.4,-4.22,113.42,115.89,115.34,-130.98,0.0,1.078,1.086,1.081,0.688,3,1.0,0.0,82533.562
2026-08-30T22:55:34.201Z,64.752422,-147.962638,1715.55,1294.6,1800.96,35.96,20.71,-2.32,-2.96,112.97,115.47,114.78,-41.94,0.0,1.015,1.032,1.024,0.247,2,1.0,0.0,82534.711
2026-08-30T22:55:35.167Z,64.752841,-147.961945,1715.33,1294.75,1800.35,36.46,21.21,-2.18,-2.59,112.33,114.84,114.1,-31.64,0.0,0.991,0.992,0.992,0.028,3,1.0,0.0,82535.656
2026-08-30T22:55:36.070Z,64.753231,-147.961292,1714.5,1293.89,1799.8,36.52,21.28,-1.8,-1.54,111.89,114.43,113.59,-59.33,0.0,0.97,0.97,0.97,,1,1.0,0.0,82536.57
2026-08-30T22:55:37.050Z,64.753648,-147.960589,1712.73,1287.95,1798.69,37.31,22.05,-1.67,-1.25,111.5,113.97,113.24,-104.88,0.0,0.934,0.934,0.934,,1,1.0,0.0,82537.539
2026-08-30T22:55:38.202Z,64.754135,-147.959764,1710.12,1289.14,1796.54,36.95,21.67,-1.95,-0.56,110.92,113.37,112.59,-113.66,0.0,0.981,1.031,1.009,0.336,4,1.0,0.0,82538.727
2026-08-30T22:55:39.144Z,64.754534,-147.959089,1708.21,1287.36,1794.71,36.83,21.58,-2.04,-1.1,110.44,112.9,112.25,-124.55,0.0,0.998,0.998,0.998,,1,1.0,0.0,82539.633
2026-08-30T22:55:40.091Z,64.754931,-147.958415,1706.17,1286.41,1792.6,37.04,21.78,-2.25,-0.88,109.86,112.3,111.62,-120.81,0.0,1.001,1.011,1.007,0.467,3,1.0,0.0,82540.711
2026-08-30T22:55:41.193Z,64.755391,-147.957632,1704.44,1285.47,1791.27,37.14,21.88,-2.26,-0.71,108.94,111.15,110.42,-94.58,0.0,1.01,1.022,1.018,0.559,3,1.0,0.0,82541.703
2026-08-30T22:55:42.126Z,64.755778,-147.956969,1703.31,1283.9,1789.55,37.28,22.01,-2.69,-0.95,108.12,110.51,109.75,-77.9,0.0,1.0,1.0,1.0,,1,1.0,0.0,82542.625
2026-08-30T22:55:43.098Z,64.756174,-147.956291,1702.47,1283.18,1788.71,37.27,22.0,-2.7,-1.49,107.59,109.92,109.14,-59.09,0.0,1.007,1.013,1.01,0.127,3,1.0,0.0,82543.609
2026-08-30T22:55:44.060Z,64.756565,-147.95562,1701.61,1283.08,1787.89,36.98,21.69,-2.47,-1.61,107.08,109.43,108.71,-63.94,0.0,0.991,0.998,0.995,0.201,3,1.0,0.0,82544.555
2026-08-30T22:55:45.186Z,64.757024,-147.954832,1699.74,1284.0,1786.21,37.17,21.92,-2.32,-1.77,106.9,109.28,108.56,-94.33,0.0,0.985,0.985,0.985,0.063,2,1.0,0.0,82545.672
2026-08-30T22:55:46.209Z,64.757437,-147.954119,1697.77,1279.06,1784.14,37.56,22.3,-2.96,-4.13,106.36,108.73,108.05,-97.97,0.0,0.984,1.015,1.0,1.056,2,1.0,0.0,82546.719
2026-08-30T22:55:47.131Z,64.757806,-147.953473,1696.8,1276.19,1782.65,38.03,22.79,-3.08,-5.47,105.95,108.29,107.53,-68.84,0.0,1.021,1.021,1.021,,1,1.0,0.0,82547.625
2026-08-30T22:55:48.072Z,64.75818,-147.952805,1696.25,1275.93,1781.63,38.93,23.69,-2.69,-4.59,105.66,108.01,107.0,-51.1,0.0,1.003,1.022,1.014,0.535,3,1.0,0.0,82548.57
2026-08-30T22:55:49.043Z,64.758558,-147.952117,1694.84,1275.5,1780.64,39.45,24.2,-2.45,-3.42,105.24,107.59,106.6,-95.8,0.0,0.953,0.961,0.956,0.302,3,1.0,0.0,82549.57
2026-08-30T22:55:50.204Z,64.759001,-147.951288,1691.93,1272.66,1778.53,39.84,24.58,-2.18,-3.22,104.92,107.26,106.27,-141.5,0.0,0.987,0.987,0.987,0.188,2,1.0,0.0,82550.703
2026-08-30T22:55:51.169Z,64.759375,-147.950585,1688.88,1269.8,1776.09,40.27,25.02,-2.48,-2.33,104.51,106.82,106.04,-174.64,0.0,0.975,0.987,0.979,0.563,3,1.0,0.0,82551.672
2026-08-30T22:55:52.096Z,64.759728,-147.94991,1686.16,1264.23,1773.41,40.59,25.32,-2.5,-1.31,104.3,106.66,105.81,-165.99,0.0,1.02,1.02,1.02,,1,1.0,0.0,82552.609
2026-08-30T22:55:53.074Z,64.760097,-147.9492,1683.7,1261.79,1770.87,40.51,25.24,-2.51,-0.4,104.1,106.4,105.57,-157.73,0.0,1.001,1.008,1.005,0.108,3,1.0,0.0,82553.586
2026-08-30T22:55:54.028Z,64.760459,-147.948503,1681.11,1259.17,1769.2,40.42,25.15,-2.6,-0.09,103.9,106.23,105.35,-162.52,0.0,0.991,0.993,0.992,0.167,3,1.0,0.0,82554.539
2026-08-30T22:55:55.167Z,64.760888,-147.947682,1678.11,1256.07,1766.69,40.32,25.05,-2.69,-0.01,103.62,105.91,105.07,-155.46,0.0,1.007,1.008,1.007,0.089,2,1.0,0.0,82555.672
2026-08-30T22:55:56.213Z,64.761281,-147.946934,1675.24,1253.18,1764.51,40.02,24.74,-1.43,-0.09,103.54,105.87,104.93,-192.45,0.0,0.937,1.004,0.971,1.092,2,1.0,0.0,82556.727
2026-08-30T22:55:57.150Z,64.761634,-147.946263,1670.45,1247.56,1760.92,39.87,24.6,-1.15,-0.78,103.55,105.93,105.04,-287.79,0.0,0.933,0.933,0.933,,1,1.0,0.0,82557.672
2026-08-30T22:55:58.166Z,64.76202,-147.945532,1663.56,1239.02,1756.36,39.82,24.55,0.46,-1.0,103.9,106.33,105.33,-407.55,0.0,0.921,0.954,0.938,0.857,3,1.0,0.0,82558.672
2026-08-30T22:55:59.130Z,64.762385,-147.944843,1653.83,1230.02,1749.69,39.87,24.61,0.46,-1.42,104.4,106.85,105.89,-563.19,0.0,0.882,0.92,0.9,0.817,3,1.0,0.0,82559.641
2026-08-30T22:56:00.061Z,64.762743,-147.944166,1643.2,1219.62,1738.78,40.05,24.79,0.65,-1.98,105.02,107.5,106.49,-638.73,0.0,0.987,0.987,0.987,,1,1.0,0.0,82560.57
2026-08-30T22:56:01.027Z,64.76311,-147.943465,1631.96,1208.81,1727.62,40.22,24.96,0.5,-2.95,105.68,108.14,107.1,-681.53,0.0,0.983,0.988,0.985,0.396,3,1.0,0.0,82561.539
2026-08-30T22:56:02.207Z,64.763564,-147.942592,1618.7,1194.4,1714.3,40.89,25.64,-0.21,-3.54,106.26,108.62,107.74,-646.57,0.0,1.023,1.047,1.035,0.285,4,1.0,0.0,82562.781
2026-08-30T22:56:03.207Z,64.763948,-147.941837,1609.25,1184.73,1704.41,41.44,26.18,-0.51,-4.1,106.64,108.99,108.05,-570.11,0.0,1.048,1.048,1.048,,1,1.0,0.0,82563.758
2026-08-30T22:56:04.038Z,64.764261,-147.941211,1602.23,1178.11,1697.62,41.76,26.5,-0.07,-4.24,106.92,109.27,108.16,-524.49,0.0,1.029,1.039,1.034,0.609,2,1.0,0.0,82564.594
2026-08-30T22:56:05.063Z,64.764649,-147.940424,1593.12,1168.28,1687.44,42.41,27.19,0.67,-3.96,107.2,109.51,108.4,-579.07,0.0,0.924,0.948,0.934,0.446,3,1.0,0.0,82565.578
2026-08-30T22:56:06.505Z,64.765189,-147.9393,1577.38,1152.59,1672.06,43.35,28.12,-0.72,-2.09,107.35,109.6,108.5,-607.85,0.0,0.982,1.06,1.022,1.034,2,1.0,0.0,82567.023
2026-08-30T22:56:07.091Z,64.765409,-147.938836,1572.15,1147.42,1666.08,44.06,28.81,-0.76,-1.05,107.36,109.56,108.4,-556.06,0.0,1.082,1.082,1.082,,1,1.0,0.0,82567.594
2026-08-30T22:56:08.030Z,64.765757,-147.938094,1565.11,1141.25,1657.6,43.49,28.19,-0.95,-0.4,107.18,109.33,108.14,-475.18,0.0,1.044,1.044,1.044,,1,1.0,0.0,82568.555
2026-08-30T22:56:09.019Z,64.766123,-147.937313,1558.55,1134.66,1649.96,43.15,27.89,-1.75,0.41,106.59,108.63,107.56,-406.49,0.0,1.02,1.028,1.023,0.519,3,1.0,0.0,82569.523
2026-08-30T22:56:10.211Z,64.766561,-147.936383,1553.17,1128.67,1642.62,43.14,27.87,-2.05,-0.91,105.84,107.85,106.81,-284.38,0.0,1.05,1.072,1.064,0.679,4,1.0,0.0,82570.719
2026-08-30T22:56:11.161Z,64.76691,-147.935645,1549.67,1125.52,1638.24,43.31,28.04,-1.56,-2.02,105.26,107.28,106.2,-259.24,0.0,0.981,0.981,0.981,,1,1.0,0.0,82571.68
2026-08-30T22:56:12.149Z,64.767272,-147.934876,1545.08,1119.78,1632.52,43.91,28.65,-2.03,0.46,104.99,107.07,106.05,-262.95,0.0,0.955,0.985,0.97,0.321,3,1.0,0.0,82572.664
2026-08-30T22:56:13.140Z,64.767631,-147.934103,1541.25,1115.16,1627.7,43.76,28.46,-2.27,0.93,104.52,106.49,105.43,-232.09,0.0,1.004,1.014,1.009,0.126,3,1.0,0.0,82573.688
2026-08-30T22:56:14.130Z,64.767986,-147.933352,1537.95,1111.15,1624.04,43.11,27.82,-2.05,0.74,103.97,105.96,104.84,-214.78,0.0,1.006,1.006,1.006,,1,1.0,0.0,82574.656
2026-08-30T22:56:15.169Z,64.768359,-147.93256,1533.86,1107.32,1620.43,42.79,27.5,-1.54,0.14,103.5,105.48,104.33,-249.87,0.0,0.96,0.973,0.966,0.104,3,1.0,0.0,82575.695
2026-08-30T22:56:16.131Z,64.768708,-147.931834,1528.56,1101.59,1616.23,42.07,26.79,-1.06,-0.77,103.07,104.98,103.96,-336.07,0.0,0.946,0.946,0.946,,1,1.0,0.0,82576.672
2026-08-30T22:56:17.160Z,64.76908,-147.931062,1520.99,1094.22,1610.42,42.71,27.45,-1.03,-1.99,103.12,105.15,104.06,-408.52,0.0,0.978,0.978,0.978,,1,1.0,0.0,82577.688
2026-08-30T22:56:18.150Z,64.769434,-147.930321,1513.21,1086.2,1604.29,43.49,28.21,-0.42,-3.19,103.18,105.3,104.13,-467.09,0.0,0.963,0.98,0.971,0.177,3,1.0,0.0,82578.68
2026-08-30T22:56:19.133Z,64.769784,-147.929581,1504.59,1078.56,1596.78,42.73,27.43,-2.11,-2.6,103.31,105.29,104.32,-481.79,0.0,1.018,1.018,1.018,,1,1.0,0.0,82579.656
2026-08-30T22:56:20.125Z,64.77014,-147.92882,1498.07,1071.57,1589.28,40.7,25.38,-1.6,-1.72,103.06,104.93,103.99,-415.05,0.0,1.013,1.102,1.06,1.327,3,1.0,0.0,82580.656
2026-08-30T22:56:21.102Z,64.770487,-147.928084,1492.09,1066.62,1581.07,41.11,25.87,-1.95,-0.67,102.73,104.59,103.72,-378.8,0.0,1.011,1.023,1.017,0.399,3,1.0,0.0,82581.641
2026-08-30T22:56:22.085Z,64.77084,-147.92734,1486.58,1060.16,1574.53,40.94,25.67,-2.66,-0.28,102.65,104.6,103.82,-337.07,0.0,1.067,1.067,1.067,,1,1.0,0.0,82582.672
2026-08-30T22:56:23.189Z,64.771234,-147.92652,1482.66,1056.77,1568.51,41.59,26.34,-4.75,0.87,101.88,103.48,102.72,-185.55,0.0,1.122,1.15,1.136,0.557,3,1.0,0.0,82583.734
2026-08-30T22:56:24.165Z,64.771584,-147.925799,1483.27,1024.74,1566.07,40.92,25.57,-4.09,1.09,100.68,102.36,101.37,-16.0,0.0,1.137,1.137,1.137,,1,1.0,0.0,82584.711
2026-08-30T22:56:25.084Z,64.771905,-147.925146,1484.39,1057.74,1565.28,39.21,23.89,-4.28,-0.58,99.93,101.87,101.06,25.4,0.0,0.973,0.977,0.975,0.494,2,1.0,0.0,82585.82
2026-08-30T22:56:26.439Z,64.772391,-147.924178,1484.79,1058.82,1566.0,36.91,21.58,-3.28,0.5,99.57,101.25,100.61,-6.69,0.0,0.949,0.998,0.974,0.541,2,1.0,0.0,82587.039
2026-08-30T22:56:27.547Z,64.772789,-147.923415,1482.93,1057.92,1565.2,35.42,20.15,-2.18,2.7,98.83,100.7,100.19,-118.06,0.0,0.946,0.946,0.946,,1,1.0,0.0,82588.141
2026-08-30T22:56:28.221Z,64.773033,-147.922972,1480.29,1013.7,1564.96,36.57,21.36,-1.3,2.41,99.04,100.98,100.31,-205.72,0.0,0.945,0.945,0.945,,1,1.0,0.0,82588.766
2026-08-30T22:56:29.037Z,64.773337,-147.92243,1475.2,1048.29,1561.71,35.99,20.63,-2.05,3.13,99.12,100.99,100.54,-310.57,0.0,0.906,0.929,0.917,1.135,2,1.0,0.0,82589.57
2026-08-30T22:56:30.023Z,64.773707,-147.921793,1469.46,1044.29,1556.74,33.56,18.24,-0.75,4.01,99.45,101.4,100.82,-337.37,0.0,1.016,1.016,1.016,,1,1.0,0.0,82590.57
2026-08-30T22:56:31.036Z,64.774094,-147.921159,1461.59,1036.16,1551.38,33.08,17.81,0.11,1.04,100.2,102.09,101.41,-486.6,0.0,0.89,0.907,0.896,0.374,3,1.0,0.0,82591.578
2026-08-30T22:56:32.023Z,64.774479,-147.920545,1450.72,1024.37,1543.65,32.67,17.37,-1.3,-2.09,100.17,102.13,101.64,-586.63,0.0,1.033,1.033,1.033,,1,1.0,0.0,82592.57
2026-08-30T22:56:33.135Z,64.77491,-147.919867,1440.02,1013.39,1533.43,31.51,16.22,-0.79,-2.56,100.96,102.85,102.4,-578.82,0.0,1.021,1.079,1.053,0.893,3,1.0,0.0,82593.664
2026-08-30T22:56:34.115Z,64.775303,-147.91926,1430.51,1003.36,1524.01,33.37,18.2,-0.99,-2.54,101.57,103.7,103.12,-559.63,0.0,1.038,1.038,1.038,,1,1.0,0.0,82594.672
2026-08-30T22:56:35.199Z,64.775734,-147.91859,1421.36,994.16,1514.15,33.8,18.5,-1.56,-4.62,102.13,104.02,103.43,-503.09,0.0,1.025,1.051,1.039,0.216,3,1.0,0.0,82595.75
2026-08-30T22:56:36.210Z,64.776136,-147.917956,1414.54,987.49,1506.01,34.3,19.1,-3.05,-6.32,101.89,103.57,103.11,-396.01,0.0,1.083,1.083,1.083,,1,1.0,0.0,82596.75
2026-08-30T22:56:37.279Z,64.776556,-147.91728,1410.8,983.13,1500.44,36.02,20.72,-3.64,-1.82,101.5,103.24,102.65,-226.72,0.0,1.095,1.095,1.095,,1,1.0,0.0,82597.828
2026-08-30T22:56:38.280Z,64.776942,-147.916647,1409.43,982.36,1497.4,34.81,19.5,-3.93,-3.75,101.46,103.14,102.66,-130.77,0.0,1.032,1.032,1.032,,1,1.0,0.0,82598.812
2026-08-30T22:56:39.064Z,64.77725,-147.916139,1408.92,981.48,1495.59,34.95,19.71,-4.02,-2.93,101.09,102.71,102.08,-59.6,0.0,1.06,1.065,1.062,0.45,2,1.0,0.0,82599.617
2026-08-30T22:56:40.059Z,64.777634,-147.915506,1408.51,980.95,1494.82,35.95,20.67,-3.33,-2.85,100.44,102.01,101.35,-62.78,0.0,0.975,1.016,0.995,0.439,3,1.0,0.0,82600.594
2026-08-30T22:56:41.053Z,64.778012,-147.914877,1407.04,978.72,1493.71,35.88,20.6,-3.54,-2.62,99.69,101.23,100.45,-69.88,0.0,1.009,1.009,1.009,,1,1.0,0.0,82601.586
2026-08-30T22:56:42.060Z,64.778395,-147.914232,1405.53,976.52,1492.71,35.9,20.62,-2.66,-2.07,99.89,101.64,100.85,-111.93,0.0,0.939,0.972,0.955,0.047,3,1.0,0.0,82602.594
2026-08-30T22:56:43.048Z,64.778766,-147.913605,1402.39,975.72,1491.0,36.37,21.1,-1.82,-1.63,99.92,101.62,100.86,-182.87,0.0,0.95,0.965,0.958,0.362,3,1.0,0.0,82603.578
2026-08-30T22:56:44.205Z,64.779204,-147.912864,1395.89,968.81,1486.83,36.84,21.58,-1.36,-0.4,99.81,101.42,100.7,-338.04,0.0,0.905,0.909,0.907,0.263,2,1.0,0.0,82604.734
2026-08-30T22:56:45.198Z,64.779582,-147.912228,1388.4,961.11,1480.15,36.35,20.99,-1.21,2.25,100.02,102.06,101.33,-409.79,0.0,0.975,0.997,0.987,0.162,3,1.0,0.0,82605.734
2026-08-30T22:56:46.187Z,64.779961,-147.911599,1380.81,953.96,1472.14,34.42,19.12,-0.73,1.69,100.29,101.98,101.2,-450.23,0.0,0.961,0.961,0.961,,1,1.0,0.0,82606.719
2026-08-30T22:56:47.216Z,64.780358,-147.910955,1371.88,945.01,1463.81,35.03,19.79,-0.73,0.57,100.35,102.06,101.42,-518.74,0.0,0.935,0.935,0.935,,1,1.0,0.0,82607.766
2026-08-30T22:56:48.210Z,64.780741,-147.910347,1362.75,936.14,1455.48,35.67,20.35,-0.71,-0.97,100.49,102.21,101.48,-534.68,0.0,1.031,1.031,1.031,,1,1.0,0.0,82608.719
2026-08-30T22:56:49.183Z,64.78112,-147.909741,1353.35,926.56,1446.88,33.97,18.66,-0.2,-1.39,100.61,102.26,101.57,-583.9,0.0,0.95,0.976,0.961,0.596,3,1.0,0.0,82609.711
2026-08-30T22:56:50.180Z,64.781511,-147.909122,1342.45,914.82,1437.39,34.54,19.29,-0.04,-2.07,100.9,102.6,101.92,-644.49,0.0,0.969,0.99,0.978,0.362,3,1.0,0.0,82610.703
2026-08-30T22:56:51.146Z,64.781885,-147.908527,1331.2,902.2,1426.73,35.59,20.31,-0.08,-2.89,101.31,103.01,102.27,-675.4,0.0,1.023,1.023,1.023,,1,1.0,0.0,82611.664
2026-08-30T22:56:52.133Z,64.782272,-147.907909,1319.51,891.24,1415.03,34.88,19.58,0.16,-4.71,101.49,103.11,102.35,-693.18,0.0,0.976,1.003,0.991,0.372,3,1.0,0.0,82612.695
2026-08-30T22:56:53.140Z,64.782665,-147.907272,1307.36,878.66,1403.37,35.54,20.32,-0.1,-5.22,101.41,103.0,102.39,-731.89,0.0,0.957,0.974,0.964,0.687,3,1.0,0.0,82613.68
2026-08-30T22:56:54.107Z,64.783041,-147.906649,1295.7,871.03,1391.6,37.06,21.78,-0.23,-3.26,101.57,103.19,102.32,-708.01,0.0,1.041,1.041,1.041,,1,1.0,0.0,82614.656
2026-08-30T22:56:55.118Z,64.783429,-147.90599,1284.36,859.73,1380.03,37.58,22.33,-1.1,-3.02,101.34,102.78,102.07,-668.41,0.0,1.014,1.028,1.019,0.785,3,1.0,0.0,82615.648
2026-08-30T22:56:56.299Z,64.783876,-147.905216,1273.53,845.87,1367.37,38.23,22.96,-1.53,-3.01,100.48,101.87,101.11,-549.97,0.0,1.059,1.073,1.066,0.665,2,1.0,0.0,82616.812
2026-08-30T22:56:57.258Z,64.784232,-147.904589,1266.01,838.98,1358.74,38.53,23.27,-0.23,-1.53,99.96,101.4,100.5,-519.5,0.0,0.993,0.993,0.993,,1,1.0,0.0,82617.781
2026-08-30T22:56:58.031Z,64.784518,-147.904079,1258.41,829.31,1352.79,39.17,23.92,1.59,-1.37,100.0,101.54,100.5,-628.86,0.0,0.865,0.897,0.881,0.575,2,1.0,0.0,82618.57
2026-08-30T22:56:59.052Z,64.784896,-147.903399,1243.04,814.58,1341.57,38.57,23.24,1.98,-0.42,100.19,101.69,100.49,-870.32,0.0,0.82,0.836,0.829,1.158,3,1.0,0.0,82619.57
2026-08-30T22:57:00.206Z,64.785322,-147.902629,1222.27,794.93,1322.95,38.19,22.94,2.82,-0.19,101.11,102.74,101.33,-1041.16,0.0,0.941,0.96,0.951,0.107,2,1.0,0.0,82620.727
2026-08-30T22:57:01.177Z,64.785683,-147.901983,1203.02,775.79,1305.47,38.78,23.49,3.38,1.04,101.68,103.35,101.84,-1171.59,0.0,0.948,0.954,0.952,0.106,3,1.0,0.0,82621.711
2026-08-30T22:57:02.144Z,64.786049,-147.901327,1182.22,754.1,1286.1,38.36,23.08,2.61,0.69,103.04,104.56,103.37,-1218.91,0.0,0.995,0.995,0.995,,1,1.0,0.0,82622.672
2026-08-30T22:57:03.128Z,64.786423,-147.900659,1162.62,736.82,1265.79,38.47,23.25,2.93,0.12,103.63,105.14,103.94,-1202.09,0.0,1.006,1.041,1.023,0.617,3,1.0,0.0,82623.664
2026-08-30T22:57:04.118Z,64.7868,-147.899983,1142.67,712.85,1246.25,40.22,24.94,1.94,-0.09,104.43,106.03,105.0,-1208.21,0.0,0.994,1.017,1.003,1.509,3,1.0,0.0,82624.648
2026-08-30T22:57:05.093Z,64.787175,-147.8993,1124.22,698.66,1226.83,38.99,23.67,2.15,0.84,105.53,106.88,105.71,-1133.08,0.0,1.096,1.096,1.096,,1,1.0,0.0,82625.617
2026-08-30T22:57:06.184Z,64.787597,-147.89853,1105.49,680.0,1205.47,38.73,23.47,1.13,0.72,105.78,107.05,105.9,-1019.26,0.0,1.044,1.081,1.062,0.795,2,1.0,0.0,82626.703
2026-08-30T22:57:07.154Z,64.787973,-147.897851,1090.98,665.48,1190.02,38.88,23.58,2.0,1.37,105.74,106.96,105.72,-952.95,0.0,1.002,1.002,1.002,,1,1.0,0.0,82627.68
2026-08-30T22:57:08.162Z,64.788365,-147.897147,1074.68,649.12,1174.35,38.25,22.96,2.04,0.72,105.64,106.85,105.72,-982.78,0.0,0.958,0.982,0.968,0.618,3,1.0,0.0,82628.68
2026-08-30T22:57:09.142Z,64.78875,-147.896463,1058.05,632.49,1158.24,38.27,22.99,1.85,1.49,105.68,106.92,105.87,-996.92,0.0,0.998,1.013,1.004,0.491,3,1.0,0.0,82629.688
2026-08-30T22:57:10.157Z,64.789146,-147.895763,1041.0,615.4,1141.4,37.42,22.1,2.26,1.91,106.04,107.28,106.19,-1015.18,0.0,1.016,1.016,1.016,,1,1.0,0.0,82630.703
2026-08-30T22:57:11.183Z,64.789549,-147.895057,1023.17,597.53,1123.9,37.41,22.14,1.01,0.29,106.03,107.13,106.4,-1011.85,0.0,1.0,1.04,1.017,1.2,3,1.0,0.0,82631.75
2026-08-30T22:57:12.209Z,64.789954,-147.894354,1007.66,582.16,1106.55,37.73,22.43,-0.44,0.46,105.76,106.8,106.12,-852.88,0.0,1.126,1.126,1.126,,1,1.0,0.0,82632.812
2026-08-30T22:57:13.072Z,64.790297,-147.893764,998.86,572.48,1095.2,37.54,22.24,-1.9,0.05,105.21,106.06,105.52,-670.6,0.0,1.132,1.138,1.135,0.306,2,1.0,0.0,82633.625
2026-08-30T22:57:14.085Z,64.790694,-147.89308,992.27,563.79,1085.3,37.29,21.99,-1.53,-1.26,104.27,105.07,104.42,-458.46,0.0,1.083,1.145,1.117,0.89,3,1.0,0.0,82634.656
2026-08-30T22:57:15.115Z,64.791094,-147.892392,985.92,556.5,1077.79,37.31,22.03,0.27,-2.18,103.48,104.25,103.47,-459.58,0.0,0.922,0.922,0.922,,1,1.0,0.0,82635.656
2026-08-30T22:57:16.264Z,64.791537,-147.891624,974.88,545.29,1069.13,38.02,22.74,-1.18,-2.74,102.48,103.32,102.81,-526.8,0.0,0.885,1.023,0.957,1.522,2,1.0,0.0,82636.805
2026-08-30T22:57:17.253Z,64.791914,-147.89096,966.83,537.09,1059.37,38.39,23.11,-1.26,-2.91,101.97,102.84,102.08,-475.64,0.0,1.055,1.055,1.055,,1,1.0,0.0,82637.812
2026-08-30T22:57:18.086Z,64.792225,-147.890405,960.38,531.39,1051.85,38.41,23.12,1.83,-2.23,101.69,102.53,101.55,-546.0,0.0,0.896,0.962,0.929,1.708,2,1.0,0.0,82638.633
2026-08-30T22:57:19.086Z,64.792601,-147.889729,946.7,517.12,1041.84,38.87,23.6,1.31,-1.25,101.56,102.47,101.51,-770.92,0.0,0.781,0.884,0.833,1.738,3,1.0,0.0,82639.656
2026-08-30T22:57:20.116Z,64.792982,-147.889041,931.28,501.24,1028.74,39.12,23.82,1.07,-0.35,101.61,102.49,101.58,-844.53,0.0,1.02,1.02,1.02,,1,1.0,0.0,82640.656
2026-08-30T22:57:21.123Z,64.793357,-147.88836,916.5,486.79,1015.36,38.69,23.4,1.32,-0.65,101.68,102.59,101.64,-869.29,0.0,0.995,1.002,0.999,0.064,3,1.0,0.0,82641.672
2026-08-30T22:57:22.131Z,64.793734,-147.887675,900.88,470.45,999.99,38.67,23.39,2.53,-1.16,101.93,102.69,101.72,-953.1,0.0,0.91,0.91,0.91,,1,1.0,0.0,82642.695
2026-08-30T22:57:23.161Z,64.794116,-147.886979,883.04,453.11,983.29,39.16,23.88,1.46,-1.03,102.04,102.97,102.06,-985.92,0.0,0.963,1.039,1.003,0.568,3,1.0,0.0,82643.711
2026-08-30T22:57:24.194Z,64.794499,-147.886279,866.51,397.5,966.06,39.18,23.88,1.46,-0.13,102.24,103.01,102.19,-966.82,0.0,1.012,1.012,1.012,,1,1.0,0.0,82644.734
2026-08-30T22:57:25.203Z,64.794878,-147.885587,850.68,419.18,948.05,38.96,23.67,0.88,-1.42,102.42,103.15,102.25,-927.02,0.0,1.011,1.04,1.025,0.456,3,1.0,0.0,82645.75
2026-08-30T22:57:26.221Z,64.795256,-147.884894,836.02,408.16,932.91,39.15,23.87,0.66,-0.99,102.4,103.06,102.2,-880.71,0.0,1.014,1.014,1.014,,1,1.0,0.0,82646.773
2026-08-30T22:57:27.290Z,64.795656,-147.884156,821.57,394.9,918.4,39.47,24.18,0.31,-0.25,102.32,102.95,102.03,-797.54,0.0,1.065,1.065,1.065,,1,1.0,0.0,82647.844
2026-08-30T22:57:28.339Z,64.796042,-147.883443,808.69,382.39,905.22,39.26,23.96,0.91,-0.13,102.08,102.72,101.82,-778.67,0.0,0.977,0.977,0.977,,1,1.0,0.0,82648.883
2026-08-30T22:57:29.142Z,64.796342,-147.882892,797.92,371.16,894.8,39.18,23.89,1.12,-0.29,102.03,102.66,101.74,-799.28,0.0,0.973,0.976,0.975,0.045,2,1.0,0.0,82649.695
2026-08-30T22:57:30.168Z,64.796723,-147.882189,783.4,356.19,880.97,39.21,23.92,0.7,-0.24,101.98,102.55,101.71,-836.23,0.0,0.966,0.978,0.97,0.681,3,1.0,0.0,82650.727
2026-08-30T22:57:31.195Z,64.797103,-147.881494,769.38,342.2,866.77,39.13,23.84,0.39,-0.24,101.93,102.45,101.56,-802.49,0.0,1.037,1.037,1.037,,1,1.0,0.0,82651.758
2026-08-30T22:57:32.037Z,64.797412,-147.880927,759.38,332.29,855.67,39.12,23.84,-0.34,-0.47,101.38,101.73,101.04,-712.37,0.0,1.069,1.084,1.077,0.28,2,1.0,0.0,82652.578
2026-08-30T22:57:33.032Z,64.797779,-147.880251,751.22,324.3,843.36,39.22,23.93,-2.2,-0.87,99.98,100.22,99.64,-483.03,0.0,1.143,1.172,1.159,0.323,3,1.0,0.0,82653.586
2026-08-30T22:57:34.060Z,64.798149,-147.879568,747.43,320.54,836.19,39.01,23.7,-0.93,-0.97,98.82,99.14,98.4,-323.91,0.0,1.017,1.017,1.017,,1,1.0,0.0,82654.633
2026-08-30T22:57:35.124Z,64.798526,-147.878877,740.83,313.77,830.6,39.08,23.8,0.09,-0.96,97.76,98.04,97.31,-411.4,0.0,0.87,0.898,0.881,1.987,3,1.0,0.0,82655.703
2026-08-30T22:57:36.176Z,64.798902,-147.878184,732.47,305.51,823.64,39.48,24.19,-0.03,0.5,96.4,96.5,95.77,-433.01,0.0,1.028,1.028,1.028,,1,1.0,0.0,82656.727
2026-08-30T22:57:37.263Z,64.799283,-147.877482,725.22,298.33,816.02,39.31,24.01,0.43,-1.51,94.92,94.94,93.96,-385.39,0.0,1.079,1.079,1.079,,1,1.0,0.0,82657.82
2026-08-30T22:57:38.301Z,64.799636,-147.876828,718.44,291.43,809.73,39.13,23.85,1.18,-0.43,92.29,92.2,91.3,-429.89,0.0,0.893,0.893,0.893,,1,1.0,0.0,82658.867
2026-08-30T22:57:39.104Z,64.799903,-147.876337,712.18,285.27,804.42,39.24,23.94,1.28,-0.81,90.56,90.49,89.48,-444.76,0.0,1.007,1.021,1.014,1.047,2,1.0,0.0,82659.672
2026-08-30T22:57:40.142Z,64.800237,-147.87572,703.51,278.15,795.87,39.01,23.7,2.16,-1.24,88.5,88.44,87.5,-523.77,0.0,0.929,0.953,0.941,0.382,3,1.0,0.0,82660.711
2026-08-30T22:57:41.240Z,64.800584,-147.875077,691.77,266.84,784.48,38.93,23.65,1.89,-1.29,86.74,86.75,85.85,-619.99,0.0,0.964,0.964,0.964,,1,1.0,0.0,82661.836
2026-08-30T22:57:42.110Z,64.800856,-147.874573,682.05,256.76,775.72,39.32,24.04,1.88,-1.72,85.52,85.55,84.64,-645.76,0.0,1.002,1.004,1.003,0.29,2,1.0,0.0,82662.703
2026-08-30T22:57:43.489Z,64.80127,-147.873798,666.6,241.64,761.34,39.84,24.55,1.63,-0.59,83.8,83.85,82.96,-675.74,0.0,0.982,0.988,0.984,0.344,3,1.0,0.0,82664.078
2026-08-30T22:57:44.610Z,64.801611,-147.87316,653.69,228.76,748.64,39.75,24.44,1.31,-0.25,82.53,82.56,81.66,-677.16,0.0,0.995,0.995,0.995,,1,1.0,0.0,82665.258
2026-08-30T22:57:45.460Z,64.80186,-147.87267,643.75,217.83,738.77,39.86,24.57,2.0,-0.25,81.68,81.73,80.8,-688.44,0.0,1.004,1.004,1.004,,1,1.0,0.0,82666.117
2026-08-30T22:57:46.616Z,64.8022,-147.872057,630.32,203.38,725.93,39.87,24.56,0.64,0.74,80.62,80.61,79.82,-696.47,0.0,1.016,1.016,1.016,,1,1.0,0.0,82667.195
2026-08-30T22:57:47.807Z,64.802545,-147.871411,617.89,190.99,714.93,39.04,23.72,0.39,-1.73,79.41,79.4,78.58,-616.12,0.0,1.052,1.052,1.052,,1,1.0,0.0,82668.398
2026-08-30T22:57:48.920Z,64.80286,-147.870827,606.99,179.36,703.42,39.12,23.85,0.25,-0.68,78.25,78.23,77.46,-610.76,0.0,0.986,0.986,0.986,,1,1.0,0.0,82669.508
2026-08-30T22:57:49.599Z,64.803048,-147.870472,600.13,171.81,695.69,39.51,24.23,-0.07,-0.53,77.58,77.53,76.85,-604.04,0.0,1.007,1.007,1.007,,1,1.0,0.0,82670.172
2026-08-30T22:57:50.246Z,64.803232,-147.870131,593.38,164.65,688.0,39.71,24.42,-0.55,-0.13,76.87,76.82,76.19,-584.23,0.0,1.02,1.02,1.02,,1,1.0,0.0,82670.883
2026-08-30T22:57:51.368Z,64.80354,-147.869552,583.56,155.02,676.79,39.58,24.27,-0.92,0.2,75.76,75.7,75.09,-539.84,0.0,1.023,1.023,1.023,,1,1.0,0.0,82672.008
2026-08-30T22:57:52.081Z,64.803735,-147.869191,577.6,149.65,670.56,39.33,24.01,-1.12,-0.11,75.11,75.03,74.44,-520.77,0.0,1.013,1.013,1.013,,1,1.0,0.0,82672.688
2026-08-30T22:57:53.137Z,64.80402,-147.868662,568.91,141.36,661.62,38.95,23.65,-1.29,-0.4,74.08,74.02,73.46,-500.53,0.0,1.008,1.01,1.009,0.104,3,1.0,0.0,82673.773
2026-08-30T22:57:54.259Z,64.804319,-147.86811,559.53,131.86,653.79,38.94,23.64,-0.92,-0.26,73.18,73.14,72.53,-513.99,0.0,0.982,0.982,0.982,,1,1.0,0.0,82674.859
2026-08-30T22:57:55.150Z,64.80455,-147.867684,551.52,124.28,646.59,38.99,23.7,-1.18,0.54,72.53,72.48,71.95,-544.37,0.0,0.969,0.973,0.971,0.269,2,1.0,0.0,82675.719
2026-08-30T22:57:56.350Z,64.804866,-147.867108,540.29,114.09,634.09,38.84,23.53,-1.5,0.99,71.7,71.65,71.17,-549.23,0.0,1.003,1.01,1.007,0.1,2,1.0,0.0,82676.93
2026-08-30T22:57:57.430Z,64.805148,-147.866599,530.4,104.77,623.76,38.24,22.92,-1.85,0.7,70.97,70.87,70.5,-548.84,0.0,0.998,0.998,0.998,,1,1.0,0.0,82678.0
2026-08-30T22:57:58.082Z,64.805317,-147.866297,524.48,98.63,617.64,37.8,22.48,-2.3,-0.41,70.48,70.36,70.03,-538.29,0.0,1.014,1.014,1.014,,1,1.0,0.0,82678.672
2026-08-30T22:57:59.169Z,64.805596,-147.865799,515.23,88.94,608.0,37.06,21.76,-2.64,-3.11,69.63,69.51,69.24,-516.76,0.0,1.009,1.016,1.012,0.13,3,1.0,0.0,82679.758
2026-08-30T22:58:00.284Z,64.805879,-147.865289,505.9,79.58,598.36,38.13,22.89,-2.75,-1.63,68.84,68.73,68.46,-507.52,0.0,0.997,0.997,0.997,,1,1.0,0.0,82680.898
2026-08-30T22:58:01.216Z,64.806113,-147.86486,498.04,71.98,589.7,39.26,23.98,-3.08,-1.47,68.19,68.04,67.8,-500.61,0.0,0.999,1.008,1.004,0.013,2,1.0,0.0,82681.883
2026-08-30T22:58:02.394Z,64.806405,-147.864322,488.32,61.72,579.26,39.71,24.41,-3.57,-0.39,67.33,67.15,67.05,-495.74,0.0,0.995,0.995,0.995,,1,1.0,0.0,82683.031
2026-08-30T22:58:03.103Z,64.806578,-147.864002,482.63,55.28,573.37,39.29,23.96,-4.34,-1.74,66.74,66.52,66.52,-478.45,0.0,1.024,1.024,1.024,,1,1.0,0.0,82683.719
2026-08-30T22:58:04.194Z,64.806837,-147.863518,475.0,46.82,564.76,39.14,23.85,-5.15,-0.66,65.77,65.64,65.55,-416.41,0.0,1.034,1.046,1.041,0.086,3,1.0,0.0,82684.781
2026-08-30T22:58:05.277Z,64.807094,-147.863038,468.25,40.0,557.97,39.22,23.93,-4.44,0.34,64.92,64.74,64.71,-404.83,0.0,0.968,0.968,0.968,,1,1.0,0.0,82685.875
2026-08-30T22:58:06.502Z,64.807383,-147.862499,459.56,31.59,550.3,39.15,23.83,-5.68,-0.4,63.86,63.64,63.87,-412.21,0.0,0.986,1.0,0.993,0.505,2,1.0,0.0,82687.094
2026-08-30T22:58:07.595Z,64.807633,-147.862036,453.05,24.9,543.1,38.77,23.46,-6.91,-1.14,62.72,62.49,62.67,-327.5,0.0,1.059,1.059,1.059,,1,1.0,0.0,82688.352
2026-08-30T22:58:08.591Z,64.807858,-147.861616,448.75,20.18,537.92,38.16,22.86,-7.17,-2.03,61.73,61.45,61.76,-283.11,0.0,1.011,1.011,1.011,,1,1.0,0.0,82689.219
2026-08-30T22:58:09.734Z,64.808115,-147.861137,444.37,15.89,530.61,38.98,23.71,-7.38,-0.55,60.67,60.4,60.64,-235.26,0.0,1.021,1.021,1.021,,1,1.0,0.0,82690.328
2026-08-30T22:58:10.404Z,64.808264,-147.860857,442.03,13.99,527.52,39.66,24.38,-7.43,0.15,60.02,59.81,60.01,-219.91,0.0,1.0,1.0,1.0,,1,1.0,0.0,82691.023
2026-08-30T22:58:11.112Z,64.808415,-147.860573,439.61,12.11,525.0,39.82,24.5,-6.87,-0.09,59.52,59.29,59.48,-223.11,0.0,0.989,0.989,0.989,,1,1.0,0.0,82691.719
2026-08-30T22:58:12.230Z,64.808654,-147.860124,435.05,8.16,520.07,39.27,23.93,-7.74,0.86,58.75,58.74,58.55,-172.12,0.0,1.0,1.0,1.0,,1,1.0,0.0,82692.82
2026-08-30T22:58:13.122Z,64.808843,-147.859769,434.81,8.14,518.73,39.1,23.78,-8.86,1.16,57.67,57.42,57.47,-69.69,0.0,0.989,1.079,1.035,1.098,2,1.0,0.0,82693.75
2026-08-30T22:58:14.037Z,64.809032,-147.859407,434.66,7.98,516.61,38.58,23.26,-6.33,-0.52,57.0,56.85,56.53,-34.95,1.0,0.97,0.974,0.972,0.74,2,1.0,0.0,82694.641
2026-08-30T22:58:15.342Z,64.809301,-147.858907,434.23,7.82,515.89,38.1,22.79,-2.48,-0.06,56.23,56.04,55.56,-31.77,1.0,0.988,0.988,0.988,,1,1.0,0.0,82695.953
2026-08-30T22:58:16.028Z,64.80944,-147.858652,433.77,7.76,516.05,37.94,22.62,-1.24,-0.2,55.64,55.13,54.46,-34.73,1.0,0.996,0.996,0.996,,1,1.0,0.0,82696.633
2026-08-30T22:58:17.208Z,64.809673,-147.858231,433.21,7.74,515.71,37.43,22.11,-1.78,-0.07,53.04,52.59,51.96,-22.99,1.0,1.022,1.022,1.022,,1,1.0,0.0,82697.812
2026-08-30T22:58:18.316Z,64.809879,-147.857863,433.11,7.67,515.84,36.89,21.56,0.07,-0.26,48.0,46.72,46.12,-2.12,1.0,1.012,1.012,1.012,,1,1.0,0.0,82698.898
2026-08-30T22:58:19.174Z,64.810026,-147.857607,433.45,7.72,515.76,36.64,21.32,-0.99,-0.33,44.47,43.36,42.56,15.05,1.0,1.009,1.018,1.013,0.302,2,1.0,0.0,82699.773
2026-08-30T22:58:20.064Z,64.810167,-147.857364,433.86,7.64,515.33,36.34,21.04,-0.0,-0.33,39.08,37.91,37.43,25.71,1.0,0.998,1.014,1.006,2.155,2,1.0,0.0,82700.648
2026-08-30T22:58:21.138Z,64.810319,-147.857102,434.52,7.72,515.35,36.37,21.09,-1.8,-0.39,37.69,37.64,37.17,28.24,1.0,0.987,0.987,0.987,,1,1.0,0.0,82701.742
2026-08-30T22:58:22.219Z,64.810467,-147.856842,434.89,7.72,515.68,36.77,21.47,-1.6,-0.27,37.61,37.58,37.14,19.95,1.0,0.988,0.994,0.992,0.941,3,1.0,0.0,82702.805
2026-08-30T22:58:23.315Z,64.810617,-147.856581,435.02,7.72,516.06,36.71,21.41,-1.35,-0.25,37.62,37.57,37.14,7.57,1.0,0.996,0.996,0.996,,1,1.0,0.0,82703.891
2026-08-30T22:58:24.144Z,64.810731,-147.856382,434.99,7.7,516.58,36.69,21.39,-1.36,-0.22,37.47,37.35,36.92,3.14,1.0,0.992,1.0,0.996,1.131,2,1.0,0.0,82704.711
2026-08-30T22:58:25.176Z,64.810872,-147.856134,435.03,7.7,516.71,36.99,21.74,-1.35,-0.19,36.84,36.61,36.12,3.85,1.0,0.996,1.009,1.003,1.881,3,1.0,0.0,82705.75
2026-08-30T22:58:26.237Z,64.811012,-147.855882,435.2,7.71,516.96,38.34,23.06,-1.4,-0.22,35.6,35.26,34.73,10.58,1.0,1.007,1.007,1.007,,1,1.0,0.0,82706.805
2026-08-30T22:58:27.356Z,64.811152,-147.855621,435.56,7.69,515.65,38.82,23.53,-1.46,-0.29,33.92,33.55,33.02,18.47,1.0,1.006,1.006,1.006,,1,1.0,0.0,82707.922
2026-08-30T22:58:28.494Z,64.811283,-147.855372,436.06,7.71,516.99,39.27,23.98,-1.53,-0.37,32.2,31.8,31.15,25.93,1.0,1.002,1.002,1.002,,1,1.0,0.0,82709.25
2026-08-30T22:58:29.327Z,64.811379,-147.855186,436.48,7.69,515.62,39.6,24.31,-1.41,-0.34,31.01,30.69,30.11,26.35,1.0,0.993,0.993,0.993,,1,1.0,0.0,82709.93
2026-08-30T22:58:30.197Z,64.811473,-147.855006,436.8,7.69,517.54,39.66,24.3,-1.32,-0.38,29.85,29.54,28.98,21.62,1.0,0.989,1.004,0.997,0.994,2,1.0,0.0,82710.789
2026-08-30T22:58:31.293Z,64.811587,-147.854791,437.05,7.69,519.07,37.8,22.5,-1.14,-0.26,28.44,28.15,27.65,13.82,1.0,1.0,1.0,1.0,,1,1.0,0.0,82711.898
2026-08-30T22:58:32.161Z,64.811675,-147.854632,437.12,7.68,518.57,37.97,22.67,-1.03,-0.25,27.46,27.2,26.7,6.86,1.0,0.992,0.996,0.994,1.134,2,1.0,0.0,82712.766
2026-08-30T22:58:33.020Z,64.811758,-147.854479,437.1,7.71,520.32,38.25,22.96,-0.91,-0.24,26.57,26.32,25.82,0.35,1.0,0.99,1.003,0.997,1.577,2,1.0,0.0,82713.609
2026-08-30T22:58:34.127Z,64.811861,-147.854287,436.96,7.67,518.48,38.63,23.34,-0.81,-0.16,25.49,25.27,24.75,-6.53,1.0,0.986,0.986,0.986,,1,1.0,0.0,82714.75
2026-08-30T22:58:35.045Z,64.811942,-147.854135,436.8,7.67,518.29,38.94,23.65,-0.82,-0.19,24.7,24.48,23.96,-9.54,1.0,0.987,1.001,0.994,0.159,2,1.0,0.0,82715.633
2026-08-30T22:58:36.154Z,64.812037,-147.853955,436.6,7.68,519.22,38.94,23.56,-0.87,-0.27,23.73,23.51,23.01,-9.16,1.0,1.005,1.005,1.005,,1,1.0,0.0,82716.734
2026-08-30T22:58:37.302Z,64.812135,-147.85378,436.47,7.66,517.35,35.94,20.62,-0.93,-0.27,22.66,22.45,22.01,-6.39,1.0,0.999,0.999,0.999,,1,1.0,0.0,82717.906
2026-08-30T22:58:38.393Z,64.812224,-147.853628,436.45,7.68,516.41,36.03,20.74,-1.03,-0.16,21.71,21.5,21.05,-1.69,1.0,1.01,1.01,1.01,,1,1.0,0.0,82718.977
2026-08-30T22:58:39.050Z,64.812276,-147.85354,436.47,7.68,516.77,36.23,20.93,-1.02,-0.18,21.13,20.92,20.46,0.57,1.0,1.009,1.009,1.009,,1,1.0,0.0,82719.664
2026-08-30T22:58:40.121Z,64.812357,-147.8534,436.55,7.67,518.21,36.55,21.26,-1.12,-0.25,20.18,19.97,19.51,4.37,1.0,0.991,1.009,0.999,0.85,3,1.0,0.0,82720.703
2026-08-30T22:58:41.198Z,64.812434,-147.853266,436.69,7.69,518.4,36.87,21.58,-1.08,-0.16,19.24,19.04,18.56,6.27,1.0,0.995,0.995,0.995,,1,1.0,0.0,82721.789
2026-08-30T22:58:42.073Z,64.812494,-147.85316,436.81,7.69,519.21,37.09,21.79,-1.09,-0.28,18.51,18.32,17.84,6.22,1.0,1.003,1.009,1.006,1.861,2,1.0,0.0,82722.656
2026-08-30T22:58:43.149Z,64.812564,-147.853036,436.89,7.68,519.57,37.29,21.99,-1.0,-0.16,17.66,17.48,16.98,4.7,1.0,0.995,1.006,1.0,1.044,3,1.0,0.0,82723.734
2026-08-30T22:58:44.243Z,64.812632,-147.852914,436.95,7.68,519.08,37.48,22.18,-1.01,-0.17,16.82,16.66,16.17,3.59,1.0,1.004,1.004,1.004,,1,1.0,0.0,82724.812
2026-08-30T22:58:45.099Z,64.812683,-147.852823,436.94,7.66,516.6,,22.39,-0.88,-0.09,16.14,15.97,15.48,0.86,1.0,0.99,0.998,0.994,0.955,2,1.0,0.0,82725.898
2026-08-30T22:58:46.582Z,64.812766,-147.852671,436.92,7.68,519.07,38.37,23.12,-0.87,-0.02,15.22,15.09,14.57,-1.07,1.0,0.993,0.998,0.995,0.192,2,1.0,0.0,82727.25
2026-08-30T22:58:47.792Z,64.812828,-147.85255,436.85,7.67,517.41,42.66,27.61,-0.73,0.16,14.58,14.47,13.82,-3.79,1.0,0.995,0.995,0.995,,1,1.0,0.0,82728.453
2026-08-30T22:58:48.620Z,64.812865,-147.852462,436.76,7.66,515.35,50.89,36.12,-0.58,0.36,14.24,14.15,13.29,-5.49,1.0,0.994,0.994,0.994,,1,1.0,0.0,82729.297
2026-08-30T22:58:49.867Z,64.812907,-147.852312,436.6,7.68,517.41,65.45,50.59,-0.59,0.18,13.85,13.75,12.58,-7.7,1.0,0.996,0.996,0.996,,1,1.0,0.0,82730.531
2026-08-30T22:58:50.615Z,64.812923,-147.852216,436.47,7.66,517.87,75.88,61.1,-0.62,0.29,13.6,13.52,12.21,-8.84,1.0,0.992,0.992,0.992,,1,1.0,0.0,82731.242
2026-08-30T22:58:51.319Z,64.81293,-147.852122,436.36,7.67,516.71,85.44,70.66,-0.62,0.4,13.38,13.29,11.86,-9.09,1.0,1.005,1.005,1.005,,1,1.0,0.0,82731.938
2026-08-30T22:58:52.459Z,64.812928,-147.851978,436.14,7.66,516.57,99.61,84.71,-0.61,0.21,12.97,12.89,11.37,-11.11,1.0,0.978,0.978,0.978,,1,1.0,0.0,82733.062
2026-08-30T22:58:53.142Z,64.81292,-147.851896,436.0,7.67,515.99,106.92,91.92,-0.28,0.08,12.76,12.67,11.17,-13.38,1.0,1.01,1.01,1.01,,1,1.0,0.0,82733.742
2026-08-30T22:58:54.222Z,64.812903,-147.851773,435.68,7.7,518.82,110.48,95.3,-0.32,-0.01,12.48,12.42,10.91,-17.71,1.0,0.991,1.004,0.997,1.434,3,1.0,0.0,82734.812
2026-08-30T22:58:55.318Z,64.812881,-147.851653,435.3,7.64,519.55,117.3,102.45,-0.29,0.17,12.31,12.3,10.82,-18.16,1.0,1.003,1.003,1.003,,1,1.0,0.0,82735.906
2026-08-30T22:58:56.560Z,64.812849,-147.851528,434.96,7.67,519.56,123.17,108.02,-0.45,0.08,12.51,12.55,11.12,-15.51,1.0,0.988,1.005,0.997,2.704,2,1.0,0.0,82737.141
2026-08-30T22:58:57.638Z,64.812817,-147.85142,434.73,7.7,513.61,127.54,112.39,-0.69,-0.02,12.97,13.08,11.69,-12.8,1.0,0.997,0.997,0.997,,1,1.0,0.0,82738.227
2026-08-30T22:58:58.308Z,64.812794,-147.851354,434.64,7.67,515.97,129.99,114.73,-0.7,0.0,13.35,13.46,12.08,-10.1,1.0,1.006,1.006,1.006,,1,1.0,0.0,82738.883
2026-08-30T22:58:59.142Z,64.812764,-147.851271,434.55,7.68,513.77,130.42,115.12,-0.76,0.12,13.8,13.88,12.51,-7.94,1.0,0.999,1.004,1.002,0.633,2,1.0,0.0,82739.711
2026-08-30T22:59:00.198Z,64.812724,-147.851159,434.46,7.65,511.49,130.33,115.01,-0.8,0.05,14.3,14.37,12.98,-4.99,1.0,0.992,0.992,0.992,,1,1.0,0.0,82740.828
2026-08-30T22:59:01.095Z,64.812689,-147.851063,434.43,7.68,510.29,130.26,114.94,-0.89,0.0,14.53,14.54,13.13,-3.46,1.0,0.998,1.007,1.003,0.468,2,1.0,0.0,82741.68
2026-08-30T22:59:02.137Z,64.812649,-147.85095,434.39,7.67,510.76,130.18,114.88,-0.89,0.1,14.36,14.26,12.83,-2.04,1.0,0.991,1.005,0.996,0.107,3,1.0,0.0,82742.727
2026-08-30T22:59:03.221Z,64.812608,-147.850835,434.36,7.67,513.43,128.76,113.35,-0.86,-0.09,13.71,13.52,12.07,-0.85,1.0,0.988,0.988,0.988,,1,1.0,0.0,82743.805
2026-08-30T22:59:04.058Z,64.812579,-147.850748,434.36,7.68,515.23,125.96,110.55,-0.84,-0.08,13.05,12.87,11.4,-0.58,1.0,0.998,1.002,1.0,1.799,2,1.0,0.0,82744.648
2026-08-30T22:59:05.145Z,64.812546,-147.850641,434.35,7.69,514.61,125.28,109.98,-0.85,0.02,12.19,12.0,10.52,-0.66,1.0,0.995,1.009,1.001,1.873,3,1.0,0.0,82745.727
2026-08-30T22:59:06.227Z,64.812516,-147.850541,434.36,7.67,515.43,125.7,110.44,-0.83,0.0,11.45,11.35,9.88,0.22,1.0,1.005,1.005,1.005,,1,1.0,0.0,82746.812
2026-08-30T22:59:07.447Z,64.812483,-147.850438,434.36,7.67,513.74,127.89,112.63,-0.82,0.02,11.16,11.14,9.71,0.08,1.0,1.01,1.01,1.01,,1,1.0,0.0,82748.023
2026-08-30T22:59:08.513Z,64.812453,-147.850349,434.34,7.68,515.73,128.25,112.93,-0.84,-0.02,11.28,11.33,9.92,0.44,1.0,0.994,0.994,0.994,,1,1.0,0.0,82749.086
2026-08-30T22:59:09.151Z,64.812435,-147.850294,434.35,7.68,516.08,128.2,112.89,-0.84,0.14,11.52,11.61,10.2,-0.04,1.0,0.998,0.998,0.998,,1,1.0,0.0,82749.75
2026-08-30T22:59:10.029Z,64.812409,-147.850218,434.36,7.67,514.89,128.12,112.81,-0.83,0.05,11.95,12.06,10.65,-0.24,1.0,0.996,1.002,0.999,0.535,2,1.0,0.0,82750.602
2026-08-30T22:59:11.080Z,64.812377,-147.850121,434.35,7.7,515.39,127.98,112.67,-0.89,-0.09,12.48,12.58,11.18,-0.54,1.0,0.995,0.995,0.995,,1,1.0,0.0,82751.656
2026-08-30T22:59:12.134Z,64.812343,-147.850019,434.35,7.7,514.81,127.9,112.6,-0.93,0.07,13.01,13.11,11.71,-0.3,1.0,0.99,1.009,1.001,0.932,3,1.0,0.0,82752.703
2026-08-30T22:59:13.170Z,64.812309,-147.849914,434.35,7.67,511.38,127.77,112.46,-0.88,-0.05,13.54,13.63,12.22,0.08,1.0,1.01,1.01,1.01,,1,1.0,0.0,82753.773
2026-08-30T22:59:14.062Z,64.812278,-147.849821,434.35,7.68,512.55,127.65,112.33,-0.87,-0.17,13.96,14.05,12.64,0.08,1.0,1.001,1.006,1.003,1.089,2,1.0,0.0,82754.672
2026-08-30T22:59:15.190Z,64.812238,-147.849696,434.35,7.68,514.63,127.51,112.2,-0.85,0.01,14.51,14.59,13.18,-0.3,1.0,0.995,1.009,1.002,1.225,3,1.0,0.0,82755.859
2026-08-30T22:59:16.425Z,64.812191,-147.849556,434.34,7.66,513.53,127.34,112.03,-0.88,0.0,15.04,15.12,13.71,-0.16,1.0,0.99,0.99,0.99,,1,1.0,0.0,82757.094
2026-08-30T22:59:17.703Z,64.812142,-147.849404,434.34,7.66,512.38,127.19,111.87,-0.86,-0.01,15.59,15.66,14.25,0.38,1.0,0.989,0.989,0.989,,1,1.0,0.0,82758.281
2026-08-30T22:59:18.783Z,64.812099,-147.849269,434.35,7.68,516.24,127.03,111.72,-0.88,-0.14,15.91,15.9,14.46,0.3,1.0,0.997,0.997,0.997,,1,1.0,0.0,82759.375
2026-08-30T22:59:19.454Z,64.812072,-147.849185,434.34,7.67,517.5,127.01,111.7,-0.88,-0.07,15.83,15.75,14.3,-0.21,1.0,0.995,0.995,0.995,,1,1.0,0.0,82760.031
2026-08-30T22:59:20.108Z,64.812045,-147.849104,434.35,7.7,514.41,127.01,111.7,-0.89,0.04,15.53,15.39,13.93,-0.23,1.0,1.002,1.002,1.002,,1,1.0,0.0,82760.695
2026-08-30T22:59:21.192Z,64.812004,-147.848974,434.33,7.66,512.64,125.16,109.67,-0.84,-0.16,14.74,14.55,13.06,-0.07,1.0,0.992,0.992,0.992,,1,1.0,0.0,82761.766
2026-08-30T22:59:22.060Z,64.811976,-147.848872,434.34,7.68,513.65,119.43,103.83,-0.85,-0.16,13.98,13.77,12.25,-0.45,1.0,0.993,1.005,0.999,1.782,2,1.0,0.0,82762.641
2026-08-30T22:59:23.100Z,64.811951,-147.848747,434.33,7.67,514.78,106.28,90.47,-0.8,-0.38,12.97,12.74,11.23,-0.47,1.0,0.991,1.01,0.999,1.042,3,1.0,0.0,82763.711
2026-08-30T22:59:24.228Z,64.811942,-147.848614,434.35,7.69,517.17,90.72,74.95,-0.79,-0.35,11.88,11.66,10.24,-0.57,1.0,1.001,1.001,1.001,,1,1.0,0.0,82764.82
2026-08-30T22:59:25.097Z,64.811945,-147.848519,434.33,7.67,514.76,79.28,63.52,-0.89,-0.18,11.0,10.79,9.51,-0.16,1.0,0.989,1.009,0.999,0.871,2,1.0,0.0,82765.695
2026-08-30T22:59:26.362Z,64.811959,-147.848396,434.32,7.66,515.14,72.7,57.16,-0.79,-0.11,9.95,9.77,8.6,-0.17,1.0,0.992,1.0,0.996,0.311,2,1.0,0.0,82766.992
2026-08-30T22:59:27.487Z,64.811976,-147.848301,434.33,7.65,517.48,63.22,47.6,-0.72,-0.13,9.43,9.35,8.37,-0.31,1.0,0.998,0.998,0.998,,1,1.0,0.0,82768.109
2026-08-30T22:59:28.195Z,64.811989,-147.848244,434.33,7.69,518.18,57.03,41.41,-0.93,-0.1,9.26,9.21,8.34,0.27,1.0,0.998,0.998,0.998,,1,1.0,0.0,82768.805
2026-08-30T22:59:29.076Z,64.81201,-147.84818,434.34,7.67,516.57,49.59,33.98,-0.88,-0.08,9.03,8.95,8.24,1.28,1.0,0.996,1.012,1.004,2.008,2,1.0,0.0,82769.688
2026-08-30T22:59:30.202Z,64.81204,-147.848109,434.34,7.68,515.54,40.35,24.74,-0.85,-0.13,8.69,8.61,8.13,0.31,1.0,1.002,1.002,1.002,,1,1.0,0.0,82770.781
2026-08-30T22:59:31.029Z,64.812065,-147.848065,434.33,7.66,513.45,33.3,17.79,-0.84,-0.14,8.43,8.37,8.05,0.06,1.0,0.991,1.009,1.0,0.686,2,1.0,0.0,82771.633
2026-08-30T22:59:32.133Z,64.812099,-147.848015,434.33,7.66,513.79,31.88,16.57,-0.82,-0.0,8.27,8.23,7.92,0.17,1.0,0.994,1.008,1.001,0.858,3,1.0,0.0,82772.781
2026-08-30T22:59:33.571Z,64.812143,-147.847951,434.35,7.69,516.48,31.72,16.41,-0.84,-0.03,8.1,8.07,7.75,0.11,1.0,1.019,1.019,1.019,,1,1.0,0.0,82774.195
2026-08-30T22:59:34.281Z,64.812166,-147.847918,434.33,7.68,517.65,31.85,16.55,-0.87,-0.04,8.0,7.98,7.67,-0.58,1.0,1.006,1.006,1.006,,1,1.0,0.0,82774.93
2026-08-30T22:59:35.481Z,64.812202,-147.847866,434.32,7.66,515.0,32.34,17.08,-0.72,-0.01,7.87,7.83,7.5,-0.33,1.0,0.989,0.989,0.989,,1,1.0,0.0,82776.117
2026-08-30T22:59:36.207Z,64.812223,-147.847833,434.33,7.66,514.93,35.1,19.89,-0.87,0.05,7.84,7.82,7.4,0.48,1.0,0.994,0.994,0.994,,1,1.0,0.0,82776.859
2026-08-30T22:59:37.478Z,64.812258,-147.847773,434.34,7.68,514.44,36.09,20.77,-0.94,0.03,7.88,7.91,7.5,0.96,1.0,1.007,1.007,1.007,,1,1.0,0.0,82778.125
2026-08-30T22:59:38.651Z,64.812291,-147.847716,434.32,7.66,516.91,35.99,20.68,-0.81,-0.05,8.3,8.39,8.01,0.13,1.0,0.994,0.994,0.994,,1,1.0,0.0,82779.32
2026-08-30T22:59:39.398Z,64.812314,-147.847677,434.33,7.68,517.91,35.96,20.65,-0.84,-0.01,8.68,8.8,8.42,0.07,1.0,1.005,1.005,1.005,,1,1.0,0.0,82780.031
2026-08-30T22:59:40.111Z,64.812336,-147.847639,434.33,7.66,515.83,35.87,20.55,-0.92,-0.05,9.11,9.25,8.88,0.4,1.0,1.002,1.002,1.002,,1,1.0,0.0,82780.742
2026-08-30T22:59:41.257Z,64.812375,-147.847575,434.33,7.68,514.71,30.6,14.76,-0.58,-0.13,9.16,8.92,8.72,-0.0,1.0,1.0,1.0,1.0,,1,1.0,0.0,82781.906
2026-08-30T22:59:42.188Z,64.812409,-147.847542,434.32,7.66,514.82,12.27,355.99,-0.9,-0.22,8.24,7.95,8.26,0.45,1.0,0.991,1.002,0.996,0.676,2,1.0,0.0,82782.859
2026-08-30T22:59:43.605Z,64.812462,-147.847551,434.34,7.68,517.72,345.66,330.19,-0.89,-0.06,7.33,7.26,8.11,0.36,1.0,1.01,1.01,1.01,,1,1.0,0.0,82784.289
2026-08-30T22:59:44.428Z,64.812491,-147.847573,434.33,7.66,516.75,339.97,324.62,-0.77,-0.08,7.24,7.27,8.27,-0.19,1.0,0.993,0.993,0.993,,1,1.0,0.0,82785.086
2026-08-30T22:59:45.625Z,64.812535,-147.847612,434.33,7.68,517.92,338.05,322.55,-0.81,-0.08,7.62,7.69,8.75,-0.5,1.0,1.001,1.001,1.001,,1,1.0,0.0,82786.273
2026-08-30T22:59:46.903Z,64.812581,-147.847666,434.32,7.68,516.84,326.35,310.61,-0.83,-0.16,7.93,7.97,9.26,0.01,1.0,0.998,0.998,0.998,,1,1.0,0.0,82787.531
2026-08-30T22:59:48.092Z,64.812621,-147.847745,434.33,7.68,516.46,313.13,297.44,-0.89,-0.16,8.27,8.31,9.73,0.21,1.0,1.006,1.006,1.006,,1,1.0,0.0,82788.727
2026-08-30T22:59:48.852Z,64.812643,-147.847805,434.33,7.69,515.42,309.38,294.07,-0.84,-0.04,8.36,8.33,9.74,-0.29,1.0,1.004,1.004,1.004,,1,1.0,0.0,82789.469
2026-08-30T22:59:49.549Z,64.812663,-147.847863,434.32,7.69,517.14,306.06,290.45,-0.88,-0.17,8.11,8.01,9.46,-0.17,1.0,1.0,1.0,1.0,,1,1.0,0.0,82790.188
2026-08-30T22:59:50.717Z,64.812691,-147.84796,434.33,7.67,515.68,305.14,289.87,-0.81,0.0,7.47,7.31,8.74,0.37,1.0,1.011,1.011,1.011,,1,1.0,0.0,82791.328
2026-08-30T22:59:51.403Z,64.812707,-147.848014,434.32,7.66,514.79,305.3,289.99,-0.89,0.06,7.03,6.84,8.18,0.39,1.0,0.988,0.988,0.988,,1,1.0,0.0,82792.016
2026-08-30T22:59:52.114Z,64.812723,-147.848065,434.31,7.65,514.78,305.32,290.02,0.2,0.08,5.35,4.94,6.46,-0.33,1.0,0.998,0.998,0.998,,1,1.0,0.0,82792.812
2026-08-30T22:59:53.393Z,64.812745,-147.848137,434.33,7.66,515.44,305.36,290.05,-0.52,0.01,4.5,4.34,5.76,0.17,1.0,1.005,1.005,1.005,,1,1.0,0.0,82794.0
2026-08-30T22:59:54.379Z,64.81276,-147.848186,434.31,7.65,516.06,305.38,290.07,-0.86,-0.01,3.9,3.77,5.18,0.92,1.0,1.015,1.015,1.015,,1,1.0,0.0,82794.969
2026-08-30T22:59:55.493Z,64.812775,-147.848235,434.31,7.65,517.26,305.32,290.02,-0.2,-0.12,2.4,2.14,3.63,0.01,1.0,0.994,0.994,0.994,,1,1.0,0.0,82796.094
2026-08-30T22:59:56.171Z,64.812781,-147.848257,434.32,7.67,515.59,305.33,290.03,-1.02,-0.1,1.9,1.71,2.97,0.39,1.0,0.998,0.998,0.998,,1,1.0,0.0,82796.805
2026-08-30T22:59:57.388Z,64.812789,-147.848282,434.33,7.69,513.58,305.33,290.02,-1.24,0.04,0.03,0.0,1.3,0.06,1.0,1.003,1.003,1.003,,1,1.0,0.0,82797.984
2026-08-30T22:59:58.521Z,64.812793,-147.848293,434.31,7.64,512.99,305.33,290.03,-0.4,-0.06,0.0,0.0,0.16,-0.25,1.0,1.002,1.002,1.002,,1,1.0,0.0,82799.094
2026-08-30T22:59:59.176Z,64.812792,-147.848292,434.33,7.67,514.67,305.33,290.02,-1.28,-0.04,0.0,0.0,0.05,0.09,1.0,1.001,1.001,1.001,,1,1.0,0.0,82799.766
2026-08-30T23:00:00.015Z,64.812793,-147.848293,434.32,7.65,517.04,305.33,290.02,-0.81,-0.03,0.0,0.0,0.03,-0.06,1.0,0.999,0.999,0.999,0.047,2,1.0,0.0,82800.625
2026-08-30T23:00:01.133Z,64.812792,-147.848293,434.32,7.66,514.63,305.33,290.02,-0.92,-0.03,0.0,0.0,0.0,-0.05,1.0,1.0,1.0,1.0,,1,1.0,0.0,82801.711
2026-08-30T23:00:02.200Z,64.812792,-147.848293,434.32,7.66,513.37,305.33,290.02,-0.98,-0.03,0.0,0.0,0.0,-0.01,1.0,1.0,1.0,1.0,0.017,3,1.0,0.0,82802.766
2026-08-30T23:00:03.238Z,64.812792,-147.848293,434.32,7.66,512.94,305.33,290.02,-0.95,-0.03,0.0,0.0,0.0,-0.01,1.0,1.0,1.0,1.0,,1,1.0,0.0,82803.758
2026-08-30T23:00:04.022Z,64.812792,-147.848293,434.32,7.66,512.81,305.33,290.02,-0.95,-0.03,0.0,0.0,0.0,0.02,1.0,1.0,1.0,1.0,0.019,2,1.0,0.0,82804.562
2026-08-30T23:00:05.016Z,64.812792,-147.848293,434.32,7.66,512.74,305.33,290.02,-0.95,-0.03,0.0,0.0,0.0,0.01,1.0,1.0,1.0,1.0,0.029,3,1.0,0.0,82805.539
2026-08-30T23:00:06.474Z,64.812792,-147.848293,434.32,7.66,516.01,305.33,290.02,-0.95,-0.03,0.0,0.0,0.0,-0.02,1.0,1.0,1.0,1.0,0.006,2,1.0,0.0,82806.984
2026-08-30T23:00:07.055Z,64.812792,-147.848293,434.32,7.66,517.24,305.33,290.02,-0.95,-0.03,0.0,0.0,0.0,-0.01,1.0,1.0,1.0,1.0,,1,1.0,0.0,82807.555
2026-08-30T23:00:08.192Z,64.812792,-147.848293,434.32,7.66,518.31,305.33,290.02,-0.95,-0.03,0.0,0.0,0.0,0.01,1.0,1.0,1.0,1.0,0.024,2,1.0,0.0,82808.688
2026-08-30T23:00:09.131Z,64.812792,-147.848293,434.32,7.66,518.61,305.33,290.02,-0.95,-0.03,0.0,0.0,0.0,-0.01,1.0,1.0,1.0,1.0,0.026,3,1.0,0.0,82809.617
2026-08-30T23:00:10.023Z,64.812792,-147.848293,434.32,7.66,516.27,305.33,290.02,-0.95,-0.03,0.0,0.0,0.0,-0.01,1.0,1.0,1.0,1.0,,1,1.0,0.0,82810.508
2026-08-30T23:00:11.157Z,64.812792,-147.848293,434.32,7.66,513.84,305.33,290.02,-0.95,-0.03,0.0,0.0,0.0,-0.01,1.0,1.0,1.0,1.0,0.018,4,1.0,0.0,82811.633
2026-08-30T23:00:12.025Z,64.812792,-147.848293,434.32,7.66,516.58,305.33,290.02,-0.96,-0.03,0.0,0.0,0.01,-0.0,1.0,1.0,1.0,1.0,,1,1.0,0.0,82812.562
2026-08-30T23:00:13.036Z,,,434.32,7.66,518.14,305.33,290.02,-0.95,-0.05,0.0,0.0,0.01,0.0,1.0,1.0,1.0,1.0,0.019,3,1.0,0.0,82813.742
2026-08-30T23:00:14.194Z,64.812792,-147.848293,434.32,7.66,518.56,305.33,290.02,-0.95,-0.01,0.0,0.0,0.0,0.0,1.0,1.0,1.0,1.0,0.021,3,1.0,0.0,82814.68
2026-08-30T23:00:15.076Z,64.812792,-147.848293,434.32,7.66,518.7,305.33,290.02,-0.95,-0.02,0.0,0.0,0.01,0.01,1.0,1.0,1.0,1.0,,1,1.0,0.0,82815.531
2026-08-30T23:00:16.032Z,64.812792,-147.848293,434.32,7.66,518.77,305.33,290.02,-0.95,-0.03,0.0,0.0,0.0,-0.0,1.0,1.0,1.0,1.0,0.01,2,1.0,0.0,82816.484
2026-08-30T23:00:17.127Z,64.812792,-147.848293,434.32,7.66,518.8,305.33,290.02,-0.95,-0.03,0.0,0.0,0.0,0.01,1.0,1.0,1.0,1.0,0.019,4,1.0,0.0,82817.586
2026-08-30T23:00:18.152Z,64.812792,-147.848293,434.32,7.66,518.8,305.33,290.02,-0.95,-0.03,0.0,0.0,0.0,0.0,1.0,1.0,1.0,1.0,0.013,2,1.0,0.0,82818.586
2026-08-30T23:00:19.034Z,64.812792,-147.848293,434.32,7.66,518.81,305.33,290.02,-0.95,-0.03,0.0,0.0,0.0,-0.01,1.0,1.0,1.0,1.0,0.021,3,1.0,0.0,82819.469
2026-08-30T23:00:20.116Z,64.812792,-147.848293,434.32,7.66,518.81,305.33,290.02,-0.95,-0.03,0.0,0.0,0.0,-0.01,1.0,1.0,1.0,1.0,0.021,4,1.0,0.0,82820.547
2026-08-30T23:00:21.080Z,64.812792,-147.848293,434.32,7.66,518.81,305.33,290.02,-0.95,-0.03,0.0,0.0,0.0,-0.01,1.0,1.0,1.0,1.0,0.005,2,1.0,0.0,82821.492
2026-08-30T23:00:22.154Z,64.812792,-147.848293,434.32,7.66,518.81,305.33,290.02,-0.95,-0.03,0.0,0.0,0.0,-0.01,1.0,1.0,1.0,1.0,0.02,4,1.0,0.0,82822.578
2026-08-30T23:00:23.138Z,64.812792,-147.848293,434.32,7.66,518.81,305.33,290.02,-0.96,-0.03,0.0,0.0,0.0,-0.0,1.0,1.0,1.0,1.0,0.011,2,1.0,0.0,82823.555
2026-08-30T23:00:23.990Z,64.812792,-147.848293,434.32,7.66,518.81,305.33,290.02,-0.96,-0.03,0.0,0.0,0.0,0.01,1.0,1.0,1.0,1.0,0.022,3,1.0,0.0,82824.406
2026-08-30T23:00:25.052Z,64.812792,-147.848293,434.32,7.66,518.81,305.33,290.02,-0.96,-0.03,0.0,0.0,0.0,0.01,1.0,1.0,1.0,1.0,0.02,4,1.0,0.0,82825.461
2026-08-30T23:00:26.211Z,64.812792,-147.848293,434.32,7.66,518.81,305.33,290.02,-0.95,-0.03,0.0,0.0,0.0,0.0,1.0,1.0,1.0,1.0,0.014,2,1.0,0.0,82826.617
2026-08-30T23:00:27.058Z,64.812792,-147.848293,434.32,7.66,518.81,305.33,290.02,-0.95,-0.03,0.0,0.0,0.0,0.0,1.0,1.0,1.0,1.0,0.006,3,1.0,0.0,82827.469
2026-08-30T23:00:27.992Z,64.812792,-147.848293,434.32,7.66,518.81,305.33,290.02,-0.95,-0.03,0.0,0.0,0.0,0.0,1.0,1.0,1.0,1.0,0.0,2,1.0,0.0,82828.391
2026-08-30T23:00:29.040Z,64.812792,-147.848293,434.32,7.66,518.81,305.33,290.02,-0.95,-0.03,0.0,0.0,0.0,0.0,1.0,1.0,1.0,1.0,0.0,4,1.0,0.0,82829.445
2026-08-30T23:00:30.095Z,64.812792,-147.848293,434.32,7.66,518.81,305.33,290.02,-0.95,-0.03,0.0,0.0,0.0,0.0,1.0,1.0,1.0,1.0,0.0,4,1.0,0.0,82830.492
2026-08-30T23:00:31.034Z,64.812792,-147.848293,434.32,7.66,518.81,305.33,290.02,-0.95,-0.03,0.0,0.0,0.0,0.0,1.0,1.0,1.0,1.0,0.0,2,1.0,0.0,82831.43
2026-08-30T23:00:32.076Z,64.812792,-147.848293,434.32,7.66,518.81,305.33,290.02,-0.95,-0.03,0.0,0.0,0.0,0.0,1.0,1.0,1.0,1.0,0.0,4,1.0,0.0,82832.492
2026-08-30T23:00:33.178Z,64.812792,-147.848293,434.32,7.66,518.81,305.33,290.02,-0.95,-0.03,0.0,0.0,0.0,0.0,1.0,1.0,1.0,1.0,0.0,4,1.0,0.0,82833.938
2026-08-30T23:00:34.526Z,64.812792,-147.848293,434.32,7.66,518.81,305.33,290.02,-0.95,-0.03,0.0,0.0,0.0,0.0,1.0,1.0,1.0,1.0,,1,1.0,0.0,82835.078
2026-08-30T23:00:35.170Z,64.812792,-147.848293,434.32,7.66,518.81,305.33,290.02,-0.95,-0.03,0.0,0.0,0.0,0.0,1.0,1.0,1.0,1.0,,1,1.0,0.0,82835.742
2026-08-30T23:00:36.315Z,64.812792,-147.848293,434.32,7.66,518.81,305.33,290.02,-0.95,-0.03,0.0,0.0,0.0,0.0,1.0,1.0,1.0,1.0,0.0,2,1.0,0.0,82836.859
2026-08-30T23:00:37.299Z,64.812792,-147.848293,434.32,7.66,518.81,305.33,290.02,-0.95,-0.03,0.0,0.0,0.0,0.0,1.0,1.0,1.0,1.0,,1,1.0,0.0,82838.062
2026-08-30T23:00:38.168Z,64.812792,-147.848293,434.32,7.66,518.81,305.33,290.02,-0.95,-0.03,0.0,0.0,0.0,0.0,1.0,1.0,1.0,1.0,,1,1.0,0.0,82838.75
2026-08-30T23:00:39.003Z,64.812792,-147.848293,434.32,7.66,515.52,305.33,290.02,-0.95,-0.03,0.0,0.0,0.0,0.0,1.0,1.0,1.0,1.0,0.002,2,1.0,0.0,82839.578
2026-08-30T23:00:40.213Z,64.812792,-147.848293,434.32,7.66,513.54,305.33,290.02,-0.95,-0.03,0.0,0.0,0.0,-0.0,1.0,1.0,1.0,1.0,,1,1.0,0.0,82840.805
2026-08-30T23:00:41.066Z,64.812792,-147.848293,434.32,7.66,513.07,305.33,290.02,-0.95,-0.03,0.0,0.0,0.0,0.0,1.0,1.0,1.0,1.0,0.0,2,1.0,0.0,82841.625
2026-08-30T23:00:42.160Z,64.812792,-147.848293,434.32,7.66,512.82,305.33,290.02,-0.95,-0.03,0.0,0.0,0.0,0.0,1.0,1.0,1.0,1.0,,1,1.0,0.0,82842.758
2026-08-30T23:00:43.029Z,64.812792,-147.848293,434.32,7.66,512.75,305.33,290.02,-0.95,-0.03,0.0,0.0,0.0,-0.0,1.0,1.0,1.0,1.0,0.0,2,1.0,0.0,82843.656
2026-08-30T23:00:44.136Z,64.812792,-147.848293,434.32,7.66,512.72,305.33,290.02,-0.95,-0.03,0.0,0.0,0.0,-0.0,1.0,1.0,1.0,1.0,0.0,3,1.0,0.0,82844.758
2026-08-30T23:00:45.277Z,64.812792,-147.848293,434.32,7.66,512.71,305.33,290.02,-0.95,-0.03,0.0,0.0,0.0,0.0,1.0,1.0,1.0,1.0,,1,1.0,0.0,82845.891
2026-08-30T23:00:46.567Z,64.812792,-147.848293,434.32,7.66,512.71,305.33,290.02,-0.95,-0.03,0.0,0.0,0.0,-0.0,1.0,1.0,1.0,1.0,0.0,2,1.0,0.0,82847.188
2026-08-30T23:00:47.724Z,64.812792,-147.848293,434.32,7.66,512.71,305.33,290.02,-0.95,-0.03,0.0,0.0,0.0,-0.0,1.0,1.0,1.0,1.0,,1,1.0,0.0,82848.336
2026-08-30T23:00:48.412Z,64.812792,-147.848293,434.32,7.66,512.71,305.33,290.02,-0.95,-0.03,0.0,0.0,0.0,0.0,1.0,1.0,1.0,1.0,,1,1.0,0.0,82849.016
2026-08-30T23:00:49.093Z,64.812792,-147.848293,434.32,7.66,514.74,305.33,290.02,-0.95,-0.03,0.0,0.0,0.0,0.0,1.0,1.0,1.0,1.0,,1,1.0,0.0,82849.711
2026-08-30T23:00:50.252Z,64.812792,-147.848293,434.32,7.66,517.61,305.33,290.02,-0.95,-0.03,0.0,0.0,0.0,0.0,1.0,1.0,1.0,1.0,,1,1.0,0.0,82851.117
2026-08-30T23:00:51.228Z,64.812792,-147.848293,434.32,7.66,518.37,305.33,290.02,-0.95,-0.03,0.0,0.0,0.0,0.0,1.0,1.0,1.0,1.0,,1,1.0,0.0,82852.203
2026-08-30T23:00:53.106Z,64.812792,-147.848293,434.32,7.66,513.86,305.33,290.02,-0.95,-0.03,0.0,0.0,0.0,-0.0,1.0,1.0,1.0,1.0,,1,1.0,0.0,82854.109
2026-08-30T23:00:54.244Z,64.812792,-147.848293,434.32,7.66,513.07,305.33,290.02,-0.95,-0.03,0.0,0.0,0.0,-0.0,1.0,1.0,1.0,1.0,,1,1.0,0.0,82855.219
2026-08-30T23:00:56.005Z,64.812792,-147.848293,434.32,7.66,517.65,305.33,290.02,-0.95,-0.03,0.0,0.0,0.0,0.0,1.0,1.0,1.0,1.0,,1,1.0,0.0,82856.938
2026-08-30T23:00:57.789Z,64.812792,-147.848293,434.32,7.66,518.61,305.33,290.02,-0.95,-0.03,0.0,0.0,0.0,-0.0,1.0,1.0,1.0,1.0,,1,1.0,0.0,82858.703
2026-08-30T23:00:59.444Z,64.812792,-147.848293,434.32,7.66,518.77,305.33,290.02,-0.95,-0.03,0.0,0.0,0.0,-0.0,1.0,1.0,1.0,1.0,,1,1.0,0.0,82860.461
2026-08-30T23:01:00.595Z,64.812792,-147.848293,434.32,7.66,518.8,305.33,290.02,-0.95,-0.03,0.0,0.0,0.0,-0.0,1.0,1.0,1.0,1.0,,1,1.0,0.0,82861.367
2026-08-30T23:01:02.040Z,64.812792,-147.848293,434.32,7.66,518.81,305.33,290.02,-0.95,-0.03,0.0,0.0,0.0,-0.0,1.0,1.0,1.0,1.0,,1,1.0,0.0,82862.883
2026-08-30T23:01:03.011Z,64.812792,-147.848293,434.32,7.66,518.81,305.33,290.02,-0.95,-0.03,0.0,0.0,0.0,-0.0,1.0,1.0,1.0,1.0,,1,1.0,0.0,82863.93
2026-08-30T23:01:04.632Z,64.812792,-147.848293,434.32,7.66,518.81,305.33,290.02,-0.95,-0.03,0.0,0.0,0.0,0.0,1.0,1.0,1.0,1.0,,1,1.0,0.0,82865.469
2026-08-30T23:01:05.585Z,64.812792,-147.848293,434.32,7.66,518.81,305.33,290.02,-0.95,-0.03,0.0,0.0,0.0,-0.0,1.0,1.0,1.0,1.0,,1,1.0,0.0,82866.398
2026-08-30T23:01:07.791Z,64.812792,-147.848293,434.32,7.66,514.16,305.33,290.02,-0.95,-0.03,0.0,0.0,0.0,0.0,1.0,1.0,1.0,1.0,,1,1.0,0.0,82868.562
2026-08-30T23:01:09.202Z,64.812792,-147.848293,434.32,7.66,513.06,305.33,290.02,-0.95,-0.03,0.0,0.0,0.0,-0.0,1.0,1.0,1.0,1.0,,1,1.0,0.0,82869.953
2026-08-30T23:01:10.062Z,64.812792,-147.848293,434.32,7.66,512.86,305.33,290.02,-0.95,-0.03,0.0,0.0,0.0,-0.0,1.0,1.0,1.0,1.0,,1,1.0,0.0,82870.789
2026-08-30T23:01:11.397Z,64.812792,-147.848293,434.32,7.66,512.74,305.33,290.02,-0.95,-0.03,0.0,0.0,0.0,0.0,1.0,1.0,1.0,1.0,,1,1.0,0.0,82872.109
2026-08-30T23:01:12.202Z,64.812792,-147.848293,434.32,7.66,512.72,305.33,290.02,-0.95,-0.03,0.0,0.0,0.0,0.0,1.0,1.0,1.0,1.0,,1,1.0,0.0,82872.898
2026-08-30T23:01:13.468Z,64.812792,-147.848293,434.32,7.66,516.63,305.33,290.02,-0.95,-0.03,0.0,0.0,0.0,0.0,1.0,1.0,1.0,1.0,,1,1.0,0.0,82874.172
2026-08-30T23:01:14.253Z,64.812792,-147.848293,434.32,7.66,517.78,305.33,290.02,-0.95,-0.03,0.0,0.0,0.0,0.0,1.0,1.0,1.0,1.0,,1,1.0,0.0,82874.875
2026-08-30T23:01:15.429Z,64.812792,-147.848293,434.32,7.66,518.5,305.33,290.02,-0.95,-0.03,0.0,0.0,0.0,0.0,1.0,1.0,1.0,1.0,,1,1.0,0.0,82876.047
2026-08-30T23:01:16.124Z,64.812792,-147.848293,434.32,7.66,518.66,305.33,290.02,-0.95,-0.03,0.0,0.0,0.0,-0.0,1.0,1.0,1.0,1.0,,1,1.0,0.0,82876.742
2026-08-30T23:01:17.325Z,64.812792,-147.848293,434.32,7.66,518.76,305.33,290.02,-0.95,-0.03,0.0,0.0,0.0,-0.0,1.0,1.0,1.0,1.0,,1,1.0,0.0,82877.922
2026-08-30T23:01:18.404Z,64.812792,-147.848293,434.32,7.66,516.19,305.33,290.02,-0.95,-0.03,0.0,0.0,0.0,-0.0,1.0,1.0,1.0,1.0,,1,1.0,0.0,82878.984
2026-08-30T23:01:19.060Z,64.812792,-147.848293,434.32,7.66,514.53,305.33,290.02,-0.95,-0.03,0.0,0.0,0.0,-0.0,1.0,1.0,1.0,1.0,,1,1.0,0.0,82879.617
2026-08-30T23:01:19.890Z,64.812792,-147.848293,434.32,7.66,513.5,305.33,290.02,-0.95,-0.03,0.0,0.0,0.0,-0.0,1.0,1.0,1.0,1.0,0.0,2,1.0,0.0,82880.453
2026-08-30T23:01:20.915Z,64.812792,-147.848293,434.32,7.66,512.99,305.33,290.02,-0.95,-0.03,0.0,0.0,0.0,-0.0,1.0,1.0,1.0,1.0,,1,1.0,0.0,82881.445
2026-08-30T23:01:21.921Z,64.812792,-147.848293,434.32,7.66,512.81,305.33,290.02,-0.95,-0.03,0.0,0.0,0.0,-0.0,1.0,1.0,1.0,1.0,0.0,3,1.0,0.0,82882.438
2026-08-30T23:01:22.884Z,64.812792,-147.848293,434.32,7.66,512.75,305.33,290.02,-0.95,-0.03,0.0,0.0,0.0,-0.0,1.0,1.0,1.0,1.0,,1,1.0,0.0,82883.383
2026-08-30T23:01:23.833Z,64.812792,-147.848293,434.32,7.66,512.72,305.33,290.02,-0.95,-0.03,0.0,0.0,0.0,-0.0,1.0,1.0,1.0,1.0,0.0,3,1.0,0.0,82884.336
2026-08-30T23:01:24.816Z,64.812792,-147.848293,434.32,7.66,512.71,305.33,290.02,-0.95,-0.03,0.0,0.0,0.0,-0.0,1.0,1.0,1.0,1.0,0.0,3,1.0,0.0,82885.297
2026-08-30T23:01:26.197Z,64.812792,-147.848293,434.32,7.66,515.98,305.33,290.02,-0.95,-0.03,0.0,0.0,0.0,-0.0,1.0,1.0,1.0,1.0,0.0,2,1.0,0.0,82886.68
2026-08-30T23:01:26.940Z,64.812792,-147.848293,434.32,7.66,517.46,305.33,290.02,-0.95,-0.03,0.0,0.0,0.0,-0.0,1.0,1.0,1.0,1.0,0.0,2,1.0,0.0,82887.406
2026-08-30T23:01:27.793Z,64.812792,-147.848293,434.32,7.66,518.23,305.33,290.02,-0.95,-0.03,0.0,0.0,0.0,0.0,1.0,1.0,1.0,1.0,,1,1.0,0.0,82888.234
2026-08-30T23:01:28.892Z,64.812792,-147.848293,434.32,7.66,518.62,305.33,290.02,-0.95,-0.03,0.0,0.0,0.0,-0.0,1.0,1.0,1.0,1.0,0.0,4,1.0,0.0,82889.367
2026-08-30T23:01:29.836Z,64.812792,-147.848293,434.32,7.66,518.74,305.33,290.02,-0.95,-0.03,0.0,0.0,0.0,-0.0,1.0,1.0,1.0,1.0,0.0,3,1.0,0.0,82890.281
2026-08-30T23:01:30.879Z,64.812792,-147.848293,434.32,7.66,518.78,305.33,290.02,-0.95,-0.03,0.0,0.0,0.0,-0.0,1.0,1.0,1.0,1.0,0.0,2,1.0,0.0,82891.32
2026-08-30T23:01:31.777Z,64.812792,-147.848293,434.32,7.66,518.8,305.33,290.02,-0.95,-0.03,0.0,0.0,0.0,-0.0,1.0,1.0,1.0,1.0,0.0,3,1.0,0.0,82892.219
2026-08-30T23:01:32.880Z,64.812792,-147.848293,434.32,7.66,518.81,305.33,290.02,-0.95,-0.03,0.0,0.0,0.0,-0.0,1.0,1.0,1.0,1.0,0.0,4,1.0,0.0,82893.312
2026-08-30T23:01:33.883Z,64.812792,-147.848293,434.32,7.66,518.81,305.33,290.02,-0.95,-0.03,0.0,0.0,0.0,-0.0,1.0,1.0,1.0,1.0,0.0,2,1.0,0.0,82894.312
2026-08-30T23:01:34.761Z,64.812792,-147.848293,434.32,7.66,518.81,305.33,290.02,-0.95,-0.03,0.0,0.0,0.0,-0.0,1.0,1.0,1.0,1.0,0.0,3,1.0,0.0,82895.188
2026-08-30T23:01:36.060Z,64.812792,-147.848293,434.32,7.66,518.81,305.33,290.02,-0.95,-0.03,0.0,0.0,0.0,-0.0,1.0,1.0,1.0,1.0,0.0,4,1.0,0.0,82896.477
2026-08-30T23:01:36.849Z,64.812792,-147.848293,434.32,7.66,518.81,305.33,290.02,-0.95,-0.03,0.0,0.0,0.0,-0.0,1.0,1.0,1.0,1.0,,1,1.0,0.0,82897.266
2026-08-30T23:01:37.804Z,64.812792,-147.848293,434.32,7.66,518.81,305.33,290.02,-0.95,-0.03,0.0,0.0,0.0,0.0,1.0,1.0,1.0,1.0,0.0,3,1.0,0.0,82898.227
2026-08-30T23:01:38.874Z,64.812792,-147.848293,434.32,7.66,518.81,305.33,290.02,-0.95,-0.03,0.0,0.0,0.0,0.0,1.0,1.0,1.0,1.0,0.0,4,1.0,0.0,82899.312
2026-08-30T23:01:39.894Z,64.812792,-147.848293,434.32,7.66,518.81,305.33,290.02,-0.95,-0.03,0.0,0.0,0.0,-0.0,1.0,1.0,1.0,1.0,0.0,2,1.0,0.0,82900.328
2026-08-30T23:01:40.770Z,64.812792,-147.848293,434.32,7.66,518.81,305.33,290.02,-0.95,-0.03,0.0,0.0,0.0,-0.0,1.0,1.0,1.0,1.0,0.0,3,1.0,0.0,82901.18
2026-08-30T23:01:41.828Z,64.812792,-147.848293,434.32,7.66,518.81,305.33,290.02,-0.95,-0.03,0.0,0.0,0.0,-0.0,1.0,1.0,1.0,1.0,0.0,4,1.0,0.0,82902.258
2026-08-30T23:01:42.810Z,64.812792,-147.848293,434.32,7.66,518.81,305.33,290.02,-0.95,-0.03,0.0,0.0,0.0,0.0,1.0,1.0,1.0,1.0,0.0,2,1.0,0.0,82903.219
2026-08-30T23:01:43.872Z,64.812792,-147.848293,434.32,7.66,518.81,305.33,290.02,-0.95,-0.03,0.0,0.0,0.0,0.0,1.0,1.0,1.0,1.0,0.0,4,1.0,0.0,82904.281
2026-08-30T23:01:44.820Z,64.812792,-147.848293,434.32,7.66,518.81,305.33,290.02,-0.95,-0.03,0.0,0.0,0.0,0.0,1.0,1.0,1.0,1.0,0.0,2,1.0,0.0,82905.227
2026-08-30T23:01:45.880Z,64.812792,-147.848293,434.32,7.66,518.81,305.33,290.02,-0.95,-0.03,0.0,0.0,0.0,0.0,1.0,1.0,1.0,1.0,0.0,3,1.0,0.0,82906.281
2026-08-30T23:01:46.814Z,64.812792,-147.848293,434.32,7.66,518.81,305.33,290.02,-0.95,-0.03,0.0,0.0,0.0,-0.0,1.0,1.0,1.0,1.0,0.0,2,1.0,0.0,82907.211
2026-08-30T23:01:47.872Z,64.812792,-147.848293,434.32,7.66,518.81,305.33,290.02,-0.95,-0.03,0.0,0.0,0.0,0.0,1.0,1.0,1.0,1.0,0.0,4,1.0,0.0,82908.281
2026-08-30T23:01:48.807Z,64.812792,-147.848293,434.32,7.66,518.81,305.33,290.02,-0.95,-0.03,0.0,0.0,0.0,-0.0,1.0,1.0,1.0,1.0,0.0,2,1.0,0.0,82909.227
2026-08-30T23:01:49.887Z,64.812792,-147.848293,434.32,7.66,518.81,305.33,290.02,-0.95,-0.03,0.0,0.0,0.0,0.0,1.0,1.0,1.0,1.0,0.0,4,1.0,0.0,82910.281
2026-08-30T23:01:50.837Z,64.812792,-147.848293,434.32,7.66,518.81,305.33,290.02,-0.95,-0.03,0.0,0.0,0.0,-0.0,1.0,1.0,1.0,1.0,0.0,2,1.0,0.0,82911.234
2026-08-30T23:01:51.873Z,64.812792,-147.848293,434.32,7.66,518.81,305.33,290.02,-0.95,-0.03,0.0,0.0,0.0,0.0,1.0,1.0,1.0,1.0,0.0,4,1.0,0.0,82912.266
2026-08-30T23:01:52.811Z,64.812792,-147.848293,434.32,7.66,518.81,305.33,290.02,-0.95,-0.03,0.0,0.0,0.0,0.0,1.0,1.0,1.0,1.0,0.0,2,1.0,0.0,82913.203
2026-08-30T23:01:53.866Z,64.812792,-147.848293,434.32,7.66,518.81,305.33,290.02,-0.95,-0.03,0.0,0.0,0.0,0.0,1.0,1.0,1.0,1.0,0.0,4,1.0,0.0,82914.266
2026-08-30T23:01:54.914Z,64.812792,-147.848293,434.32,7.66,518.81,305.33,290.02,-0.95,-0.03,0.0,0.0,0.0,0.0,1.0,1.0,1.0,1.0,0.0,4,1.0,0.0,82915.312
2026-08-30T23:01:55.784Z,64.812792,-147.848293,434.32,7.66,518.81,305.33,290.02,-0.95,-0.03,0.0,0.0,0.0,-0.0,1.0,1.0,1.0,1.0,,1,1.0,0.0,82916.219
2026-08-30T23:01:56.813Z,64.812792,-147.848293,434.32,7.66,518.81,305.33,290.02,-0.95,-0.03,0.0,0.0,0.0,-0.0,1.0,1.0,1.0,1.0,0.0,2,1.0,0.0,82917.211
2026-08-30T23:01:57.886Z,64.812792,-147.848293,434.32,7.66,518.81,305.33,290.02,-0.95,-0.03,0.0,0.0,0.0,0.0,1.0,1.0,1.0,1.0,0.0,4,1.0,0.0,82918.305
2026-08-30T23:01:58.919Z,64.812792,-147.848293,434.32,7.66,518.81,305.33,290.02,-0.95,-0.03,0.0,0.0,0.0,0.0,1.0,1.0,1.0,1.0,0.0,2,1.0,0.0,82919.484
2026-08-30T23:01:59.765Z,64.812792,-147.848293,434.32,7.66,518.81,305.33,290.02,-0.95,-0.03,0.0,0.0,0.0,-0.0,1.0,1.0,1.0,1.0,0.0,2,1.0,0.0,82920.336
2026-08-30T23:02:00.811Z,64.812792,-147.848293,434.32,7.66,518.81,305.33,290.02,-0.95,-0.03,0.0,0.0,0.0,0.0,1.0,1.0,1.0,1.0,0.0,3,1.0,0.0,82921.305
