t,lat,lon,alt_ft,agl_ft,alt_ind_ft,hdg_true,hdg_mag,pitch,bank,ias_kt,tas_kt,gs_kt,vs_fpm,on_ground,g_min,g_max,g_rms,acc_y_rms,b_n,sim_rate,slew,sim_time
2026-08-30T16:13:58.801Z,66.361793,-147.401259,386.11,7.62,452.06,250.98,235.52,-1.88,-1.74,1.79,1.77,0.0,-0.0,1.0,0.999,0.999,0.999,0.0,6,1.0,0.0,58439.762
2026-08-30T16:13:59.877Z,66.361793,-147.401259,386.11,7.62,452.06,250.98,235.52,-1.88,-1.74,1.79,1.77,0.0,-0.0,1.0,0.999,0.999,0.999,,1,1.0,0.0,58440.832
2026-08-30T16:14:01.549Z,66.361793,-147.401259,386.11,7.62,452.06,250.98,235.52,-1.88,-1.74,1.79,1.77,0.0,-0.0,1.0,0.999,0.999,0.999,,1,1.0,0.0,58442.414
2026-08-30T16:14:02.536Z,66.361793,-147.401259,386.11,7.62,452.06,250.98,235.52,-1.88,-1.74,1.79,1.77,0.0,0.0,1.0,0.999,0.999,0.999,,1,1.0,0.0,58443.371
2026-08-30T16:14:04.083Z,66.361793,-147.401259,386.11,7.62,452.06,250.98,235.52,-1.88,-1.74,1.79,1.77,0.0,-0.0,1.0,0.999,0.999,0.999,,1,1.0,0.0,58444.953
2026-08-30T16:14:05.058Z,66.361793,-147.401259,386.11,7.62,452.06,250.98,235.52,-1.88,-1.74,1.79,1.77,0.0,-0.0,1.0,0.999,0.999,0.999,,1,1.0,0.0,58445.93
2026-08-30T16:14:06.715Z,66.361793,-147.401259,386.11,7.62,452.06,250.98,235.52,-1.88,-1.74,1.79,1.77,0.0,-0.0,1.0,0.999,0.999,0.999,,1,1.0,0.0,58447.656
2026-08-30T16:14:07.766Z,66.361793,-147.401259,386.11,7.62,452.06,250.98,235.52,-1.88,-1.74,1.79,1.77,0.0,-0.0,1.0,0.999,0.999,0.999,,1,1.0,0.0,58448.582
2026-08-30T16:14:09.245Z,66.361793,-147.401259,386.11,7.62,452.06,250.98,235.52,-1.88,-1.74,1.79,1.77,0.0,-0.0,1.0,0.999,0.999,0.999,,1,1.0,0.0,58450.023
2026-08-30T16:14:10.755Z,66.361793,-147.401259,386.11,7.62,452.06,250.98,235.52,-1.88,-1.74,1.79,1.77,0.0,-0.0,1.0,0.999,0.999,0.999,,1,1.0,0.0,58451.48
2026-08-30T16:14:12.101Z,66.361793,-147.401259,386.11,7.62,452.06,250.98,235.52,-1.88,-1.74,1.79,1.77,0.0,-0.0,1.0,0.999,0.999,0.999,,1,1.0,0.0,58452.738
2026-08-30T16:14:12.831Z,66.361793,-147.401259,386.11,7.62,452.06,250.98,235.52,-1.88,-1.74,1.79,1.77,0.0,-0.0,1.0,0.999,0.999,0.999,,1,1.0,0.0,58453.469
2026-08-30T16:14:14.022Z,66.361793,-147.401259,386.11,7.62,452.06,250.98,235.52,-1.88,-1.74,1.79,1.77,0.0,-0.0,1.0,0.999,0.999,0.999,,1,1.0,0.0,58454.695
2026-08-30T16:14:14.784Z,66.361793,-147.401259,386.11,7.62,452.06,250.98,235.52,-1.88,-1.74,1.79,1.77,0.0,-0.0,1.0,0.999,0.999,0.999,,1,1.0,0.0,58455.422
2026-08-30T16:14:15.516Z,66.361793,-147.401259,386.11,7.62,452.06,250.98,235.52,-1.88,-1.74,1.79,1.77,0.0,-0.0,1.0,0.999,0.999,0.999,,1,1.0,0.0,58456.148
2026-08-30T16:14:16.675Z,66.361793,-147.401259,386.11,7.62,452.06,250.98,235.52,-1.88,-1.74,1.79,1.77,0.0,0.0,1.0,0.999,0.999,0.999,,1,1.0,0.0,58457.312
2026-08-30T16:14:17.393Z,66.361793,-147.401259,386.11,7.62,452.06,250.98,235.52,-1.88,-1.74,1.79,1.77,0.0,-0.0,1.0,0.999,0.999,0.999,,1,1.0,0.0,58458.02
2026-08-30T16:14:18.124Z,66.361793,-147.401259,386.11,7.62,452.06,250.98,235.52,-1.88,-1.74,1.79,1.77,0.0,-0.0,1.0,0.999,0.999,0.999,,1,1.0,0.0,58458.766
2026-08-30T16:14:19.846Z,66.361793,-147.401259,386.11,7.62,452.06,250.98,235.52,-1.88,-1.74,1.79,1.77,0.0,-0.0,1.0,0.999,0.999,0.999,,1,1.0,0.0,58460.57
2026-08-30T16:14:20.660Z,66.361793,-147.401259,386.11,7.62,452.06,250.98,235.52,-1.88,-1.74,1.79,1.77,0.0,0.0,1.0,0.999,0.999,0.999,,1,1.0,0.0,58461.332
2026-08-30T16:14:21.937Z,66.361793,-147.401259,386.11,7.62,452.06,250.98,235.52,-1.88,-1.74,1.79,1.77,0.0,-0.0,,0.999,0.999,0.999,,1,1.0,0.0,58462.652
2026-08-30T16:14:22.742Z,66.361793,-147.401259,386.11,7.62,452.06,250.98,235.52,-1.88,-1.74,1.79,1.77,0.0,-0.0,1.0,0.999,0.999,0.999,,1,1.0,0.0,58463.402
2026-08-30T16:14:23.988Z,66.361793,-147.401259,386.11,7.62,452.06,250.98,235.52,-1.88,-1.74,1.79,1.77,0.0,-0.0,1.0,0.999,0.999,0.999,,1,1.0,0.0,58464.652
2026-08-30T16:14:24.730Z,66.361793,-147.401259,386.11,7.62,452.06,250.98,235.52,-1.88,-1.74,1.79,1.77,0.0,-0.0,1.0,0.999,0.999,0.999,,1,1.0,0.0,58465.438
2026-08-30T16:14:26.003Z,66.361793,-147.401259,386.11,7.62,452.06,250.98,235.52,-1.88,-1.74,1.79,1.77,0.0,0.0,1.0,0.999,0.999,0.999,,1,1.0,0.0,58466.664
2026-08-30T16:14:26.766Z,66.361793,-147.401259,386.11,7.62,452.06,250.98,235.52,-1.88,-1.74,1.79,1.77,0.0,0.0,1.0,0.999,0.999,0.999,,1,1.0,0.0,58467.422
2026-08-30T16:14:27.987Z,66.361793,-147.401259,386.11,7.62,452.06,250.98,235.52,-1.88,-1.74,1.79,1.77,0.0,-0.0,1.0,0.999,0.999,0.999,,1,1.0,0.0,58468.652
2026-08-30T16:14:29.317Z,66.361793,-147.401259,386.11,7.62,452.06,250.98,235.52,-1.88,-1.74,1.79,1.77,0.0,-0.0,1.0,0.999,0.999,0.999,,1,1.0,0.0,58470.02
2026-08-30T16:14:30.638Z,66.361793,-147.401259,386.11,7.62,452.06,250.98,235.52,-1.88,-1.74,1.79,1.77,0.0,-0.0,1.0,0.999,0.999,0.999,,1,1.0,0.0,58471.367
2026-08-30T16:14:31.455Z,66.361793,-147.401259,386.11,7.62,452.06,250.98,235.52,-1.88,-1.74,1.79,1.77,0.0,0.0,1.0,0.999,0.999,0.999,,1,1.0,0.0,58472.168
2026-08-30T16:14:32.759Z,66.361793,-147.401259,386.11,7.62,452.06,250.98,235.52,-1.88,-1.74,1.79,1.77,0.0,-0.0,1.0,0.999,0.999,0.999,,1,1.0,0.0,58473.465
2026-08-30T16:14:33.548Z,66.361793,-147.401259,386.11,7.62,452.06,250.98,235.52,-1.88,-1.74,1.79,1.77,0.0,-0.0,1.0,0.999,0.999,0.999,,1,1.0,0.0,58474.207
2026-08-30T16:14:34.782Z,66.361793,-147.401259,386.11,7.62,452.06,250.98,235.52,-1.88,-1.74,1.79,1.77,0.0,-0.0,1.0,0.999,0.999,0.999,,1,1.0,0.0,58475.449
2026-08-30T16:14:35.537Z,66.361793,-147.401259,386.11,7.62,452.06,250.98,235.52,-1.88,-1.74,1.79,1.77,0.0,-0.0,1.0,0.999,0.999,0.999,,1,1.0,0.0,58476.199
2026-08-30T16:14:36.468Z,66.361793,-147.401259,386.11,7.62,452.06,250.98,235.52,-1.88,-1.74,1.79,1.77,0.0,-0.0,1.0,0.999,0.999,0.999,0.0,2,1.0,0.0,58477.129
2026-08-30T16:14:37.697Z,66.361793,-147.401259,386.11,7.62,452.06,250.98,235.52,-1.88,-1.74,1.79,1.77,0.0,-0.0,1.0,0.999,0.999,0.999,,1,1.0,0.0,58478.371
2026-08-30T16:14:38.455Z,66.361793,-147.401259,386.11,7.62,452.06,250.98,235.52,-1.88,-1.74,1.79,1.77,0.0,-0.0,1.0,0.999,0.999,0.999,,1,1.0,0.0,58479.117
2026-08-30T16:14:39.752Z,66.361793,-147.401259,386.11,7.62,452.06,250.98,235.52,-1.88,-1.74,1.79,1.77,0.0,-0.0,1.0,0.999,0.999,0.999,,1,1.0,0.0,58480.41
2026-08-30T16:14:40.983Z,66.361793,-147.401259,386.11,7.62,452.06,250.98,235.52,-1.88,-1.74,1.79,1.77,0.0,-0.0,1.0,0.999,0.999,0.999,,1,1.0,0.0,58481.641
2026-08-30T16:14:41.720Z,66.361793,-147.401259,386.11,7.62,452.06,250.98,235.52,-1.88,-1.74,1.79,1.77,0.0,-0.0,1.0,0.999,0.999,0.999,,1,1.0,0.0,58482.387
2026-08-30T16:14:42.479Z,66.361793,-147.401259,386.11,7.62,452.06,250.98,235.52,-1.88,-1.74,1.79,1.77,0.0,0.0,1.0,0.999,0.999,0.999,,1,1.0,0.0,58483.133
2026-08-30T16:14:43.692Z,66.361793,-147.401259,386.11,7.62,452.06,250.98,235.52,-1.88,-1.74,1.79,1.77,0.0,-0.0,1.0,0.999,0.999,0.999,,1,1.0,0.0,58484.34
2026-08-30T16:14:44.446Z,66.361793,-147.401259,386.11,7.62,452.06,250.98,235.52,-1.88,-1.74,1.79,1.77,0.0,-0.0,1.0,0.999,0.999,0.999,,1,1.0,0.0,58485.098
2026-08-30T16:14:45.373Z,66.361793,-147.401259,386.11,7.62,452.06,250.98,235.52,-1.88,-1.74,1.79,1.77,0.0,-0.0,1.0,0.999,0.999,0.999,0.0,2,1.0,0.0,58486.043
2026-08-30T16:14:46.585Z,66.361793,-147.401259,386.11,7.62,452.06,250.98,235.52,-1.88,-1.74,1.79,1.77,0.0,-0.0,1.0,0.999,0.999,0.999,,1,1.0,0.0,58487.27
2026-08-30T16:14:47.358Z,66.361793,-147.401259,386.11,7.62,452.06,250.98,235.52,-1.88,-1.74,1.79,1.77,0.0,0.0,1.0,0.999,0.999,0.999,,1,1.0,0.0,58488.004
2026-08-30T16:14:48.724Z,66.361793,-147.401259,386.11,7.62,452.06,250.98,235.52,-1.88,-1.74,1.79,1.77,0.0,-0.0,1.0,0.999,0.999,0.999,0.0,2,1.0,0.0,58489.379
2026-08-30T16:14:49.937Z,66.361793,-147.401259,386.11,7.62,452.06,250.98,235.52,-1.88,-1.74,1.79,1.77,0.0,-0.0,1.0,0.999,0.999,0.999,,1,1.0,0.0,58490.598
2026-08-30T16:14:50.682Z,66.361793,-147.401259,386.11,7.62,452.06,250.98,235.52,-1.88,-1.74,1.79,1.77,0.0,-0.0,1.0,0.999,0.999,0.999,,1,1.0,0.0,58491.34
2026-08-30T16:14:51.424Z,66.361793,-147.401259,386.11,7.62,452.06,250.98,235.52,-1.88,-1.74,1.79,1.77,0.0,-0.0,1.0,0.999,0.999,0.999,,1,1.0,0.0,58492.082
2026-08-30T16:14:52.638Z,66.361793,-147.401259,386.11,7.62,452.06,250.98,235.52,-1.88,-1.74,1.79,1.77,0.0,-0.0,1.0,0.999,0.999,0.999,,1,1.0,0.0,58493.316
2026-08-30T16:14:53.404Z,66.361793,-147.401259,386.11,7.62,452.06,250.98,235.52,-1.88,-1.74,1.79,1.77,0.0,-0.0,1.0,0.999,0.999,0.999,,1,1.0,0.0,58494.051
2026-08-30T16:14:54.322Z,66.361793,-147.401259,386.11,7.62,452.06,250.98,235.52,-1.88,-1.74,1.79,1.77,0.0,-0.0,1.0,0.999,0.999,0.999,0.0,2,1.0,0.0,58494.98
2026-08-30T16:14:55.554Z,66.361793,-147.401259,386.11,7.62,452.06,250.98,235.52,-1.88,-1.74,1.79,1.77,0.0,-0.0,1.0,0.999,0.999,0.999,,1,1.0,0.0,58496.223
2026-08-30T16:14:56.505Z,66.361793,-147.401259,386.11,7.62,452.06,250.98,235.52,-1.88,-1.74,1.79,1.77,0.0,-0.0,1.0,0.999,0.999,0.999,0.0,2,1.0,0.0,58497.16
2026-08-30T16:14:57.705Z,66.361793,-147.401259,386.11,7.62,452.06,250.98,235.52,-1.88,-1.74,1.79,1.77,0.0,-0.0,1.0,0.999,0.999,0.999,,1,1.0,0.0,58498.367
2026-08-30T16:14:58.463Z,66.361793,-147.401259,386.11,7.62,452.06,250.98,235.52,-1.88,-1.74,1.79,1.77,0.0,-0.0,1.0,0.999,0.999,0.999,,1,1.0,0.0,58499.121
2026-08-30T16:14:59.761Z,66.361793,-147.401259,386.11,7.62,452.06,250.98,235.52,-1.88,-1.74,1.79,1.77,0.0,-0.0,1.0,0.999,0.999,0.999,,1,1.0,0.0,58500.406
2026-08-30T16:15:00.963Z,66.361793,-147.401259,386.11,7.62,452.06,250.98,235.52,-1.88,-1.74,1.79,1.77,0.0,-0.0,1.0,0.999,0.999,0.999,,1,1.0,0.0,58501.605
2026-08-30T16:15:01.708Z,66.361793,-147.401259,386.11,7.62,452.06,250.98,235.52,-1.88,-1.74,1.79,1.77,0.0,-0.0,1.0,0.999,0.999,0.999,,1,1.0,0.0,58502.383
2026-08-30T16:15:02.475Z,66.361793,-147.401259,386.11,7.62,452.06,250.98,235.52,-1.88,-1.74,1.79,1.77,0.0,0.0,1.0,0.999,0.999,0.999,,1,1.0,0.0,58503.117
2026-08-30T16:15:03.670Z,66.361793,-147.401259,386.11,7.62,452.06,250.98,235.52,-1.88,-1.74,1.79,1.77,0.0,-0.0,1.0,0.999,0.999,0.999,,1,1.0,0.0,58504.332
2026-08-30T16:15:04.419Z,66.361793,-147.401259,386.11,7.62,452.06,250.98,235.52,-1.88,-1.74,1.79,1.77,0.0,-0.0,1.0,0.999,0.999,0.999,,1,1.0,0.0,58505.062
2026-08-30T16:15:05.366Z,66.361793,-147.401259,386.11,7.62,452.06,250.98,235.52,-1.88,-1.74,1.79,1.77,0.0,-0.0,1.0,0.999,0.999,0.999,0.0,2,1.0,0.0,58506.023
2026-08-30T16:15:06.575Z,66.361793,-147.401259,386.11,7.62,452.06,250.98,235.52,-1.88,-1.74,1.79,1.77,0.0,0.0,1.0,0.999,0.999,0.999,,1,1.0,0.0,58507.223
2026-08-30T16:15:07.507Z,66.361793,-147.401259,386.11,7.62,452.06,250.98,235.52,-1.88,-1.74,1.79,1.77,0.0,-0.0,1.0,0.999,0.999,0.999,0.0,2,1.0,0.0,58508.18
2026-08-30T16:15:08.784Z,66.361793,-147.401259,386.11,7.62,452.06,250.98,235.52,-1.88,-1.74,1.79,1.77,0.0,-0.0,1.0,0.999,0.999,0.999,,1,1.0,0.0,58509.453
2026-08-30T16:15:10.125Z,66.361793,-147.401259,386.11,7.62,452.06,250.98,235.52,-1.88,-1.74,1.79,1.77,0.0,-0.0,1.0,0.999,0.999,0.999,,1,1.0,0.0,58510.84
2026-08-30T16:15:11.433Z,66.361793,-147.401259,386.11,7.62,452.06,250.98,235.52,-1.88,-1.74,1.79,1.77,0.0,0.0,1.0,0.999,0.999,0.999,,1,1.0,0.0,58512.094
2026-08-30T16:15:12.180Z,66.361793,-147.401259,386.11,7.62,452.06,250.98,235.52,-1.88,-1.74,1.79,1.77,0.0,-0.0,1.0,0.999,0.999,0.999,,1,1.0,0.0,58512.871
2026-08-30T16:15:13.741Z,66.361793,-147.401259,386.11,7.62,452.06,250.98,235.52,-1.88,-1.74,1.79,1.77,0.0,-0.0,1.0,0.999,0.999,0.999,,1,1.0,0.0,58514.684
2026-08-30T16:15:14.818Z,66.361793,-147.401259,386.11,7.62,452.06,250.98,235.52,-1.88,-1.74,1.79,1.77,0.0,-0.0,1.0,0.999,0.999,0.999,,1,1.0,0.0,58515.766
2026-08-30T16:15:16.444Z,66.361793,-147.401259,386.11,7.62,452.06,250.98,235.52,-1.88,-1.74,1.79,1.77,0.0,-0.0,1.0,0.999,0.999,0.999,,1,1.0,0.0,58517.082
2026-08-30T16:15:17.581Z,66.361793,-147.401259,386.11,7.62,452.06,250.98,235.52,-1.88,-1.74,1.79,1.77,0.0,-0.0,1.0,0.999,0.999,0.999,0.0,3,1.0,0.0,58518.254
2026-08-30T16:15:18.845Z,66.361793,-147.401259,386.11,7.62,452.06,250.98,235.52,-1.88,-1.74,1.79,1.77,0.0,0.0,1.0,0.999,0.999,0.999,,1,1.0,0.0,58519.543
2026-08-30T16:15:20.201Z,66.361793,-147.401259,386.11,7.62,452.06,250.98,235.52,-1.88,-1.74,1.79,1.77,0.0,-0.0,1.0,0.999,0.999,0.999,,1,1.0,0.0,58520.887
2026-08-30T16:15:21.467Z,66.361793,-147.401259,386.11,7.62,452.06,250.98,235.52,-1.88,-1.74,1.79,1.77,0.0,-0.0,1.0,0.999,0.999,0.999,,1,1.0,0.0,58522.105
2026-08-30T16:15:22.204Z,66.361793,-147.401259,386.11,7.62,452.06,250.98,235.52,-1.88,-1.74,1.79,1.77,0.0,-0.0,1.0,0.999,0.999,0.999,,1,1.0,0.0,58522.891
2026-08-30T16:15:23.475Z,66.361793,-147.401259,386.11,7.62,452.06,250.98,235.52,-1.88,-1.74,1.79,1.77,0.0,-0.0,1.0,0.999,0.999,0.999,,1,1.0,0.0,58524.16
2026-08-30T16:15:24.252Z,66.361793,-147.401259,386.11,7.62,452.06,250.98,235.52,-1.88,-1.74,1.79,1.77,0.0,-0.0,1.0,0.999,0.999,0.999,,1,1.0,0.0,58524.938
2026-08-30T16:15:25.538Z,66.361793,-147.401259,386.11,7.62,452.06,250.98,235.52,-1.88,-1.74,1.79,1.77,0.0,-0.0,1.0,0.999,0.999,0.999,,1,1.0,0.0,58526.211
2026-08-30T16:15:26.303Z,66.361793,-147.401259,386.11,7.62,452.06,250.98,235.52,-1.88,-1.74,1.79,1.77,0.0,0.0,1.0,0.999,0.999,0.999,,1,1.0,0.0,58527.0
2026-08-30T16:15:27.590Z,66.361793,-147.401259,386.11,7.62,452.06,250.98,235.52,-1.88,-1.74,1.79,1.77,0.0,-0.0,1.0,0.999,0.999,0.999,,1,1.0,0.0,58528.277
2026-08-30T16:15:28.369Z,66.361793,-147.401259,386.11,7.62,452.06,250.98,235.52,-1.88,-1.74,1.79,1.77,0.0,-0.0,1.0,0.999,0.999,0.999,,1,1.0,0.0,58529.062
2026-08-30T16:15:30.217Z,66.361793,-147.401259,386.11,7.62,452.06,250.98,235.52,-1.88,-1.74,1.79,1.77,0.0,-0.0,1.0,0.999,0.999,0.999,,1,1.0,0.0,58530.91
2026-08-30T16:15:31.364Z,66.361793,-147.401259,386.11,7.62,452.06,250.98,235.52,-1.88,-1.74,1.79,1.77,0.0,-0.0,1.0,0.999,0.999,0.999,0.0,3,1.0,0.0,58532.047
2026-08-30T16:15:32.628Z,66.361793,-147.401259,386.11,7.62,452.06,250.98,235.52,-1.88,-1.74,1.79,1.77,0.0,-0.0,1.0,0.999,0.999,0.999,,1,1.0,0.0,58533.316
2026-08-30T16:15:33.408Z,66.361793,-147.401259,386.11,7.62,452.06,250.98,235.52,-1.88,-1.74,1.79,1.77,0.0,-0.0,1.0,0.999,0.999,0.999,,1,1.0,0.0,58534.047
2026-08-30T16:15:34.629Z,66.361793,-147.401259,386.11,7.62,452.06,250.98,235.52,-1.88,-1.74,1.79,1.77,0.0,-0.0,1.0,0.999,0.999,0.999,,1,1.0,0.0,58535.27
2026-08-30T16:15:35.358Z,66.361793,-147.401259,386.11,7.62,452.06,250.98,235.52,-1.88,-1.74,1.79,1.77,0.0,0.0,1.0,0.999,0.999,0.999,,1,1.0,0.0,58536.082
2026-08-30T16:15:36.408Z,66.361793,-147.401259,386.11,7.62,452.06,250.98,235.52,-1.88,-1.75,1.79,1.77,0.0,-0.0,1.0,0.999,0.999,0.999,0.0,2,1.0,0.0,58537.188
2026-08-30T16:15:37.846Z,66.361793,-147.401259,386.11,7.62,452.06,250.98,235.52,-1.88,-1.75,1.79,1.77,0.0,-0.0,1.0,0.999,0.999,0.999,,1,1.0,0.0,58538.641
2026-08-30T16:15:39.283Z,66.361793,-147.401259,386.11,7.62,452.06,250.98,235.52,-1.88,-1.75,1.79,1.77,0.0,-0.0,1.0,0.999,0.999,0.999,,1,1.0,0.0,58539.957
2026-08-30T16:15:40.473Z,66.361793,-147.401259,386.11,7.62,452.06,250.98,235.52,-1.88,-1.75,1.79,1.77,0.0,-0.0,1.0,0.999,0.999,0.999,,1,1.0,0.0,58541.145
2026-08-30T16:15:41.234Z,66.361793,-147.401259,386.11,7.62,452.06,250.98,235.52,-1.88,-1.75,1.79,1.77,0.0,-0.0,1.0,0.999,0.999,0.999,,1,1.0,0.0,58541.91
2026-08-30T16:15:41.998Z,66.361793,-147.401259,386.11,7.62,452.06,250.98,235.52,-1.88,-1.75,1.79,1.77,0.0,-0.0,1.0,0.999,0.999,0.999,,1,1.0,0.0,58542.664
2026-08-30T16:15:43.225Z,66.361793,-147.401259,386.11,7.62,452.06,250.98,235.52,-1.88,-1.75,1.79,1.77,0.0,-0.0,1.0,0.999,0.999,0.999,,1,1.0,0.0,58543.938
2026-08-30T16:15:44.030Z,66.361793,-147.401259,386.11,7.62,452.06,250.98,235.52,-1.88,-1.75,1.79,1.77,0.0,0.0,1.0,0.999,0.999,0.999,,1,1.0,0.0,58544.805
2026-08-30T16:15:45.452Z,66.361793,-147.401259,386.11,7.62,452.06,250.98,235.52,-1.88,-1.75,1.79,1.77,0.0,-0.0,1.0,0.999,0.999,0.999,,1,1.0,0.0,58546.215
2026-08-30T16:15:46.314Z,66.361793,-147.401259,386.11,7.62,452.06,250.98,235.52,-1.88,-1.75,1.79,1.77,0.0,-0.0,1.0,0.999,0.999,0.999,,1,1.0,0.0,58547.07
2026-08-30T16:15:47.694Z,66.361793,-147.401259,386.11,7.62,452.06,250.98,235.52,-1.88,-1.75,1.79,1.77,0.0,-0.0,1.0,0.999,0.999,0.999,,1,1.0,0.0,58548.461
2026-08-30T16:15:48.557Z,66.361793,-147.401259,386.11,7.62,452.06,250.98,235.52,-1.87,-1.75,1.79,1.77,0.0,-0.01,1.0,0.999,0.999,0.999,,1,1.0,0.0,58549.309
2026-08-30T16:15:50.580Z,66.361793,-147.401259,386.11,7.62,452.06,250.98,235.52,-1.88,-1.75,1.79,1.77,0.0,-0.01,1.0,0.999,0.999,0.999,,1,1.0,0.0,58551.34
2026-08-30T16:15:51.970Z,66.361793,-147.401259,386.11,7.62,452.06,250.98,235.52,-1.88,-1.75,1.79,1.77,0.0,0.0,1.0,0.999,0.999,0.999,,1,1.0,0.0,58552.742
2026-08-30T16:15:52.836Z,66.361793,-147.401259,386.11,7.62,452.06,250.98,235.52,-1.87,-1.75,1.79,1.77,0.0,0.01,1.0,0.999,0.999,0.999,,1,1.0,0.0,58553.586
2026-08-30T16:15:54.227Z,66.361793,-147.401259,386.11,7.62,452.06,250.98,235.52,-1.88,-1.75,1.79,1.77,0.0,-0.02,1.0,0.999,0.999,0.999,,1,1.0,0.0,58554.98
2026-08-30T16:15:55.079Z,66.361793,-147.401259,386.11,7.62,452.06,250.98,235.52,-1.88,-1.74,1.79,1.77,0.0,0.01,1.0,0.999,0.999,0.999,,1,1.0,0.0,58555.828
2026-08-30T16:15:56.469Z,66.361793,-147.401259,386.11,7.62,452.06,250.98,235.52,-1.87,-1.75,1.79,1.77,0.0,0.0,1.0,0.999,0.999,0.999,,1,1.0,0.0,58557.23
2026-08-30T16:15:57.329Z,66.361793,-147.401259,386.11,7.62,452.06,250.98,235.52,-1.88,-1.75,1.79,1.77,0.0,-0.01,1.0,0.999,0.999,0.999,,1,1.0,0.0,58558.09
2026-08-30T16:15:58.725Z,66.361793,-147.401259,386.11,7.62,452.06,250.98,235.52,-1.88,-1.72,1.79,1.77,0.01,0.02,1.0,0.999,0.999,0.999,,1,1.0,0.0,58559.488
2026-08-30T16:16:00.215Z,66.361793,-147.401259,386.11,7.62,452.06,250.98,235.52,-1.88,-1.74,1.79,1.77,0.0,0.0,1.0,0.999,0.999,0.999,,1,1.0,0.0,58560.961
2026-08-30T16:16:01.617Z,66.361793,-147.401259,386.11,7.62,452.06,250.98,235.52,-1.88,-1.73,1.79,1.77,0.01,0.01,1.0,0.999,0.999,0.999,,1,1.0,0.0,58562.387
2026-08-30T16:16:02.485Z,66.361793,-147.401259,386.11,7.62,452.06,250.98,235.52,-1.88,-1.74,1.79,1.77,0.0,0.0,1.0,0.999,0.999,0.999,,1,1.0,0.0,58563.238
2026-08-30T16:16:03.875Z,66.361793,-147.401259,386.11,7.62,452.06,250.98,235.52,-1.88,-1.81,1.79,1.77,0.02,0.0,1.0,0.999,0.999,0.999,,1,1.0,0.0,58564.637
2026-08-30T16:16:04.727Z,66.361793,-147.401259,386.11,7.62,452.06,250.98,235.52,-1.88,-1.79,1.79,1.77,0.01,0.0,1.0,0.999,0.999,0.999,,1,1.0,0.0,58565.504
2026-08-30T16:16:06.134Z,66.361793,-147.401259,386.11,7.62,452.06,250.98,235.52,-1.88,-1.78,1.79,1.77,0.01,0.0,1.0,0.999,0.999,0.999,,1,1.0,0.0,58566.902
2026-08-30T16:16:07.000Z,66.361793,-147.401259,386.11,7.62,452.06,250.98,235.52,-1.88,-1.75,1.79,1.77,0.01,0.0,1.0,0.999,0.999,0.999,,1,1.0,0.0,58567.766
2026-08-30T16:16:08.407Z,66.361793,-147.401259,386.11,7.62,452.06,250.98,235.52,-1.89,-1.75,1.79,1.77,0.0,0.0,1.0,0.999,0.999,0.999,,1,1.0,0.0,58569.164
2026-08-30T16:16:09.887Z,66.361793,-147.401259,386.11,7.62,452.06,250.98,235.52,-1.89,-1.79,1.79,1.77,0.01,-0.0,1.0,0.999,0.999,0.999,,1,1.0,0.0,58570.645
2026-08-30T16:16:11.286Z,66.361793,-147.401259,386.11,7.62,452.06,250.98,235.52,-1.89,-1.77,1.79,1.77,0.01,-0.0,1.0,0.999,0.999,0.999,,1,1.0,0.0,58572.039
2026-08-30T16:16:12.133Z,66.361793,-147.401259,386.11,7.62,452.06,250.98,235.52,-1.9,-1.77,1.79,1.77,0.0,0.0,1.0,0.999,0.999,0.999,,1,1.0,0.0,58572.879
2026-08-30T16:16:13.537Z,66.361793,-147.401259,386.11,7.62,452.06,250.98,235.52,-1.9,-1.74,1.79,1.77,0.0,0.0,1.0,0.999,0.999,0.999,,1,1.0,0.0,58574.305
2026-08-30T16:16:14.399Z,66.361793,-147.401259,386.11,7.62,452.06,250.98,235.52,-1.9,-1.82,1.79,1.77,0.02,-0.04,1.0,0.999,0.999,0.999,,1,1.0,0.0,58575.148
2026-08-30T16:16:15.791Z,66.361793,-147.401259,386.11,7.62,452.06,250.98,235.52,-1.9,-1.74,1.79,1.77,0.01,0.01,1.0,0.999,0.999,0.999,,1,1.0,0.0,58576.543
2026-08-30T16:16:16.634Z,66.361793,-147.401259,386.11,7.62,452.06,250.99,235.52,-1.9,-1.73,1.79,1.77,0.01,-0.0,1.0,0.999,0.999,0.999,,1,1.0,0.0,58577.406
2026-08-30T16:16:18.033Z,66.361793,-147.401259,386.11,7.62,452.06,250.98,235.52,-1.9,-1.76,1.79,1.77,0.0,0.01,1.0,0.999,0.999,0.999,,1,1.0,0.0,58578.793
2026-08-30T16:16:19.510Z,66.361793,-147.401259,386.11,7.62,452.06,250.98,235.52,-1.89,-1.64,1.79,1.77,0.03,0.03,1.0,0.999,0.999,0.999,,1,1.0,0.0,58580.27
2026-08-30T16:16:20.895Z,66.361793,-147.401259,386.11,7.62,452.06,250.98,235.52,-1.9,-1.8,1.79,1.77,0.0,-0.01,1.0,0.998,0.998,0.998,,1,1.0,0.0,58581.66
2026-08-30T16:16:21.752Z,66.361793,-147.401259,386.11,7.62,452.06,250.98,235.52,-1.9,-1.71,1.79,1.77,0.01,0.04,1.0,0.999,0.999,0.999,,1,1.0,0.0,58582.504
2026-08-30T16:16:23.147Z,66.361793,-147.401259,386.11,7.62,452.06,250.98,235.52,-1.89,-1.77,1.79,1.76,0.01,-0.01,1.0,0.999,0.999,0.999,,1,1.0,0.0,58583.887
2026-08-30T16:16:23.991Z,66.361793,-147.401259,386.11,7.62,452.06,250.98,235.52,-1.9,-1.75,1.79,1.77,0.0,-0.02,1.0,0.999,0.999,0.999,,1,1.0,0.0,58584.777
2026-08-30T16:16:25.423Z,66.361793,-147.401259,386.11,7.62,452.06,250.98,235.52,-1.9,-1.82,1.79,1.77,0.03,-0.01,1.0,1.0,1.0,1.0,,1,1.0,0.0,58586.211
2026-08-30T16:16:26.311Z,66.361793,-147.401259,386.11,7.62,452.06,250.98,235.52,-1.89,-1.8,1.79,1.76,0.0,0.02,1.0,0.999,0.999,0.999,,1,1.0,0.0,58587.109
2026-08-30T16:16:27.754Z,66.361793,-147.401259,386.11,7.62,452.06,250.98,235.52,-1.89,-1.75,1.79,1.77,0.01,-0.03,1.0,0.999,0.999,0.999,,1,1.0,0.0,58588.547
2026-08-30T16:16:28.644Z,66.361793,-147.401259,386.11,7.62,452.06,250.98,235.52,-1.91,-1.76,1.79,1.77,0.0,-0.0,1.0,0.999,0.999,0.999,,1,1.0,0.0,58589.422
2026-08-30T16:16:30.720Z,66.361793,-147.401259,386.11,7.62,452.06,250.98,235.52,-1.9,-1.69,1.79,1.77,0.02,0.04,1.0,0.998,0.998,0.998,,1,1.0,0.0,58591.496
2026-08-30T16:16:32.141Z,66.361793,-147.401259,386.11,7.62,452.06,250.98,235.52,-1.9,-1.8,1.79,1.77,0.01,0.01,1.0,1.0,1.0,1.0,,1,1.0,0.0,58592.895
2026-08-30T16:16:33.032Z,66.361793,-147.401259,386.11,7.62,452.06,250.98,235.52,-1.89,-1.77,1.79,1.77,0.0,-0.01,1.0,0.998,0.998,0.998,,1,1.0,0.0,58593.785
2026-08-30T16:16:34.443Z,66.361793,-147.401259,386.11,7.62,452.06,250.98,235.52,-1.91,-1.75,1.79,1.77,0.0,-0.01,1.0,0.999,0.999,0.999,,1,1.0,0.0,58595.223
2026-08-30T16:16:35.317Z,66.361793,-147.401259,386.11,7.62,452.06,250.98,235.52,-1.89,-1.75,1.79,1.77,0.0,0.02,1.0,0.999,0.999,0.999,,1,1.0,0.0,58596.098
2026-08-30T16:16:36.749Z,66.361793,-147.401259,386.11,7.62,452.06,250.98,235.52,-1.89,-1.75,1.79,1.76,0.0,-0.01,1.0,0.999,0.999,0.999,,1,1.0,0.0,58597.523
2026-08-30T16:16:37.630Z,66.361793,-147.401259,386.11,7.62,452.06,250.98,235.52,-1.9,-1.75,1.79,1.77,0.0,-0.02,1.0,0.999,0.999,0.999,,1,1.0,0.0,58598.398
2026-08-30T16:16:39.049Z,66.361793,-147.401259,386.11,7.62,452.06,250.98,235.52,-1.9,-1.75,1.79,1.77,0.0,0.02,1.0,0.999,0.999,0.999,,1,1.0,0.0,58599.816
2026-08-30T16:16:40.555Z,66.361793,-147.401259,386.11,7.62,452.06,250.98,235.52,-1.9,-1.75,1.79,1.77,0.0,0.02,1.0,0.999,0.999,0.999,,1,1.0,0.0,58601.32
2026-08-30T16:16:41.964Z,66.361793,-147.401259,386.11,7.62,452.06,250.98,235.52,-1.89,-1.75,1.79,1.76,0.0,-0.01,1.0,0.999,0.999,0.999,,1,1.0,0.0,58602.738
2026-08-30T16:16:42.838Z,66.361793,-147.401259,386.11,7.62,452.06,250.98,235.52,-1.9,-1.75,1.79,1.77,0.0,-0.01,1.0,0.999,0.999,0.999,,1,1.0,0.0,58603.609
2026-08-30T16:16:44.397Z,66.361793,-147.401259,386.11,7.62,452.06,250.98,235.52,-1.91,-1.75,1.79,1.77,0.0,-0.0,1.0,0.999,0.999,0.999,,1,1.0,0.0,58605.125
2026-08-30T16:16:45.216Z,66.361793,-147.401259,386.11,7.62,452.06,250.98,235.52,-1.89,-1.75,1.79,1.77,0.0,0.01,1.0,0.999,0.999,0.999,,1,1.0,0.0,58605.957
2026-08-30T16:16:46.612Z,66.361793,-147.401259,386.11,7.62,452.06,250.98,235.52,-1.9,-1.75,1.79,1.77,0.0,-0.02,1.0,0.999,0.999,0.999,,1,1.0,0.0,58607.367
2026-08-30T16:16:47.459Z,66.361793,-147.401259,386.11,7.62,452.06,250.98,235.52,-1.9,-1.75,1.79,1.77,0.0,0.01,1.0,0.999,0.999,0.999,,1,1.0,0.0,58608.238
2026-08-30T16:16:48.838Z,66.361793,-147.401259,386.11,7.62,452.06,250.98,235.52,-1.89,-1.75,1.79,1.76,0.0,-0.0,1.0,0.999,0.999,0.999,,1,1.0,0.0,58609.551
2026-08-30T16:16:50.253Z,66.361793,-147.401259,386.11,7.62,452.06,250.98,235.52,-1.9,-1.75,1.79,1.77,0.0,-0.02,1.0,0.999,0.999,0.999,,1,1.0,0.0,58610.98
2026-08-30T16:16:51.577Z,66.361793,-147.401259,386.11,7.62,452.06,250.98,235.52,-1.9,-1.75,1.79,1.77,0.0,0.02,1.0,0.999,0.999,0.999,,1,1.0,0.0,58612.309
2026-08-30T16:16:52.403Z,66.361793,-147.401259,386.11,7.62,452.06,250.98,235.52,-1.9,-1.75,1.79,1.77,0.0,-0.0,1.0,0.999,0.999,0.999,,1,1.0,0.0,58613.109
2026-08-30T16:16:53.710Z,66.361793,-147.401259,386.11,7.62,452.06,250.98,235.52,-1.9,-1.75,1.79,1.77,0.0,0.0,1.0,0.999,0.999,0.999,,1,1.0,0.0,58614.414
2026-08-30T16:16:54.505Z,66.361793,-147.401259,386.11,7.62,452.06,250.98,235.52,-1.9,-1.75,1.79,1.77,0.0,-0.0,1.0,0.999,0.999,0.999,,1,1.0,0.0,58615.223
2026-08-30T16:16:55.824Z,66.361793,-147.401259,386.11,7.62,452.06,250.98,235.52,-1.9,-1.75,1.79,1.77,0.0,0.0,1.0,0.999,0.999,0.999,,1,1.0,0.0,58616.523
2026-08-30T16:16:56.632Z,66.361793,-147.401259,386.11,7.62,452.06,250.98,235.52,-1.9,-1.75,1.79,1.77,0.0,-0.0,1.0,0.999,0.999,0.999,,1,1.0,0.0,58617.293
2026-08-30T16:16:57.904Z,66.361793,-147.401259,386.11,7.62,452.06,250.98,235.52,-1.9,-1.75,1.79,1.77,0.0,0.0,1.0,0.999,0.999,0.999,,1,1.0,0.0,58618.605
2026-08-30T16:16:59.261Z,66.361793,-147.401259,386.11,7.62,452.06,250.98,235.52,-1.9,-1.75,1.79,1.77,0.0,-0.0,1.0,0.999,0.999,0.999,,1,1.0,0.0,58619.93
2026-08-30T16:17:00.485Z,66.361793,-147.401259,386.11,7.62,452.06,250.98,235.52,-1.89,-1.75,1.79,1.77,0.0,0.01,1.0,0.999,0.999,0.999,,1,1.0,0.0,58621.195
2026-08-30T16:17:01.329Z,66.361793,-147.401259,386.11,7.62,452.06,250.98,235.52,-1.89,-1.75,1.79,1.77,0.0,0.02,1.0,,,,,1,1.0,0.0,58622.328
2026-08-30T16:17:03.120Z,66.361793,-147.401259,386.11,7.62,452.06,250.98,235.52,-1.9,-1.75,1.79,1.77,0.0,-0.0,1.0,0.999,0.999,0.999,,1,1.0,0.0,58624.023
2026-08-30T16:17:04.141Z,66.361793,-147.401259,386.11,7.62,452.06,250.98,235.52,-1.9,-1.75,1.79,1.77,0.0,0.01,1.0,0.999,0.999,0.999,,1,1.0,0.0,58624.984
2026-08-30T16:17:05.691Z,66.361793,-147.401259,386.11,7.62,452.06,250.98,235.52,-1.9,-1.75,1.79,1.77,0.0,0.02,1.0,0.999,0.999,0.999,,1,1.0,0.0,58626.539
2026-08-30T16:17:06.642Z,66.361793,-147.401259,386.11,7.62,452.06,250.98,235.52,-1.89,-1.75,1.79,1.77,0.0,0.02,1.0,0.999,0.999,0.999,,1,1.0,0.0,58627.496
2026-08-30T16:17:08.204Z,66.361793,-147.401259,386.11,7.62,452.06,250.98,235.52,-1.89,-1.75,1.79,1.77,0.0,0.02,1.0,0.999,0.999,0.999,,1,1.0,0.0,58629.055
2026-08-30T16:17:09.864Z,66.361793,-147.401259,386.11,7.62,452.06,250.98,235.52,-1.9,-1.75,1.79,1.77,0.0,0.02,1.0,0.999,0.999,0.999,,1,1.0,0.0,58630.715
2026-08-30T16:17:11.437Z,66.361793,-147.401259,386.11,7.62,452.06,250.98,235.52,-1.9,-1.75,1.79,1.77,0.0,0.02,1.0,0.999,0.999,0.999,,1,1.0,0.0,58632.285
2026-08-30T16:17:12.393Z,66.361793,-147.401259,386.11,7.62,452.06,250.98,235.52,-1.89,-1.75,1.79,1.77,0.0,0.02,1.0,0.999,0.999,0.999,,1,1.0,0.0,58633.301
2026-08-30T16:17:13.913Z,66.361793,-147.401259,386.11,7.62,452.06,250.98,235.52,-1.89,-1.75,1.79,1.76,0.0,-0.01,1.0,0.999,0.999,0.999,,1,1.0,0.0,58634.656
2026-08-30T16:17:14.747Z,66.361793,-147.401259,386.11,7.62,452.06,250.98,235.52,-1.91,-1.75,1.79,1.77,0.0,0.0,1.0,0.999,0.999,0.999,,1,1.0,0.0,58635.469
2026-08-30T16:17:16.061Z,66.361793,-147.401259,386.11,7.62,452.06,250.98,235.52,-1.89,-1.75,1.79,1.76,0.0,-0.01,1.0,0.999,0.999,0.999,,1,1.0,0.0,58636.746
2026-08-30T16:17:16.826Z,66.361793,-147.401259,386.11,7.62,452.06,250.98,235.52,-1.91,-1.75,1.79,1.77,0.0,0.01,1.0,0.999,0.999,0.999,,1,1.0,0.0,58637.5
2026-08-30T16:17:18.049Z,66.361793,-147.401259,386.11,7.62,452.06,250.98,235.52,-1.9,-1.75,1.79,1.77,0.0,-0.02,1.0,0.999,0.999,0.999,,1,1.0,0.0,58638.695
2026-08-30T16:17:19.317Z,66.361793,-147.401259,386.11,7.62,452.06,250.98,235.52,-1.89,-1.75,1.79,1.77,0.0,0.02,1.0,0.999,0.999,0.999,,1,1.0,0.0,58639.977
2026-08-30T16:17:20.511Z,66.361793,-147.401259,386.11,7.62,452.06,250.98,235.52,-1.91,-1.75,1.79,1.77,0.0,0.01,1.0,0.999,0.999,0.999,,1,1.0,0.0,58641.156
2026-08-30T16:17:21.623Z,66.361793,-147.401259,386.11,7.62,452.06,250.98,235.52,-1.9,-1.75,1.79,1.77,0.0,-0.01,1.0,0.999,0.999,0.999,0.035,3,1.0,0.0,58642.285
2026-08-30T16:17:22.814Z,66.361793,-147.401259,386.11,7.62,452.06,250.98,235.52,-1.9,-1.75,1.79,1.77,0.0,-0.02,1.0,0.999,0.999,0.999,,1,1.0,0.0,58643.465
2026-08-30T16:17:23.556Z,66.361793,-147.401259,386.11,7.62,452.06,250.98,235.52,-1.9,-1.75,1.79,1.77,0.0,0.02,1.0,0.999,0.999,0.999,,1,1.0,0.0,58644.289
2026-08-30T16:17:24.566Z,66.361793,-147.401259,386.11,7.62,452.06,250.98,235.52,-1.9,-1.75,1.79,1.77,0.0,0.02,1.0,0.999,0.999,0.999,0.041,2,1.0,0.0,58645.273
2026-08-30T16:17:25.874Z,66.361793,-147.401259,386.11,7.62,452.06,250.98,235.52,-1.9,-1.75,1.79,1.77,0.0,-0.02,1.0,0.999,0.999,0.999,,1,1.0,0.0,58646.57
2026-08-30T16:17:26.675Z,66.361793,-147.401259,386.11,7.62,452.06,250.98,235.52,-1.9,-1.75,1.79,1.77,0.0,0.02,1.0,0.999,0.999,0.999,,1,1.0,0.0,58647.387
2026-08-30T16:17:27.929Z,66.361793,-147.401259,386.11,7.62,452.06,250.98,235.52,-1.9,-1.75,1.79,1.77,0.0,-0.02,1.0,0.999,0.999,0.999,,1,1.0,0.0,58648.652
2026-08-30T16:17:29.350Z,66.361793,-147.401259,386.11,7.62,452.06,250.98,235.52,-1.9,-1.75,1.79,1.77,0.0,0.01,1.0,0.999,0.999,0.999,,1,1.0,0.0,58650.062
2026-08-30T16:17:30.610Z,66.361793,-147.401259,386.11,7.62,452.06,250.98,235.52,-1.9,-1.75,1.79,1.77,0.0,-0.02,1.0,0.999,0.999,0.999,,1,1.0,0.0,58651.262
2026-08-30T16:17:31.348Z,66.361793,-147.401259,386.11,7.62,452.06,250.98,235.52,-1.9,-1.75,1.79,1.77,0.0,0.01,1.0,0.999,0.999,0.999,,1,1.0,0.0,58652.023
2026-08-30T16:17:32.111Z,66.361793,-147.401259,386.11,7.62,452.06,250.98,235.52,-1.9,-1.75,1.79,1.77,0.0,-0.01,1.0,0.999,0.999,0.999,,1,1.0,0.0,58652.77
2026-08-30T16:17:33.339Z,66.361793,-147.401259,386.11,7.62,452.06,250.98,235.52,-1.89,-1.75,1.79,1.76,0.0,-0.01,1.0,0.999,0.999,0.999,,1,1.0,0.0,58654.051
2026-08-30T16:17:34.150Z,66.361793,-147.401259,386.11,7.62,452.06,250.98,235.52,-1.91,-1.75,1.79,1.77,0.0,-0.0,1.0,0.999,0.999,0.999,,1,1.0,0.0,58654.84
2026-08-30T16:17:35.375Z,66.361793,-147.401259,386.11,7.62,452.06,250.98,235.52,-1.89,-1.75,1.79,1.77,0.0,-0.02,1.0,0.999,0.999,0.999,,1,1.0,0.0,58655.969
2026-08-30T16:17:36.050Z,66.361793,-147.401259,386.11,7.62,452.06,250.98,235.52,-1.89,-1.75,1.79,1.76,0.0,0.01,1.0,0.999,0.999,0.999,,1,1.0,0.0,58656.68
2026-08-30T16:17:36.730Z,66.361793,-147.401259,386.11,7.62,452.06,250.98,235.52,-1.91,-1.75,1.79,1.77,0.0,0.02,1.0,0.999,0.999,0.999,,1,1.0,0.0,58657.363
2026-08-30T16:17:37.995Z,66.361793,-147.401259,386.11,7.62,452.06,250.98,235.52,-1.89,-1.75,1.79,1.76,0.0,-0.02,1.0,0.999,0.999,0.999,,1,1.0,0.0,58658.621
2026-08-30T16:17:39.231Z,66.361793,-147.401259,386.11,7.62,452.06,250.98,235.52,-1.89,-1.75,1.79,1.76,0.0,0.01,1.0,0.999,0.999,0.999,,1,1.0,0.0,58659.867
2026-08-30T16:17:40.409Z,66.361793,-147.401259,386.11,7.62,452.06,250.98,235.52,-1.9,-1.75,1.79,1.77,0.0,0.02,1.0,0.999,0.999,0.999,,1,1.0,0.0,58661.039
2026-08-30T16:17:41.128Z,66.361793,-147.401259,386.11,7.62,452.06,250.98,235.52,-1.89,-1.75,1.79,1.77,0.0,-0.02,1.0,0.999,0.999,0.999,,1,1.0,0.0,58661.746
2026-08-30T16:17:41.820Z,66.361793,-147.401259,386.11,7.62,452.06,250.98,235.52,-1.89,-1.75,1.79,1.77,0.0,0.01,1.0,0.999,0.999,0.999,,1,1.0,0.0,58662.457
2026-08-30T16:17:42.973Z,66.361793,-147.401259,386.11,7.62,452.06,250.98,235.52,-1.9,-1.75,1.79,1.77,0.0,0.02,1.0,0.999,0.999,0.999,,1,1.0,0.0,58663.562
2026-08-30T16:17:43.645Z,66.361793,-147.401259,386.11,7.62,452.06,250.98,235.52,-1.9,-1.75,1.79,1.77,0.0,-0.02,1.0,0.999,0.999,0.999,,1,1.0,0.0,58664.602
2026-08-30T16:17:44.726Z,66.361793,-147.401259,386.11,7.62,452.06,250.98,235.52,-1.89,-1.75,1.79,1.76,0.0,0.01,1.0,0.999,0.999,0.999,,1,1.0,0.0,58665.68
2026-08-30T16:17:46.452Z,66.361793,-147.401259,386.11,7.62,452.06,250.98,235.52,-1.89,-1.75,1.79,1.77,0.0,0.02,1.0,0.999,0.999,0.999,,1,1.0,0.0,58667.375
2026-08-30T16:17:47.495Z,66.361793,-147.401259,386.11,7.62,452.06,250.98,235.52,-1.71,-1.76,1.82,1.77,0.01,-0.05,1.0,0.999,0.999,0.999,,1,1.0,0.0,58668.43
2026-08-30T16:17:49.204Z,66.361793,-147.401259,386.11,7.64,452.06,250.97,235.51,-1.6,-1.77,1.8,1.76,0.01,-0.06,1.0,0.999,0.999,0.999,,1,1.0,0.0,58670.055
2026-08-30T16:17:50.712Z,66.361793,-147.401259,386.11,7.64,452.06,250.97,235.51,-1.61,-1.75,1.79,1.76,0.01,-0.03,1.0,0.999,0.999,0.999,,1,1.0,0.0,58671.402
2026-08-30T16:17:51.964Z,66.361793,-147.401259,386.11,7.64,452.06,250.98,235.52,-1.69,-1.77,1.79,1.75,0.01,-0.02,1.0,0.999,0.999,0.999,,1,1.0,0.0,58672.617
2026-08-30T16:17:52.711Z,66.361793,-147.401259,386.11,7.61,452.06,250.98,235.52,-1.8,-1.7,1.78,1.76,0.02,0.01,1.0,0.999,0.999,0.999,,1,1.0,0.0,58673.473
2026-08-30T16:17:53.559Z,66.361793,-147.401259,386.11,7.61,452.06,250.98,235.52,-1.85,-1.73,1.79,1.76,0.01,0.01,1.0,0.999,0.999,0.999,,1,1.0,0.0,58674.148
2026-08-30T16:17:54.685Z,66.361793,-147.401259,386.11,7.62,452.06,250.99,235.53,-1.9,-1.75,1.8,1.77,0.0,-0.02,1.0,0.999,0.999,0.999,,1,1.0,0.0,58675.309
2026-08-30T16:17:55.383Z,66.361793,-147.401259,386.11,7.62,452.06,250.99,235.53,-1.88,-1.75,1.79,1.76,0.0,-0.01,1.0,0.999,0.999,0.999,,1,1.0,0.0,58675.992
2026-08-30T16:17:56.246Z,66.361793,-147.401259,386.11,7.62,452.06,250.99,235.53,-1.9,-1.75,1.8,1.77,0.0,-0.01,1.0,0.999,0.999,0.999,0.043,2,1.0,0.0,58676.848
2026-08-30T16:17:57.363Z,66.361793,-147.401259,386.11,7.62,452.06,250.99,235.53,-1.9,-1.75,1.79,1.77,0.0,-0.02,1.0,0.999,0.999,0.999,,1,1.0,0.0,58677.977
2026-08-30T16:17:58.631Z,66.361793,-147.401259,386.11,7.62,452.06,250.99,235.53,-1.9,-1.75,1.79,1.77,0.0,0.02,1.0,0.999,0.999,0.999,0.007,2,1.0,0.0,58679.234
2026-08-30T16:17:59.739Z,66.361793,-147.401259,386.11,7.62,452.06,250.99,235.53,-1.9,-1.75,1.79,1.77,0.0,0.02,1.0,0.999,0.999,0.999,,1,1.0,0.0,58680.348
2026-08-30T16:18:00.423Z,66.361793,-147.401259,386.11,7.62,452.06,250.99,235.53,-1.9,-1.75,1.79,1.77,0.0,-0.01,1.0,0.999,0.999,0.999,,1,1.0,0.0,58681.031
2026-08-30T16:18:01.295Z,66.361793,-147.401259,386.11,7.62,452.06,250.99,235.53,-1.9,-1.75,1.79,1.77,0.0,0.02,1.0,0.999,0.999,0.999,0.031,2,1.0,0.0,58681.898
2026-08-30T16:18:02.366Z,66.361793,-147.401259,386.11,7.62,452.06,250.99,235.53,-1.9,-1.75,1.79,1.77,0.0,0.02,1.0,0.999,0.999,0.999,,1,1.0,0.0,58682.973
2026-08-30T16:18:03.231Z,66.361793,-147.401259,386.11,7.62,452.06,250.99,235.53,-1.89,-1.75,1.79,1.76,0.0,-0.01,1.0,0.999,0.999,0.999,0.022,2,1.0,0.0,58683.82
2026-08-30T16:18:04.292Z,66.361793,-147.401259,386.11,7.62,452.06,250.99,235.53,-1.89,-1.75,1.79,1.76,0.0,-0.01,1.0,0.999,0.999,0.999,0.033,3,1.0,0.0,58684.871
2026-08-30T16:18:05.378Z,66.361793,-147.401259,386.11,7.62,452.06,250.99,235.53,-1.89,-1.75,1.79,1.76,0.0,0.0,1.0,0.999,0.999,0.999,,1,1.0,0.0,58685.984
2026-08-30T16:18:06.240Z,66.361793,-147.401259,386.11,7.62,452.06,250.99,235.53,-1.9,-1.75,1.79,1.77,0.0,-0.02,1.0,0.999,0.999,0.999,0.037,2,1.0,0.0,58686.828
2026-08-30T16:18:07.323Z,66.361793,-147.401259,386.11,7.62,452.06,250.99,235.53,-1.89,-1.75,1.79,1.77,0.0,-0.02,1.0,0.999,0.999,0.999,0.031,3,1.0,0.0,58687.922
2026-08-30T16:18:08.421Z,66.361793,-147.401259,386.11,7.62,452.06,250.99,235.53,-1.89,-1.75,1.79,1.76,0.0,-0.02,1.0,0.999,0.999,0.999,,1,1.0,0.0,58689.035
2026-08-30T16:18:09.619Z,66.361793,-147.401259,386.11,7.62,452.06,250.99,235.53,-1.89,-1.75,1.79,1.77,0.0,0.02,1.0,0.999,0.999,0.999,,1,1.0,0.0,58690.227
2026-08-30T16:18:10.733Z,66.361793,-147.401259,386.11,7.62,452.06,250.99,235.53,-1.9,-1.75,1.79,1.77,0.0,0.02,1.0,0.999,0.999,0.999,,1,1.0,0.0,58691.301
2026-08-30T16:18:11.383Z,66.361793,-147.401259,386.11,7.62,452.06,250.99,235.53,-1.9,-1.75,1.79,1.77,0.0,-0.02,1.0,0.999,0.999,0.999,,1,1.0,0.0,58692.305
2026-08-30T16:18:12.452Z,66.361793,-147.401259,386.11,7.62,452.06,250.99,235.53,-1.89,-1.75,1.79,1.76,0.0,0.0,1.0,0.999,0.999,0.999,,1,1.0,0.0,58693.438
2026-08-30T16:18:14.274Z,66.361793,-147.401259,386.11,7.62,452.06,250.99,235.53,-1.9,-1.75,1.79,1.77,0.0,0.01,1.0,0.999,0.999,0.999,,1,1.0,0.0,58695.223
2026-08-30T16:18:15.342Z,66.361793,-147.401259,386.11,7.62,452.06,250.99,235.53,-1.9,-1.75,1.79,1.77,0.0,0.0,1.0,0.999,0.999,0.999,,1,1.0,0.0,58696.277
2026-08-30T16:18:17.072Z,66.361793,-147.401259,386.11,7.62,452.06,250.99,235.53,-1.9,-1.75,1.8,1.77,0.0,-0.02,1.0,0.999,0.999,0.999,,1,1.0,0.0,58698.016
2026-08-30T16:18:18.134Z,66.361793,-147.401259,386.11,7.62,452.06,250.99,235.53,-1.9,-1.75,1.79,1.77,0.0,-0.02,1.0,0.999,0.999,0.999,,1,1.0,0.0,58699.07
2026-08-30T16:18:20.639Z,66.361793,-147.401259,386.11,7.62,452.06,250.99,235.53,-1.9,-1.75,1.79,1.77,0.0,-0.01,1.0,0.999,0.999,0.999,,1,1.0,0.0,58701.574
2026-08-30T16:18:22.346Z,66.361793,-147.401259,386.11,7.62,452.06,250.99,235.53,-1.9,-1.75,1.79,1.77,0.0,-0.02,1.0,0.999,0.999,0.999,,1,1.0,0.0,58703.27
2026-08-30T16:18:23.391Z,66.361793,-147.401259,386.11,7.62,452.06,250.99,235.53,-1.89,-1.75,1.79,1.77,0.0,-0.01,1.0,0.999,0.999,0.999,,1,1.0,0.0,58704.348
2026-08-30T16:18:25.180Z,66.361793,-147.401259,386.11,7.62,452.06,250.99,235.53,-1.9,-1.75,1.79,1.77,0.0,0.01,1.0,0.999,0.999,0.999,,1,1.0,0.0,58706.145
2026-08-30T16:18:26.292Z,66.361793,-147.401259,386.11,7.62,452.06,250.99,235.53,-1.9,-1.75,1.79,1.77,0.0,0.01,1.0,0.999,0.999,0.999,,1,1.0,0.0,58707.234
2026-08-30T16:18:27.984Z,66.361793,-147.401259,386.11,7.62,452.06,250.99,235.53,-1.9,-1.75,1.79,1.77,0.0,-0.01,1.0,0.999,0.999,0.999,,1,1.0,0.0,58708.863
2026-08-30T16:18:29.731Z,66.361793,-147.401259,386.11,7.62,452.06,250.99,235.53,-1.89,-1.75,1.79,1.76,0.0,-0.0,1.0,0.999,0.999,0.999,,1,1.0,0.0,58710.68
2026-08-30T16:18:31.463Z,66.361793,-147.401259,386.11,7.62,452.06,250.99,235.53,-1.9,-1.75,1.79,1.77,0.0,0.01,1.0,0.999,0.999,0.999,,1,1.0,0.0,58712.402
2026-08-30T16:18:32.528Z,66.361793,-147.401259,386.11,7.62,452.06,250.99,235.53,-1.89,-1.75,1.79,1.77,0.0,0.01,1.0,0.999,0.999,0.999,,1,1.0,0.0,58713.539
2026-08-30T16:18:34.321Z,66.361793,-147.401259,386.11,7.62,452.06,250.99,235.53,-1.9,-1.75,1.79,1.77,0.0,-0.02,1.0,0.999,0.999,0.999,,1,1.0,0.0,58715.277
2026-08-30T16:18:35.393Z,66.361793,-147.401259,386.11,7.62,452.06,250.99,235.53,-1.9,-1.75,1.79,1.77,0.0,-0.02,1.0,0.999,0.999,0.999,,1,1.0,0.0,58716.344
2026-08-30T16:18:37.137Z,66.361793,-147.401259,386.11,7.62,452.06,250.99,235.53,-1.89,-1.75,1.79,1.76,0.0,0.01,1.0,0.999,0.999,0.999,,1,1.0,0.0,58718.07
2026-08-30T16:18:38.189Z,66.361793,-147.401259,386.11,7.62,452.06,250.99,235.53,-1.89,-1.75,1.79,1.76,0.0,0.0,1.0,0.999,0.999,0.999,,1,1.0,0.0,58719.07
2026-08-30T16:18:40.660Z,66.361793,-147.401259,386.11,7.62,452.06,250.99,235.53,-1.9,-1.75,1.79,1.77,0.0,-0.02,1.0,0.999,0.999,0.999,,1,1.0,0.0,58721.605
2026-08-30T16:18:42.402Z,66.361793,-147.401259,386.11,7.61,452.06,250.97,235.51,-1.78,-1.75,1.79,1.76,0.0,0.02,1.0,0.999,0.999,0.999,,1,1.0,0.0,58723.34
2026-08-30T16:18:43.459Z,66.361793,-147.401259,386.11,7.62,452.06,250.97,235.51,-1.8,-1.75,1.8,1.77,0.0,0.02,1.0,0.999,0.999,0.999,,1,1.0,0.0,58724.398
2026-08-30T16:18:45.204Z,66.361793,-147.401259,386.11,7.61,452.06,250.97,235.51,-1.78,-1.68,1.8,1.77,0.0,-0.0,1.0,0.999,0.999,0.999,,1,1.0,0.0,58726.148
2026-08-30T16:18:46.263Z,66.361793,-147.401259,386.11,7.64,452.06,250.97,235.51,-1.78,-1.73,1.87,1.88,0.13,0.06,1.0,0.999,0.999,0.999,,1,1.0,0.0,58727.219
2026-08-30T16:18:48.018Z,66.361793,-147.401263,386.11,7.58,452.06,251.64,236.21,-2.17,-2.05,2.42,2.46,0.73,0.01,1.0,1.003,1.003,1.003,,1,1.0,0.0,58729.137
2026-08-30T16:18:50.224Z,66.361791,-147.401279,386.16,7.59,452.09,253.18,237.77,-2.39,-2.21,2.37,2.34,0.66,1.24,1.0,0.999,0.999,0.999,,1,1.0,0.0,58731.328
2026-08-30T16:18:52.250Z,66.36179,-147.401295,386.2,7.61,452.13,254.62,239.2,-2.26,-3.25,2.44,2.33,0.68,1.73,1.0,0.997,0.997,0.997,,1,1.0,0.0,58733.332
2026-08-30T16:18:54.247Z,66.361789,-147.40131,386.27,7.64,452.21,255.82,240.39,-2.76,-3.98,2.33,2.26,0.64,1.69,1.0,1.0,1.0,1.0,,1,1.0,0.0,58735.27
2026-08-30T16:18:55.390Z,66.361788,-147.401318,386.3,7.6,452.24,257.27,241.89,-2.72,-4.27,2.05,1.93,0.39,1.68,1.0,0.995,0.995,0.995,,1,1.0,0.0,58736.355
2026-08-30T16:18:57.145Z,66.361788,-147.401324,386.32,7.62,452.26,260.33,244.88,-2.63,-4.53,1.5,1.45,0.0,0.49,1.0,0.997,0.997,0.997,,1,1.0,0.0,58738.094
2026-08-30T16:18:58.210Z,66.361788,-147.401324,386.32,7.62,452.27,260.36,244.89,-2.63,-4.53,1.49,1.47,0.01,0.17,1.0,0.996,0.996,0.996,,1,1.0,0.0,58739.172
2026-08-30T16:19:00.745Z,66.361788,-147.401324,386.32,7.62,452.27,260.36,244.9,-2.61,-4.5,1.48,1.45,0.01,-0.01,1.0,0.996,0.996,0.996,,1,1.0,0.0,58741.707
2026-08-30T16:19:02.491Z,66.361788,-147.401324,386.32,7.62,452.27,260.36,244.9,-2.63,-4.5,1.47,1.45,0.01,0.0,1.0,0.996,0.996,0.996,,1,1.0,0.0,58743.449
2026-08-30T16:19:03.569Z,66.361788,-147.401324,386.32,7.62,452.27,260.36,244.9,-2.62,-4.52,1.48,1.45,0.01,-0.03,1.0,0.996,0.996,0.996,,1,1.0,0.0,58744.516
2026-08-30T16:19:05.306Z,66.361788,-147.401324,386.32,7.62,452.27,260.36,244.9,-2.64,-4.51,1.48,1.46,0.0,-0.01,1.0,0.996,0.996,0.996,,1,1.0,0.0,58746.262
2026-08-30T16:19:06.380Z,66.361788,-147.401324,386.32,7.62,452.27,260.36,244.9,-2.62,-4.5,1.48,1.45,0.01,-0.01,1.0,0.996,0.996,0.996,,1,1.0,0.0,58747.324
2026-08-30T16:19:08.102Z,66.361788,-147.401324,386.32,7.62,452.27,260.36,244.9,-2.62,-4.51,1.48,1.46,0.0,-0.0,1.0,0.996,0.996,0.996,,1,1.0,0.0,58749.055
2026-08-30T16:19:09.968Z,66.361788,-147.401324,386.32,7.62,452.27,260.36,244.9,-2.6,-4.52,1.48,1.46,0.01,-0.02,1.0,0.996,0.996,0.996,,1,1.0,0.0,58750.918
2026-08-30T16:19:11.715Z,66.361788,-147.401324,386.32,7.62,452.27,260.36,244.9,-2.58,-4.51,1.48,1.46,0.0,-0.02,1.0,0.996,0.996,0.996,,1,1.0,0.0,58752.672
2026-08-30T16:19:12.791Z,66.361788,-147.401324,386.32,7.61,452.27,260.37,244.91,-2.57,-4.55,1.48,1.46,0.0,-0.01,1.0,0.996,0.996,0.996,,1,1.0,0.0,58753.75
2026-08-30T16:19:14.532Z,66.361788,-147.401324,386.32,7.62,452.28,260.53,245.08,-2.54,-4.52,1.51,1.49,0.05,0.01,1.0,0.996,0.996,0.996,,1,1.0,0.0,58755.5
2026-08-30T16:19:15.617Z,66.361788,-147.401325,386.33,7.62,452.29,261.06,245.65,-2.49,-4.58,1.57,1.57,0.16,0.24,1.0,0.996,0.996,0.996,,1,1.0,0.0,58756.578
2026-08-30T16:19:17.372Z,66.361788,-147.401331,386.34,7.66,452.29,262.44,247.0,-2.49,-4.81,2.16,2.27,0.94,0.34,1.0,0.994,0.994,0.994,,1,1.0,0.0,58758.328
2026-08-30T16:19:18.445Z,66.361788,-147.401342,386.36,7.61,452.3,264.19,248.88,-2.19,-5.26,2.76,2.89,1.67,1.38,1.0,0.997,0.997,0.997,,1,1.0,0.0,58759.418
2026-08-30T16:19:21.056Z,66.361788,-147.401397,386.65,7.49,452.5,277.15,261.98,-2.09,-2.59,2.74,2.53,1.73,10.74,1.0,1.009,1.009,1.009,,1,1.0,0.0,58762.02
2026-08-30T16:19:22.831Z,66.361791,-147.401429,386.93,7.57,452.78,285.94,270.75,-0.26,-3.17,1.7,1.58,1.18,7.03,1.0,0.993,0.993,0.993,,1,1.0,0.0,58763.793
2026-08-30T16:19:23.909Z,66.361793,-147.401444,386.96,7.6,452.88,291.44,276.35,0.29,-3.19,1.85,1.93,1.88,1.31,1.0,0.999,0.999,0.999,,1,1.0,0.0,58764.879
2026-08-30T16:19:25.677Z,66.361802,-147.401481,386.91,7.73,452.89,303.37,288.27,0.14,-3.23,2.67,2.68,3.12,-0.44,1.0,1.002,1.002,1.002,,1,1.0,0.0,58766.641
2026-08-30T16:19:26.763Z,66.361811,-147.401512,386.93,7.76,452.89,308.77,293.45,0.72,-2.49,3.14,3.26,3.9,-1.18,1.0,1.011,1.011,1.011,,1,1.0,0.0,58767.711
2026-08-30T16:19:28.438Z,66.361832,-147.401573,386.72,7.79,452.79,314.48,299.05,-2.33,0.36,4.46,4.6,5.31,0.13,1.0,0.996,0.996,0.996,,1,1.0,0.0,58769.379
2026-08-30T16:19:30.290Z,66.361864,-147.401653,386.92,7.71,452.83,315.0,299.56,0.01,-1.26,5.29,5.36,6.21,1.17,1.0,0.976,0.976,0.976,,1,1.0,0.0,58771.223
2026-08-30T16:19:32.026Z,66.361902,-147.401745,386.87,7.58,452.82,317.77,302.29,-0.49,0.37,6.46,6.44,7.51,1.5,1.0,1.012,1.012,1.012,,1,1.0,0.0,58772.98
2026-08-30T16:19:33.101Z,66.361929,-147.401806,386.98,7.77,452.85,317.01,301.5,0.95,0.21,7.29,7.29,8.25,-5.88,1.0,1.017,1.017,1.017,,1,1.0,0.0,58773.996
2026-08-30T16:19:34.754Z,66.361977,-147.401921,386.36,7.57,452.64,315.69,300.2,0.15,0.19,9.07,9.06,10.08,-16.86,1.0,0.939,0.939,0.939,,1,1.0,0.0,58775.668
2026-08-30T16:19:35.797Z,66.362011,-147.402004,386.51,7.76,452.44,314.64,298.94,1.64,-2.13,9.98,10.03,10.9,-20.83,1.0,1.077,1.077,1.077,,1,1.0,0.0,58776.684
2026-08-30T16:19:37.499Z,66.362069,-147.40217,385.16,7.75,451.7,307.59,291.96,0.37,-0.27,12.36,12.33,12.92,-23.19,1.0,1.03,1.03,1.03,,1,1.0,0.0,58778.496
2026-08-30T16:19:38.609Z,66.362108,-147.402303,385.32,7.74,451.28,303.48,287.75,-0.03,-2.22,13.09,13.1,13.29,-6.41,1.0,1.047,1.047,1.047,,1,1.0,0.0,58779.57
2026-08-30T16:19:41.164Z,66.362192,-147.402649,384.1,7.58,450.73,300.04,284.55,-0.54,-0.83,15.12,15.28,15.52,-39.84,1.0,0.849,0.849,0.849,,1,1.0,0.0,58782.117
2026-08-30T16:19:42.873Z,66.362255,-147.402921,382.77,7.72,449.42,299.62,284.09,-0.21,-0.88,17.04,17.0,17.19,-49.17,1.0,1.008,1.008,1.008,,1,1.0,0.0,58783.762
2026-08-30T16:19:43.872Z,66.362294,-147.403094,382.21,7.65,448.68,299.11,283.55,-1.28,-0.34,17.67,17.58,17.63,-20.16,1.0,1.02,1.02,1.02,,1,1.0,0.0,58784.789
2026-08-30T16:19:45.557Z,66.362355,-147.4034,381.96,7.68,448.13,288.21,272.24,-0.57,-0.29,18.98,18.88,18.49,-13.94,1.0,1.017,1.017,1.017,,1,1.0,0.0,58786.512
2026-08-30T16:19:46.629Z,66.362378,-147.40362,381.78,7.71,447.89,278.46,262.5,-0.67,-0.95,20.01,19.87,19.06,-5.9,1.0,1.005,1.005,1.005,,1,1.0,0.0,58787.574
2026-08-30T16:19:48.366Z,66.362387,-147.404001,381.87,7.64,447.8,265.59,249.8,-0.46,-0.53,21.1,20.83,19.61,3.78,1.0,0.995,0.995,0.995,,1,1.0,0.0,58789.285
2026-08-30T16:19:50.188Z,66.362363,-147.404409,382.36,7.71,448.07,256.02,240.44,-0.95,-0.11,21.87,21.57,19.95,19.15,1.0,0.989,0.989,0.989,,1,1.0,0.0,58791.113
2026-08-30T16:19:51.888Z,66.362323,-147.404787,383.21,7.72,448.7,254.64,239.14,-1.15,-0.34,22.04,21.68,20.04,33.11,1.0,1.016,1.016,1.016,,1,1.0,0.0,58792.809
2026-08-30T16:19:52.921Z,66.362298,-147.40502,383.88,7.73,449.28,254.3,238.78,-1.44,-0.47,22.07,21.73,20.04,41.02,1.0,1.014,1.014,1.014,,1,1.0,0.0,58793.844
2026-08-30T16:19:54.686Z,66.362253,-147.40541,385.27,7.74,450.54,253.51,238.03,-0.9,-0.48,21.93,21.54,19.89,42.57,1.0,1.022,1.022,1.022,,1,1.0,0.0,58795.734
2026-08-30T16:19:55.855Z,66.362222,-147.405666,386.03,7.66,451.36,253.21,237.73,-1.06,-0.03,21.96,21.6,19.89,39.63,1.0,0.972,0.972,0.972,,1,1.0,0.0,58796.781
2026-08-30T16:19:57.543Z,66.362176,-147.406038,386.97,7.72,452.39,252.64,237.16,-0.96,0.11,21.97,21.6,19.9,28.69,1.0,1.042,1.042,1.042,,1,1.0,0.0,58798.473
2026-08-30T16:19:58.583Z,66.362147,-147.406266,387.25,7.59,452.87,252.24,236.78,-0.76,0.18,22.12,21.8,20.12,20.4,1.0,0.996,0.996,0.996,,1,1.0,0.0,58799.512
2026-08-30T16:20:01.040Z,66.362075,-147.406812,387.72,7.68,453.57,251.19,235.68,-0.57,-0.19,22.92,22.65,20.92,5.37,1.0,0.962,0.962,0.962,,1,1.0,0.0,58801.973
2026-08-30T16:20:02.754Z,66.362021,-147.407203,387.63,7.68,453.64,250.98,235.59,-0.79,-0.17,23.69,23.44,21.71,-10.19,1.0,1.02,1.02,1.02,,1,1.0,0.0,58803.684
2026-08-30T16:20:03.801Z,66.361988,-147.407451,387.39,7.59,453.5,251.91,236.45,-0.58,0.18,24.16,23.89,22.21,-14.37,1.0,0.979,0.979,0.979,,1,1.0,0.0,58804.715
2026-08-30T16:20:05.492Z,66.361933,-147.407864,386.91,7.64,453.07,251.38,235.9,-0.71,0.17,25.06,24.78,23.03,-14.67,1.0,1.027,1.027,1.027,,1,1.0,0.0,58806.414
2026-08-30T16:20:06.527Z,66.361897,-147.408126,386.72,7.66,452.84,250.84,235.34,-0.97,-0.59,25.51,25.19,23.4,-6.09,1.0,1.036,1.036,1.036,,1,1.0,0.0,58807.461
2026-08-30T16:20:08.223Z,66.361836,-147.40856,386.77,7.66,452.7,250.34,234.86,-1.07,-0.46,26.02,25.69,23.92,3.75,1.0,1.0,1.0,1.0,,1,1.0,0.0,58809.141
2026-08-30T16:20:10.014Z,66.36177,-147.409027,387.01,7.69,452.86,251.35,235.92,-1.1,-0.06,26.42,26.07,24.33,6.79,1.0,1.029,1.029,1.029,,1,1.0,0.0,58810.93
2026-08-30T16:20:11.691Z,66.361709,-147.409471,387.32,7.67,453.11,250.92,235.42,-0.77,-0.23,26.86,26.51,24.76,4.6,1.0,1.012,1.012,1.012,,1,1.0,0.0,58812.598
2026-08-30T16:20:12.717Z,66.36167,-147.409748,387.3,7.65,453.21,250.5,235.05,-0.4,0.44,27.21,26.84,25.1,-3.13,1.0,1.01,1.01,1.01,,1,1.0,0.0,58813.617
2026-08-30T16:20:14.370Z,66.361605,-147.410203,386.87,7.67,453.05,250.02,234.51,-0.38,0.43,27.96,27.63,25.87,-21.15,1.0,0.989,0.989,0.989,,1,1.0,0.0,58815.289
2026-08-30T16:20:15.400Z,66.361563,-147.41049,386.37,7.65,452.7,249.61,234.14,-0.39,0.86,28.51,28.19,26.43,-29.48,1.0,1.016,1.016,1.016,,1,1.0,0.0,58816.32
2026-08-30T16:20:17.085Z,66.361491,-147.410974,385.38,7.65,451.84,250.63,235.22,-0.37,0.8,29.4,29.04,27.31,-29.72,1.0,0.996,0.996,0.996,,1,1.0,0.0,58818.023
2026-08-30T16:20:18.151Z,66.361447,-147.411288,384.95,7.7,451.3,250.86,235.43,-0.37,1.0,29.87,29.5,27.75,-21.41,1.0,0.997,0.997,0.997,,1,1.0,0.0,58819.07
2026-08-30T16:20:20.638Z,66.361344,-147.412045,384.63,7.62,450.61,250.83,235.35,-0.96,0.28,29.94,29.43,27.63,6.5,1.0,0.995,0.995,0.995,,1,1.0,0.0,58821.543
2026-08-30T16:20:22.338Z,66.361273,-147.412553,385.37,7.69,450.93,251.33,235.91,-0.93,0.56,29.36,28.75,27.0,32.6,1.0,1.066,1.066,1.066,,1,1.0,0.0,58823.277
2026-08-30T16:20:23.387Z,66.361231,-147.412867,386.2,7.62,451.54,252.54,237.15,-1.06,0.69,28.86,28.32,26.57,37.06,1.0,1.01,1.01,1.01,,1,1.0,0.0,58824.344
2026-08-30T16:20:25.134Z,66.361168,-147.413374,387.15,7.82,452.52,253.68,238.22,-0.77,1.3,28.13,27.55,25.89,33.17,1.0,1.006,1.006,1.006,,1,1.0,0.0,58826.078
2026-08-30T16:20:26.194Z,66.361133,-147.413677,387.54,7.56,453.04,253.46,238.06,-0.7,0.79,27.6,27.01,25.22,18.75,1.0,0.978,0.978,0.978,,1,1.0,0.0,58827.133
2026-08-30T16:20:27.914Z,66.361076,-147.414154,387.44,7.56,453.37,253.1,237.55,-0.61,0.33,26.3,25.72,23.94,-0.39,1.0,1.01,1.01,1.01,,1,1.0,0.0,58828.863
2026-08-30T16:20:29.749Z,66.361016,-147.414632,387.08,7.78,453.16,252.24,236.76,-0.29,-0.25,25.04,24.47,22.7,-17.1,1.0,1.086,1.086,1.086,,1,1.0,0.0,58830.695
2026-08-30T16:20:31.472Z,66.360962,-147.415057,386.54,7.61,452.73,251.71,236.27,-0.44,-0.09,24.15,23.71,21.96,-13.78,1.0,1.0,1.0,1.0,,1,1.0,0.0,58832.406
2026-08-30T16:20:32.516Z,66.360928,-147.41531,386.25,7.65,452.46,251.66,236.14,-0.69,-0.53,24.0,23.62,21.88,-9.96,1.0,1.067,1.067,1.067,,1,1.0,0.0,58833.449
2026-08-30T16:20:34.241Z,66.360873,-147.41572,386.44,7.62,452.33,251.38,235.93,-0.72,0.03,24.01,23.65,21.91,7.97,1.0,1.033,1.033,1.033,,1,1.0,0.0,58835.156
2026-08-30T16:20:35.276Z,66.360839,-147.415969,386.71,7.66,452.47,250.93,235.47,-0.93,-0.6,24.2,23.85,22.08,18.97,1.0,0.943,0.943,0.943,,1,1.0,0.0,58836.211
2026-08-30T16:20:36.983Z,66.360783,-147.416382,387.55,7.61,453.1,251.41,235.9,-1.23,-1.63,24.52,24.19,22.41,28.26,1.0,1.0,1.0,1.0,,1,1.0,0.0,58837.918
2026-08-30T16:20:38.037Z,66.360748,-147.416637,388.12,7.6,453.6,251.09,235.71,-1.24,-0.85,24.72,24.39,22.62,29.93,1.0,1.127,1.127,1.127,,1,1.0,0.0,58838.969
2026-08-30T16:20:40.549Z,66.360665,-147.417263,389.25,7.65,454.82,251.97,236.57,-1.24,-0.77,25.27,24.9,23.16,27.07,1.0,0.908,0.908,0.908,,1,1.0,0.0,58841.496
2026-08-30T16:20:42.291Z,66.360608,-147.417712,389.32,7.47,455.32,253.98,238.54,-1.3,1.12,25.8,25.51,23.82,1.97,1.0,1.025,1.025,1.025,,1,1.0,0.0,58843.242
2026-08-30T16:20:43.364Z,66.360575,-147.417993,389.18,7.62,455.29,254.2,238.64,-0.94,-0.36,26.07,25.71,24.08,10.24,1.0,0.932,0.932,0.932,,1,1.0,0.0,58844.32
2026-08-30T16:20:45.116Z,66.360522,-147.418461,389.67,7.7,455.47,253.76,238.2,-0.83,-0.75,26.08,25.57,23.93,1.77,1.0,1.039,1.039,1.039,,1,1.0,0.0,58846.066
2026-08-30T16:20:46.188Z,66.360488,-147.418745,389.26,7.82,455.39,253.77,238.18,0.14,1.29,25.66,24.99,23.52,14.4,1.0,0.975,0.975,0.975,,1,1.0,0.0,58847.129
2026-08-30T16:20:47.928Z,66.360436,-147.419195,390.06,7.61,455.65,253.45,237.89,-2.18,0.98,24.64,24.21,22.32,24.25,1.0,0.996,0.996,0.996,,1,1.0,0.0,58848.871
2026-08-30T16:20:49.776Z,66.360379,-147.419644,390.71,7.79,456.26,251.97,236.38,-0.65,-1.98,22.9,22.24,20.37,27.26,1.0,0.974,0.974,0.974,,1,1.0,0.0,58850.719
2026-08-30T16:20:51.503Z,66.360331,-147.420024,391.64,7.65,457.04,250.91,235.56,-1.83,0.01,20.33,19.58,17.56,33.59,1.0,1.093,1.093,1.093,,1,1.0,0.0,58852.441
2026-08-30T16:20:52.559Z,66.360303,-147.420224,392.18,7.64,457.62,250.89,235.4,-1.26,-0.4,17.9,17.34,15.54,26.16,1.0,1.005,1.005,1.005,,1,1.0,0.0,58853.477
2026-08-30T16:20:54.314Z,66.360263,-147.420514,392.75,7.65,458.38,251.01,235.53,-1.14,0.72,15.93,15.47,13.59,19.71,1.0,1.022,1.022,1.022,,1,1.0,0.0,58855.332
2026-08-30T16:20:55.453Z,66.360239,-147.420683,392.94,7.63,458.68,250.83,235.36,-0.64,-0.04,14.81,14.33,12.52,9.07,1.0,1.026,1.026,1.026,,1,1.0,0.0,58856.441
2026-08-30T16:20:57.253Z,66.360206,-147.420924,393.03,7.9,458.9,250.79,235.38,0.27,0.81,13.22,12.85,11.07,1.0,1.0,0.915,0.915,0.915,,1,1.0,0.0,58858.227
2026-08-30T16:20:58.343Z,66.360187,-147.421055,392.84,7.67,458.9,250.82,235.35,-0.37,0.77,12.62,12.32,10.51,-13.28,1.0,1.046,1.046,1.046,,1,1.0,0.0,58859.32
2026-08-30T16:21:00.902Z,66.36015,-147.421322,391.87,7.4,458.34,251.29,235.76,2.61,4.54,10.24,9.76,8.0,-29.79,1.0,0.936,0.936,0.936,,1,1.0,0.0,58861.855
2026-08-30T16:21:02.649Z,66.360129,-147.421474,391.15,7.53,457.52,251.83,236.51,0.56,0.37,9.48,9.2,7.49,-25.37,1.0,1.008,1.008,1.008,,1,1.0,0.0,58863.594
2026-08-30T16:21:03.730Z,66.360117,-147.421563,390.61,7.65,457.03,254.57,239.32,0.11,-0.01,9.02,8.77,7.16,-25.32,1.0,0.923,0.923,0.923,,1,1.0,0.0,58864.758
2026-08-30T16:21:05.615Z,66.360104,-147.421713,389.94,7.67,456.25,263.15,248.14,0.13,-0.07,8.1,7.81,6.53,-25.09,1.0,0.97,0.97,0.97,,1,1.0,0.0,58866.629
2026-08-30T16:21:06.755Z,66.360103,-147.421799,389.44,7.69,455.77,274.42,259.69,0.12,0.69,7.22,6.9,6.16,-22.9,1.0,0.94,0.94,0.94,,1,1.0,0.0,58867.773
2026-08-30T16:21:08.637Z,66.360116,-147.421923,388.89,7.71,455.11,298.82,284.34,0.06,0.59,5.23,4.63,4.92,-13.12,1.0,0.969,0.969,0.969,,1,1.0,0.0,58869.648
2026-08-30T16:21:10.627Z,66.360147,-147.42199,388.72,7.65,454.74,340.32,325.9,-1.35,0.64,1.67,1.34,3.11,-2.21,1.0,0.998,0.998,0.998,,1,1.0,0.0,58871.621
2026-08-30T16:21:12.414Z,66.360171,-147.421994,388.77,7.61,454.7,3.79,348.76,-1.23,0.39,0.0,0.0,1.62,3.64,1.0,1.01,1.01,1.01,,1,1.0,0.0,58873.348
2026-08-30T16:21:13.470Z,66.36018,-147.42199,388.89,7.69,454.77,10.6,355.45,-1.43,0.42,0.0,0.0,1.14,2.64,1.0,0.998,0.998,0.998,,1,1.0,0.0,58874.391
2026-08-30T16:21:15.166Z,66.360188,-147.421984,388.88,7.65,454.83,17.32,2.04,-1.59,0.94,0.0,0.0,1.1,0.77,1.0,0.989,0.989,0.989,,1,1.0,0.0,58876.074
2026-08-30T16:21:16.184Z,66.360193,-147.421979,388.91,7.61,454.85,21.46,6.21,-1.57,1.1,0.0,0.0,0.85,3.19,1.0,1.0,1.0,1.0,,1,1.0,0.0,58877.098
2026-08-30T16:21:17.844Z,66.360198,-147.421971,389.01,7.66,454.92,27.88,12.63,-1.64,0.58,0.0,0.0,0.52,2.5,1.0,0.987,0.987,0.987,,1,1.0,0.0,58878.73
2026-08-30T16:21:19.592Z,66.360201,-147.421965,389.05,7.68,454.98,33.4,18.06,-1.56,0.32,0.0,0.0,0.19,1.52,1.0,0.995,0.995,0.995,,1,1.0,0.0,58880.477
2026-08-30T16:21:21.204Z,66.360201,-147.421963,389.08,7.7,455.02,34.78,19.33,-1.58,0.13,0.0,0.0,0.0,0.42,1.0,1.0,1.0,1.0,,1,1.0,0.0,58882.086
2026-08-30T16:21:22.361Z,66.360201,-147.421963,389.08,7.7,455.03,34.78,19.33,-1.52,0.11,0.0,0.0,0.01,0.12,1.0,0.999,1.0,1.0,0.133,2,1.0,0.0,58883.238
2026-08-30T16:21:24.019Z,66.360201,-147.421963,389.08,7.7,455.03,34.78,19.33,-1.49,0.08,0.0,0.0,0.01,0.01,1.0,1.0,1.0,1.0,,1,1.0,0.0,58884.906
2026-08-30T16:21:25.021Z,66.360201,-147.421963,389.08,7.7,455.03,34.78,19.33,-1.48,0.11,0.0,0.0,0.01,-0.01,1.0,1.0,1.0,1.0,,1,1.0,0.0,58885.895
2026-08-30T16:21:26.613Z,66.360201,-147.421963,389.08,7.7,455.03,34.95,19.51,-1.48,0.16,0.0,0.0,0.08,-0.0,1.0,1.0,1.0,1.0,,1,1.0,0.0,58887.492
2026-08-30T16:21:27.598Z,66.360202,-147.421963,389.09,7.71,455.03,35.78,20.39,-1.45,0.25,0.0,0.0,0.39,0.89,1.0,1.001,1.001,1.001,,1,1.0,0.0,58888.477
2026-08-30T16:21:29.243Z,66.360205,-147.421955,389.13,7.71,455.05,38.2,22.87,-1.43,0.27,0.0,0.0,1.54,1.59,1.0,1.007,1.007,1.007,,1,1.0,0.0,58890.133
2026-08-30T16:21:30.986Z,66.360215,-147.421931,389.28,7.64,455.15,44.32,29.12,-1.54,-0.09,0.2,0.34,2.8,8.04,1.0,0.982,0.982,0.982,,1,1.0,0.0,58891.891
2026-08-30T16:21:32.645Z,66.36023,-147.421886,389.66,7.73,455.41,54.91,39.94,-2.22,-0.24,1.44,1.66,3.82,12.83,1.0,1.03,1.03,1.03,,1,1.0,0.0,58893.559
2026-08-30T16:21:33.673Z,66.360239,-147.421848,389.9,7.73,455.65,59.01,43.73,-1.96,-0.96,1.9,2.07,4.2,13.19,1.0,0.997,0.997,0.997,,1,1.0,0.0,58894.574
2026-08-30T16:21:35.343Z,66.360254,-147.421775,390.4,7.69,456.09,66.43,51.08,-1.25,-0.1,2.96,3.16,5.14,15.26,1.0,0.983,0.983,0.983,,1,1.0,0.0,58896.25
2026-08-30T16:21:36.359Z,66.360263,-147.42172,390.73,7.76,456.38,67.66,52.23,-1.17,-0.39,3.68,3.68,5.58,19.51,1.0,1.014,1.014,1.014,,1,1.0,0.0,58897.273
2026-08-30T16:21:38.057Z,66.360279,-147.421619,391.4,7.62,456.97,68.25,52.83,-2.69,-1.96,4.29,4.28,6.0,27.91,1.0,0.981,0.981,0.981,,1,1.0,0.0,58898.953
2026-08-30T16:21:39.838Z,66.360297,-147.421501,392.12,7.73,457.69,70.03,54.57,-1.88,-0.24,4.61,4.68,6.44,20.86,1.0,0.987,0.987,0.987,,1,1.0,0.0,58900.746
2026-08-30T16:21:41.509Z,66.360314,-147.42138,392.51,7.64,458.26,71.45,56.1,-0.84,-0.41,5.79,5.96,7.8,8.56,1.0,1.075,1.075,1.075,,1,1.0,0.0,58902.441
2026-08-30T16:21:42.559Z,66.360325,-147.421291,392.5,7.64,458.4,72.62,57.16,-0.75,0.54,6.75,6.77,8.56,10.91,1.0,0.926,0.926,0.926,,1,1.0,0.0,58903.465
2026-08-30T16:21:44.188Z,66.360346,-147.421131,392.75,7.67,458.59,72.31,56.87,-1.04,0.49,7.84,7.88,9.63,4.99,1.0,1.017,1.017,1.017,,1,1.0,0.0,58905.078
2026-08-30T16:21:45.192Z,66.360359,-147.421028,392.83,7.76,458.67,72.17,56.71,-0.68,0.33,8.2,8.15,9.91,1.98,1.0,1.041,1.041,1.041,,1,1.0,0.0,58906.094
2026-08-30T16:21:46.828Z,66.360382,-147.420852,392.77,7.65,458.73,72.18,56.72,-0.66,0.68,7.86,7.64,9.31,-2.71,1.0,0.954,0.954,0.954,,1,1.0,0.0,58907.758
2026-08-30T16:21:47.891Z,66.360396,-147.420744,392.63,7.63,458.66,72.24,56.77,-0.65,0.76,6.93,6.74,8.44,,1.0,0.947,0.947,0.947,,1,1.0,0.0,58908.855
2026-08-30T16:21:50.411Z,66.360422,-147.420547,392.33,7.64,458.43,71.82,56.35,1.22,-0.55,1.94,0.61,2.06,-7.04,1.0,0.981,0.981,0.981,,1,1.0,0.0,58911.305
2026-08-30T16:21:52.016Z,66.360425,-147.420525,392.35,7.66,458.31,72.35,56.89,-0.97,0.55,0.0,0.0,0.12,-1.33,1.0,0.998,0.998,0.998,,1,1.0,0.0,58912.863
2026-08-30T16:21:52.968Z,66.360425,-147.420524,392.33,7.64,458.29,72.36,56.9,-0.93,0.73,0.0,0.0,0.01,-0.34,1.0,1.0,1.0,1.0,,1,1.0,0.0,58913.809
2026-08-30T16:21:54.528Z,66.360425,-147.420524,392.33,7.64,458.29,72.34,56.89,-0.82,0.7,0.0,0.0,0.0,-0.06,1.0,1.0,1.0,1.0,,1,1.0,0.0,58915.387
2026-08-30T16:21:55.492Z,66.360425,-147.420524,392.33,7.64,458.29,72.34,56.89,-0.72,0.69,0.0,0.0,0.01,-0.06,1.0,0.999,0.999,0.999,,1,1.0,0.0,58916.348
2026-08-30T16:21:56.973Z,66.360425,-147.420524,392.33,7.64,458.29,72.34,56.89,-0.76,0.69,0.0,0.0,0.0,-0.01,1.0,1.0,1.0,1.0,,1,1.0,0.0,58917.723
2026-08-30T16:21:58.551Z,66.360425,-147.420524,392.33,7.64,458.3,72.34,56.89,-0.77,0.69,0.0,0.0,0.0,-0.01,1.0,1.0,1.0,1.0,0.007,2,1.0,0.0,58919.305
2026-08-30T16:21:59.918Z,66.360425,-147.420524,392.33,7.65,458.3,72.34,56.89,-0.76,0.69,0.0,0.0,0.0,0.01,1.0,1.0,1.0,1.0,,1,1.0,0.0,58920.785
2026-08-30T16:22:00.917Z,66.360425,-147.420524,392.33,7.65,458.3,72.34,56.89,-0.76,0.69,0.0,0.0,0.0,0.01,1.0,1.0,1.0,1.0,,1,1.0,0.0,58921.797
2026-08-30T16:22:02.478Z,66.360425,-147.420524,392.33,7.65,458.3,72.34,56.89,-0.76,0.69,0.0,0.0,0.0,0.01,1.0,1.0,1.0,1.0,,1,1.0,0.0,58923.41
2026-08-30T16:22:03.521Z,66.360425,-147.420524,392.33,7.65,458.3,72.34,56.89,-0.76,0.69,0.0,0.0,0.0,0.01,1.0,1.0,1.0,1.0,,1,1.0,0.0,58924.266
2026-08-30T16:22:04.871Z,66.360425,-147.420524,392.33,7.64,458.3,72.34,56.89,-0.77,0.69,0.0,0.0,0.0,-0.01,1.0,1.0,1.0,1.0,,1,1.0,0.0,58925.582
2026-08-30T16:22:05.673Z,66.360425,-147.420524,392.33,7.65,458.3,72.34,56.89,-0.76,0.69,0.0,0.0,0.0,0.0,1.0,1.0,1.0,1.0,,1,1.0,0.0,58926.355
2026-08-30T16:22:06.932Z,66.360425,-147.420524,392.33,7.64,458.3,72.34,56.89,-0.77,0.69,0.0,0.0,0.0,0.01,1.0,1.0,1.0,1.0,,1,1.0,0.0,58927.594
2026-08-30T16:22:07.676Z,66.360425,-147.420524,392.33,7.65,458.3,72.34,56.89,-0.76,0.69,0.0,0.0,0.0,-0.01,1.0,1.0,1.0,1.0,,1,1.0,0.0,58928.324
2026-08-30T16:22:08.865Z,66.360425,-147.420524,392.33,7.64,458.29,72.34,56.89,-0.76,0.69,0.0,0.0,0.0,0.0,1.0,1.0,1.0,1.0,,1,1.0,0.0,58929.492
2026-08-30T16:22:10.102Z,66.360425,-147.420524,392.33,7.64,458.29,72.34,56.89,-0.77,0.69,0.0,0.0,0.0,0.01,1.0,1.0,1.0,1.0,,1,1.0,0.0,58930.727
2026-08-30T16:22:11.236Z,66.360425,-147.420524,392.33,7.64,458.29,72.34,56.89,-0.77,0.69,0.0,0.0,0.0,-0.01,1.0,1.0,1.0,1.0,,1,1.0,0.0,58931.848
2026-08-30T16:22:11.924Z,66.360425,-147.420524,392.33,7.65,458.29,72.34,56.89,-0.76,0.69,0.0,0.0,0.0,-0.01,1.0,1.0,1.0,1.0,,1,1.0,0.0,58932.516
2026-08-30T16:22:12.592Z,66.360425,-147.420524,392.33,7.64,458.29,72.34,56.89,-0.76,0.69,0.0,0.0,0.0,0.01,1.0,1.0,1.0,1.0,,1,1.0,0.0,58933.211
2026-08-30T16:22:13.705Z,66.360425,-147.420524,392.33,7.64,458.29,72.34,56.89,-0.77,0.69,0.0,0.0,0.0,0.01,1.0,1.0,1.0,1.0,,1,1.0,0.0,58934.305
2026-08-30T16:22:14.558Z,66.360425,-147.420524,392.33,7.65,458.29,72.34,56.89,-0.76,0.69,0.0,0.0,0.0,-0.01,1.0,1.0,1.0,1.0,0.014,2,1.0,0.0,58935.145
2026-08-30T16:22:15.627Z,66.360425,-147.420524,392.33,7.65,458.29,72.34,56.89,-0.76,0.69,0.0,0.0,0.0,-0.01,1.0,1.0,1.0,1.0,0.021,3,1.0,0.0,58936.219
2026-08-30T16:22:16.741Z,66.360425,-147.420524,392.33,7.64,458.29,72.34,56.89,-0.76,0.69,0.0,0.0,0.0,0.01,1.0,1.0,1.0,1.0,,1,1.0,0.0,58937.402
2026-08-30T16:22:17.487Z,66.360425,-147.420524,392.33,7.64,458.29,72.34,56.89,-0.77,0.69,0.0,0.0,0.0,-0.01,1.0,1.0,1.0,1.0,,1,1.0,0.0,58938.129
2026-08-30T16:22:18.753Z,66.360425,-147.420524,392.33,7.65,458.29,72.34,56.89,-0.76,0.69,0.0,0.0,0.0,-0.0,1.0,1.0,1.0,1.0,0.003,2,1.0,0.0,58939.391
2026-08-30T16:22:19.968Z,66.360425,-147.420524,392.33,7.64,458.29,72.34,56.89,-0.77,0.69,0.0,0.0,0.0,0.01,1.0,1.0,1.0,1.0,,1,1.0,0.0,58940.656
2026-08-30T16:22:20.737Z,66.360425,-147.420524,392.33,7.65,458.29,72.34,56.89,-0.76,0.69,0.0,0.0,0.0,-0.01,1.0,1.0,1.0,1.0,,1,1.0,0.0,58941.43
2026-08-30T16:22:21.519Z,66.360425,-147.420524,392.33,7.64,458.29,72.34,56.89,-0.77,0.69,0.0,0.0,0.0,0.01,1.0,1.0,1.0,1.0,,1,1.0,0.0,58942.176
2026-08-30T16:22:22.676Z,66.360425,-147.420524,392.33,7.64,458.29,72.34,56.89,-0.77,0.69,0.0,0.0,0.0,0.01,1.0,1.0,1.0,1.0,,1,1.0,0.0,58943.277
2026-08-30T16:22:23.538Z,66.360425,-147.420524,392.33,7.64,458.29,72.34,56.89,-0.76,0.69,0.0,0.0,0.0,0.01,1.0,1.0,1.0,1.0,0.026,2,1.0,0.0,58944.148
2026-08-30T16:22:24.659Z,66.360425,-147.420524,392.33,7.64,458.29,72.34,56.89,-0.77,0.69,0.0,0.0,0.0,0.01,1.0,1.0,1.0,1.0,,1,1.0,0.0,58945.246
2026-08-30T16:22:25.494Z,66.360425,-147.420524,392.33,7.65,458.3,72.34,56.89,-0.76,0.69,0.0,0.0,0.0,-0.01,1.0,1.0,1.0,1.0,0.003,2,1.0,0.0,58946.105
2026-08-30T16:22:26.574Z,66.360425,-147.420524,392.33,7.65,458.3,72.34,56.89,-0.76,0.69,0.0,0.0,0.0,-0.01,1.0,1.0,1.0,1.0,0.018,3,1.0,0.0,58947.176
2026-08-30T16:22:27.673Z,66.360425,-147.420524,392.33,7.65,458.3,72.34,56.89,-0.76,0.69,0.0,0.0,0.0,-0.0,1.0,1.0,1.0,1.0,,1,1.0,0.0,58948.289
2026-08-30T16:22:28.937Z,66.360425,-147.420524,392.33,7.64,458.29,72.34,56.89,-0.77,0.69,0.0,0.0,0.0,0.01,1.0,1.0,1.0,1.0,0.007,2,1.0,0.0,58949.539
2026-08-30T16:22:30.041Z,66.360425,-147.420524,392.33,7.64,458.3,72.34,56.89,-0.77,0.69,0.0,0.0,0.0,0.0,1.0,1.0,1.0,1.0,,1,1.0,0.0,58950.645
2026-08-30T16:22:30.717Z,66.360425,-147.420524,392.33,7.65,458.3,72.34,56.89,-0.76,0.69,0.0,0.0,0.0,-0.01,1.0,1.0,1.0,1.0,,1,1.0,0.0,58951.32
2026-08-30T16:22:31.607Z,66.360425,-147.420524,392.33,7.64,458.3,72.34,56.89,-0.76,0.69,0.0,0.0,0.0,-0.0,1.0,1.0,1.0,1.0,0.017,2,1.0,0.0,58952.551
2026-08-30T16:22:33.247Z,66.360425,-147.420524,392.33,7.64,458.3,72.34,56.89,-0.76,0.69,0.0,0.0,0.0,-0.01,1.0,1.0,1.0,1.0,,1,1.0,0.0,58954.082
2026-08-30T16:22:34.191Z,66.360425,-147.420524,392.33,7.64,458.3,72.34,56.89,-0.77,0.69,0.0,0.0,0.0,-0.01,1.0,1.0,1.0,1.0,,1,1.0,0.0,58955.008
2026-08-30T16:22:35.714Z,66.360425,-147.420524,392.33,7.64,458.29,72.34,56.89,-0.77,0.69,0.0,0.0,0.0,-0.01,1.0,1.0,1.0,1.0,,1,1.0,0.0,58956.559
2026-08-30T16:22:36.666Z,66.360425,-147.420524,392.33,7.64,458.29,72.34,56.89,-0.77,0.69,0.0,0.0,0.0,0.01,1.0,1.0,1.0,1.0,,1,1.0,0.0,58957.488
2026-08-30T16:22:38.191Z,66.360425,-147.420524,392.33,7.64,458.29,72.34,56.89,-0.77,0.69,0.0,0.0,0.0,0.01,1.0,1.0,1.0,1.0,,1,1.0,0.0,58959.023
2026-08-30T16:22:39.831Z,66.360425,-147.420524,392.33,7.64,458.29,72.34,56.89,-0.77,0.69,0.0,0.0,0.0,0.0,1.0,1.0,1.0,1.0,,1,1.0,0.0,58960.648
2026-08-30T16:22:41.360Z,66.360425,-147.420524,392.33,7.64,458.29,72.34,56.89,-0.77,0.69,0.0,0.0,0.0,0.01,1.0,1.0,1.0,1.0,,1,1.0,0.0,58962.188
2026-08-30T16:22:42.293Z,66.360425,-147.420524,392.33,7.65,458.29,72.34,56.89,-0.76,0.69,0.0,0.0,0.0,0.01,1.0,1.0,1.0,1.0,,1,1.0,0.0,58963.133
2026-08-30T16:22:43.831Z,66.360425,-147.420524,392.33,7.65,458.29,72.34,56.89,-0.76,0.69,0.0,0.0,0.0,0.01,1.0,1.0,1.0,1.0,,1,1.0,0.0,58964.66
2026-08-30T16:22:44.961Z,66.360425,-147.420524,392.33,7.65,458.29,72.34,56.89,-0.77,0.69,0.0,0.0,0.0,0.01,1.0,1.0,1.0,1.0,0.015,2,1.0,0.0,58965.797
2026-08-30T16:22:46.495Z,66.360425,-147.420524,392.33,7.65,458.29,72.34,56.89,-0.76,0.69,0.0,0.0,0.0,0.01,1.0,1.0,1.0,1.0,,1,1.0,0.0,58967.348
2026-08-30T16:22:47.436Z,66.360425,-147.420524,392.33,7.65,458.29,72.34,56.89,-0.76,0.69,0.0,0.0,0.0,-0.01,1.0,1.0,1.0,1.0,,1,1.0,0.0,58968.168
2026-08-30T16:22:48.777Z,66.360425,-147.420524,392.33,7.64,458.29,72.34,56.89,-0.77,0.69,0.0,0.0,0.0,0.01,1.0,1.0,1.0,1.0,,1,1.0,0.0,58969.484
2026-08-30T16:22:50.150Z,66.360425,-147.420524,392.33,7.65,458.29,72.34,56.89,-0.76,0.69,0.0,0.0,0.0,-0.0,1.0,1.0,1.0,1.0,,1,1.0,0.0,58970.824
2026-08-30T16:22:51.401Z,66.360425,-147.420524,392.33,7.64,458.29,72.34,56.89,-0.77,0.69,0.0,0.0,0.0,0.01,1.0,1.0,1.0,1.0,,1,1.0,0.0,58972.07
2026-08-30T16:22:52.563Z,66.360425,-147.420524,392.33,7.64,458.3,72.34,56.89,-0.76,0.69,0.0,0.0,0.0,0.01,1.0,1.0,1.0,1.0,0.023,3,1.0,0.0,58973.535
2026-08-30T16:22:54.271Z,66.360425,-147.420524,392.33,7.65,458.29,72.34,56.89,-0.76,0.69,0.0,0.0,0.0,0.01,1.0,1.0,1.0,1.0,,1,1.0,0.0,58975.137
2026-08-30T16:22:55.242Z,66.360425,-147.420524,392.33,7.65,458.29,72.34,56.89,-0.76,0.69,0.0,0.0,0.0,-0.0,1.0,1.0,1.0,1.0,,1,1.0,0.0,58976.102
2026-08-30T16:22:56.825Z,66.360425,-147.420524,392.33,7.65,458.29,72.34,56.89,-0.76,0.69,0.0,0.0,0.0,-0.0,1.0,1.0,1.0,1.0,,1,1.0,0.0,58977.684
2026-08-30T16:22:57.789Z,66.360425,-147.420524,392.33,7.64,458.29,72.34,56.89,-0.76,0.69,0.0,0.0,0.0,-0.01,1.0,1.0,1.0,1.0,,1,1.0,0.0,58978.648
2026-08-30T16:22:59.368Z,66.360425,-147.420524,392.33,7.64,458.29,72.34,56.89,-0.77,0.69,0.0,0.0,0.0,-0.01,1.0,1.0,1.0,1.0,,1,1.0,0.0,58980.227
2026-08-30T16:23:01.051Z,66.360425,-147.420524,392.33,7.65,458.29,72.34,56.89,-0.76,0.69,0.0,0.0,0.0,0.0,1.0,1.0,1.0,1.0,,1,1.0,0.0,58981.906
2026-08-30T16:23:02.633Z,66.360425,-147.420524,392.33,7.65,458.29,72.34,56.89,-0.76,0.69,0.0,0.0,0.0,0.01,1.0,1.0,1.0,1.0,,1,1.0,0.0,58983.492
2026-08-30T16:23:03.596Z,66.360425,-147.420524,392.33,7.64,458.29,72.34,56.89,-0.71,0.69,0.0,0.0,0.01,-0.03,1.0,1.0,1.0,1.0,,1,1.0,0.0,58984.469
2026-08-30T16:23:05.187Z,66.360425,-147.420524,392.33,7.64,458.3,72.34,56.89,-0.65,0.67,0.0,0.0,0.0,-0.01,1.0,1.0,1.0,1.0,,1,1.0,0.0,58986.047
2026-08-30T16:23:06.359Z,66.360425,-147.420524,392.33,7.64,458.3,72.34,56.89,-0.67,0.66,0.0,0.0,0.01,0.01,1.0,1.0,1.0,1.0,0.003,2,1.0,0.0,58987.223
2026-08-30T16:23:07.946Z,66.360425,-147.420524,392.33,7.64,458.3,72.34,56.89,-0.67,0.75,0.0,0.0,0.0,-0.01,1.0,1.0,1.0,1.0,,1,1.0,0.0,58988.801
2026-08-30T16:23:09.626Z,66.360425,-147.420524,392.33,7.64,458.3,72.34,56.89,-0.66,0.73,0.0,0.0,0.01,-0.01,1.0,1.0,1.0,1.0,,1,1.0,0.0,58990.422
2026-08-30T16:23:11.072Z,66.360425,-147.420524,392.33,7.64,458.29,72.34,56.89,-0.65,0.7,0.0,0.0,0.0,-0.01,1.0,1.0,1.0,1.0,,1,1.0,0.0,58991.883
2026-08-30T16:23:12.163Z,66.360425,-147.420524,392.33,7.64,458.29,72.34,56.89,-0.59,0.73,0.0,0.0,0.01,-0.01,1.0,1.0,1.0,1.0,0.003,2,1.0,0.0,58993.07
2026-08-30T16:23:13.775Z,66.360425,-147.420524,392.33,7.64,458.29,72.34,56.89,-0.57,0.67,0.0,0.0,0.01,-0.02,1.0,1.0,1.0,1.0,,1,1.0,0.0,58994.629
2026-08-30T16:23:14.737Z,66.360425,-147.420524,392.33,7.64,458.29,72.34,56.89,-0.56,0.69,0.0,0.0,0.01,-0.01,1.0,1.0,1.0,1.0,,1,1.0,0.0,58995.539
2026-08-30T16:23:16.250Z,66.360425,-147.420524,392.33,7.64,458.3,72.34,56.89,-0.56,0.74,0.0,0.0,0.01,0.0,1.0,1.0,1.0,1.0,,1,1.0,0.0,58997.105
2026-08-30T16:23:17.209Z,66.360425,-147.420524,392.33,7.64,458.3,72.34,56.89,-0.56,0.69,0.0,0.0,0.01,0.0,1.0,1.0,1.0,1.0,,1,1.0,0.0,58998.07
2026-08-30T16:23:18.783Z,66.360425,-147.420524,392.33,7.64,458.3,72.34,56.89,-0.55,0.64,0.0,0.0,0.01,-0.01,1.0,1.0,1.0,1.0,,1,1.0,0.0,58999.637
2026-08-30T16:23:20.454Z,66.360425,-147.420524,392.33,7.64,458.3,72.34,56.89,-0.56,0.69,0.0,0.0,0.01,-0.0,1.0,1.0,1.0,1.0,,1,1.0,0.0,59001.293
2026-08-30T16:23:22.025Z,66.360425,-147.420524,392.33,7.64,458.29,72.34,56.89,-0.54,0.67,0.0,0.0,0.01,-0.01,1.0,1.0,1.0,1.0,,1,1.0,0.0,59002.883
2026-08-30T16:23:22.985Z,66.360425,-147.420524,392.33,7.64,458.29,72.33,56.88,-0.54,0.73,0.0,0.0,0.0,-0.0,1.0,1.0,1.0,1.0,,1,1.0,0.0,59003.844
2026-08-30T16:23:24.528Z,66.360425,-147.420524,392.33,7.64,458.29,72.34,56.89,-0.51,0.7,0.0,0.0,0.0,-0.02,1.0,1.0,1.0,1.0,,1,1.0,0.0,59005.367
2026-08-30T16:23:25.675Z,66.360425,-147.420524,392.33,7.64,458.3,72.33,56.88,-0.52,0.75,0.0,0.0,0.01,-0.02,1.0,1.0,1.0,1.0,0.032,2,1.0,0.0,59006.492
2026-08-30T16:23:27.188Z,66.360425,-147.420524,392.33,7.64,458.3,72.33,56.88,-0.48,0.73,0.0,0.0,0.01,-0.02,1.0,1.0,1.0,1.0,,1,1.0,0.0,59008.016
2026-08-30T16:23:28.120Z,66.360425,-147.420524,392.33,7.64,458.3,72.34,56.88,-0.44,0.76,0.0,0.0,0.0,-0.02,1.0,1.0,1.0,1.0,,1,1.0,0.0,59008.961
2026-08-30T16:23:30.330Z,66.360425,-147.420524,392.33,7.64,458.3,72.34,56.88,-0.33,0.71,0.0,0.0,0.01,-0.02,1.0,1.0,1.0,1.0,,1,1.0,0.0,59011.156
2026-08-30T16:23:31.858Z,66.360425,-147.420524,392.33,7.64,458.3,72.34,56.88,-0.24,0.73,0.0,0.0,0.0,-0.02,1.0,1.0,1.0,1.0,,1,1.0,0.0,59012.676
2026-08-30T16:23:32.787Z,66.360425,-147.420524,392.33,7.64,458.3,72.34,56.88,-0.22,0.72,0.0,0.0,0.01,-0.01,1.0,1.0,1.0,1.0,,1,1.0,0.0,59013.617
2026-08-30T16:23:34.274Z,66.360425,-147.420524,392.33,7.64,458.29,72.34,56.89,-0.8,0.79,0.0,0.0,1.52,-1.79,1.0,1.0,1.0,1.0,,1,1.0,0.0,59015.117
2026-08-30T16:23:35.238Z,66.360427,-147.42051,392.27,7.64,458.27,72.09,56.59,-0.61,0.73,1.75,2.34,4.29,-3.71,1.0,0.983,0.983,0.983,,1,1.0,0.0,59016.09
2026-08-30T16:23:36.843Z,66.360438,-147.420418,392.16,7.76,458.17,70.65,55.16,-0.06,0.7,6.1,6.6,8.57,-5.93,1.0,1.012,1.012,1.012,,1,1.0,0.0,59017.766
2026-08-30T16:23:37.882Z,66.360452,-147.420323,391.87,7.63,458.05,70.83,55.37,-0.15,0.15,8.64,9.08,11.05,-15.45,1.0,0.961,0.961,0.961,,1,1.0,0.0,59018.789
2026-08-30T16:23:40.250Z,66.360498,-147.419998,391.25,7.86,457.47,70.03,54.53,-0.23,-0.53,14.44,14.7,16.71,-18.62,1.0,0.972,0.972,0.972,,1,1.0,0.0,59021.18
2026-08-30T16:23:41.927Z,66.360543,-147.419683,390.58,7.59,456.92,69.8,54.31,-0.42,-0.36,18.24,18.48,20.45,-16.02,1.0,1.002,1.002,1.002,,1,1.0,0.0,59022.848
2026-08-30T16:23:42.961Z,66.360576,-147.419454,390.48,7.82,456.61,69.67,54.24,-0.59,0.31,20.45,20.62,22.55,-14.29,1.0,0.954,0.954,0.954,,1,1.0,0.0,59023.887
2026-08-30T16:23:44.657Z,66.360639,-147.419031,390.23,7.69,456.3,70.43,55.06,-0.93,-0.53,23.9,23.97,25.94,-7.28,1.0,1.027,1.027,1.027,,1,1.0,0.0,59025.582
2026-08-30T16:23:45.696Z,66.36068,-147.418736,390.22,7.68,456.23,71.96,56.56,-0.83,-0.56,25.98,26.04,27.91,-3.63,1.0,0.997,0.997,0.997,,1,1.0,0.0,59026.617
2026-08-30T16:23:47.403Z,66.360746,-147.418202,389.96,7.64,456.09,74.31,58.94,-0.73,0.27,29.47,29.47,31.29,-10.16,1.0,0.925,0.925,0.925,,1,1.0,0.0,59028.332
2026-08-30T16:23:48.446Z,66.360786,-147.417836,389.59,7.7,455.86,74.52,59.1,-0.51,1.04,31.63,31.69,33.44,-25.55,1.0,0.913,0.913,0.913,,1,1.0,0.0,59029.309
2026-08-30T16:23:50.760Z,66.360893,-147.416946,387.63,7.55,454.41,71.96,56.45,-0.71,0.32,36.88,36.8,38.7,-55.91,1.0,1.0,1.0,1.0,,1,1.0,0.0,59031.602
2026-08-30T16:23:52.328Z,66.360981,-147.416273,386.32,7.62,453.06,72.04,56.57,-0.61,0.41,40.55,40.41,42.35,-43.59,1.0,1.01,1.01,1.01,,1,1.0,0.0,59033.184
2026-08-30T16:23:53.502Z,66.361053,-147.415727,386.01,7.65,452.35,72.14,56.68,-0.94,-0.27,43.22,43.0,44.89,-5.57,1.0,0.983,1.013,0.998,2.721,2,1.0,0.0,59034.359
2026-08-30T16:23:55.078Z,66.361154,-147.414935,387.07,7.72,452.56,72.51,57.08,-1.39,-0.15,46.36,46.08,47.96,39.5,1.0,0.959,0.959,0.959,,1,1.0,0.0,59035.953
2026-08-30T16:23:56.068Z,66.361219,-147.414422,387.93,7.8,453.22,72.73,57.29,-1.39,-0.5,48.35,48.06,49.94,32.82,1.0,1.02,1.02,1.02,,1,1.0,0.0,59036.926
2026-08-30T16:23:57.655Z,66.361327,-147.413533,387.92,7.65,453.87,73.67,58.26,-1.39,0.36,51.87,51.59,53.36,-20.61,1.0,0.919,0.919,0.919,,1,1.0,0.0,59038.516
2026-08-30T16:23:58.629Z,66.361394,-147.412961,386.99,7.59,453.56,73.82,58.34,-0.9,-0.07,53.99,53.65,55.51,-46.34,1.0,1.03,1.03,1.03,,1,1.0,0.0,59039.484
2026-08-30T16:24:00.931Z,66.361567,-147.411505,386.2,7.73,452.14,73.31,57.84,-1.87,-1.81,59.48,59.07,60.91,22.19,1.0,1.037,1.037,1.037,,1,1.0,0.0,59041.809
2026-08-30T16:24:02.509Z,66.361697,-147.410427,387.5,7.69,452.89,73.24,57.77,-1.57,-0.96,63.01,62.53,64.37,27.45,1.0,0.958,0.958,0.958,,1,1.0,0.0,59043.34
2026-08-30T16:24:03.437Z,66.361778,-147.409763,387.47,7.8,453.27,73.05,57.58,-1.18,-0.12,65.17,64.67,66.54,-5.46,1.0,0.934,0.934,0.934,,1,1.0,0.0,59044.262
2026-08-30T16:24:04.940Z,66.361914,-147.408658,386.66,7.71,452.95,72.67,57.19,-1.36,0.11,68.57,67.97,69.8,-10.36,1.0,1.013,1.013,1.013,,1,1.0,0.0,59045.758
2026-08-30T16:24:05.857Z,66.362002,-147.407963,386.96,7.75,452.82,72.41,56.95,-1.69,-0.06,70.34,69.63,71.46,29.27,1.0,1.006,1.006,1.006,,1,1.0,0.0,59046.684
2026-08-30T16:24:07.361Z,66.362154,-147.406774,387.91,7.82,453.51,72.03,56.58,-1.45,-0.09,73.05,72.32,74.19,-6.56,1.0,0.987,0.987,0.987,,1,1.0,0.0,59048.176
2026-08-30T16:24:08.273Z,66.362251,-147.406033,386.87,7.84,453.35,71.81,56.35,-0.96,0.26,74.85,74.1,75.99,-74.92,1.0,0.952,0.952,0.952,,1,1.0,0.0,59049.09
2026-08-30T16:24:10.443Z,66.362495,-147.404209,382.21,7.76,449.69,71.33,55.87,-1.62,-0.4,79.06,78.15,80.09,-64.81,1.0,1.053,1.053,1.053,,1,1.0,0.0,59051.27
2026-08-30T16:24:11.951Z,66.362675,-147.40288,382.41,8.01,448.55,71.53,56.11,-5.62,0.35,81.28,80.32,82.69,-14.26,0.0,0.988,0.988,0.988,,1,1.0,0.0,59052.773
2026-08-30T16:24:12.884Z,66.362789,-147.402042,382.31,8.68,448.37,71.76,56.28,-6.36,-0.92,82.88,81.96,84.25,5.83,0.0,0.997,0.997,0.997,,1,1.0,0.0,59053.707
2026-08-30T16:24:14.407Z,66.362982,-147.400629,383.47,9.46,448.77,71.7,56.28,-8.0,-3.48,85.09,84.02,86.43,100.44,0.0,1.038,1.038,1.038,,1,1.0,0.0,59055.242
2026-08-30T16:24:15.351Z,66.363102,-147.399742,387.24,10.78,450.52,72.57,57.15,-9.1,-3.36,86.12,84.93,87.17,262.81,0.0,1.099,1.099,1.099,,1,1.0,0.0,59056.184
2026-08-30T16:24:16.880Z,66.363292,-147.398277,399.29,20.93,458.4,72.95,57.5,-10.09,-1.96,86.88,85.57,87.72,487.64,0.0,1.041,1.041,1.041,,1,1.0,0.0,59057.703
2026-08-30T16:24:17.812Z,66.363405,-147.397381,408.39,29.88,466.13,72.93,57.47,-10.29,-2.04,87.04,85.72,87.9,561.22,0.0,1.009,1.009,1.009,,1,1.0,0.0,59058.633
2026-08-30T16:24:19.337Z,66.36359,-147.395903,424.18,43.07,480.1,73.18,57.74,-10.24,-2.27,87.25,85.94,88.17,606.9,0.0,0.984,0.984,0.984,,1,1.0,0.0,59060.176
2026-08-30T16:24:20.982Z,66.363788,-147.394301,440.69,58.78,496.52,73.63,58.18,-10.13,-2.28,87.43,86.12,88.44,589.48,0.0,0.974,0.974,0.974,,1,1.0,0.0,59061.84
2026-08-30T16:24:22.578Z,66.363975,-147.392749,455.7,73.23,511.92,73.95,58.5,-10.1,-0.87,87.6,86.36,88.79,562.75,0.0,0.973,0.973,0.973,,1,1.0,0.0,59063.445
2026-08-30T16:24:23.556Z,66.364091,-147.391787,464.82,82.25,521.77,73.92,58.45,-10.18,-0.06,87.75,86.54,88.95,567.49,0.0,0.991,0.991,0.991,,1,1.0,0.0,59064.418
2026-08-30T16:24:25.145Z,66.364281,-147.390223,480.29,101.07,536.76,73.38,57.91,-10.41,0.21,87.84,86.6,89.11,593.78,0.0,0.996,0.996,0.996,,1,1.0,0.0,59066.012
2026-08-30T16:24:26.278Z,66.364419,-147.389118,491.99,116.22,547.35,73.19,57.72,-10.48,0.28,87.96,86.79,89.28,621.46,0.0,0.999,1.0,1.0,0.024,2,1.0,0.0,59067.145
2026-08-30T16:24:28.069Z,66.364644,-147.387359,511.73,143.9,567.17,72.16,56.7,-11.08,-1.01,87.86,86.6,89.12,687.48,0.0,1.016,1.016,1.016,,1,1.0,0.0,59068.941
2026-08-30T16:24:29.808Z,66.364865,-147.385664,532.81,167.78,587.79,72.92,57.49,-10.8,-2.57,87.53,86.47,88.91,718.42,0.0,0.986,0.986,0.986,,1,1.0,0.0,59070.727
2026-08-30T16:24:31.464Z,66.365073,-147.384041,552.55,162.6,608.14,73.53,58.07,-11.0,-1.84,87.27,86.15,88.84,716.82,0.0,0.988,0.988,0.988,,1,1.0,0.0,59072.34
2026-08-30T16:24:32.453Z,66.365194,-147.383082,564.31,176.43,620.27,73.61,58.15,-11.17,-1.3,87.15,86.08,88.78,721.75,0.0,0.981,0.981,0.981,,1,1.0,0.0,59073.348
2026-08-30T16:24:34.049Z,66.365391,-147.381509,584.14,180.52,639.52,73.08,57.6,-11.15,0.86,86.99,86.0,88.56,738.95,0.0,0.988,0.988,0.988,,1,1.0,0.0,59074.875
2026-08-30T16:24:35.014Z,66.365508,-147.380602,595.61,208.97,650.51,72.37,56.87,-11.07,3.2,86.84,85.84,88.52,736.26,0.0,0.974,0.974,0.974,,1,1.0,0.0,59075.812
2026-08-30T16:24:36.550Z,66.365709,-147.379122,613.88,237.75,672.01,70.1,54.52,-10.23,3.45,86.79,85.95,88.64,706.89,0.0,0.976,0.976,0.976,,1,1.0,0.0,59077.352
2026-08-30T16:24:37.717Z,,-147.377884,627.74,233.07,685.24,68.55,53.07,-9.58,3.48,86.99,86.02,89.07,606.91,0.0,0.929,0.93,0.93,0.161,2,1.0,0.0,59078.699
2026-08-30T16:24:39.440Z,66.366138,-147.376336,641.57,240.29,699.97,67.14,51.61,-9.12,2.36,87.44,86.56,89.73,502.4,0.0,0.955,0.955,0.955,,1,1.0,0.0,59080.27
2026-08-30T16:24:41.102Z,66.366413,-147.374745,654.01,246.51,712.98,66.28,50.8,-8.7,0.71,88.28,87.4,90.57,449.41,0.0,0.984,0.984,0.984,,1,1.0,0.0,59081.902
2026-08-30T16:24:42.603Z,66.366668,-147.373331,664.55,275.62,723.84,66.33,50.89,-8.77,-0.93,88.93,88.14,91.35,441.22,0.0,0.992,0.992,0.992,,1,1.0,0.0,59083.402
2026-08-30T16:24:43.501Z,66.366828,-147.37245,671.49,275.89,730.59,66.97,51.55,-8.72,-2.13,89.41,88.56,91.79,450.77,0.0,0.99,0.99,0.99,,1,1.0,0.0,59084.309
2026-08-30T16:24:44.973Z,66.367085,-147.371031,683.26,295.71,741.79,68.62,53.2,-10.39,-3.2,89.68,88.78,92.05,524.21,0.0,1.037,1.037,1.037,,1,1.0,0.0,59085.754
2026-08-30T16:24:45.863Z,66.367236,-147.370167,692.34,307.07,748.2,68.86,53.38,-10.56,-2.37,89.69,88.7,91.94,605.76,0.0,1.053,1.053,1.053,,1,1.0,0.0,59086.629
2026-08-30T16:24:47.273Z,66.367471,-147.368785,709.22,335.29,762.77,68.55,53.07,-12.25,-2.12,89.1,88.15,91.34,747.44,0.0,1.047,1.047,1.047,,1,1.0,0.0,59088.027
2026-08-30T16:24:48.119Z,66.36761,-147.367957,721.66,348.18,775.05,68.52,53.05,-12.95,-1.83,88.63,87.71,90.68,865.43,0.0,1.066,1.066,1.066,,1,1.0,0.0,59088.867
2026-08-30T16:24:50.103Z,66.367923,-147.366061,755.24,379.18,805.56,69.08,53.65,-11.69,-3.84,87.6,86.75,89.64,985.25,0.0,0.951,0.951,0.951,,1,1.0,0.0,59090.867
2026-08-30T16:24:51.142Z,66.368084,-147.365063,771.37,387.77,822.55,70.24,54.83,-11.74,-5.6,87.24,86.43,89.48,914.58,0.0,0.923,0.925,0.924,0.047,2,1.0,0.0,59091.891
2026-08-30T16:24:52.534Z,66.36829,-147.363729,791.02,404.18,843.43,72.06,56.67,-11.55,-5.2,86.95,86.18,89.22,853.05,0.0,0.969,0.969,0.969,,1,1.0,0.0,59093.281
2026-08-30T16:24:53.376Z,66.368409,-147.362908,802.56,411.9,855.5,73.28,57.87,-11.6,-5.15,86.85,86.14,89.08,828.24,0.0,0.972,0.972,0.972,,1,1.0,0.0,59094.129
2026-08-30T16:24:54.753Z,66.368591,-147.361571,821.0,421.34,873.92,74.63,59.22,-11.66,-6.16,86.44,85.67,88.74,805.04,0.0,0.987,0.987,0.987,,1,1.0,0.0,59095.508
2026-08-30T16:24:55.595Z,66.368696,-147.360744,832.21,428.8,885.52,75.57,60.17,-11.95,-6.31,86.11,85.38,88.49,805.57,0.0,0.993,0.993,0.993,,1,1.0,0.0,59096.344
2026-08-30T16:24:56.968Z,66.368852,-147.359402,850.56,449.2,903.51,77.15,61.7,-11.49,-5.61,85.97,85.34,88.37,788.66,0.0,0.967,0.967,0.967,,1,1.0,0.0,59097.715
2026-08-30T16:24:57.813Z,66.368941,-147.358577,861.18,454.19,913.71,77.08,61.61,-11.71,-5.1,85.91,85.3,88.36,762.34,0.0,0.962,0.962,0.962,,1,1.0,0.0,59098.547
2026-08-30T16:24:59.776Z,66.369135,-147.356629,885.7,494.62,939.65,78.11,62.66,-11.72,-3.18,85.95,85.53,88.67,743.95,0.0,0.976,0.976,0.976,,1,1.0,0.0,59100.508
2026-08-30T16:25:00.815Z,66.369232,-147.355594,897.78,506.89,952.61,78.57,63.11,-11.26,-2.98,86.54,86.32,89.6,671.34,0.0,0.918,0.931,0.925,0.041,2,1.0,0.0,59101.547
2026-08-30T16:25:02.170Z,66.369355,-147.354227,910.09,512.84,967.08,78.99,63.52,-10.85,-3.66,87.86,87.71,91.04,547.25,0.0,0.935,0.935,0.935,,1,1.0,0.0,59102.91
2026-08-30T16:25:03.094Z,66.369438,-147.353281,917.3,509.99,975.35,79.66,64.24,-9.15,-4.11,89.25,89.11,92.38,453.65,0.0,0.913,0.913,0.913,,1,1.0,0.0,59103.836
2026-08-30T16:25:04.473Z,66.369556,-147.351848,924.61,540.37,985.11,81.36,65.92,-11.05,-5.93,90.73,90.54,93.88,379.91,0.0,1.001,1.001,1.001,,1,1.0,0.0,59105.199
2026-08-30T16:25:05.288Z,66.369622,-147.350962,930.65,546.66,990.68,81.7,66.24,-11.32,-6.17,91.5,91.38,94.47,450.75,0.0,1.056,1.056,1.056,,1,1.0,0.0,59106.004
2026-08-30T16:25:06.620Z,66.369718,-147.349543,943.46,558.96,1000.98,83.48,68.09,-12.35,-7.38,92.15,91.58,94.64,600.18,0.0,1.05,1.05,1.05,,1,1.0,0.0,59107.32
2026-08-30T16:25:07.413Z,66.369769,-147.348676,953.01,568.09,1009.02,85.05,69.64,-12.52,-8.61,92.13,91.74,94.53,688.87,0.0,1.048,1.048,1.048,,1,1.0,0.0,59108.133
2026-08-30T16:25:08.736Z,66.369837,-147.347254,970.78,577.86,1024.93,86.55,71.16,-13.65,-7.7,92.09,91.72,94.43,826.94,0.0,1.04,1.04,1.04,,1,1.0,0.0,59109.457
2026-08-30T16:25:10.132Z,66.36989,-147.34573,993.56,605.97,1046.93,88.54,73.09,-14.18,-7.0,91.9,91.42,93.97,977.16,0.0,1.022,1.022,1.022,,1,1.0,0.0,59110.848
2026-08-30T16:25:11.438Z,66.369921,-147.344323,1017.45,631.3,1067.35,89.56,74.1,-14.73,-7.11,91.28,90.96,93.16,1110.5,0.0,1.031,1.031,1.031,,1,1.0,0.0,59112.148
2026-08-30T16:25:12.617Z,66.369938,-147.343065,1040.38,658.3,1088.86,90.57,75.17,-14.08,-8.76,90.96,90.63,92.85,1129.86,0.0,0.932,0.967,0.951,0.254,3,1.0,0.0,59113.285
2026-08-30T16:25:13.884Z,66.369941,-147.341713,1064.07,679.05,1112.51,93.27,77.91,-14.82,-11.45,90.54,90.28,92.35,1134.02,0.0,0.984,0.984,0.984,,1,1.0,0.0,59114.59
2026-08-30T16:25:14.683Z,66.369933,-147.340858,1079.39,681.4,1127.74,95.3,79.93,-14.47,-11.87,90.36,90.14,92.03,1132.33,0.0,0.984,0.984,0.984,,1,1.0,0.0,59115.398
2026-08-30T16:25:16.002Z,66.3699,-147.339461,1103.64,700.59,1152.4,98.4,83.01,-14.2,-12.64,89.96,89.59,91.65,1091.51,0.0,0.963,0.963,0.963,,1,1.0,0.0,59116.715
2026-08-30T16:25:16.806Z,66.369866,-147.338618,1117.78,725.59,1166.48,100.0,84.63,-13.97,-12.66,89.24,89.01,91.02,1063.62,0.0,0.974,0.974,0.974,,1,1.0,0.0,59117.527
2026-08-30T16:25:18.122Z,66.369789,-147.337246,1139.29,738.53,1189.83,103.14,87.78,-13.06,-14.58,88.68,88.71,90.72,940.29,0.0,0.909,0.909,0.909,,1,1.0,0.0,59118.855
2026-08-30T16:25:19.546Z,66.369675,-147.335794,1159.0,771.72,1212.09,106.92,91.55,-12.37,-13.58,89.25,89.26,90.94,832.29,0.0,0.964,0.964,0.964,,1,1.0,0.0,59120.262
2026-08-30T16:25:20.869Z,66.369535,-147.334434,1174.82,793.05,1229.81,109.12,93.77,-11.56,-12.41,89.75,89.76,91.56,684.67,0.0,0.951,0.951,0.951,,1,1.0,0.0,59121.688
2026-08-30T16:25:21.796Z,66.369424,-147.333517,1183.98,811.65,1244.66,111.93,96.6,-12.46,-13.01,90.15,90.32,91.89,641.31,0.0,1.004,1.004,1.004,,1,1.0,0.0,59122.605
2026-08-30T16:25:23.294Z,66.369208,-147.332019,1200.7,829.48,1264.52,116.36,101.04,-12.46,-13.77,91.05,91.23,92.16,704.77,0.0,1.033,1.033,1.033,,1,1.0,0.0,59124.105
2026-08-30T16:25:24.397Z,66.369023,-147.330939,1214.65,843.89,1278.3,119.3,103.93,-12.59,-13.15,91.76,91.95,92.53,756.43,0.0,1.036,1.04,1.038,0.002,2,1.0,0.0,59125.203
2026-08-30T16:25:25.872Z,66.368742,-147.329533,1234.98,862.41,1297.52,122.8,107.47,-13.22,-13.7,91.66,91.77,91.94,846.91,0.0,1.032,1.032,1.032,,1,1.0,0.0,59126.707
2026-08-30T16:25:26.851Z,66.368533,-147.328625,1249.85,867.77,1313.28,125.82,110.5,-13.09,-14.0,91.44,91.56,91.56,880.09,0.0,1.014,1.014,1.014,,1,1.0,0.0,59127.648
2026-08-30T16:25:28.306Z,66.368199,-147.32735,1271.79,883.3,1334.41,129.84,114.49,-13.71,-14.97,91.21,91.33,91.17,926.71,0.0,1.024,1.024,1.024,,1,1.0,0.0,59129.062
2026-08-30T16:25:29.771Z,66.367822,-147.326122,1295.92,907.59,1356.42,134.19,118.85,-14.16,-15.64,90.79,90.94,90.48,992.9,0.0,1.022,1.022,1.022,,1,1.0,0.0,59130.492
2026-08-30T16:25:31.084Z,66.367456,-147.325092,1319.05,932.85,1378.27,138.62,123.24,-13.89,-16.39,90.76,91.05,89.96,1047.9,0.0,1.021,1.021,1.021,,1,1.0,0.0,59131.793
2026-08-30T16:25:32.269Z,66.367111,-147.324245,1339.81,952.53,1398.81,142.7,127.37,-13.41,-17.33,90.81,91.15,89.56,1057.39,0.0,1.004,1.006,1.005,0.171,3,1.0,0.0,59132.945
2026-08-30T16:25:33.535Z,66.366714,-147.323399,1361.4,978.69,1421.05,147.45,132.12,-12.84,-18.61,90.68,91.12,89.34,1005.02,0.0,0.978,0.978,0.978,,1,1.0,0.0,59134.242
2026-08-30T16:25:34.333Z,66.366449,-147.322903,1374.09,989.58,1434.01,150.45,135.11,-12.25,-18.32,90.86,91.24,89.24,957.85,0.0,0.984,0.984,0.984,,1,1.0,0.0,59135.031
2026-08-30T16:25:35.633Z,66.366001,-147.322179,1392.66,1007.72,1453.91,154.75,139.38,-11.24,-18.14,90.8,91.27,88.93,831.53,0.0,0.966,0.966,0.966,,1,1.0,0.0,59136.324
2026-08-30T16:25:36.424Z,66.365715,-147.321781,1402.2,1017.21,1465.84,157.27,141.93,-10.88,-18.28,91.14,91.76,89.36,741.13,0.0,0.959,0.959,0.959,,1,1.0,0.0,59137.145
2026-08-30T16:25:37.742Z,66.365222,-147.321202,1416.1,1031.95,1481.86,162.15,146.8,-10.4,-18.86,92.09,92.81,90.13,644.03,0.0,0.998,0.998,0.998,,1,1.0,0.0,59138.449
2026-08-30T16:25:38.541Z,66.364913,-147.320899,1423.87,1039.73,1489.95,164.64,149.28,-9.79,-17.84,92.88,93.66,90.77,592.12,0.0,1.009,1.009,1.009,,1,1.0,0.0,59139.254
2026-08-30T16:25:40.460Z,66.364137,-147.320327,1439.43,1054.69,1507.06,171.34,155.98,-9.56,-16.21,94.62,95.39,92.12,502.6,0.0,1.021,1.021,1.021,,1,1.0,0.0,59141.18
2026-08-30T16:25:41.270Z,66.363798,-147.320151,1446.66,1063.07,1513.88,173.82,158.47,-10.14,-16.49,95.22,95.98,92.6,547.95,0.0,1.046,1.046,1.046,,1,1.0,0.0,59141.98
2026-08-30T16:25:42.589Z,66.36324,-147.319955,1460.84,1077.57,1526.45,178.25,162.92,-10.66,-16.6,96.14,96.85,93.07,658.96,0.0,1.053,1.053,1.053,,1,1.0,0.0,59143.305
2026-08-30T16:25:43.401Z,66.362891,-147.319888,1470.82,1084.07,1534.6,181.11,165.76,-11.14,-16.63,96.11,96.55,92.58,719.92,0.0,1.053,1.053,1.053,,1,1.0,0.0,59144.102
2026-08-30T16:25:44.702Z,66.362333,-147.319868,1488.17,1096.33,1548.29,184.79,169.43,-12.32,-18.64,95.89,96.52,92.38,805.77,0.0,1.047,1.047,1.047,,1,1.0,0.0,59145.41
2026-08-30T16:25:45.865Z,66.361835,-147.319946,1505.65,1114.24,1566.29,190.21,174.93,-12.23,-19.3,95.72,96.4,92.05,900.31,0.0,1.06,1.062,1.061,0.121,3,1.0,0.0,59146.578
2026-08-30T16:25:47.173Z,66.361286,-147.320152,1526.66,1136.76,1586.24,195.78,180.44,-12.29,-18.61,95.55,96.26,91.73,954.87,0.0,1.031,1.031,1.031,,1,1.0,0.0,59147.891
2026-08-30T16:25:47.979Z,66.360953,-147.320342,1539.95,1145.69,1598.99,198.58,183.23,-12.67,-18.79,95.2,95.9,91.46,985.46,0.0,1.038,1.038,1.038,,1,1.0,0.0,59148.691
2026-08-30T16:25:49.885Z,66.360187,-147.320969,1572.89,1194.97,1631.77,204.66,189.31,-12.27,-19.36,95.15,96.07,91.04,1036.15,0.0,1.021,1.021,1.021,,1,1.0,0.0,59150.598
2026-08-30T16:25:50.689Z,66.359877,-147.321303,1586.61,1208.71,1645.8,207.44,192.13,-11.85,-20.16,95.16,95.97,91.09,1003.43,0.0,0.978,0.978,0.978,,1,1.0,0.0,59151.398
2026-08-30T16:25:51.994Z,66.359387,-147.321933,1606.98,1222.03,1667.89,213.22,197.88,-12.23,-20.43,94.75,95.67,91.1,947.14,0.0,1.009,1.009,1.009,,1,1.0,0.0,59152.703
2026-08-30T16:25:52.792Z,66.3591,-147.322375,1619.43,1234.49,1681.46,216.19,200.87,-12.09,-19.83,95.01,96.0,91.47,941.13,0.0,1.03,1.03,1.03,,1,1.0,0.0,59153.496
2026-08-30T16:25:54.087Z,66.358657,-147.323183,1639.48,1277.08,1700.85,221.07,205.72,-12.19,-18.77,94.97,95.9,91.48,928.49,0.0,1.015,1.015,1.015,,1,1.0,0.0,59154.801
2026-08-30T16:25:54.887Z,66.358398,-147.323729,1651.81,1289.42,1712.93,224.05,208.74,-12.22,-18.41,94.92,95.88,91.49,927.69,0.0,1.017,1.017,1.017,,1,1.0,0.0,59155.605
2026-08-30T16:25:56.203Z,66.357999,-147.324702,1672.24,1308.95,1734.65,228.6,213.2,-11.22,-17.15,95.03,96.14,91.67,916.63,0.0,1.012,1.012,1.012,,1,1.0,0.0,59156.941
2026-08-30T16:25:57.207Z,66.357717,-147.325492,1686.32,1323.14,1749.5,230.48,215.08,-9.88,-13.66,95.36,96.53,92.3,806.01,0.0,0.915,0.927,0.921,0.096,2,1.0,0.0,59157.922
2026-08-30T16:25:58.529Z,66.357365,-147.326596,1700.33,1340.61,1765.39,233.13,217.7,-9.01,-9.22,96.16,97.45,93.46,623.69,0.0,0.92,0.92,0.92,,1,1.0,0.0,59159.262
2026-08-30T16:25:59.955Z,66.357003,-147.327841,1711.74,1345.77,1779.13,233.45,217.95,-8.64,-4.45,97.62,99.07,95.19,486.68,0.0,0.94,0.94,0.94,,1,1.0,0.0,59160.656
2026-08-30T16:26:01.257Z,66.356678,-147.329019,1721.1,1353.35,1789.34,233.59,218.11,-8.32,-5.44,98.58,99.96,96.22,443.99,0.0,0.98,0.98,0.98,,1,1.0,0.0,59161.961
2026-08-30T16:26:02.046Z,66.356479,-147.329755,1726.69,1319.53,1795.19,234.37,218.95,-8.2,-6.48,99.33,100.88,97.12,428.87,0.0,0.971,0.971,0.971,,1,1.0,0.0,59162.785
2026-08-30T16:26:03.388Z,66.356151,-147.331016,1736.52,1364.03,1804.53,235.63,220.1,-8.71,-2.84,101.07,102.59,98.76,467.83,0.0,0.986,0.986,0.986,,1,1.0,0.0,59164.098
2026-08-30T16:26:04.196Z,66.355956,-147.331785,1743.46,1327.75,1809.72,235.38,219.91,-8.46,-3.1,101.73,103.2,99.3,508.27,0.0,1.003,1.003,1.003,,1,1.0,0.0,59164.891
2026-08-30T16:26:05.488Z,66.355638,-147.333049,1755.4,1383.4,1820.25,235.99,220.51,-10.54,-1.81,101.67,103.08,99.21,596.11,0.0,1.029,1.029,1.029,,1,1.0,0.0,59166.191
2026-08-30T16:26:06.279Z,66.355446,-147.33382,1765.32,1397.77,1829.47,236.01,220.53,-9.54,-2.18,102.17,103.64,99.33,721.92,0.0,1.099,1.099,1.099,,1,1.0,0.0,59166.98
2026-08-30T16:26:07.583Z,66.355135,-147.335081,1782.05,1426.59,1845.81,237.1,221.63,-9.18,-1.83,102.45,103.83,99.73,732.71,0.0,0.924,0.924,0.924,,1,1.0,0.0,59168.289
2026-08-30T16:26:08.379Z,66.354942,-147.335866,1791.95,1447.9,1855.66,237.33,221.86,-10.0,-2.18,102.53,104.02,100.05,755.03,0.0,0.975,0.975,0.975,,1,1.0,0.0,59169.082
2026-08-30T16:26:10.277Z,66.354489,-147.33774,1818.83,1476.01,1880.58,237.01,221.54,-9.81,-1.84,102.92,104.45,100.22,854.37,0.0,0.985,0.985,0.985,,1,1.0,0.0,59170.984
2026-08-30T16:26:11.444Z,66.354211,-147.338908,1835.54,1491.7,1897.49,237.39,221.91,-9.91,-2.8,102.94,104.53,100.42,844.62,0.0,0.963,0.967,0.965,0.254,3,1.0,0.0,59172.16
2026-08-30T16:26:12.747Z,66.353906,-147.340206,1853.77,1509.51,1915.89,237.98,222.51,-9.91,-4.03,103.05,104.66,100.55,845.37,0.0,0.984,0.984,0.984,,1,1.0,0.0,59173.461
2026-08-30T16:26:13.548Z,66.353719,-147.341013,1865.03,1520.75,1927.18,238.26,222.78,-9.67,-2.55,103.17,104.79,100.73,832.61,0.0,0.973,0.973,0.973,,1,1.0,0.0,59174.262
2026-08-30T16:26:14.860Z,66.353419,-147.342326,1882.81,1538.71,1945.29,237.98,222.48,-10.55,-2.42,103.33,104.99,100.98,847.61,0.0,1.006,1.006,1.006,,1,1.0,0.0,59175.562
2026-08-30T16:26:15.660Z,66.353236,-147.343134,1894.71,1550.67,1954.72,238.06,222.55,-10.48,-2.23,103.62,105.33,101.24,885.2,0.0,1.026,1.026,1.026,,1,1.0,0.0,59176.359
2026-08-30T16:26:16.952Z,66.352937,-147.344456,1914.95,1570.98,1973.25,238.63,223.17,-9.98,-2.81,103.72,105.43,101.25,918.09,0.0,0.988,0.988,0.988,,1,1.0,0.0,59177.668
2026-08-30T16:26:17.763Z,66.352752,-147.345281,1927.21,1583.21,1987.06,239.34,223.91,-9.86,-1.77,103.78,105.49,101.34,908.23,0.0,0.96,0.96,0.96,,1,1.0,0.0,59178.445
2026-08-30T16:26:19.047Z,66.352462,-147.346596,1946.0,1601.99,2007.27,239.16,223.68,-9.28,-1.92,103.72,105.58,101.38,853.09,0.0,0.972,0.972,0.972,,1,1.0,0.0,59179.754
2026-08-30T16:26:20.432Z,66.352149,-147.348023,1963.06,1619.2,2026.49,238.32,222.85,-8.16,-1.74,104.96,106.99,102.38,710.55,0.0,0.915,0.915,0.915,,1,1.0,0.0,59181.145
2026-08-30T16:26:21.747Z,66.351851,-147.349378,1976.53,1632.52,2042.16,238.39,222.89,-8.47,-2.44,106.03,108.09,102.98,645.4,0.0,0.988,0.988,0.988,,1,1.0,0.0,59182.453
2026-08-30T16:26:22.545Z,66.351668,-147.350209,1985.07,1640.85,2050.89,238.03,222.53,-8.88,-1.07,106.58,108.66,103.18,670.97,0.0,1.018,1.018,1.018,,1,1.0,0.0,59183.25
2026-08-30T16:26:23.844Z,66.351367,-147.351565,2000.84,1656.72,2065.29,238.68,223.21,-8.49,-1.63,107.47,109.59,104.0,711.07,0.0,1.012,1.012,1.012,,1,1.0,0.0,59184.547
2026-08-30T16:26:24.851Z,66.351134,-147.352619,2012.83,1668.94,2076.5,238.87,223.39,-8.46,-2.75,107.93,110.02,104.28,720.75,0.0,1.012,1.014,1.013,0.068,2,1.0,0.0,59185.57
2026-08-30T16:26:26.167Z,66.350828,-147.354008,2028.79,1684.96,2093.84,239.11,223.66,-8.53,-3.16,108.07,110.19,104.57,723.11,0.0,0.985,0.985,0.985,,1,1.0,0.0,59186.879
2026-08-30T16:26:26.970Z,66.350644,-147.354857,2038.6,1694.98,2103.77,239.64,224.16,-8.52,-3.98,109.1,111.65,105.96,751.73,0.0,1.001,1.001,1.001,,1,1.0,0.0,59187.691
2026-08-30T16:26:28.288Z,66.350339,-147.35629,2057.02,1713.46,2120.08,240.28,224.82,-9.23,-6.46,111.07,113.24,107.45,856.01,0.0,1.014,1.014,1.014,,1,1.0,0.0,59189.012
2026-08-30T16:26:29.710Z,66.350022,-147.357849,2079.08,1735.52,2140.39,241.76,226.31,-9.4,-6.18,110.02,111.99,106.19,921.94,0.0,1.033,1.033,1.033,,1,1.0,0.0,59190.422
2026-08-30T16:26:31.036Z,66.34974,-147.359314,2099.72,1756.34,2160.75,242.79,227.36,-9.27,-7.95,109.56,111.78,106.01,924.54,0.0,1.005,1.005,1.005,,1,1.0,0.0,59191.781
2026-08-30T16:26:31.872Z,66.349569,-147.360249,2112.76,1769.7,2173.66,244.02,228.62,-9.23,-7.04,109.6,111.86,105.99,921.65,0.0,0.992,0.992,0.992,,1,1.0,0.0,59192.617
2026-08-30T16:26:33.235Z,66.349304,-147.361777,2133.53,1790.04,2194.64,245.32,229.85,-9.36,-3.61,109.45,111.76,105.9,922.81,0.0,0.994,0.994,0.994,,1,1.0,0.0,59193.969
2026-08-30T16:26:34.064Z,66.349148,-147.36271,2146.41,1802.91,2207.29,245.31,229.81,-9.51,-3.83,109.33,111.68,105.79,936.32,0.0,1.002,1.002,1.002,,1,1.0,0.0,59194.781
2026-08-30T16:26:35.349Z,66.348913,-147.364157,2167.29,1823.67,2226.9,245.78,230.33,-9.05,-1.9,109.26,111.65,105.59,965.16,0.0,0.999,0.999,0.999,,1,1.0,0.0,59196.074
2026-08-30T16:26:36.552Z,66.348695,-147.365515,2185.85,1841.93,2246.53,245.98,230.49,-9.14,-1.34,109.12,111.55,105.59,922.35,0.0,0.943,0.955,0.949,0.309,3,1.0,0.0,59197.266
2026-08-30T16:26:37.872Z,66.348456,-147.367018,2206.11,1862.37,2267.06,245.75,230.3,-9.19,-2.07,109.04,111.51,105.49,921.22,0.0,0.994,0.994,0.994,,1,1.0,0.0,59198.605
2026-08-30T16:26:39.288Z,66.348203,-147.368617,2227.45,1883.92,2287.93,246.14,230.66,-9.15,0.53,108.75,111.24,105.27,901.95,0.0,0.976,0.976,0.976,,1,1.0,0.0,59199.996
2026-08-30T16:26:40.590Z,66.347969,-147.370081,2247.0,1903.65,2308.04,245.6,230.1,-9.1,1.07,108.69,111.2,105.17,906.28,0.0,0.995,0.995,0.995,,1,1.0,0.0,59201.301
2026-08-30T16:26:41.393Z,66.347822,-147.370985,2259.12,1915.99,2320.24,245.12,229.63,-9.17,0.77,108.63,111.18,105.11,905.15,0.0,0.983,0.983,0.983,,1,1.0,0.0,59202.121
2026-08-30T16:26:42.723Z,66.347574,-147.372477,2279.38,1936.39,2340.59,244.92,229.44,-9.24,0.1,108.73,111.49,104.98,916.74,0.0,0.996,0.996,0.996,,1,1.0,0.0,59203.508
2026-08-30T16:26:43.604Z,66.34741,-147.373459,2292.99,1949.39,2356.79,244.65,229.16,-9.42,-1.24,108.98,111.65,104.85,925.71,0.0,0.991,0.991,0.991,,1,1.0,0.0,59204.324
2026-08-30T16:26:44.936Z,66.347162,-147.374931,2313.75,1970.58,2377.0,244.82,229.36,-9.35,0.08,108.64,111.31,104.52,938.54,0.0,0.989,0.989,0.989,,1,1.0,0.0,59205.645
2026-08-30T16:26:45.941Z,66.346971,-147.37606,2329.75,1986.38,2391.27,244.74,229.24,-9.68,-0.51,108.43,111.17,104.34,951.45,0.0,0.989,0.995,0.992,0.123,2,1.0,0.0,59206.652
2026-08-30T16:26:47.243Z,66.346728,-147.37749,2350.87,2007.49,2411.43,244.38,228.9,-9.76,-0.53,108.2,110.99,104.05,981.73,0.0,0.997,0.997,0.997,,1,1.0,0.0,59207.953
2026-08-30T16:26:48.041Z,66.346576,-147.378381,2364.28,2020.26,2424.35,243.84,228.34,-9.68,-0.85,108.05,110.82,103.9,985.53,0.0,0.984,0.984,0.984,,1,1.0,0.0,59208.762
2026-08-30T16:26:49.953Z,66.346215,-147.380483,2396.78,2053.33,2456.79,244.29,228.8,-10.04,-1.72,107.64,110.48,103.34,1027.86,0.0,0.992,0.992,0.992,,1,1.0,0.0,59210.676
2026-08-30T16:26:50.769Z,66.346063,-147.381362,2410.67,2067.22,2470.17,244.27,228.8,-10.13,-2.23,107.43,110.28,103.11,1036.36,0.0,0.988,0.988,0.988,,1,1.0,0.0,59211.48
2026-08-30T16:26:52.085Z,66.345817,-147.382803,2433.58,2091.17,2492.63,244.61,229.15,-9.57,-3.08,107.19,110.09,102.88,1023.71,0.0,0.972,0.972,0.972,,1,1.0,0.0,59212.82
2026-08-30T16:26:52.913Z,66.345664,-147.38371,2447.13,2104.65,2507.78,244.78,229.29,-9.19,-2.41,106.6,109.27,102.12,976.31,0.0,0.936,0.936,0.936,,1,1.0,0.0,59213.637
2026-08-30T16:26:54.249Z,66.345421,-147.385152,2467.2,2124.2,2529.57,244.59,229.14,-8.81,-2.94,105.67,108.71,101.55,885.72,0.0,0.929,0.929,0.929,,1,1.0,0.0,59214.98
2026-08-30T16:26:55.079Z,66.345273,-147.386042,2478.22,2135.19,2541.06,245.03,229.58,-8.39,-2.68,105.91,108.97,101.84,806.59,0.0,0.93,0.93,0.93,,1,1.0,0.0,59215.816
2026-08-30T16:26:56.433Z,66.345029,-147.387519,2493.8,2150.86,2558.12,245.09,229.59,-7.74,-1.55,106.35,109.52,102.55,673.47,0.0,0.945,0.945,0.945,,1,1.0,0.0,59217.168
2026-08-30T16:26:57.264Z,66.344878,-147.388432,2501.88,2158.88,2567.34,244.91,229.45,-7.45,-1.75,106.81,110.06,103.02,606.11,0.0,0.961,0.961,0.961,,1,1.0,0.0,59218.0
2026-08-30T16:26:58.628Z,66.344631,-147.389933,2513.56,2169.48,2580.59,244.96,229.49,-7.23,-0.85,107.72,111.1,104.04,516.89,0.0,0.962,0.962,0.962,,1,1.0,0.0,59219.363
2026-08-30T16:27:00.066Z,66.344367,-147.39152,2524.56,2176.75,2590.54,244.77,229.29,-6.18,-1.85,108.51,111.89,104.81,431.16,0.0,0.947,0.947,0.947,,1,1.0,0.0,59220.797
2026-08-30T16:27:01.429Z,66.344115,-147.393034,2531.45,2183.54,2599.1,245.02,229.57,-5.47,-3.05,109.39,112.93,105.88,297.15,0.0,0.966,0.966,0.966,,1,1.0,0.0,59222.16
2026-08-30T16:27:02.257Z,66.343959,-147.393973,2534.48,2171.25,2603.47,245.31,229.87,-5.44,-3.18,110.2,113.77,106.78,240.55,0.0,0.956,0.956,0.956,,1,1.0,0.0,59223.004
2026-08-30T16:27:03.628Z,66.343702,-147.395542,2538.99,2175.74,2608.44,245.98,230.53,-5.31,-2.2,111.58,115.22,108.2,206.34,0.0,0.983,0.983,0.983,,1,1.0,0.0,59224.371
2026-08-30T16:27:04.463Z,66.343546,-147.396513,2541.63,2179.61,2611.18,246.4,230.93,-5.06,-2.47,112.45,116.11,109.07,193.29,0.0,0.982,0.982,0.982,,1,1.0,0.0,59225.195
2026-08-30T16:27:05.819Z,66.343295,-147.398098,2545.95,2183.95,2614.71,246.0,230.52,-4.92,-3.68,113.66,117.34,110.23,194.99,0.0,1.016,1.016,1.016,,1,1.0,0.0,59226.551
2026-08-30T16:27:06.645Z,66.343142,-147.399073,2548.43,2189.94,2619.38,245.95,230.51,-4.53,-3.5,114.41,118.13,111.1,169.02,0.0,0.967,0.967,0.967,,1,1.0,0.0,59227.391
2026-08-30T16:27:08.100Z,66.342873,-147.400813,2552.02,2192.18,2624.54,247.29,231.85,-5.07,-3.15,115.68,119.47,112.52,175.91,0.0,1.019,1.019,1.019,,1,1.0,0.0,59228.84
2026-08-30T16:27:09.549Z,66.342606,-147.402584,2557.95,2198.15,2629.54,247.48,232.02,-5.46,-3.43,116.77,120.57,113.59,266.83,0.0,1.035,1.035,1.035,,1,1.0,0.0,59230.289
2026-08-30T16:27:10.916Z,66.342362,-147.404252,2565.98,2205.67,2636.11,248.19,232.76,-5.8,-4.28,117.42,121.24,114.16,365.28,0.0,1.041,1.041,1.041,,1,1.0,0.0,59231.652
2026-08-30T16:27:11.788Z,66.342206,-147.405342,2572.27,2211.96,2641.5,248.65,233.19,-6.07,-2.87,117.76,121.6,114.5,422.45,0.0,1.023,1.023,1.023,,1,1.0,0.0,59232.523
2026-08-30T16:27:13.140Z,66.341971,-147.407028,2584.08,2224.36,2650.79,248.87,233.4,-6.68,-3.43,118.26,122.07,114.85,538.53,0.0,1.035,1.035,1.035,,1,1.0,0.0,59233.871
2026-08-30T16:27:13.963Z,66.34183,-147.408059,2592.74,2228.78,2657.65,248.89,233.43,-6.91,-4.37,118.46,122.25,114.98,614.85,0.0,1.036,1.036,1.036,,1,1.0,0.0,59234.707
2026-08-30T16:27:15.329Z,66.341603,-147.409767,2608.07,2244.14,2672.6,248.79,233.37,-6.89,-4.99,118.49,122.31,115.08,656.84,0.0,0.977,0.977,0.977,,1,1.0,0.0,59236.074
2026-08-30T16:27:16.174Z,66.341464,-147.410831,2617.48,2257.08,2682.19,249.47,234.02,-6.44,-5.37,118.84,122.74,115.59,656.74,0.0,0.983,0.983,0.983,,1,1.0,0.0,59236.918
2026-08-30T16:27:17.542Z,66.341243,-147.412576,2632.34,2271.96,2697.5,250.68,235.25,-6.52,-3.55,119.17,123.14,115.94,658.36,0.0,0.999,0.999,0.999,,1,1.0,0.0,59238.293
2026-08-30T16:27:18.387Z,66.34111,-147.413656,2641.81,2286.95,2706.59,251.11,235.65,-6.85,-4.5,119.36,123.25,115.99,673.7,0.0,0.993,0.993,0.993,,1,1.0,0.0,59239.125
2026-08-30T16:27:20.365Z,66.340815,-147.416185,2665.29,2310.96,2723.63,252.13,236.7,-6.75,-6.08,119.26,123.26,116.05,717.15,0.0,1.0,1.0,1.0,,1,1.0,0.0,59241.109
2026-08-30T16:27:21.375Z,66.340672,-147.4175,2677.27,2322.85,2733.95,252.87,237.43,-6.48,-4.02,119.29,123.26,116.18,688.51,0.0,0.963,0.968,0.966,0.017,2,1.0,0.0,59242.121
2026-08-30T16:27:22.743Z,66.340487,-147.41927,2692.28,2334.19,2748.33,253.37,237.92,-6.22,-3.53,119.55,123.63,116.41,661.37,0.0,0.99,0.99,0.99,,1,1.0,0.0,59243.488
2026-08-30T16:27:23.585Z,66.340377,-147.420363,2701.14,2343.01,2757.3,253.7,238.26,-6.13,-2.5,119.78,123.9,116.84,633.66,0.0,0.981,0.981,0.981,,1,1.0,0.0,59244.309
2026-08-30T16:27:24.928Z,66.340203,-147.422124,2715.25,2355.7,2773.45,253.86,238.37,-5.95,-3.35,119.98,124.15,117.07,640.61,0.0,1.017,1.017,1.017,,1,1.0,0.0,59245.672
2026-08-30T16:27:25.769Z,66.340099,-147.423216,2723.85,2364.23,2782.78,253.7,238.27,-5.19,-4.09,120.38,124.62,117.38,582.76,0.0,0.937,0.937,0.937,,1,1.0,0.0,59246.504
2026-08-30T16:27:27.134Z,66.339929,-147.425024,2732.98,2336.18,2793.57,254.92,239.46,-3.85,-3.39,121.23,125.55,118.53,328.62,0.0,0.833,0.833,0.833,,1,1.0,0.0,59247.887
2026-08-30T16:27:27.981Z,66.339827,-147.426153,2735.25,2381.5,2798.11,254.79,239.32,-3.02,-2.88,121.98,126.38,119.26,207.9,0.0,0.958,0.958,0.958,,1,1.0,0.0,59248.734
2026-08-30T16:27:29.988Z,66.339589,-147.428858,2734.34,2381.53,2800.79,255.54,240.13,-1.87,-0.33,124.04,128.61,121.59,-69.78,0.0,0.962,0.962,0.962,,1,1.0,0.0,59250.734
2026-08-30T16:27:31.349Z,66.339429,-147.430729,2728.13,2375.14,2799.25,255.32,239.85,-1.75,-1.88,125.71,130.34,123.43,-274.93,0.0,0.911,0.911,0.911,,1,1.0,0.0,59252.109
2026-08-30T16:27:32.203Z,66.339328,-147.431914,2723.55,2372.11,2796.49,255.41,239.98,-1.64,-2.08,126.77,131.44,124.47,-280.57,0.0,1.046,1.046,1.046,,1,1.0,0.0,59252.953
2026-08-30T16:27:33.585Z,66.339164,-147.433849,2717.02,2365.62,2790.73,255.76,240.31,-2.3,-0.51,128.01,132.7,125.98,-251.22,0.0,1.061,1.061,1.061,,1,1.0,0.0,59254.316
2026-08-30T16:27:34.404Z,66.339065,-147.43503,2714.65,2360.39,2787.67,255.73,240.29,-2.06,-1.07,128.89,133.56,126.72,-185.7,0.0,1.07,1.07,1.07,,1,1.0,0.0,59255.113
2026-08-30T16:27:35.737Z,66.338905,-147.436929,2711.44,2357.16,2783.23,255.85,240.39,-2.44,-1.11,130.08,134.81,128.01,-144.71,0.0,0.995,0.995,0.995,,1,1.0,0.0,59256.488
2026-08-30T16:27:36.590Z,66.338803,-147.438148,2710.35,2360.1,2782.22,255.73,240.28,-2.8,0.12,130.67,135.37,128.45,-65.56,0.0,1.068,1.068,1.068,,1,1.0,0.0,59257.332
2026-08-30T16:27:37.963Z,66.338636,-147.440138,2711.38,2359.41,2782.0,255.7,240.23,-3.41,-1.4,130.7,135.29,128.45,53.65,0.0,1.075,1.075,1.075,,1,1.0,0.0,59258.711
2026-08-30T16:27:39.432Z,66.338455,-147.442264,2716.37,2364.57,2783.3,255.87,240.43,-4.39,-0.27,131.34,136.0,128.91,246.25,0.0,1.084,1.084,1.084,,1,1.0,0.0,59260.176
2026-08-30T16:27:40.799Z,66.338287,-147.444262,2724.82,2368.68,2789.16,255.0,239.5,-3.45,1.33,131.66,136.29,129.08,318.08,0.0,0.95,0.95,0.95,,1,1.0,0.0,59261.555
2026-08-30T16:27:41.824Z,66.338158,-147.445741,2729.58,2373.33,2793.58,254.88,239.46,-2.62,0.57,131.8,136.48,129.22,237.97,0.0,0.926,0.936,0.931,0.191,2,1.0,0.0,59262.57
2026-08-30T16:27:43.201Z,66.337979,-147.44774,2731.85,2373.66,2797.62,254.82,239.35,-3.01,-2.89,132.18,136.86,129.66,128.93,0.0,0.998,0.998,0.998,,1,1.0,0.0,59263.965
2026-08-30T16:27:44.057Z,66.337866,-147.449003,2733.57,2376.82,2799.11,255.29,239.91,-2.79,-3.52,132.47,137.19,129.99,120.43,0.0,1.004,1.004,1.004,,1,1.0,0.0,59264.82
2026-08-30T16:27:45.457Z,66.337688,-147.451043,2736.0,2379.27,2800.67,255.83,240.33,-3.37,-2.3,133.01,137.77,130.56,134.79,0.0,1.031,1.031,1.031,,1,1.0,0.0,59266.207
2026-08-30T16:27:46.304Z,66.337583,-147.452291,2738.62,2380.84,2802.39,255.54,240.11,-3.21,-2.97,133.45,138.33,131.18,163.33,0.0,1.034,1.034,1.034,,1,1.0,0.0,59267.074
2026-08-30T16:27:47.659Z,66.337415,-147.454311,2742.75,2385.0,2806.05,256.17,240.75,-3.56,-1.27,134.65,139.53,132.41,202.45,0.0,1.081,1.081,1.081,,1,1.0,0.0,59268.422
2026-08-30T16:27:48.517Z,66.337311,-147.455584,2746.28,2387.07,2808.93,256.42,240.95,-2.95,-2.12,134.92,139.62,132.47,221.3,0.0,1.034,1.034,1.034,,1,1.0,0.0,59269.285
2026-08-30T16:27:50.546Z,66.337066,-147.458624,2750.57,2397.12,2815.08,256.63,241.16,-2.39,-2.28,134.96,139.82,132.86,65.77,0.0,0.921,0.921,0.921,,1,1.0,0.0,59271.316
2026-08-30T16:27:51.958Z,66.3369,-147.460731,2750.8,2402.44,2816.38,256.47,241.05,-1.59,-2.09,135.7,140.6,133.56,-5.5,0.0,0.969,0.969,0.969,,1,1.0,0.0,59272.719
2026-08-30T16:27:52.820Z,66.336799,-147.462031,2749.34,2400.85,2816.26,256.78,241.33,-0.85,-2.06,136.23,141.17,134.15,-120.6,0.0,0.909,0.909,0.909,,1,1.0,0.0,59273.582
2026-08-30T16:27:54.257Z,66.336634,-147.464236,2742.32,2398.05,2812.18,256.93,241.49,-0.19,-3.52,137.34,142.32,135.33,-297.53,0.0,0.98,0.98,0.98,,1,1.0,0.0,59275.023
2026-08-30T16:27:55.138Z,66.33653,-147.465563,2736.42,2392.09,2807.81,257.0,241.53,-0.92,-4.42,137.96,143.02,136.12,-361.92,0.0,0.945,0.945,0.945,,1,1.0,0.0,59275.914
2026-08-30T16:27:56.555Z,66.33637,-147.467755,2726.99,2383.64,2799.23,257.37,241.95,0.19,-1.27,138.47,143.52,136.57,-436.57,0.0,0.926,0.926,0.926,,1,1.0,0.0,59277.324
2026-08-30T16:27:57.423Z,66.336274,-147.469095,2719.28,2375.89,2794.15,257.54,242.09,1.01,-0.18,139.35,144.44,137.44,-539.39,0.0,0.937,0.937,0.937,,1,1.0,0.0,59278.191
2026-08-30T16:27:58.839Z,66.336114,-147.471308,2702.22,2358.97,2781.56,257.4,241.95,1.15,0.59,141.01,146.18,139.12,-724.24,0.0,0.943,0.943,0.943,,1,1.0,0.0,59279.617
2026-08-30T16:28:00.346Z,66.335937,-147.473704,2681.7,2338.64,2760.58,257.15,241.72,0.98,-1.39,142.79,147.94,140.91,-797.21,0.0,0.97,0.97,0.97,,1,1.0,0.0,59281.129
2026-08-30T16:28:01.771Z,66.335769,-147.475968,2664.35,2320.16,2742.47,257.4,241.97,-0.32,-2.98,144.11,149.17,142.3,-651.77,0.0,1.098,1.098,1.098,,1,1.0,0.0,59282.547
2026-08-30T16:28:02.645Z,66.335666,-147.477373,2657.41,2313.37,2733.34,257.68,242.26,-0.92,0.08,144.6,149.59,142.76,-475.22,0.0,1.13,1.13,1.13,,1,1.0,0.0,59283.43
2026-08-30T16:28:04.083Z,66.335494,-147.479704,2651.38,2309.1,2724.65,257.05,241.58,-1.63,6.28,144.71,149.54,142.62,-238.58,0.0,1.075,1.075,1.075,,1,1.0,0.0,59284.863
2026-08-30T16:28:04.962Z,66.335383,-147.481122,2650.06,2307.89,2720.11,256.05,240.57,-2.4,4.6,144.53,149.39,142.58,-87.85,0.0,1.102,1.102,1.102,,1,1.0,0.0,59285.758
2026-08-30T16:28:06.412Z,66.335186,-147.48344,2654.36,2308.26,2719.94,255.24,239.79,-3.22,2.4,144.29,149.16,142.01,227.96,0.0,1.138,1.138,1.138,,1,1.0,0.0,59287.164
2026-08-30T16:28:07.285Z,66.335061,-147.48483,2659.55,2313.34,2723.78,254.84,239.38,-1.53,2.89,144.15,149.05,141.9,217.01,0.0,0.939,0.939,0.939,,1,1.0,0.0,59288.051
2026-08-30T16:28:08.707Z,66.334847,-147.48709,2658.96,2317.19,2727.09,254.26,238.81,0.08,2.0,144.54,149.42,142.32,-136.0,0.0,0.809,0.809,0.809,,1,1.0,0.0,59289.477
2026-08-30T16:28:10.222Z,66.33461,-147.489505,2650.33,2300.05,2722.48,253.83,238.39,-0.86,-0.84,145.11,149.99,142.94,-247.91,0.0,1.044,1.044,1.044,,1,1.0,0.0,59290.984
2026-08-30T16:28:11.637Z,66.334383,-147.491785,2645.52,2293.96,2715.27,254.26,238.81,-1.27,1.56,145.7,150.65,143.72,-192.18,0.0,1.031,1.031,1.031,,1,1.0,0.0,59292.418
2026-08-30T16:28:12.514Z,66.334242,-147.493184,2643.07,2291.5,2712.18,253.64,238.17,-1.14,6.69,146.11,151.06,143.89,-178.84,0.0,1.019,1.019,1.019,,1,1.0,0.0,59293.281
2026-08-30T16:28:13.946Z,66.333998,-147.495479,2639.17,2259.37,2707.84,251.8,236.29,-1.11,9.28,146.38,151.28,143.95,-159.2,0.0,1.013,1.013,1.013,,1,1.0,0.0,59294.734
2026-08-30T16:28:14.837Z,66.333832,-147.496876,2637.08,2257.29,2705.48,250.46,234.96,-0.84,7.19,146.4,151.2,143.82,-156.87,0.0,1.03,1.03,1.03,,1,1.0,0.0,59295.582
2026-08-30T16:28:16.206Z,66.33355,-147.499064,2632.4,2223.34,2701.53,249.1,233.64,-0.55,2.93,146.4,151.24,143.82,-216.35,0.0,0.974,0.974,0.974,,1,1.0,0.0,59296.938
2026-08-30T16:28:17.033Z,66.333373,-147.500358,2628.88,2219.77,2698.53,248.71,233.25,-0.32,1.92,147.06,152.23,144.79,-263.28,0.0,0.961,0.961,0.961,,1,1.0,0.0,59297.777
2026-08-30T16:28:18.405Z,66.333073,-147.502491,2621.02,2275.96,2692.05,248.92,233.5,-1.1,-0.22,148.15,153.04,145.68,-296.78,0.0,1.028,1.028,1.028,,1,1.0,0.0,59299.113
2026-08-30T16:28:19.841Z,66.332748,-147.504763,2617.61,2228.89,2686.07,248.36,232.9,-2.19,3.35,148.11,152.87,145.49,-78.45,0.0,1.101,1.101,1.101,,1,1.0,0.0,59300.578
2026-08-30T16:28:21.192Z,66.332436,-147.506895,2621.37,2232.88,2685.7,247.74,232.31,-3.34,0.5,147.41,151.93,144.49,205.8,0.0,1.123,1.123,1.123,,1,1.0,0.0,59301.926
2026-08-30T16:28:22.019Z,66.332241,-147.508186,2626.87,2269.0,2688.59,247.67,232.23,-3.78,-1.24,146.66,151.28,143.86,349.93,0.0,1.073,1.073,1.073,,1,1.0,0.0,59302.73
2026-08-30T16:28:23.370Z,66.331927,-147.510266,2639.06,2281.31,2697.62,247.71,232.28,-4.5,-3.91,145.88,150.55,142.99,535.56,0.0,1.119,1.119,1.119,,1,1.0,0.0,59304.148
2026-08-30T16:28:24.251Z,66.33172,-147.511635,2648.34,2295.83,2705.53,247.43,231.97,-4.21,-5.51,145.45,150.16,142.53,591.71,0.0,1.11,1.11,1.11,,1,1.0,0.0,59305.023
2026-08-30T16:28:25.685Z,66.33139,-147.513843,2662.62,2308.19,2720.58,248.26,232.86,-4.42,1.35,145.17,149.77,142.11,601.46,0.0,1.026,1.026,1.026,,1,1.0,0.0,59306.434
2026-08-30T16:28:26.552Z,66.331192,-147.515167,2671.8,2317.42,2729.4,247.9,232.42,-4.43,5.2,144.31,148.92,141.22,640.82,0.0,1.05,1.05,1.05,,1,1.0,0.0,59307.309
2026-08-30T16:28:27.973Z,66.330862,-147.517321,2688.65,2332.02,2744.28,246.44,230.98,-4.82,4.02,143.1,147.71,139.89,724.75,0.0,1.038,1.038,1.038,,1,1.0,0.0,59308.738
2026-08-30T16:28:29.470Z,66.330499,-147.519565,2708.62,2352.03,2763.91,245.85,230.4,-4.88,1.91,141.89,146.54,138.53,791.27,0.0,1.017,1.017,1.017,,1,1.0,0.0,59310.246
2026-08-30T16:28:30.891Z,66.330152,-147.521645,2727.34,2371.37,2784.9,245.36,229.91,-4.97,0.74,140.78,145.42,137.4,788.89,0.0,0.988,0.988,0.988,,1,1.0,0.0,59311.66
2026-08-30T16:28:31.759Z,66.329935,-147.522916,2739.01,2395.85,2794.63,245.12,229.72,-5.14,-0.62,140.38,145.18,137.11,822.75,0.0,1.013,1.013,1.013,,1,1.0,0.0,59312.516
2026-08-30T16:28:33.185Z,66.329583,-147.52498,2761.12,2418.09,2813.58,245.7,230.29,-6.06,-3.97,139.22,143.79,135.58,959.07,0.0,1.052,1.052,1.052,,1,1.0,0.0,59313.906
2026-08-30T16:28:33.995Z,66.329383,-147.526176,2775.44,2434.46,2826.47,246.38,231.01,-6.18,-5.79,138.14,142.84,134.62,1008.21,0.0,1.008,1.008,1.008,,1,1.0,0.0,59314.82
2026-08-30T16:28:35.484Z,66.329045,-147.528297,2800.77,2459.76,2849.31,247.08,231.68,-5.74,-4.94,136.78,141.51,133.39,991.06,0.0,0.965,0.965,0.965,,1,1.0,0.0,59316.262
2026-08-30T16:28:36.364Z,66.328851,-147.529541,2814.33,2474.29,2864.8,247.44,232.04,-5.4,-2.4,136.1,140.89,132.82,925.61,0.0,0.945,0.945,0.945,,1,1.0,0.0,59317.125
2026-08-30T16:28:37.769Z,66.328544,-147.531557,2833.39,2493.42,2886.49,247.42,231.99,-4.8,0.04,135.3,140.15,132.11,790.2,0.0,0.941,0.941,0.941,,1,1.0,0.0,59318.527
2026-08-30T16:28:38.629Z,66.328359,-147.532771,2843.29,2503.27,2897.56,247.21,231.79,-4.15,-0.1,135.03,139.95,131.84,702.71,0.0,0.947,0.947,0.947,,1,1.0,0.0,59319.391
2026-08-30T16:28:40.667Z,66.327913,-147.535665,2857.3,2517.19,2915.9,246.9,231.45,-2.49,0.83,135.1,140.15,132.14,325.52,0.0,0.943,0.943,0.943,,1,1.0,0.0,59321.434
2026-08-30T16:28:42.084Z,66.327598,-147.537674,2859.78,2518.82,2922.31,246.51,231.09,-1.76,0.31,135.65,140.78,132.83,76.85,0.0,0.904,0.904,0.904,,1,1.0,0.0,59322.852
2026-08-30T16:28:42.951Z,66.327401,-147.538905,2858.96,2517.97,2923.35,246.49,231.06,-1.76,0.12,136.13,141.3,133.36,-9.92,0.0,0.962,0.962,0.962,,1,1.0,0.0,59323.715
2026-08-30T16:28:44.363Z,66.327077,-147.540929,2856.97,2516.2,2922.76,246.11,230.7,-1.6,-2.2,137.59,142.99,134.29,-75.87,0.0,0.981,0.981,0.981,,1,1.0,0.0,59325.168
2026-08-30T16:28:45.274Z,66.326868,-147.542228,2855.41,2514.63,2921.43,246.33,230.93,-1.54,-3.3,138.31,143.52,134.64,-95.44,0.0,0.989,0.989,0.989,,1,1.0,0.0,59326.066
2026-08-30T16:28:46.746Z,66.32653,-147.544349,2852.86,2512.75,2919.0,246.67,231.24,-1.64,-2.52,138.6,143.87,135.05,-93.36,0.0,1.008,1.008,1.008,,1,1.0,0.0,59327.551
2026-08-30T16:28:47.652Z,66.326323,-147.545663,2851.49,2511.93,2917.58,246.73,231.32,-1.65,-0.19,138.74,144.02,135.23,-89.73,0.0,0.986,0.986,0.986,,1,1.0,0.0,59328.457
2026-08-30T16:28:49.133Z,66.325984,-147.547805,2849.69,2510.13,2915.89,246.37,230.93,-1.68,1.52,139.02,144.32,135.47,-71.93,0.0,1.001,1.001,1.001,,1,1.0,0.0,59329.941
2026-08-30T16:28:50.707Z,66.325615,-147.550094,2847.96,2508.82,2913.97,245.91,230.49,-1.74,-0.83,139.28,144.57,135.68,-62.9,0.0,1.001,1.001,1.001,,1,1.0,0.0,59331.516
2026-08-30T16:28:52.186Z,66.325265,-147.55224,2846.47,2507.46,2912.53,245.94,230.52,-1.46,-0.2,139.53,144.84,135.9,-76.06,0.0,0.983,0.983,0.983,,1,1.0,0.0,59332.988
2026-08-30T16:28:53.092Z,66.325052,-147.553538,2844.87,2505.83,2911.36,245.56,230.09,-1.53,0.74,139.8,145.22,136.27,-104.57,0.0,0.97,0.97,0.97,,1,1.0,0.0,59333.887
2026-08-30T16:28:54.567Z,66.324695,-147.555695,2840.25,2499.77,2908.65,244.17,228.77,-0.54,3.63,141.66,147.11,137.95,-221.24,0.0,0.989,0.989,0.989,,1,1.0,0.0,59335.371
2026-08-30T16:28:55.472Z,66.324465,-147.557001,2835.72,2495.2,2905.51,244.68,229.25,-0.68,4.48,142.0,147.41,138.04,-275.96,0.0,0.969,0.969,0.969,,1,1.0,0.0,59336.281
2026-08-30T16:28:56.963Z,66.324075,-147.559159,2827.94,2486.81,2898.57,243.18,227.74,-0.95,2.87,142.26,147.72,137.94,-289.65,0.0,0.993,0.993,0.993,,1,1.0,0.0,59337.781
2026-08-30T16:28:57.890Z,66.323827,-147.560498,2824.2,2468.89,2894.23,242.82,227.39,-1.41,0.55,142.59,147.91,137.85,-220.0,0.0,1.045,1.045,1.045,,1,1.0,0.0,59338.703
2026-08-30T16:29:00.076Z,66.32323,-147.563633,2819.96,2460.45,2888.87,242.94,227.55,-1.44,-3.33,141.73,146.87,136.94,-114.41,0.0,1.007,1.007,1.007,,1,1.0,0.0,59340.832
2026-08-30T16:29:01.513Z,66.322845,-147.565688,2817.16,2462.58,2886.07,243.68,228.3,-1.05,-5.47,140.78,145.88,136.03,-149.26,0.0,0.974,0.974,0.974,,1,1.0,0.0,59342.277
2026-08-30T16:29:02.376Z,66.322618,-147.566922,2813.96,2459.3,2883.71,244.37,229.0,-0.44,-7.14,140.4,145.56,135.87,-234.53,0.0,0.943,0.943,0.943,,1,1.0,0.0,59343.199
2026-08-30T16:29:03.874Z,66.322245,-147.569054,2805.27,2451.26,2876.01,245.44,230.09,-0.72,-3.03,140.5,145.74,136.21,-340.65,0.0,0.976,0.976,0.976,,1,1.0,0.0,59344.668
2026-08-30T16:29:04.765Z,66.322026,-147.570353,2799.99,2446.05,2869.16,245.78,230.34,-1.12,0.56,140.72,145.98,136.49,-310.64,0.0,1.045,1.045,1.045,,1,1.0,0.0,59345.539
2026-08-30T16:29:06.197Z,66.321677,-147.572425,2794.89,2447.41,2862.35,245.06,229.66,-1.11,0.09,141.1,146.34,136.8,-212.29,0.0,1.028,1.028,1.028,,1,1.0,0.0,59346.961
2026-08-30T16:29:07.054Z,66.321465,-147.573675,2792.34,2444.87,2859.13,245.07,229.66,-1.28,-0.98,141.29,146.54,136.97,-184.46,0.0,1.005,1.005,1.005,,1,1.0,0.0,59347.832
2026-08-30T16:29:08.463Z,66.321114,-147.575726,2789.21,2439.74,2855.16,244.85,229.42,-1.68,0.75,141.47,146.66,137.12,-112.37,0.0,1.017,1.017,1.017,,1,1.0,0.0,59349.238
2026-08-30T16:29:09.962Z,66.32074,-147.577884,2789.74,2439.41,2853.33,244.26,228.89,-1.85,-0.82,141.4,146.54,136.87,41.22,0.0,1.054,1.054,1.054,,1,1.0,0.0,59350.727
2026-08-30T16:29:11.366Z,66.320383,-147.579911,2790.94,2440.37,2854.36,244.47,229.05,-2.34,-1.45,141.97,147.07,137.45,59.71,0.0,1.024,1.024,1.024,,1,1.0,0.0,59352.125
2026-08-30T16:29:12.224Z,66.320166,-147.581146,2792.73,2442.23,2854.71,244.51,229.14,-2.4,0.19,141.51,146.62,136.92,121.05,0.0,1.019,1.019,1.019,,1,1.0,0.0,59352.977
2026-08-30T16:29:13.618Z,66.31981,-147.583165,2796.72,2447.21,2858.57,244.26,228.82,-2.6,4.03,141.26,146.4,136.58,167.69,0.0,0.993,0.993,0.993,,1,1.0,0.0,59354.363
2026-08-30T16:29:14.463Z,66.319593,-147.584372,2799.63,2450.17,2860.31,243.72,228.3,-2.95,4.67,141.12,146.24,136.3,219.61,0.0,1.023,1.023,1.023,,1,1.0,0.0,59355.23
2026-08-30T16:29:15.869Z,66.319221,-147.586374,2807.48,2411.23,2865.5,242.62,227.2,-3.51,1.9,140.64,145.69,135.62,349.32,0.0,1.032,1.032,1.032,,1,1.0,0.0,59356.621
2026-08-30T16:29:16.717Z,66.318992,-147.587569,2813.51,2417.3,2873.03,242.34,226.92,-3.58,0.86,140.33,145.42,135.3,405.78,0.0,1.029,1.029,1.029,,1,1.0,0.0,59357.465
2026-08-30T16:29:18.102Z,66.318609,-147.589531,2824.12,2471.27,2883.95,241.36,225.93,-3.98,4.33,139.75,144.77,134.58,457.68,0.0,1.006,1.006,1.006,,1,1.0,0.0,59358.848
2026-08-30T16:29:19.583Z,66.318198,-147.59155,2838.09,2488.55,2895.56,240.32,224.87,-4.61,4.44,138.7,143.72,133.46,608.27,0.0,1.088,1.088,1.088,,1,1.0,0.0,59360.328
2026-08-30T16:29:20.948Z,66.317801,-147.593411,2853.42,2503.82,2908.87,240.09,224.71,-4.62,2.09,137.37,142.29,131.99,621.23,0.0,1.001,1.001,1.001,,1,1.0,0.0,59361.672
2026-08-30T16:29:21.759Z,66.317562,-147.594505,2861.65,2507.18,2917.36,240.71,225.35,-5.55,-1.14,136.66,141.69,131.3,657.94,0.0,1.096,1.096,1.096,,1,1.0,0.0,59362.504
2026-08-30T16:29:23.150Z,66.317165,-147.596318,2879.66,2525.27,2933.9,239.57,224.19,-4.8,-2.98,135.63,140.67,130.26,749.5,0.0,0.977,0.977,0.977,,1,1.0,0.0,59363.898
2026-08-30T16:29:23.997Z,66.316922,-147.597439,2889.92,2536.71,2944.5,240.24,224.85,-4.47,-0.51,135.08,140.18,129.78,711.32,0.0,0.961,0.961,0.961,,1,1.0,0.0,59364.75
2026-08-30T16:29:25.381Z,66.316525,-147.599254,2904.31,2550.98,2960.42,239.6,224.18,-3.91,3.33,134.52,139.66,129.23,598.99,0.0,0.93,0.93,0.93,,1,1.0,0.0,59366.137
2026-08-30T16:29:26.237Z,66.316279,-147.600365,2911.69,2557.16,2969.01,239.14,223.71,-3.56,4.52,134.29,139.46,129.01,528.09,0.0,0.943,0.943,0.943,,1,1.0,0.0,59366.992
2026-08-30T16:29:27.630Z,66.315868,-147.602165,2921.16,2564.98,2980.43,238.07,222.63,-3.01,5.9,134.03,139.26,128.86,382.35,0.0,0.922,0.922,0.922,,1,1.0,0.0,59368.383
2026-08-30T16:29:28.483Z,66.315609,-147.603253,2925.04,2568.8,2985.85,237.36,221.91,-2.72,6.54,134.04,139.31,128.9,289.04,0.0,0.931,0.931,0.931,,1,1.0,0.0,59369.25
2026-08-30T16:29:30.529Z,66.314963,-147.605829,2930.02,2579.14,2993.75,235.49,220.07,-2.12,3.9,134.44,139.77,129.25,115.9,0.0,0.955,0.955,0.955,,1,1.0,0.0,59371.281
2026-08-30T16:29:31.928Z,66.314502,-147.607565,2930.86,2592.86,2995.72,234.84,219.46,-1.7,1.97,135.05,140.52,129.87,32.54,0.0,0.962,0.962,0.962,,1,1.0,0.0,59372.676
2026-08-30T16:29:32.770Z,66.314217,-147.608614,2930.24,2592.14,2995.31,234.97,219.59,-0.88,1.28,135.65,141.15,130.51,-68.83,0.0,0.898,0.898,0.898,,1,1.0,0.0,59373.512
2026-08-30T16:29:34.109Z,66.313759,-147.610279,2925.2,2587.01,2993.72,234.56,219.15,-1.2,0.84,136.12,141.47,130.87,-194.71,0.0,0.97,0.97,0.97,,1,1.0,0.0,59374.867
2026-08-30T16:29:34.962Z,66.313468,-147.611331,2922.26,2584.12,2991.16,233.91,218.48,-1.27,1.34,136.05,141.53,130.87,-185.78,0.0,0.99,0.99,0.99,,1,1.0,0.0,59375.703
2026-08-30T16:29:36.319Z,66.312995,-147.613006,2918.35,2581.34,2987.11,233.34,217.96,-1.7,0.85,136.6,142.1,131.43,-158.96,0.0,0.99,0.99,0.99,,1,1.0,0.0,59377.059
2026-08-30T16:29:37.145Z,66.312702,-147.614031,2916.86,2579.91,2984.99,233.53,218.14,-1.77,-0.19,136.81,142.24,131.51,-106.51,0.0,1.032,1.032,1.032,,1,1.0,0.0,59377.887
2026-08-30T16:29:38.501Z,66.312225,-147.615688,2916.61,2579.38,2983.13,233.39,218.01,-2.6,-1.86,136.72,142.14,131.5,20.25,0.0,1.053,1.053,1.053,,1,1.0,0.0,59379.227
2026-08-30T16:29:39.932Z,66.311721,-147.617444,2919.68,2583.48,2984.28,233.6,218.21,-2.37,-0.98,136.7,142.12,131.54,105.36,0.0,0.984,0.984,0.984,,1,1.0,0.0,59380.664
2026-08-30T16:29:41.278Z,66.311241,-147.619119,2922.43,2586.23,2986.72,233.56,218.18,-2.39,-2.36,136.75,142.2,131.62,115.28,0.0,0.982,0.982,0.982,,1,1.0,0.0,59382.023
2026-08-30T16:29:42.302Z,66.310884,-147.620373,2924.42,2587.99,2988.67,233.8,218.42,-2.26,-3.07,136.75,142.25,131.7,117.18,0.0,0.98,0.984,0.982,0.14,2,1.0,0.0,59383.059
2026-08-30T16:29:43.697Z,66.310397,-147.622102,2927.17,2575.44,2991.39,234.42,219.03,-2.2,-4.57,137.02,142.53,131.85,122.98,0.0,0.997,0.997,0.997,,1,1.0,0.0,59384.465
2026-08-30T16:29:44.575Z,66.310093,-147.623205,2929.05,2577.32,2993.24,234.94,219.6,-2.45,-6.32,137.06,142.51,131.92,120.49,0.0,0.981,0.981,0.981,,1,1.0,0.0,59385.461
2026-08-30T16:29:46.173Z,66.309551,-147.625225,2932.82,2585.21,2995.93,235.63,220.31,-2.67,-8.21,137.01,142.49,131.9,154.34,0.0,1.004,1.004,1.004,,1,1.0,0.0,59387.016
2026-08-30T16:29:47.140Z,66.309231,-147.626463,2935.26,2587.56,2997.9,236.81,221.43,-2.09,-9.19,137.02,142.5,131.97,118.58,0.0,0.956,0.956,0.956,,1,1.0,0.0,59387.961
2026-08-30T16:29:48.667Z,66.308746,-147.628445,2936.46,2583.73,2999.93,238.33,222.99,-1.81,-10.14,136.96,142.3,131.83,44.22,0.0,0.964,0.964,0.964,,1,1.0,0.0,59389.473
2026-08-30T16:29:50.192Z,66.308279,-147.630472,2935.98,2581.8,3001.04,240.21,224.86,-1.69,-10.29,136.79,142.26,131.96,-28.88,0.0,0.966,0.966,0.966,,1,1.0,0.0,59390.934
2026-08-30T16:29:51.549Z,66.307892,-147.632289,2934.66,2593.48,2999.26,240.9,225.51,-1.93,-0.2,136.93,142.44,132.21,-34.45,0.0,1.011,1.011,1.011,,1,1.0,0.0,59392.266
2026-08-30T16:29:52.363Z,66.307666,-147.633374,2934.35,2593.16,2999.01,240.97,225.58,-1.66,6.13,137.07,142.6,132.36,-35.78,0.0,0.979,0.979,0.979,,1,1.0,0.0,59393.086
2026-08-30T16:29:53.696Z,66.30728,-147.635163,2933.26,2597.19,2998.66,239.26,223.79,-1.45,7.46,137.53,143.07,132.76,-55.47,0.0,0.969,0.969,0.969,,1,1.0,0.0,59394.422
2026-08-30T16:29:54.520Z,66.307033,-147.636252,2932.2,2596.13,2997.7,238.26,222.84,-1.39,5.99,137.74,143.31,132.94,-75.31,0.0,0.978,0.978,0.978,,1,1.0,0.0,59395.246
2026-08-30T16:29:55.853Z,66.306615,-147.638016,2929.63,2584.0,2996.56,237.47,222.06,-1.44,2.06,137.83,143.37,133.01,-118.02,0.0,1.011,1.011,1.011,,1,1.0,0.0,59396.59
2026-08-30T16:29:56.680Z,66.306353,-147.639092,2927.78,2582.16,2995.39,236.94,221.53,-1.35,0.51,137.97,143.5,133.18,-125.82,0.0,1.011,1.011,1.011,,1,1.0,0.0,59397.402
2026-08-30T16:29:58.015Z,66.305922,-147.640827,2925.09,2574.42,2992.91,237.0,221.62,-1.58,-1.85,138.24,143.81,133.51,-109.67,0.0,0.998,0.998,0.998,,1,1.0,0.0,59398.73
2026-08-30T16:29:59.425Z,66.305464,-147.642671,2923.43,2582.92,2990.64,237.26,221.89,-1.78,-3.99,138.54,144.1,133.77,-57.92,0.0,1.006,1.006,1.006,,1,1.0,0.0,59400.148
2026-08-30T16:30:00.759Z,66.30503,-147.644449,2923.22,2582.75,2989.63,237.9,222.55,-2.07,-3.55,138.82,144.38,133.96,-7.32,0.0,0.998,0.998,0.998,,1,1.0,0.0,59401.496
2026-08-30T16:30:01.763Z,66.304717,-147.64576,2923.94,2568.3,2989.64,238.2,222.83,-2.38,-3.38,138.89,144.42,133.98,49.69,0.0,1.02,1.023,1.022,0.096,2,1.0,0.0,59402.5
2026-08-30T16:30:03.107Z,66.304294,-147.647547,2926.68,2571.09,2991.16,238.57,223.21,-2.23,-2.33,138.75,144.21,133.64,116.51,0.0,1.029,1.029,1.029,,1,1.0,0.0,59403.84
2026-08-30T16:30:03.936Z,66.304039,-147.648659,2928.58,2570.78,2992.75,238.65,223.26,-2.31,-2.55,138.54,144.09,133.58,126.48,0.0,1.005,1.005,1.005,,1,1.0,0.0,59404.656
2026-08-30T16:30:05.269Z,66.303623,-147.650425,2932.02,2574.27,2995.19,238.49,223.15,-2.54,-0.15,138.58,144.12,133.6,170.25,0.0,1.026,1.026,1.026,,1,1.0,0.0,59405.992
2026-08-30T16:30:06.089Z,66.303372,-147.651507,2934.78,2578.46,2997.25,238.71,223.31,-2.65,-0.14,138.44,143.96,133.51,184.49,0.0,0.999,0.999,0.999,,1,1.0,0.0,59406.812
2026-08-30T16:30:07.421Z,66.302954,-147.653289,2939.43,2606.65,3000.73,238.25,222.87,-2.78,0.14,138.33,143.82,133.26,217.89,0.0,1.018,1.018,1.018,,1,1.0,0.0,59408.152
2026-08-30T16:30:08.249Z,66.302699,-147.654371,2942.74,2609.94,3003.48,238.11,222.73,-2.95,-0.75,138.15,143.62,133.09,237.64,0.0,0.991,0.991,0.991,,1,1.0,0.0,59408.965
2026-08-30T16:30:10.167Z,66.3021,-147.656908,2952.32,2616.74,3011.78,238.33,222.97,-3.16,-2.71,137.5,142.94,132.54,307.01,0.0,0.991,0.991,0.991,,1,1.0,0.0,59410.898
2026-08-30T16:30:10.986Z,66.301844,-147.657991,2956.75,2621.17,3016.27,238.43,223.07,-3.19,-3.53,137.19,142.67,132.33,317.14,0.0,0.985,0.985,0.985,,1,1.0,0.0,59411.719
2026-08-30T16:30:12.333Z,66.301437,-147.659747,2963.89,2629.13,3021.77,238.98,223.63,-3.37,-1.48,136.8,142.33,131.98,318.4,0.0,0.972,0.972,0.972,,1,1.0,0.0,59413.055
2026-08-30T16:30:13.310Z,66.301138,-147.66105,2969.46,2634.73,3028.69,239.04,223.65,-3.35,-0.97,136.67,142.17,131.7,346.76,0.0,1.011,1.012,1.012,0.035,2,1.0,0.0,59414.035
2026-08-30T16:30:14.643Z,66.30074,-147.662791,2977.45,2628.41,3037.59,238.93,223.57,-3.34,-2.27,136.29,141.79,131.34,352.62,0.0,0.977,0.977,0.977,,1,1.0,0.0,59415.359
2026-08-30T16:30:15.452Z,66.300497,-147.66386,2982.21,2632.24,3042.62,239.15,223.79,-3.25,-3.08,136.09,141.61,131.15,347.08,0.0,0.977,0.977,0.977,,1,1.0,0.0,59416.172
2026-08-30T16:30:16.782Z,66.300104,-147.665606,2989.43,2639.45,3050.31,239.56,224.2,-3.15,-4.3,135.8,141.31,130.9,321.29,0.0,0.971,0.971,0.971,,1,1.0,0.0,59417.504
2026-08-30T16:30:17.590Z,66.299865,-147.666688,2993.48,2646.33,3054.68,239.91,224.55,-3.03,-1.91,135.65,141.18,130.78,296.58,0.0,0.963,0.963,0.963,,1,1.0,0.0,59418.312
2026-08-30T16:30:18.917Z,66.29948,-147.668435,2999.21,2652.07,3061.05,240.04,224.67,-3.25,1.28,135.27,140.76,130.14,277.1,0.0,0.973,0.973,0.973,,1,1.0,0.0,59419.637
2026-08-30T16:30:20.330Z,66.299075,-147.670279,3006.3,2619.27,3067.74,239.56,224.17,-2.92,0.07,134.81,140.39,129.7,291.1,0.0,0.965,0.965,0.965,,1,1.0,0.0,59421.047
2026-08-30T16:30:21.659Z,66.29869,-147.67202,3010.51,2664.83,3073.57,239.47,224.1,-1.46,-0.42,134.91,140.59,129.92,117.28,0.0,0.85,0.85,0.85,,1,1.0,0.0,59422.379
2026-08-30T16:30:22.466Z,66.298452,-147.673079,3009.91,2664.15,3075.08,239.46,224.09,-1.44,0.1,135.13,140.84,130.21,-1.9,0.0,0.907,0.907,0.907,,1,1.0,0.0,59423.199
2026-08-30T16:30:23.805Z,66.298061,-147.674819,3007.58,2665.56,3074.58,239.13,223.73,-1.55,1.4,135.57,141.3,130.66,-75.11,0.0,0.991,0.991,0.991,,1,1.0,0.0,59424.527
2026-08-30T16:30:24.613Z,66.297818,-147.675889,3006.16,2664.13,3073.56,238.75,223.4,-1.51,0.57,135.84,141.56,130.95,-96.78,0.0,0.971,0.971,0.971,,1,1.0,0.0,59425.344
2026-08-30T16:30:25.947Z,66.297418,-147.677625,3003.95,2659.69,3071.45,238.97,223.56,-1.66,-0.38,136.25,141.96,131.34,-91.11,0.0,0.993,0.993,0.993,,1,1.0,0.0,59426.652
2026-08-30T16:30:26.915Z,66.297126,-147.678893,3002.64,2658.4,3070.0,238.65,223.28,-1.76,0.42,136.49,142.21,131.58,-75.0,0.0,0.992,0.998,0.995,0.069,2,1.0,0.0,59427.641
2026-08-30T16:30:28.237Z,66.296722,-147.680634,3001.52,2656.02,3068.46,238.5,,,-0.65,136.85,142.67,131.91,-44.38,0.0,0.997,0.997,0.997,,1,1.0,0.0,59429.074
2026-08-30T16:30:29.771Z,66.296256,-147.682639,3000.9,2664.38,3067.42,238.6,223.24,-1.98,-0.43,136.99,142.71,132.1,-23.06,0.0,0.989,0.989,0.989,,1,1.0,0.0,59430.484
2026-08-30T16:30:31.102Z,66.295847,-147.684394,3001.03,2664.54,3067.09,238.47,223.11,-2.04,0.3,137.13,142.85,132.21,5.41,0.0,0.995,0.995,0.995,,1,1.0,0.0,59431.836
2026-08-30T16:30:31.930Z,66.295593,-147.685473,3001.33,2665.59,3067.18,238.82,223.46,-2.29,0.67,137.16,142.88,132.22,27.22,0.0,1.013,1.013,1.013,,1,1.0,0.0,59432.652
2026-08-30T16:30:33.252Z,66.295183,-147.687219,3002.42,2666.69,3067.86,238.29,222.93,-2.22,-1.21,137.21,142.91,132.26,45.59,0.0,0.997,0.997,0.997,,1,1.0,0.0,59433.973
2026-08-30T16:30:34.068Z,66.294934,-147.688281,3003.23,2666.95,3068.48,238.41,223.05,-2.23,-1.16,137.24,142.95,132.28,57.79,0.0,0.992,0.992,0.992,,1,1.0,0.0,59434.785
2026-08-30T16:30:35.392Z,66.294526,-147.690021,3004.87,2668.61,3069.84,238.44,223.09,-2.44,-2.51,137.22,142.92,132.27,81.51,0.0,0.998,0.998,0.998,,1,1.0,0.0,59436.102
2026-08-30T16:30:36.188Z,66.294278,-147.69108,3006.42,2662.23,3070.97,238.37,223.0,-2.56,-3.14,136.98,142.6,131.94,120.65,0.0,0.995,0.995,0.995,,1,1.0,0.0,59436.914
2026-08-30T16:30:37.504Z,66.293878,-147.692807,3010.28,2660.24,3073.88,238.9,223.56,-2.87,-3.1,136.41,142.08,131.46,171.45,0.0,0.949,0.949,0.949,,1,1.0,0.0,59438.219
2026-08-30T16:30:38.981Z,66.293436,-147.69474,3015.53,2665.51,3078.4,239.19,223.82,-2.89,0.03,136.25,141.91,131.25,212.39,0.0,0.988,0.998,0.993,0.305,2,1.0,0.0,59439.691
2026-08-30T16:30:40.288Z,66.293045,-147.696456,3020.34,2670.03,3083.74,238.88,223.51,-2.84,0.2,136.07,141.75,131.09,213.03,0.0,0.975,0.975,0.975,,1,1.0,0.0,59440.98
2026-08-30T16:30:41.062Z,66.292806,-147.697495,3023.1,2672.79,3086.7,238.81,223.45,-2.82,0.25,136.0,141.68,131.01,209.58,0.0,0.98,0.98,0.98,,1,1.0,0.0,59441.75
2026-08-30T16:30:42.343Z,66.292427,-147.699133,3027.23,2675.4,3091.03,238.57,223.21,-2.75,0.36,135.89,141.58,130.9,193.04,0.0,0.972,0.972,0.972,,1,1.0,0.0,59442.988
2026-08-30T16:30:43.067Z,66.292199,-147.700108,3029.38,2677.53,3093.56,238.47,223.1,-2.63,0.4,135.84,141.54,130.87,176.32,0.0,0.98,0.98,0.98,,1,1.0,0.0,59443.719
2026-08-30T16:30:44.250Z,66.291839,-147.701646,3032.93,2679.64,3096.59,238.59,223.26,-2.53,0.55,137.39,143.48,133.04,207.52,0.0,0.943,0.943,0.943,,1,1.0,0.0,59444.875
2026-08-30T16:30:44.955Z,66.291623,-147.702567,3035.7,2682.38,3098.7,238.74,223.37,-2.61,0.77,137.89,143.66,132.95,206.72,0.0,0.896,0.896,0.896,,1,1.0,0.0,59445.598
2026-08-30T16:30:45.677Z,66.291401,-147.703512,3038.1,2684.77,3101.06,238.31,222.93,-2.91,1.59,137.76,143.52,132.8,213.68,0.0,0.972,0.972,0.972,,1,1.0,0.0,59446.383
2026-08-30T16:30:46.961Z,66.291001,-147.7052,3043.28,2690.0,3105.72,237.89,222.51,-2.91,2.65,137.45,143.2,132.48,245.12,0.0,0.991,0.991,0.991,,1,1.0,0.0,59447.664
2026-08-30T16:30:47.748Z,66.290753,-147.70623,3046.73,2695.93,3108.9,237.4,222.03,-3.38,-0.25,137.2,142.96,132.22,267.24,0.0,0.98,0.98,0.98,,1,1.0,0.0,59448.441
2026-08-30T16:30:49.017Z,66.29035,-147.707876,3053.17,2702.34,3114.67,237.28,221.9,-2.55,0.33,136.86,142.61,131.86,263.05,0.0,0.947,0.947,0.947,,1,1.0,0.0,59449.715
2026-08-30T16:30:50.370Z,66.289916,-147.709624,3056.88,2714.74,3119.48,237.04,221.68,-2.05,1.26,136.73,142.53,131.82,144.32,0.0,0.93,0.93,0.93,,1,1.0,0.0,59451.074
2026-08-30T16:30:51.652Z,66.289501,-147.71127,3058.1,2715.33,3121.9,236.61,221.23,-2.17,2.21,136.74,142.56,131.86,78.35,0.0,0.984,0.984,0.984,,1,1.0,0.0,59452.359
2026-08-30T16:30:52.446Z,66.289243,-147.712279,3058.74,2715.95,3122.91,236.27,220.89,-2.0,2.76,136.81,142.67,131.92,52.15,0.0,0.969,0.969,0.969,,1,1.0,0.0,59453.156
2026-08-30T16:30:53.748Z,66.28881,-147.713943,3058.52,2709.11,3123.62,235.61,220.23,-1.72,2.74,136.96,142.8,132.09,-24.35,0.0,0.933,0.933,0.933,,1,1.0,0.0,59454.453
2026-08-30T16:30:54.539Z,66.288545,-147.71494,3057.6,2708.19,3123.32,235.21,219.84,-1.85,1.37,137.07,142.93,132.21,-42.84,0.0,0.983,0.983,0.983,,1,1.0,0.0,59455.246
2026-08-30T16:30:55.831Z,66.288108,-147.716567,3056.77,2704.61,3122.6,234.93,219.56,-1.84,1.4,137.26,143.12,132.37,-31.56,0.0,0.999,0.999,0.999,,1,1.0,0.0,59456.531
2026-08-30T16:30:56.616Z,66.287834,-147.71756,3056.46,2704.31,3122.1,234.67,219.29,-1.94,1.36,137.37,143.23,132.45,-24.38,0.0,0.988,0.988,0.988,,1,1.0,0.0,59457.336
2026-08-30T16:30:57.931Z,66.28738,-147.7192,3056.29,2721.22,3121.76,234.27,218.89,-2.03,1.29,137.52,143.37,132.53,-3.26,0.0,0.997,0.997,0.997,,1,1.0,0.0,59458.617
2026-08-30T16:30:59.287Z,66.286904,-147.720894,3056.7,2721.64,3121.71,233.87,218.5,-2.12,1.26,137.54,143.38,132.54,19.32,0.0,0.993,0.993,0.993,,1,1.0,0.0,59459.977
2026-08-30T16:31:00.563Z,66.286451,-147.722479,3057.48,2721.49,3122.33,233.53,218.17,-2.24,1.24,137.49,143.33,132.49,37.1,0.0,0.991,0.991,0.991,,1,1.0,0.0,59461.246
2026-08-30T16:31:01.331Z,66.286174,-147.723438,3058.12,2722.13,3122.74,233.31,217.95,-2.22,1.27,137.49,143.34,132.49,43.17,0.0,0.993,0.993,0.993,,1,1.0,0.0,59462.023
2026-08-30T16:31:02.604Z,66.285716,-147.725007,3058.47,2725.53,3123.51,232.91,217.55,-1.58,1.77,137.57,143.44,132.6,-18.09,0.0,0.952,0.952,0.952,,1,1.0,0.0,59463.398
2026-08-30T16:31:03.504Z,66.285393,-147.726098,3057.05,2724.31,3123.23,232.64,217.28,-1.26,2.1,137.72,143.62,132.8,-95.65,0.0,0.948,0.948,0.948,,1,1.0,0.0,59464.312
2026-08-30T16:31:05.000Z,66.284842,-147.727939,3051.83,2718.94,3120.11,232.06,216.69,-0.7,2.59,138.19,144.13,133.29,-230.6,0.0,0.954,0.954,0.954,,1,1.0,0.0,59465.828
2026-08-30T16:31:05.937Z,66.284491,-147.729082,3046.89,2693.4,3116.69,231.63,216.27,-0.38,2.76,138.65,144.68,133.98,-304.96,0.0,0.958,0.958,0.958,,1,1.0,0.0,59466.746
2026-08-30T16:31:07.429Z,66.28392,-147.730891,3037.06,2683.46,3108.91,230.69,215.32,0.26,3.98,139.59,145.56,134.76,-423.5,0.0,0.927,0.927,0.927,,1,1.0,0.0,59468.133
2026-08-30T16:31:08.227Z,66.283605,-147.731871,3030.16,2697.32,3103.65,230.49,215.13,0.29,4.25,139.99,145.99,135.23,-490.12,0.0,0.948,0.948,0.948,,1,1.0,0.0,59468.914
2026-08-30T16:31:10.059Z,66.282883,-147.734057,3016.34,2674.44,3089.77,229.59,214.25,-0.79,1.03,140.77,146.76,136.01,-383.22,0.0,1.09,1.09,1.09,,1,1.0,0.0,59470.742
2026-08-30T16:31:11.235Z,66.282403,-147.735484,3010.61,2668.76,3081.97,229.4,214.05,-1.26,0.62,141.14,147.07,136.27,-287.22,0.0,1.023,1.026,1.025,0.252,3,1.0,0.0,59471.926
2026-08-30T16:31:12.517Z,66.281887,-147.737004,3006.88,2623.36,3076.24,228.6,213.26,-1.18,0.8,141.39,147.29,136.47,-193.18,0.0,1.004,1.004,1.004,,1,1.0,0.0,59473.219
2026-08-30T16:31:13.308Z,66.281559,-147.737952,3004.82,2621.34,3073.69,228.81,213.44,-1.53,0.14,141.44,147.35,136.48,-154.05,0.0,1.006,1.006,1.006,,1,1.0,0.0,59473.996
2026-08-30T16:31:14.568Z,66.28104,-147.73945,3002.16,2649.78,3070.52,227.76,212.44,-1.09,-0.04,141.73,147.69,136.86,-158.7,0.0,0.938,0.938,0.938,,1,1.0,0.0,59475.258
2026-08-30T16:31:15.344Z,66.280717,-147.740363,2999.91,2646.53,3068.46,228.51,213.19,-1.72,-0.68,141.77,147.69,136.87,-145.17,0.0,0.991,0.991,0.991,,1,1.0,0.0,59476.031
2026-08-30T16:31:16.603Z,66.28019,-147.741858,2998.68,2645.44,3065.9,228.3,212.96,-2.25,-1.63,141.65,147.52,136.67,-34.14,0.0,1.049,1.049,1.049,,1,1.0,0.0,59477.289
2026-08-30T16:31:17.377Z,66.279871,-147.74278,2999.52,2643.6,3065.52,228.5,213.17,-2.6,-1.7,141.49,147.35,136.44,46.94,0.0,1.041,1.041,1.041,,1,1.0,0.0,59478.062
2026-08-30T16:31:18.630Z,66.27935,-147.744253,3003.36,2647.53,3067.17,228.54,213.17,-3.02,-2.13,141.09,146.89,135.91,186.28,0.0,1.046,1.046,1.046,,1,1.0,0.0,59479.32
2026-08-30T16:31:19.975Z,66.278796,-147.74584,3009.11,2661.84,3071.67,228.53,213.23,-3.04,-2.05,140.44,146.21,135.33,229.51,0.0,0.955,0.955,0.955,,1,1.0,0.0,59480.652
2026-08-30T16:31:21.219Z,66.278288,-147.747305,3015.02,2667.82,3076.76,228.98,213.63,-3.49,-2.41,139.84,145.6,134.71,302.91,0.0,1.032,1.032,1.032,,1,1.0,0.0,59481.902
2026-08-30T16:31:21.984Z,66.277977,-147.748208,3019.62,2673.95,3081.22,228.98,213.65,-3.19,-4.19,139.55,145.34,134.4,330.96,0.0,1.012,1.012,1.012,,1,1.0,0.0,59482.668
2026-08-30T16:31:23.254Z,66.277472,-147.749696,3025.62,2679.87,3088.28,229.62,214.29,-2.86,-4.68,139.06,144.82,133.85,263.44,0.0,0.936,0.936,0.936,,1,1.0,0.0,59483.934
2026-08-30T16:31:24.022Z,66.277167,-147.750613,3028.24,2676.98,3091.56,229.86,214.52,-1.67,-4.05,138.68,144.4,133.42,177.58,0.0,0.953,0.953,0.953,,1,1.0,0.0,59484.711
2026-08-30T16:31:25.293Z,66.276671,-147.752112,3027.72,2676.33,3094.29,230.49,215.16,-1.67,-3.05,138.5,144.38,133.42,-4.56,0.0,0.946,0.946,0.946,,1,1.0,0.0,59485.977
2026-08-30T16:31:26.066Z,66.276367,-147.753039,3026.61,2661.04,3094.05,230.49,215.14,-1.3,-2.81,138.61,144.47,133.51,-64.11,0.0,0.966,0.966,0.966,,1,1.0,0.0,59486.754
2026-08-30T16:31:27.332Z,66.275877,-147.754558,3023.15,2657.5,3092.38,230.71,215.38,-0.9,-2.12,138.87,144.79,133.81,-167.66,0.0,0.942,0.942,0.942,,1,1.0,0.0,59488.02
2026-08-30T16:31:28.103Z,66.275579,-147.755485,3020.0,2653.49,3090.29,230.83,215.48,-0.76,-1.94,139.09,144.99,134.06,-226.95,0.0,0.944,0.944,0.944,,1,1.0,0.0,59488.797
2026-08-30T16:31:29.951Z,66.274866,-147.75772,3012.12,2646.31,3082.07,231.09,215.77,-1.2,-1.69,139.63,145.47,134.6,-228.99,0.0,0.996,0.996,0.996,,1,1.0,0.0,59490.641
2026-08-30T16:31:31.102Z,66.274424,-147.759119,3008.73,2642.97,3077.78,231.5,216.16,-1.18,-2.48,139.82,145.69,134.78,-173.22,0.0,1.03,1.039,1.033,0.795,3,1.0,0.0,59491.797
2026-08-30T16:31:32.374Z,66.273933,-147.760677,3005.12,2647.9,3074.0,231.64,216.35,-1.65,-1.95,140.43,146.45,135.64,-167.37,0.0,1.004,1.004,1.004,,1,1.0,0.0,59493.066
2026-08-30T16:31:33.153Z,66.273636,-147.761631,3003.61,2646.47,3071.88,231.81,216.44,-2.02,-1.99,140.96,146.78,135.93,-102.53,0.0,1.083,1.083,1.083,,1,1.0,0.0,59493.844
2026-08-30T16:31:34.437Z,66.273146,-147.763214,3004.41,2637.77,3070.43,231.39,216.1,-2.47,1.22,140.24,146.07,135.14,49.48,0.0,1.011,1.011,1.011,,1,1.0,0.0,59495.137
2026-08-30T16:31:35.223Z,66.272845,-147.764184,3006.44,2639.85,3071.12,231.82,216.48,-2.77,1.03,140.04,145.79,134.89,125.47,0.0,1.03,1.03,1.03,,1,1.0,0.0,59495.91
2026-08-30T16:31:36.493Z,66.272359,-147.765734,3011.09,2650.97,3074.18,230.77,215.44,-3.55,1.58,139.37,145.11,134.23,245.54,0.0,1.088,1.088,1.088,,1,1.0,0.0,59497.176
2026-08-30T16:31:37.260Z,66.272062,-147.766666,3015.89,2655.84,3077.4,230.94,215.6,-3.21,0.83,139.15,145.0,133.95,330.75,0.0,1.063,1.063,1.063,,1,1.0,0.0,59497.953
2026-08-30T16:31:38.521Z,66.271575,-147.768185,3023.26,2669.56,3084.82,230.61,215.28,-3.04,-3.3,138.49,144.2,133.39,315.15,0.0,0.945,0.945,0.945,,1,1.0,0.0,59499.207
2026-08-30T16:31:39.877Z,66.271061,-147.769803,3029.66,2675.18,3092.26,232.07,216.81,-1.93,-7.5,138.12,144.02,133.21,234.26,0.0,0.934,0.934,0.934,,1,1.0,0.0,59500.566
2026-08-30T16:31:41.139Z,66.270584,-147.771349,3031.13,2676.57,3096.01,232.38,217.07,-2.58,-7.06,138.47,144.39,133.49,108.17,0.0,1.008,1.008,1.008,,1,1.0,0.0,59501.832
2026-08-30T16:31:41.917Z,66.270298,-147.772308,3032.34,2681.67,3097.6,233.22,217.94,-2.44,-6.26,138.56,144.42,133.4,110.32,0.0,1.029,1.029,1.029,,1,1.0,0.0,59502.617
2026-08-30T16:31:43.203Z,66.269838,-147.773899,3035.28,2684.66,3099.77,234.12,218.81,-2.83,-5.57,138.93,144.92,133.89,163.03,0.0,1.003,1.003,1.003,,1,1.0,0.0,59503.887
2026-08-30T16:31:43.971Z,66.269564,-147.774878,3038.3,2687.5,3101.63,234.08,218.78,-3.25,-4.69,139.2,145.04,134.07,229.96,0.0,0.999,0.999,0.999,,1,1.0,0.0,59504.652
2026-08-30T16:31:45.245Z,66.269119,-147.776487,3045.65,2694.96,3106.89,236.16,220.9,-4.06,-3.9,138.55,144.34,133.51,355.61,0.0,1.036,1.036,1.036,,1,1.0,0.0,59505.926
2026-08-30T16:31:46.017Z,66.268855,-147.777472,3051.86,2700.95,3111.52,236.86,221.51,-4.8,-4.44,138.24,144.01,132.96,487.63,0.0,1.109,1.109,1.109,,1,1.0,0.0,59506.695
2026-08-30T16:31:47.258Z,66.268439,-147.779073,3065.75,2714.86,3121.98,235.51,220.17,-3.62,-2.56,137.37,143.1,132.03,590.46,0.0,0.98,0.98,0.98,,1,1.0,0.0,59507.945
2026-08-30T16:31:48.038Z,66.268184,-147.780061,3072.4,2716.93,3130.47,236.17,220.91,-3.1,-2.74,137.1,142.95,131.92,479.05,0.0,0.844,0.844,0.844,,1,1.0,0.0,59508.715
2026-08-30T16:31:49.872Z,66.267584,-147.782414,3081.0,2729.61,3143.47,237.15,221.82,-2.63,-4.02,137.26,143.08,131.93,263.46,0.0,0.955,0.955,0.955,,1,1.0,0.0,59510.566
2026-08-30T16:31:51.023Z,66.267214,-147.783902,3084.12,2732.68,3148.73,237.5,222.18,-2.79,-4.21,136.53,142.35,131.52,184.0,0.0,0.959,0.976,0.967,0.458,3,1.0,0.0,59511.715
2026-08-30T16:31:52.305Z,66.266811,-147.785548,3087.45,2735.02,3152.25,237.99,222.68,-2.77,-3.44,136.23,142.06,131.34,166.59,0.0,0.991,0.991,0.991,,1,1.0,0.0,59512.992
2026-08-30T16:31:53.078Z,66.266569,-147.786557,3089.47,2737.04,3154.67,238.23,222.91,-2.75,-2.95,136.09,141.94,131.25,157.6,0.0,0.979,0.979,0.979,,1,1.0,0.0,59513.773
2026-08-30T16:31:54.357Z,66.266175,-147.788214,3092.58,2742.23,3157.93,238.51,223.18,-2.65,-2.22,135.94,141.8,131.1,145.81,0.0,0.982,0.982,0.982,,1,1.0,0.0,59515.051
2026-08-30T16:31:55.143Z,66.265936,-147.789229,3094.26,2743.89,3159.42,238.59,223.26,-2.42,-1.44,135.88,141.76,131.05,123.54,0.0,0.965,0.965,0.965,,1,1.0,0.0,59515.832
2026-08-30T16:31:56.413Z,66.265547,-147.790886,3095.69,2738.41,3160.89,238.54,223.2,-2.06,0.17,135.89,141.78,131.07,56.98,0.0,0.951,0.951,0.951,,1,1.0,0.0,59517.109
2026-08-30T16:31:57.203Z,66.265308,-147.791906,3095.71,2738.39,3161.39,238.37,223.03,-1.87,0.88,135.98,141.92,131.28,12.32,0.0,0.954,0.954,0.954,,1,1.0,0.0,59517.891
2026-08-30T16:31:58.477Z,66.264915,-147.793569,3094.58,2739.98,3161.2,238.04,222.67,-1.8,0.91,136.51,142.49,131.82,-50.94,0.0,0.961,0.961,0.961,,1,1.0,0.0,59519.172
2026-08-30T16:31:59.830Z,66.264489,-147.795334,3093.16,2738.28,3160.74,237.53,222.23,-1.77,0.88,136.77,142.72,131.99,-51.87,0.0,0.996,0.996,0.996,,1,1.0,0.0,59520.535
2026-08-30T16:32:01.125Z,66.264081,-147.797003,3091.74,2736.83,3159.64,237.37,222.04,-1.53,0.58,136.95,142.91,132.18,-79.48,0.0,0.977,0.977,0.977,,1,1.0,0.0,59521.816
2026-08-30T16:32:01.904Z,66.263829,-147.798018,3090.23,2736.88,3158.47,237.18,221.86,-1.44,-0.1,137.14,143.15,132.35,-110.66,0.0,0.972,0.972,0.972,,1,1.0,0.0,59522.609
2026-08-30T16:32:03.193Z,66.263415,-147.799686,3087.23,2733.91,3156.26,237.21,221.89,-1.99,-0.13,137.43,143.39,132.58,-106.38,0.0,1.026,1.026,1.026,,1,1.0,0.0,59523.902
2026-08-30T16:32:04.003Z,66.263158,-147.800713,3086.57,2733.91,3155.01,237.06,221.74,-2.21,-0.31,137.49,143.43,132.58,-47.9,0.0,1.049,1.049,1.049,,1,1.0,0.0,59524.695
2026-08-30T16:32:05.287Z,66.262737,-147.802389,3087.19,2734.55,3154.78,236.99,221.66,-2.12,0.05,137.5,143.42,132.55,11.43,0.0,1.007,1.007,1.007,,1,1.0,0.0,59525.996
2026-08-30T16:32:06.089Z,66.262477,-147.803415,3087.51,2758.17,3154.76,236.86,221.54,-2.06,0.25,137.32,143.14,132.31,11.6,0.0,0.988,0.988,0.988,,1,1.0,0.0,59526.789
2026-08-30T16:32:07.373Z,66.262056,-147.805077,3087.43,2760.14,3154.84,236.41,221.09,-2.04,0.32,137.09,143.07,132.25,0.75,0.0,0.983,0.983,0.983,,1,1.0,0.0,59528.074
2026-08-30T16:32:08.842Z,66.261575,-147.806947,3087.97,2760.71,3155.24,236.26,220.95,-2.32,0.77,137.13,143.01,132.05,28.77,0.0,0.986,0.999,0.992,0.006,2,1.0,0.0,59529.543
2026-08-30T16:32:10.148Z,66.261143,-147.808609,3088.52,2761.74,3155.67,235.99,220.67,-2.04,1.04,136.89,142.79,131.91,11.6,0.0,0.978,0.978,0.978,,1,1.0,0.0,59530.852
2026-08-30T16:32:10.937Z,66.260877,-147.809624,3088.5,2761.74,3155.97,235.95,220.64,-2.38,1.07,136.84,142.75,131.9,16.71,0.0,0.987,0.987,0.987,,1,1.0,0.0,59531.645
2026-08-30T16:32:12.247Z,66.260441,-147.811273,3089.54,2762.26,3156.66,235.41,220.01,-2.31,0.48,136.88,142.78,131.94,41.55,0.0,1.002,1.002,1.002,,1,1.0,0.0,59532.945
2026-08-30T16:32:13.038Z,66.260174,-147.812275,3090.15,2762.88,3157.03,234.99,219.69,-2.51,1.3,136.69,142.55,131.73,51.18,0.0,0.987,0.987,0.987,,1,1.0,0.0,59533.754
2026-08-30T16:32:14.343Z,66.259729,-147.813921,3091.64,2756.99,3158.47,235.08,219.74,-1.71,-1.41,136.61,142.51,131.67,25.5,0.0,0.932,0.932,0.932,,1,1.0,0.0,59535.039
2026-08-30T16:32:15.136Z,66.25946,-147.814913,3091.09,2756.41,3158.43,235.09,219.78,-2.1,-1.39,136.62,142.54,131.72,-9.47,0.0,0.949,0.949,0.949,,1,1.0,0.0,59535.84
2026-08-30T16:32:16.442Z,66.259019,-147.816542,3090.81,2739.03,3158.17,235.28,219.96,-2.17,-1.73,136.61,142.52,131.76,-0.03,0.0,0.994,0.994,0.994,,1,1.0,0.0,59537.148
2026-08-30T16:32:17.244Z,66.258747,-147.817551,3091.0,2739.24,3158.06,235.36,220.04,-2.27,-1.87,136.6,142.51,131.75,15.89,0.0,0.994,0.994,0.994,,1,1.0,0.0,59537.949
2026-08-30T16:32:18.539Z,66.258306,-147.819193,3091.95,2741.14,3158.57,235.5,220.19,-2.37,-1.84,136.59,142.51,131.74,46.7,0.0,0.994,0.994,0.994,,1,1.0,0.0,59539.25
2026-08-30T16:32:19.924Z,66.25784,-147.820938,3093.76,2747.12,3159.74,235.69,220.38,-2.35,-3.58,136.53,142.42,131.61,72.95,0.0,0.988,0.988,0.988,,1,1.0,0.0,59540.641
2026-08-30T16:32:21.240Z,66.257405,-147.822591,3095.16,2748.49,3161.07,236.25,220.96,-2.3,-4.57,136.46,142.37,131.58,60.76,0.0,0.975,0.975,0.975,,1,1.0,0.0,59541.957
2026-08-30T16:32:22.043Z,66.257139,-147.823621,3095.91,2749.08,3161.42,236.7,221.4,-2.37,-4.66,136.44,142.34,131.57,58.85,0.0,0.984,0.984,0.984,,1,1.0,0.0,59542.754
2026-08-30T16:32:23.343Z,66.256718,-147.82529,3097.38,2750.56,3162.48,237.24,221.94,-2.33,-4.29,136.42,142.34,131.56,74.67,0.0,0.999,0.999,0.999,,1,1.0,0.0,59544.055
2026-08-30T16:32:24.149Z,66.256464,-147.826313,3098.53,2761.11,3163.43,237.57,222.27,-2.33,-4.13,136.38,142.22,131.53,74.98,0.0,0.979,0.979,0.979,,1,1.0,0.0,59544.859
2026-08-30T16:32:25.461Z,66.25605,-147.82801,3100.04,2760.68,3164.99,238.09,222.79,-2.53,-4.28,136.29,142.17,131.48,75.02,0.0,0.987,0.987,0.987,,1,1.0,0.0,59546.246
2026-08-30T16:32:26.351Z,66.255774,-147.829168,3101.29,2761.95,3166.12,238.48,223.18,-2.44,-4.4,136.1,141.83,131.09,89.57,0.0,0.992,0.992,0.992,,1,1.0,0.0,59547.16
2026-08-30T16:32:27.851Z,66.255318,-147.831125,3104.19,2763.39,3168.54,239.26,223.96,-2.54,-4.14,135.5,141.39,130.63,119.45,0.0,0.986,0.986,0.986,,1,1.0,0.0,59548.66
2026-08-30T16:32:29.332Z,66.254873,-147.833076,3106.87,2765.98,3171.35,239.87,224.57,-2.33,-4.61,135.61,141.59,130.93,89.17,0.0,0.967,0.967,0.967,,1,1.0,0.0,59550.051
2026-08-30T16:32:30.644Z,66.254494,-147.834785,3108.65,2767.86,3173.33,240.41,225.11,-2.42,-5.0,135.87,141.78,131.16,90.97,0.0,0.951,0.951,0.951,,1,1.0,0.0,59551.355
2026-08-30T16:32:31.609Z,66.254215,-147.836072,3110.18,2773.6,3174.8,240.7,225.43,-2.51,-5.0,135.78,141.66,131.11,92.03,0.0,0.977,0.979,0.978,0.049,2,1.0,0.0,59552.328
2026-08-30T16:32:32.925Z,66.253846,-147.837824,3112.12,2775.54,3176.82,241.47,226.19,-2.52,-5.05,135.68,141.58,131.05,87.28,0.0,0.98,0.98,0.98,,1,1.0,0.0,59553.645
2026-08-30T16:32:33.739Z,66.253622,-147.838905,3113.23,2771.81,3177.98,241.87,226.59,-2.5,-5.1,135.63,141.54,131.02,82.34,0.0,0.978,0.978,0.978,,1,1.0,0.0,59554.445
2026-08-30T16:32:35.042Z,66.253269,-147.840669,3114.84,2773.41,3179.75,242.61,227.32,-2.42,-5.05,135.65,141.57,131.01,71.19,0.0,0.976,0.976,0.976,,1,1.0,0.0,59555.738
2026-08-30T16:32:35.829Z,66.253061,-147.841734,3115.6,2775.18,3180.69,242.67,227.37,-2.32,-4.91,135.65,141.55,130.97,59.26,0.0,0.972,0.972,0.972,,1,1.0,0.0,59556.523
2026-08-30T16:32:37.103Z,66.25273,-147.843466,3116.51,2776.07,3181.85,243.53,228.28,-2.03,-4.38,135.72,141.87,131.04,34.96,0.0,0.969,0.969,0.969,,1,1.0,0.0,59557.797
2026-08-30T16:32:37.885Z,66.252531,-147.844534,3116.5,2776.6,3179.52,244.35,229.02,-1.79,-5.63,136.46,142.59,131.18,2.64,0.0,0.976,0.976,0.976,,1,1.0,0.0,59558.57
2026-08-30T16:32:39.721Z,66.252075,-147.847055,3112.8,2781.58,3172.54,245.33,230.07,-1.68,-6.3,137.11,143.14,131.73,-127.14,0.0,0.985,0.985,0.985,,1,1.0,0.0,59560.406
2026-08-30T16:32:40.493Z,66.25189,-147.848121,3111.06,2779.87,3170.34,245.67,230.37,-1.62,-4.74,137.36,143.33,131.95,-126.98,0.0,1.014,1.014,1.014,,1,1.0,0.0,59561.168
2026-08-30T16:32:41.733Z,66.251599,-147.849862,3108.93,2776.41,3167.5,245.93,230.64,-1.81,-2.4,137.44,143.29,131.92,-90.63,0.0,1.013,1.013,1.013,,1,1.0,0.0,59562.406
2026-08-30T16:32:42.486Z,66.251424,-147.850922,3108.17,2775.67,3166.28,246.09,230.79,-1.96,-1.98,137.27,143.22,131.89,-65.59,0.0,0.998,0.998,0.998,,1,1.0,0.0,59563.164
2026-08-30T16:32:43.245Z,66.25125,-147.851988,3107.76,2775.26,3165.43,246.1,230.79,-1.62,-2.52,137.29,143.25,131.94,-53.03,0.0,0.993,0.993,0.993,,1,1.0,0.0,59563.918
2026-08-30T16:32:44.479Z,66.250969,-147.853716,3106.06,2778.1,3164.12,246.33,231.03,-1.4,-2.21,137.41,143.39,132.12,-98.65,0.0,0.947,0.947,0.947,,1,1.0,0.0,59565.152
2026-08-30T16:32:45.241Z,66.250797,-147.854782,3104.29,2776.31,3162.86,246.45,231.15,-1.26,-2.1,137.54,143.53,132.27,-131.48,0.0,0.955,0.955,0.955,,1,1.0,0.0,59565.914
2026-08-30T16:32:45.994Z,66.250625,-147.855859,3102.06,2775.25,3161.16,246.53,231.23,-1.14,-1.95,137.66,143.66,132.41,-165.49,0.0,0.957,0.957,0.957,,1,1.0,0.0,59566.68
2026-08-30T16:32:47.244Z,66.250345,-147.857618,3097.56,2770.7,3157.48,246.68,231.38,-0.96,-1.74,137.98,144.02,132.78,-215.61,0.0,0.959,0.959,0.959,,1,1.0,0.0,59567.918
2026-08-30T16:32:48.005Z,66.250175,-147.858696,3094.43,2767.49,3154.74,247.07,231.78,-1.15,-1.54,138.25,144.24,133.09,-227.6,0.0,0.967,0.967,0.967,,1,1.0,0.0,59568.684
2026-08-30T16:32:49.816Z,66.24977,-147.861284,3087.35,2759.76,3149.18,246.9,231.61,-0.85,-1.19,138.63,144.65,133.52,-247.5,0.0,0.96,0.96,0.96,,1,1.0,0.0,59570.48
2026-08-30T16:32:50.575Z,66.249602,-147.862366,3083.88,2756.27,3145.63,247.0,231.69,-0.69,-1.28,138.83,144.84,133.68,-272.5,0.0,0.966,0.966,0.966,,1,1.0,0.0,59571.266
2026-08-30T16:32:51.832Z,66.249323,-147.864173,3076.81,2748.27,3140.94,247.32,232.04,0.08,-2.29,139.34,145.6,134.47,-359.24,0.0,0.923,0.923,0.923,,1,1.0,0.0,59572.531
2026-08-30T16:32:52.615Z,66.249148,-147.865299,3070.95,2742.36,3135.49,247.74,232.43,0.34,-3.5,140.45,146.73,135.76,-433.26,0.0,0.903,0.903,0.903,,1,1.0,0.0,59573.305
2026-08-30T16:32:53.881Z,66.248869,-147.867142,3060.01,2678.87,3123.68,248.22,232.94,-0.2,-4.53,141.36,147.47,136.39,-486.28,0.0,0.987,0.987,0.987,,1,1.0,0.0,59574.578
2026-08-30T16:32:54.663Z,66.248699,-147.868297,3053.83,2672.74,3117.51,248.29,232.99,-0.24,-4.27,141.65,147.72,136.68,-463.92,0.0,1.024,1.024,1.024,,1,1.0,0.0,59575.348
2026-08-30T16:32:55.917Z,66.248434,-147.870152,3044.87,2705.4,3108.21,248.71,233.41,-0.37,-2.16,142.05,148.09,137.08,-425.88,0.0,0.999,0.999,0.999,,1,1.0,0.0,59576.594
2026-08-30T16:32:56.681Z,66.248274,-147.871281,3039.94,2700.5,3103.01,248.76,233.46,-0.42,-1.71,142.23,148.3,137.28,-395.87,0.0,1.009,1.009,1.009,,1,1.0,0.0,59577.359
2026-08-30T16:32:57.923Z,66.248016,-147.873068,3033.03,2688.33,3095.53,248.96,233.65,-0.78,-1.13,142.48,148.53,137.5,-336.53,0.0,1.019,1.019,1.019,,1,1.0,0.0,59578.559
2026-08-30T16:32:59.198Z,66.247752,-147.875022,3027.26,2678.34,3088.88,248.81,233.51,-0.8,-1.8,142.53,148.53,137.56,-263.48,0.0,0.995,0.995,0.995,,1,1.0,0.0,59579.867
2026-08-30T16:33:00.443Z,66.247492,-147.876897,3022.44,2673.52,3088.89,249.16,233.87,-0.8,-1.42,142.97,149.18,138.21,-241.19,0.0,0.961,0.961,0.961,,1,1.0,0.0,59581.117
2026-08-30T16:33:01.208Z,66.247338,-147.878024,3019.62,2679.95,3088.71,249.16,233.87,-1.16,-1.45,143.41,149.79,138.8,-227.23,0.0,0.984,0.984,0.984,,1,1.0,0.0,59581.871
2026-08-30T16:33:02.427Z,66.24708,-147.879881,3015.88,2676.28,3084.84,249.48,234.17,-0.99,-1.53,144.84,151.16,140.07,-173.1,0.0,1.08,1.08,1.08,,1,1.0,0.0,59583.098
2026-08-30T16:33:03.390Z,66.24688,-147.881333,3013.31,2673.39,3082.09,248.93,233.64,-1.32,-1.84,144.92,150.9,139.98,-162.46,0.0,0.978,0.982,0.98,0.532,2,1.0,0.0,59584.039
2026-08-30T16:33:04.603Z,66.246626,-147.883185,3012.35,2672.6,3079.43,249.59,234.27,-2.47,-2.06,144.72,150.82,139.88,9.1,0.0,1.112,1.112,1.112,,1,1.0,0.0,59585.273
2026-08-30T16:33:05.365Z,66.246471,-147.884338,3014.91,2681.21,3079.66,248.96,233.69,-3.62,-2.23,144.69,150.78,139.8,185.39,0.0,1.104,1.104,1.104,,1,1.0,0.0,59586.023
2026-08-30T16:33:06.343Z,66.246269,-147.885838,3022.58,2689.03,3084.37,249.61,234.33,-3.61,-1.98,144.26,150.22,138.98,410.68,0.0,1.128,1.135,1.132,0.607,2,1.0,0.0,59587.004
2026-08-30T16:33:07.561Z,66.246026,-147.887682,3032.18,2697.97,3092.52,249.54,234.24,-2.73,-2.35,143.4,149.47,138.41,381.18,0.0,0.896,0.896,0.896,,1,1.0,0.0,59588.219
2026-08-30T16:33:08.305Z,66.245877,-147.888802,3035.83,2701.57,3097.02,249.43,234.15,-2.56,-3.31,143.19,149.18,138.14,314.01,0.0,0.955,0.955,0.955,,1,1.0,0.0,59588.98
2026-08-30T16:33:09.617Z,66.24562,-147.890767,3040.29,2702.36,3102.87,250.11,234.83,-2.14,-2.79,142.61,148.59,137.62,190.66,0.0,0.929,0.929,0.929,,1,1.0,0.0,59590.277
2026-08-30T16:33:10.835Z,66.245385,-147.892598,3042.59,2704.69,3106.34,250.08,234.79,-2.32,-1.17,142.29,148.28,137.28,155.1,0.0,1.02,1.02,1.02,,1,1.0,0.0,59591.5
2026-08-30T16:33:11.580Z,66.245242,-147.893722,3044.6,2671.38,3108.25,250.21,234.93,-2.25,-1.1,142.01,147.98,137.01,149.82,0.0,0.998,0.998,0.998,,1,1.0,0.0,59592.246
2026-08-30T16:33:12.329Z,66.245098,-147.894856,3046.26,2673.01,3110.1,250.29,235.0,-2.28,-0.88,141.74,147.72,136.75,134.25,0.0,0.983,0.983,0.983,,1,1.0,0.0,59593.0
2026-08-30T16:33:13.571Z,66.244863,-147.896705,3048.35,2705.7,3112.7,250.18,234.89,-2.07,-0.31,141.36,147.34,136.39,97.11,0.0,0.978,0.978,0.978,,1,1.0,0.0,59594.242
2026-08-30T16:33:14.323Z,66.24472,-147.89783,3049.22,2706.57,3113.91,250.13,234.83,-2.0,0.11,141.17,147.14,136.2,76.73,0.0,0.988,0.988,0.988,,1,1.0,0.0,59594.996
2026-08-30T16:33:15.277Z,66.244538,-147.899245,3050.03,2711.68,3115.07,249.99,234.7,-1.87,0.69,140.98,147.04,136.03,57.74,0.0,0.991,0.992,0.991,0.048,2,1.0,0.0,59595.934
2026-08-30T16:33:16.490Z,66.244304,-147.901051,3050.89,2712.54,3116.17,249.6,234.3,-1.95,-0.18,140.88,146.84,135.85,49.47,0.0,0.991,0.991,0.991,,1,1.0,0.0,59597.137
2026-08-30T16:33:17.219Z,66.244162,-147.902132,3051.44,2681.13,3116.63,249.52,234.24,-1.69,-3.34,140.64,146.55,135.58,32.72,0.0,0.985,0.985,0.985,,1,1.0,0.0,59597.887
2026-08-30T16:33:18.601Z,66.243898,-147.90417,3050.92,2680.55,3116.9,250.52,235.26,-1.77,-5.29,140.18,146.14,135.27,-26.55,0.0,0.951,0.963,0.957,0.181,2,1.0,0.0,59599.266
2026-08-30T16:33:19.842Z,66.243671,-147.905994,3050.12,2725.06,3116.52,251.06,235.79,-2.11,-5.19,140.05,146.0,135.18,-15.47,0.0,1.032,1.032,1.032,,1,1.0,0.0,59600.508
2026-08-30T16:33:20.598Z,66.243536,-147.907139,3050.29,2725.25,3116.38,251.49,236.22,-2.22,-4.97,139.95,145.89,135.09,9.54,0.0,1.025,1.025,1.025,,1,1.0,0.0,59601.262
2026-08-30T16:33:21.350Z,66.243404,-147.908262,3050.83,2727.41,3116.53,251.9,236.63,-2.37,-4.86,139.84,145.77,134.97,34.31,0.0,1.019,1.019,1.019,,1,1.0,0.0,59602.008
2026-08-30T16:33:22.575Z,66.2432,-147.910084,3052.43,2729.05,3117.31,252.44,237.17,-2.58,-4.62,139.68,145.75,134.97,79.29,0.0,1.023,1.023,1.023,,1,1.0,0.0,59603.238
2026-08-30T16:33:23.336Z,66.243079,-147.911207,3053.88,2728.38,3118.41,252.78,237.51,-2.69,-4.48,139.66,145.56,134.8,106.57,0.0,1.024,1.024,1.024,,1,1.0,0.0,59603.957
2026-08-30T16:33:24.235Z,66.242935,-147.912575,3056.12,2730.64,3119.99,253.15,237.88,-2.83,-4.3,139.39,145.29,134.52,139.83,0.0,1.019,1.022,1.021,0.167,2,1.0,0.0,59604.902
2026-08-30T16:33:25.461Z,66.242749,-147.914411,3059.74,2716.22,3122.84,253.72,238.45,-2.91,-4.22,138.68,144.5,133.86,170.66,0.0,1.025,1.025,1.025,,1,1.0,0.0,59606.133
2026-08-30T16:33:26.223Z,66.242641,-147.915532,3062.1,2718.65,3124.7,254.08,238.81,-2.81,-3.83,138.27,144.06,133.47,185.11,0.0,1.021,1.021,1.021,,1,1.0,0.0,59606.891
2026-08-30T16:33:27.372Z,66.242479,-147.917248,3065.99,2717.42,3128.16,254.56,239.29,-2.88,-4.11,137.77,143.63,133.09,197.68,0.0,0.998,1.006,1.001,0.144,3,1.0,0.0,59608.043
2026-08-30T16:33:28.600Z,66.242314,-147.91908,3070.25,2721.66,3131.98,254.94,239.64,-2.33,-2.52,137.39,143.24,132.57,188.52,0.0,1.014,1.014,1.014,,1,1.0,0.0,59609.277
2026-08-30T16:33:29.913Z,66.242141,-147.921042,3071.86,2729.11,3138.6,254.8,239.52,-1.39,-0.47,136.95,142.88,132.43,33.79,0.0,0.93,0.93,0.93,,1,1.0,0.0,59610.586
2026-08-30T16:33:31.133Z,66.241982,-147.922846,3069.89,2727.1,3136.83,254.79,239.51,-1.49,0.12,137.19,143.09,132.65,-66.07,0.0,0.987,0.987,0.987,,1,1.0,0.0,59611.797
2026-08-30T16:33:31.877Z,66.241884,-147.923951,3068.52,2685.26,3135.29,254.63,239.36,-1.39,0.61,137.37,143.35,132.78,-93.19,0.0,0.993,0.993,0.993,,1,1.0,0.0,59612.543
2026-08-30T16:33:32.627Z,66.241783,-147.925063,3066.98,2683.72,3133.8,254.56,239.28,-1.33,1.05,137.47,143.41,132.92,-112.88,0.0,0.991,0.991,0.991,,1,1.0,0.0,59613.281
2026-08-30T16:33:33.832Z,66.241618,-147.92685,3064.18,2720.13,3130.93,254.17,238.87,-1.29,2.01,138.05,144.11,133.34,-137.59,0.0,0.997,0.997,0.997,,1,1.0,0.0,59614.477
2026-08-30T16:33:34.563Z,66.241515,-147.927943,3062.3,2718.23,3129.53,253.85,238.55,-1.14,2.81,138.34,144.54,133.86,-147.45,0.0,1.008,1.008,1.008,,1,1.0,0.0,59615.227
2026-08-30T16:33:35.314Z,66.241406,-147.929061,3060.58,2716.69,3127.72,253.3,238.01,-1.35,3.36,139.32,145.4,134.63,-124.08,0.0,0.988,0.988,0.988,,1,1.0,0.0,59615.969
2026-08-30T16:33:36.516Z,66.241221,-147.93087,3059.07,2715.21,3125.2,253.04,237.74,-1.63,3.9,140.1,146.11,135.27,-75.36,0.0,1.004,1.004,1.004,,1,1.0,0.0,59617.176
2026-08-30T16:33:37.263Z,66.241103,-147.931982,3058.56,2675.41,3124.42,252.34,237.03,-1.72,4.04,140.12,146.12,135.21,-49.41,0.0,1.018,1.018,1.018,,1,1.0,0.0,59617.918
2026-08-30T16:33:38.625Z,66.240875,-147.934019,3058.35,2675.19,3123.94,251.55,236.26,-1.34,1.6,139.85,145.8,134.77,-33.44,0.0,1.01,1.023,1.017,0.814,2,1.0,0.0,59619.281
2026-08-30T16:33:39.833Z,66.240665,-147.935817,3056.28,2716.41,3122.71,251.71,236.49,-1.56,0.06,139.98,146.02,135.07,-100.78,0.0,0.977,0.977,0.977,,1,1.0,0.0,59620.488
2026-08-30T16:33:40.576Z,66.240537,-147.936911,3054.76,2714.9,3121.54,252.04,236.75,-1.39,-0.55,140.06,146.05,135.08,-110.37,0.0,1.012,1.012,1.012,,1,1.0,0.0,59621.223
2026-08-30T16:33:41.308Z,66.240409,-147.938012,3053.2,2713.66,3120.3,251.56,236.25,-1.31,-1.04,140.04,146.0,135.07,-128.63,0.0,0.981,0.981,0.981,,1,1.0,0.0,59621.984
2026-08-30T16:33:42.560Z,66.240193,-147.939874,3050.33,2710.82,3118.14,251.53,236.28,-1.77,-0.75,140.08,146.02,135.2,-113.76,0.0,1.02,1.02,1.02,,1,1.0,0.0,59623.219
2026-08-30T16:33:43.298Z,66.240063,-147.940978,3049.4,2711.79,3116.89,251.58,236.29,-1.89,-0.79,139.99,145.94,135.15,-81.86,0.0,1.03,1.03,1.03,,1,1.0,0.0,59623.953
2026-08-30T16:33:44.236Z,66.239901,-147.942363,3048.88,2711.3,3115.79,251.39,236.12,-2.09,-0.5,139.88,145.82,135.03,-38.39,0.0,1.025,1.026,1.026,0.046,2,1.0,0.0,59624.879
2026-08-30T16:33:45.432Z,66.239692,-147.944144,3049.27,2709.38,3115.31,251.38,236.11,-2.35,-0.19,139.72,145.65,134.89,17.58,0.0,1.023,1.023,1.023,,1,1.0,0.0,59626.078
2026-08-30T16:33:46.358Z,66.23953,-147.945522,3050.43,2710.58,3115.72,251.26,235.98,-2.45,0.15,139.53,145.45,134.64,68.5,0.0,1.037,1.037,1.037,0.236,2,1.0,0.0,59627.012
2026-08-30T16:33:47.561Z,66.239318,-147.94731,3052.65,2711.19,3117.1,251.06,235.79,-2.05,-1.19,139.23,145.17,134.35,87.99,0.0,0.994,0.994,0.994,,1,1.0,0.0,59628.203
2026-08-30T16:33:48.293Z,66.239188,-147.948393,3053.48,2711.99,3118.21,251.08,235.81,-1.97,-0.86,139.2,145.1,134.27,64.31,0.0,0.967,0.967,0.967,,1,1.0,0.0,59628.957
2026-08-30T16:33:49.582Z,66.238962,-147.950293,3054.49,2710.47,3119.31,251.19,235.9,-1.76,0.36,139.03,144.89,133.9,54.32,0.0,1.019,1.019,1.019,,1,1.0,0.0,59630.242
2026-08-30T16:33:50.798Z,66.238747,-147.952067,3053.6,2709.42,3119.81,250.68,235.44,-0.5,2.12,137.79,143.39,132.36,-88.36,0.0,0.911,0.911,0.911,,1,1.0,0.0,59631.449
2026-08-30T16:33:51.539Z,66.238615,-147.953146,3050.78,2706.88,3118.51,251.19,235.89,-0.07,2.35,136.81,142.56,131.51,-203.61,0.0,0.849,0.849,0.849,,1,1.0,0.0,59632.188
2026-08-30T16:33:52.274Z,66.238481,-147.954205,3046.33,2702.34,3116.2,250.21,234.89,-0.52,-1.55,136.93,142.83,131.86,-309.82,0.0,0.886,0.886,0.886,,1,1.0,0.0,59632.934
2026-08-30T16:33:53.477Z,66.238261,-147.955947,3038.42,2694.59,3109.88,250.51,235.29,-0.37,-1.85,136.8,142.56,131.54,-358.19,0.0,0.98,0.98,0.98,,1,1.0,0.0,59634.133
2026-08-30T16:33:54.220Z,66.238127,-147.957013,3033.58,2689.7,3105.45,250.8,235.51,-0.42,-2.63,136.98,142.91,131.95,-391.87,0.0,0.942,0.942,0.942,,1,1.0,0.0,59634.867
2026-08-30T16:33:55.343Z,66.237925,-147.958646,3025.78,2677.33,3098.72,250.55,235.29,-0.53,-2.71,137.5,143.42,132.56,-394.73,0.0,1.001,1.016,1.01,0.092,3,1.0,0.0,59635.984
2026-08-30T16:33:56.552Z,66.23771,-147.960406,3018.1,2669.72,3091.03,251.01,235.75,-0.39,-2.63,138.16,144.11,133.19,-382.62,0.0,1.002,1.002,1.002,,1,1.0,0.0,59637.203
2026-08-30T16:33:57.289Z,66.237581,-147.961477,3013.58,2626.75,3085.91,251.16,235.9,-0.41,-2.81,138.43,144.35,133.52,-366.57,0.0,1.008,1.008,1.008,,1,1.0,0.0,59637.945
2026-08-30T16:33:58.661Z,66.237342,-147.96349,3005.69,2618.78,3077.31,251.44,236.18,-0.71,-3.11,139.0,144.92,134.11,-348.21,0.0,1.001,1.002,1.002,0.253,2,1.0,0.0,59639.32
2026-08-30T16:33:59.877Z,66.237132,-147.965303,2999.28,2670.06,3070.35,252.3,237.07,-1.45,-4.0,139.25,145.11,134.52,-284.46,0.0,1.038,1.038,1.038,,1,1.0,0.0,59640.594
2026-08-30T16:34:00.678Z,66.236999,-147.966485,2996.71,2667.57,3066.6,252.52,237.24,-1.81,-2.69,139.38,145.26,134.59,-201.17,0.0,1.086,1.086,1.086,,1,1.0,0.0,59641.344
2026-08-30T16:34:01.907Z,66.236798,-147.968313,2994.75,2671.0,3062.96,252.09,236.85,-1.2,-0.33,139.27,145.12,134.35,-133.81,0.0,1.009,1.009,1.009,,1,1.0,0.0,59642.566
2026-08-30T16:34:02.655Z,66.236677,-147.969421,2992.85,2669.04,3061.23,252.25,236.99,-0.95,-0.75,139.35,145.22,134.44,-171.59,0.0,0.939,0.939,0.939,,1,1.0,0.0,59643.312
2026-08-30T16:34:03.404Z,66.236554,-147.970534,2990.08,2666.27,3059.09,252.45,237.21,-1.2,-2.28,139.48,145.36,134.45,-198.82,0.0,0.974,0.974,0.974,,1,1.0,0.0,59644.059
2026-08-30T16:34:04.611Z,66.236357,-147.972353,2986.14,2662.37,3055.12,252.99,237.71,-1.23,-3.45,138.84,144.54,133.81,-180.97,0.0,0.997,0.997,0.997,,1,1.0,0.0,59645.281
2026-08-30T16:34:05.371Z,66.23624,-147.973462,2983.99,2659.02,3052.86,252.44,237.16,-1.18,-3.05,138.8,144.58,133.94,-184.26,0.0,0.98,0.98,0.98,,1,1.0,0.0,59646.027
2026-08-30T16:34:06.311Z,66.236094,-147.974865,2980.56,2655.54,3049.85,252.57,237.34,-1.08,-0.96,138.9,144.73,134.1,-225.4,0.0,0.952,0.958,0.955,0.322,2,1.0,0.0,59646.965
2026-08-30T16:34:07.533Z,66.235904,-147.97669,2976.14,2637.33,3045.38,252.54,237.3,-2.11,1.82,138.75,144.53,133.92,-165.8,0.0,1.069,1.069,1.069,,1,1.0,0.0,59648.195
2026-08-30T16:34:08.277Z,66.235787,-147.977795,2975.35,2636.61,3043.37,252.62,237.35,-1.63,0.77,138.79,144.54,133.83,-99.37,0.0,1.08,1.08,1.08,,1,1.0,0.0,59648.945
2026-08-30T16:34:09.579Z,66.23558,-147.979731,2973.57,2596.76,3041.19,252.82,237.61,-1.8,-3.93,138.65,144.56,133.92,-86.74,0.0,1.003,1.003,1.003,,1,1.0,0.0,59650.246
2026-08-30T16:34:10.800Z,66.235391,-147.981543,2972.62,2595.82,3039.65,253.1,237.84,-1.48,-3.06,138.95,144.76,134.0,-59.35,0.0,1.0,1.0,1.0,,1,1.0,0.0,59651.473
2026-08-30T16:34:11.556Z,66.235276,-147.982671,2971.91,2631.77,3038.9,253.51,238.27,-1.56,-2.79,138.86,144.57,134.06,-60.02,0.0,0.999,0.999,0.999,,1,1.0,0.0,59652.23
2026-08-30T16:34:12.312Z,66.235164,-147.983804,2971.02,2630.86,3038.12,253.56,238.3,-1.56,-2.44,138.76,144.52,134.11,-73.22,0.0,0.982,0.982,0.982,,1,1.0,0.0,59652.98
2026-08-30T16:34:13.528Z,66.234984,-147.985617,2969.26,2591.23,3036.6,253.44,238.2,-1.68,-1.26,138.76,144.54,134.17,-75.88,0.0,1.009,1.009,1.009,,1,1.0,0.0,59654.199
2026-08-30T16:34:14.284Z,66.234874,-147.986746,2968.36,2590.32,3035.63,253.69,238.44,-1.5,-0.45,138.8,144.56,134.19,-81.68,0.0,0.994,0.994,0.994,,1,1.0,0.0,59654.953
2026-08-30T16:34:15.243Z,66.234733,-147.988184,2966.73,2641.93,3034.29,253.6,238.34,-1.46,0.14,138.85,144.62,134.24,-101.47,0.0,0.982,0.984,0.983,0.057,2,1.0,0.0,59655.906
2026-08-30T16:34:16.465Z,66.234553,-147.990006,2964.2,2639.39,3029.11,253.36,238.09,-1.34,0.99,138.97,144.71,134.32,-124.91,0.0,0.99,0.99,0.99,,1,1.0,0.0,59657.129
2026-08-30T16:34:17.219Z,66.23444,-147.991125,2962.37,2637.13,3026.64,253.15,237.88,-1.21,-1.15,139.05,144.76,134.35,-143.5,0.0,0.987,0.987,0.987,,1,1.0,0.0,59657.891
2026-08-30T16:34:18.613Z,66.23423,-147.993214,2957.83,2632.55,3024.84,253.12,237.88,-1.55,-3.47,138.82,144.52,134.21,-190.31,0.0,0.972,0.993,0.983,1.202,2,1.0,0.0,59659.289
2026-08-30T16:34:19.858Z,66.234046,-147.995073,2954.27,2630.82,3020.77,254.14,238.89,-1.43,-3.51,138.95,144.66,134.37,-168.21,0.0,1.036,1.036,1.036,,1,1.0,0.0,59660.543
2026-08-30T16:34:20.624Z,66.233934,-147.996234,2952.23,2628.79,3018.0,254.36,239.1,-1.57,-3.87,139.0,144.72,134.46,-153.96,0.0,1.022,1.022,1.022,,1,1.0,0.0,59661.305
2026-08-30T16:34:21.876Z,66.23376,-147.998115,2949.62,2625.92,3014.59,254.56,239.33,-1.66,-3.49,139.06,144.76,134.54,-126.01,0.0,1.011,1.011,1.011,,1,1.0,0.0,59662.555
2026-08-30T16:34:22.639Z,66.233657,-147.999256,2948.24,2624.56,3012.45,254.91,239.67,-1.75,-3.37,139.06,144.75,134.57,-112.36,0.0,1.008,1.008,1.008,,1,1.0,0.0,59663.32
2026-08-30T16:34:23.890Z,66.233493,-148.00114,2946.62,2623.22,3011.29,255.47,240.21,-2.01,-3.71,139.01,144.69,134.55,-67.89,0.0,1.031,1.031,1.031,,1,1.0,0.0,59664.57
2026-08-30T16:34:24.657Z,66.233395,-148.00231,2946.25,2622.86,3011.89,255.52,240.27,-2.02,-3.41,138.95,144.62,134.51,-41.24,0.0,1.018,1.018,1.018,,1,1.0,0.0,59665.336
2026-08-30T16:34:25.913Z,66.23324,-148.004192,2946.17,2594.94,3010.43,256.0,240.76,-2.03,-2.88,138.92,144.65,134.56,-5.8,0.0,1.015,1.015,1.015,,1,1.0,0.0,59666.578
2026-08-30T16:34:26.666Z,66.233148,-148.005343,2946.37,2595.14,3010.09,256.08,240.83,-2.01,-2.67,138.98,144.63,134.57,7.85,0.0,1.017,1.017,1.017,,1,1.0,0.0,59667.344
2026-08-30T16:34:27.907Z,66.233003,-148.00722,2946.78,2600.51,3008.98,256.47,241.22,-2.22,-2.51,138.77,144.4,134.43,22.51,0.0,1.006,1.006,1.006,,1,1.0,0.0,59668.586
2026-08-30T16:34:29.242Z,66.232851,-148.00923,2947.88,2602.07,3010.05,256.82,241.6,-2.13,-2.77,138.51,144.14,134.16,42.08,0.0,0.999,0.999,0.999,,1,1.0,0.0,59669.906
2026-08-30T16:34:30.455Z,66.232716,-148.011082,2948.56,2602.73,3011.92,257.09,241.85,-2.33,-3.41,138.33,143.97,134.04,38.11,0.0,1.002,1.002,1.002,,1,1.0,0.0,59671.125
2026-08-30T16:34:31.205Z,66.232636,-148.012218,2949.16,2603.23,3011.55,257.24,242.02,-2.3,-3.14,138.23,143.86,133.95,48.46,0.0,1.011,1.011,1.011,,1,1.0,0.0,59671.875
2026-08-30T16:34:31.956Z,66.232558,-148.013355,2949.93,2604.0,3011.45,257.55,242.32,-2.25,-2.89,138.15,143.79,133.87,56.15,0.0,1.006,1.006,1.006,,1,1.0,0.0,59672.621
2026-08-30T16:34:33.182Z,66.232434,-148.015208,2951.21,2607.85,3013.19,257.77,242.54,-2.25,-2.44,138.0,143.62,133.75,61.07,0.0,1.001,1.001,1.001,,1,1.0,0.0,59673.852
2026-08-30T16:34:33.935Z,66.23236,-148.016349,2952.09,2608.75,3014.7,257.76,242.53,-2.7,-2.43,137.87,143.52,133.63,83.22,0.0,1.016,1.016,1.016,,1,1.0,0.0,59674.609
2026-08-30T16:34:34.692Z,66.232286,-148.017493,2953.84,2610.56,3016.83,257.97,242.74,-2.35,-1.67,137.92,143.55,133.48,128.27,0.0,1.057,1.057,1.057,,1,1.0,0.0,59675.355
2026-08-30T16:34:35.913Z,66.232169,-148.019338,2956.01,2615.39,3017.49,258.09,242.85,-1.63,-1.2,137.8,143.45,133.43,60.0,0.0,0.924,0.924,0.924,,1,1.0,0.0,59676.574
2026-08-30T16:34:36.654Z,66.232098,-148.020464,2955.72,2615.04,3017.24,258.02,242.78,-1.36,-1.15,137.81,143.48,133.49,-11.3,0.0,0.946,0.946,0.946,,1,1.0,0.0,59677.328
2026-08-30T16:34:37.417Z,66.232027,-148.021606,2954.27,2617.94,3017.24,258.08,242.84,-1.18,-0.97,137.92,143.61,133.59,-96.21,0.0,0.928,0.928,0.928,,1,1.0,0.0,59678.078
2026-08-30T16:34:38.627Z,66.231911,-148.023448,2949.75,2613.37,3016.22,258.04,242.8,-0.72,-0.31,138.1,143.86,133.87,-217.28,0.0,0.954,0.954,0.954,,1,1.0,0.0,59679.289
2026-08-30T16:34:39.914Z,66.231786,-148.025401,2942.83,2592.25,3010.99,257.74,242.48,-0.35,1.39,138.62,144.35,134.31,-313.51,0.0,0.978,0.978,0.978,,1,1.0,0.0,59680.574
2026-08-30T16:34:41.124Z,66.231664,-148.027237,2935.14,2590.03,3004.94,257.23,241.99,0.05,3.26,139.4,145.23,134.77,-378.72,0.0,0.981,0.981,0.981,,1,1.0,0.0,59681.785
2026-08-30T16:34:41.874Z,66.231585,-148.028371,2929.71,2584.57,3001.11,257.04,241.78,0.28,3.5,139.74,145.56,135.11,-428.22,0.0,0.965,0.965,0.965,,1,1.0,0.0,59682.535
2026-08-30T16:34:42.618Z,66.231501,-148.029514,2923.55,2578.37,2996.24,256.51,241.24,0.39,3.62,140.06,145.84,135.47,-476.06,0.0,0.968,0.968,0.968,,1,1.0,0.0,59683.281
2026-08-30T16:34:43.836Z,66.231356,-148.031371,2912.46,2568.12,2986.56,255.59,240.3,0.47,3.59,140.68,146.58,136.4,-541.12,0.0,0.98,0.98,0.98,,1,1.0,0.0,59684.488
2026-08-30T16:34:44.587Z,66.231261,-148.032523,2905.21,2560.86,2979.87,254.44,239.2,0.55,4.32,141.38,147.21,136.87,-558.47,0.0,1.026,1.026,1.026,,1,1.0,0.0,59685.246
2026-08-30T16:34:45.329Z,66.231161,-148.033658,2898.12,2555.47,2972.99,254.62,239.38,0.69,4.59,141.68,147.43,137.23,-575.49,0.0,1.001,1.001,1.001,,1,1.0,0.0,59685.992
2026-08-30T16:34:46.543Z,66.230988,-148.035521,2887.22,2544.7,2961.58,253.78,238.52,-1.17,1.46,141.82,147.28,137.08,-461.52,0.0,1.12,1.12,1.12,,1,1.0,0.0,59687.191
2026-08-30T16:34:47.290Z,66.230878,-148.036657,2883.71,2542.03,2955.9,253.67,238.44,-2.44,1.17,141.01,146.51,136.49,-299.8,0.0,1.12,1.12,1.12,,1,1.0,0.0,59687.938
2026-08-30T16:34:48.668Z,66.230671,-148.038751,2885.65,2545.14,2951.65,253.36,238.09,-2.81,1.07,139.99,145.42,135.39,90.11,0.0,1.142,1.226,1.185,2.588,2,1.0,0.0,59689.328
2026-08-30T16:34:49.894Z,66.230487,-148.040589,2891.37,2550.89,2954.21,253.28,238.06,-3.01,-0.51,139.51,144.99,134.71,242.72,0.0,1.042,1.042,1.042,,1,1.0,0.0,59690.539
2026-08-30T16:34:50.635Z,66.230374,-148.041705,2895.09,2556.79,2957.21,253.36,238.12,-2.48,-0.96,139.2,144.65,134.42,237.46,0.0,0.963,0.963,0.963,,1,1.0,0.0,59691.336
2026-08-30T16:34:51.416Z,66.230255,-148.042887,2897.52,2559.17,2960.28,253.21,237.97,-2.29,-0.6,138.94,144.46,134.2,183.4,0.0,0.935,0.935,0.935,,1,1.0,0.0,59692.09
2026-08-30T16:34:52.648Z,66.230069,-148.044715,2898.45,2561.17,2963.33,253.11,237.88,-2.1,-0.13,138.72,144.26,134.08,34.09,0.0,0.88,0.88,0.88,,1,1.0,0.0,59693.305
2026-08-30T16:34:53.389Z,66.229957,-148.045817,2898.15,2560.93,2963.79,253.19,237.95,-1.84,-0.53,138.93,144.56,134.26,21.68,0.0,1.036,1.036,1.036,,1,1.0,0.0,59694.055
2026-08-30T16:34:54.333Z,66.229811,-148.047235,2897.77,2560.48,2963.99,253.16,237.88,-1.83,-2.13,139.16,144.72,134.49,-34.8,0.0,0.924,0.939,0.932,0.581,2,1.0,0.0,59695.004
2026-08-30T16:34:55.552Z,66.229625,-148.049059,2896.89,2557.68,2963.34,253.19,237.97,-2.07,-0.43,139.15,144.69,134.33,-14.53,0.0,1.036,1.036,1.036,,1,1.0,0.0,59696.223
2026-08-30T16:34:56.303Z,66.229511,-148.050177,2896.96,2557.75,2963.16,253.18,237.93,-1.97,-0.21,139.06,144.58,134.23,-8.71,0.0,1.0,1.0,1.0,,1,1.0,0.0,59696.969
2026-08-30T16:34:57.245Z,66.229366,-148.051584,2896.81,2548.02,2963.01,252.97,237.72,-1.99,0.26,138.95,144.47,134.11,-11.47,0.0,0.994,0.995,0.994,0.034,2,1.0,0.0,59697.906
2026-08-30T16:34:58.463Z,66.229178,-148.053392,2896.46,2547.66,2962.75,252.79,237.54,-1.93,0.75,138.79,144.31,133.98,-18.97,0.0,0.995,0.995,0.995,,1,1.0,0.0,59699.121
2026-08-30T16:34:59.745Z,66.228976,-148.0553,2895.83,2548.35,2962.29,252.35,237.11,-2.0,1.27,138.83,144.42,134.07,-26.09,0.0,0.995,0.995,0.995,,1,1.0,0.0,59700.406
2026-08-30T16:35:00.963Z,66.22878,-148.057104,2895.46,2544.77,2961.82,252.6,237.35,-1.87,0.85,138.91,144.44,134.06,-23.01,0.0,0.996,0.996,0.996,,1,1.0,0.0,59701.621
2026-08-30T16:35:01.705Z,66.228658,-148.05821,2895.1,2544.4,2961.53,251.85,236.59,-1.77,1.47,138.87,144.43,133.91,-26.41,0.0,0.998,0.998,0.998,,1,1.0,0.0,59702.367
2026-08-30T16:35:02.455Z,66.228534,-148.059312,2894.66,2543.95,2961.19,251.32,236.09,-1.53,2.24,138.87,144.41,133.9,-41.18,0.0,0.985,0.985,0.985,,1,1.0,0.0,59703.121
2026-08-30T16:35:03.689Z,66.228324,-148.061127,2893.05,2544.2,2960.16,251.12,235.86,-1.6,0.47,138.65,144.01,133.55,-75.31,0.0,0.977,0.977,0.977,,1,1.0,0.0,59704.348
2026-08-30T16:35:04.436Z,66.228191,-148.062229,2892.15,2543.35,2959.26,250.58,235.34,-1.65,0.35,138.41,143.96,133.42,-60.28,0.0,1.019,1.019,1.019,,1,1.0,0.0,59705.086
2026-08-30T16:35:05.374Z,66.228024,-148.063613,2891.37,2545.17,2958.32,250.71,235.5,-1.8,-0.0,138.42,143.92,133.4,-59.03,0.0,0.992,0.996,0.994,0.051,2,1.0,0.0,59706.039
2026-08-30T16:35:06.596Z,66.227807,-148.065386,2890.33,2544.15,2957.17,250.54,235.3,-2.01,-0.26,138.35,143.84,133.32,-41.39,0.0,1.016,1.016,1.016,,1,1.0,0.0,59707.25
2026-08-30T16:35:07.333Z,66.227673,-148.066475,2890.13,2542.22,2956.67,250.4,235.18,-1.74,-0.51,138.32,143.92,133.44,-29.36,0.0,1.017,1.017,1.017,,1,1.0,0.0,59707.996
2026-08-30T16:35:08.717Z,66.227421,-148.068498,2888.07,2538.15,2955.49,250.42,235.2,-1.82,-0.66,138.46,143.96,133.61,-93.23,0.0,0.934,0.976,0.955,2.206,2,1.0,0.0,59709.371
2026-08-30T16:35:09.928Z,66.227201,-148.070263,2887.49,2537.72,2953.98,250.41,235.18,-2.32,-0.59,138.42,143.91,133.42,13.99,0.0,1.119,1.119,1.119,,1,1.0,0.0,59710.59
2026-08-30T16:35:10.679Z,66.227065,-148.071356,2888.53,2541.92,2954.13,250.25,235.02,-1.96,-0.19,138.17,143.59,133.15,37.09,0.0,0.984,0.984,0.984,,1,1.0,0.0,59711.348
2026-08-30T16:35:11.432Z,66.226927,-148.072465,2889.21,2542.6,2954.6,250.67,235.48,-2.29,0.04,137.84,143.24,132.79,56.37,0.0,0.953,0.953,0.953,,1,1.0,0.0,59712.098
2026-08-30T16:35:12.651Z,66.226706,-148.074235,2890.82,2559.04,2955.84,250.24,235.0,-2.02,0.32,137.5,142.87,132.4,55.62,0.0,0.962,0.962,0.962,,1,1.0,0.0,59713.32
2026-08-30T16:35:13.404Z,66.226569,-148.075335,2891.12,2559.3,2956.51,249.87,234.63,-1.5,0.76,137.3,142.73,132.2,14.22,0.0,0.957,0.957,0.957,,1,1.0,0.0,59714.074
2026-08-30T16:35:14.372Z,66.226394,-148.076718,2889.86,2557.99,2956.51,250.04,234.82,-1.72,1.12,137.21,142.71,132.24,-55.58,0.0,0.918,0.948,0.933,1.01,2,1.0,0.0,59715.035
2026-08-30T16:35:15.605Z,66.226164,-148.078507,2887.7,2548.6,2955.15,249.6,234.36,-1.11,1.88,137.66,143.22,132.65,-113.47,0.0,0.974,0.974,0.974,,1,1.0,0.0,59716.281
2026-08-30T16:35:16.367Z,66.226019,-148.079606,2885.55,2546.4,2953.67,249.32,234.08,-1.22,1.94,137.78,143.25,132.8,-157.14,0.0,0.97,0.97,0.97,,1,1.0,0.0,59717.039
2026-08-30T16:35:17.599Z,66.225779,-148.081404,2882.51,2541.71,2950.63,248.82,233.58,-1.41,1.83,137.89,143.14,132.62,-123.73,0.0,1.048,1.048,1.048,,1,1.0,0.0,59718.27
2026-08-30T16:35:18.362Z,66.225629,-148.082482,2881.2,2540.4,2949.09,248.55,233.31,-1.59,1.93,137.58,143.06,132.52,-107.04,0.0,1.019,1.019,1.019,,1,1.0,0.0,59719.023
2026-08-30T16:35:19.664Z,66.225364,-148.084355,2878.9,2537.34,2946.7,248.06,232.83,-2.29,1.45,137.65,143.04,132.5,-91.12,0.0,1.004,1.004,1.004,,1,1.0,0.0,59720.336
2026-08-30T16:35:20.897Z,66.225112,-148.086111,2879.35,2536.91,2945.41,247.95,232.74,-3.42,0.06,137.18,142.5,131.89,62.31,0.0,1.151,1.151,1.151,,1,1.0,0.0,59721.555
2026-08-30T16:35:21.639Z,66.224956,-148.087177,2882.28,2539.95,2946.29,248.01,232.78,-3.04,-0.19,137.04,142.45,131.6,187.82,0.0,1.142,1.142,1.142,,1,1.0,0.0,59722.301
2026-08-30T16:35:22.384Z,66.224804,-148.088229,2885.91,2543.61,2948.65,247.74,232.52,-2.7,-0.11,136.89,142.33,131.37,228.33,0.0,0.993,0.993,0.993,,1,1.0,0.0,59723.051
2026-08-30T16:35:23.600Z,66.22455,-148.089963,2889.43,2544.96,2952.92,248.22,232.97,-1.89,-0.61,136.37,141.76,130.97,108.45,0.0,0.849,0.849,0.849,,1,1.0,0.0,59724.27
2026-08-30T16:35:24.351Z,66.224396,-148.091013,2889.41,2544.93,2954.27,247.79,232.59,-1.98,-0.8,136.35,141.79,131.04,48.09,0.0,0.969,0.969,0.969,,1,1.0,0.0,59725.016
2026-08-30T16:35:25.292Z,66.224202,-148.092343,2889.07,2549.38,2954.9,248.34,233.08,-1.58,-1.6,136.43,141.85,131.14,-13.27,0.0,0.976,0.985,0.98,0.11,2,1.0,0.0,59725.945
2026-08-30T16:35:26.532Z,66.223949,-148.094086,2887.34,2547.61,2954.29,247.82,232.61,-1.55,0.07,136.56,142.0,131.31,-73.93,0.0,0.985,0.985,0.985,,1,1.0,0.0,59727.199
2026-08-30T16:35:27.284Z,66.223794,-148.095161,2885.97,2547.0,2953.35,247.84,232.62,-1.4,0.64,136.69,142.17,131.45,-98.38,0.0,0.988,0.988,0.988,,1,1.0,0.0,59727.957
2026-08-30T16:35:28.688Z,66.223503,-148.097135,2882.73,2541.52,2950.79,247.45,232.22,-1.34,1.24,136.96,142.42,131.69,-142.95,0.0,0.983,0.984,0.984,0.128,2,1.0,0.0,59729.363
2026-08-30T16:35:29.927Z,66.223237,-148.0989,2879.23,2538.03,2947.72,247.43,232.25,-1.39,1.42,137.7,143.3,132.42,-156.12,0.0,0.987,0.987,0.987,,1,1.0,0.0,59730.598
2026-08-30T16:35:30.677Z,66.223076,-148.099973,2877.2,2531.38,2945.75,247.8,232.54,-1.37,0.74,137.77,143.24,132.52,-165.8,0.0,0.986,0.986,0.986,,1,1.0,0.0,59731.352
2026-08-30T16:35:31.441Z,66.222911,-148.10105,2874.92,2529.1,2943.65,246.79,231.56,-1.37,1.91,137.84,143.31,132.61,-176.35,0.0,0.99,0.99,0.99,,1,1.0,0.0,59732.145
2026-08-30T16:35:32.712Z,66.222632,-148.102854,2870.93,2526.27,2939.86,247.95,232.76,-1.21,0.2,138.01,143.48,132.8,-191.82,0.0,0.991,0.991,0.991,,1,1.0,0.0,59733.379
2026-08-30T16:35:33.464Z,66.222466,-148.103925,2868.33,2523.67,2937.45,247.31,232.05,-1.07,-1.09,138.14,143.63,132.94,-204.49,0.0,0.994,0.994,0.994,,1,1.0,0.0,59734.129
2026-08-30T16:35:34.685Z,66.222198,-148.105664,2863.77,2522.28,2933.16,246.8,231.61,-1.67,-0.62,138.31,143.79,133.13,-192.58,0.0,1.038,1.038,1.038,,1,1.0,0.0,59735.352
2026-08-30T16:35:35.439Z,66.222033,-148.106734,2861.99,2520.54,2930.79,246.9,231.69,-1.43,-0.88,138.38,143.84,133.18,-163.58,0.0,1.029,1.029,1.029,,1,1.0,0.0,59736.09
2026-08-30T16:35:36.373Z,66.221825,-148.108075,2859.73,2518.26,2927.81,246.8,231.59,-1.58,-0.01,138.45,143.89,133.25,-149.65,0.0,0.995,0.999,0.997,0.094,2,1.0,0.0,59737.039
2026-08-30T16:35:37.587Z,66.221556,-148.109806,2857.69,2515.26,2924.45,246.73,231.52,-1.87,-0.17,138.49,143.92,133.25,-93.61,0.0,1.016,1.016,1.016,,1,1.0,0.0,59738.242
2026-08-30T16:35:38.320Z,66.221392,-148.110859,2857.06,2514.65,2923.36,246.64,231.44,-1.89,-0.29,138.44,143.85,133.15,-63.51,0.0,1.017,1.017,1.017,,1,1.0,0.0,59738.984
2026-08-30T16:35:39.604Z,66.221107,-148.112678,2856.25,2513.28,2921.95,246.65,231.43,-1.94,-0.82,138.6,144.02,133.34,-44.68,0.0,1.006,1.006,1.006,,1,1.0,0.0,59740.262
2026-08-30T16:35:40.808Z,66.220839,-148.114386,2855.84,2514.44,2921.72,246.52,231.32,-2.09,-0.91,138.5,143.91,133.22,-16.76,0.0,1.015,1.015,1.015,,1,1.0,0.0,59741.461
2026-08-30T16:35:41.543Z,66.220674,-148.115438,2855.94,2514.55,2921.26,246.57,231.36,-2.16,-0.72,138.42,143.82,133.13,0.45,0.0,1.012,1.012,1.012,,1,1.0,0.0,59742.191
2026-08-30T16:35:42.277Z,66.220511,-148.116477,2856.24,2514.86,2921.32,246.55,231.34,-2.22,-0.23,138.35,143.73,133.03,21.15,0.0,1.016,1.016,1.016,,1,1.0,0.0,59742.938
2026-08-30T16:35:43.494Z,66.220238,-148.118203,2857.35,2475.02,2921.89,246.38,231.17,-2.28,0.28,138.21,143.59,132.84,52.69,0.0,1.01,1.01,1.01,,1,1.0,0.0,59744.152
2026-08-30T16:35:44.239Z,66.220071,-148.11926,2858.32,2476.0,2922.34,246.38,231.17,-2.53,0.3,137.87,142.99,132.71,81.42,0.0,1.017,1.017,1.017,,1,1.0,0.0,59744.891
2026-08-30T16:35:45.374Z,66.219814,-148.120866,2860.94,2529.41,2924.39,246.01,230.79,-2.35,0.91,137.7,143.1,132.5,121.73,0.0,1.006,1.037,1.021,0.351,3,1.0,0.0,59746.02
2026-08-30T16:35:46.589Z,66.219536,-148.12258,2863.66,2501.02,2927.45,245.82,230.6,-2.75,-0.59,137.61,143.01,132.08,143.27,0.0,1.006,1.006,1.006,,1,1.0,0.0,59747.242
2026-08-30T16:35:47.326Z,66.219368,-148.123613,2865.85,2503.23,2929.34,245.75,230.55,-2.63,-0.66,137.44,142.76,131.89,166.01,0.0,1.022,1.022,1.022,,1,1.0,0.0,59747.984
2026-08-30T16:35:48.692Z,66.219055,-148.125519,2869.93,2541.52,2933.24,245.42,230.2,-3.02,-0.23,136.84,142.19,131.53,184.08,0.0,0.994,1.004,0.999,0.501,2,1.0,0.0,59749.34
2026-08-30T16:35:49.894Z,66.218775,-148.127205,2873.71,2545.2,2937.04,245.42,230.22,-1.62,-0.35,136.82,142.17,131.4,114.08,0.0,0.887,0.887,0.887,,1,1.0,0.0,59750.559
2026-08-30T16:35:50.646Z,66.218603,-148.128238,2873.48,2548.46,2938.44,245.56,230.37,-2.15,-0.18,136.93,142.43,131.63,40.01,0.0,0.937,0.937,0.937,,1,1.0,0.0,59751.305
2026-08-30T16:35:51.392Z,66.218428,-148.129287,2873.19,2548.17,2938.92,245.82,230.61,-1.62,-1.28,137.14,142.56,131.71,-3.39,0.0,1.011,1.011,1.011,,1,1.0,0.0,59752.039
2026-08-30T16:35:52.604Z,66.218147,-148.130974,2872.04,2543.17,2938.61,244.7,229.47,-2.21,0.92,137.1,142.52,131.74,-20.33,0.0,1.022,1.022,1.022,,1,1.0,0.0,59753.25
2026-08-30T16:35:53.331Z,66.217974,-148.132,2872.18,2543.32,2938.37,245.01,229.83,-1.33,0.68,137.16,142.56,131.71,-20.04,0.0,1.021,1.021,1.021,,1,1.0,0.0,59753.992
2026-08-30T16:35:54.267Z,66.217754,-148.133294,2870.82,2541.87,2937.87,245.33,230.13,-1.27,-2.78,137.07,142.51,131.89,-89.16,0.0,0.92,0.932,0.926,0.521,2,1.0,0.0,59754.906
2026-08-30T16:35:55.461Z,66.217473,-148.134966,2868.44,2540.24,2936.03,245.39,230.2,-1.32,-2.08,137.36,142.83,132.17,-106.02,0.0,0.969,0.969,0.969,,1,1.0,0.0,59756.125
2026-08-30T16:35:56.213Z,66.217301,-148.13601,2866.76,2538.51,2934.69,245.66,230.47,-1.0,-1.4,137.54,143.03,132.32,-143.32,0.0,0.958,0.958,0.958,,1,1.0,0.0,59756.863
2026-08-30T16:35:57.337Z,66.217039,-148.137598,2862.59,2535.5,2931.67,245.6,230.4,-0.72,-0.5,137.91,143.39,132.6,-219.78,0.0,0.954,0.959,0.957,0.05,3,1.0,0.0,59757.992
2026-08-30T16:35:58.549Z,66.216757,-148.139296,2857.04,2530.85,2927.01,245.29,230.06,-0.99,0.55,138.01,143.48,132.64,-251.39,0.0,0.955,0.955,0.955,,1,1.0,0.0,59759.219
2026-08-30T16:35:59.853Z,66.216449,-148.141125,2850.98,2524.69,2920.3,244.46,229.23,0.22,0.5,138.5,144.03,133.01,-330.09,0.0,0.907,0.907,0.907,,1,1.0,0.0,59760.523
2026-08-30T16:36:01.077Z,66.216152,-148.142845,2841.15,2494.7,2913.27,244.32,229.11,0.74,-1.63,139.04,144.58,133.58,-482.89,0.0,0.939,0.939,0.939,,1,1.0,0.0,59761.742
2026-08-30T16:36:01.833Z,66.215969,-148.143901,2833.61,2487.1,2907.47,244.37,229.22,0.45,-0.37,139.68,145.38,134.33,-556.12,0.0,0.934,0.934,0.934,,1,1.0,0.0,59762.496
2026-08-30T16:36:02.582Z,66.215782,-148.144964,2826.1,2482.81,2900.75,244.76,229.57,0.09,-0.56,140.28,145.88,134.78,-553.0,0.0,1.036,1.036,1.036,,1,1.0,0.0,59763.242
2026-08-30T16:36:03.803Z,66.215479,-148.146691,2815.76,2472.49,2890.49,244.53,229.34,-0.02,-0.68,140.85,146.32,135.31,-503.84,0.0,1.039,1.039,1.039,,1,1.0,0.0,59764.465
2026-08-30T16:36:04.556Z,66.215293,-148.147755,2809.98,2480.55,2884.64,244.54,229.36,-0.2,-0.66,140.94,146.39,135.31,-466.97,0.0,1.022,1.022,1.022,,1,1.0,0.0,59765.211
2026-08-30T16:36:05.294Z,66.215106,-148.14882,2804.8,2475.43,2877.39,244.32,229.09,-0.52,-0.43,140.82,146.21,135.32,-422.85,0.0,1.014,1.014,1.014,,1,1.0,0.0,59765.957
2026-08-30T16:36:06.515Z,66.214798,-148.150558,2797.62,2438.49,2867.47,244.53,229.33,-0.15,-1.76,141.01,146.41,135.7,-382.41,0.0,0.978,0.978,0.978,,1,1.0,0.0,59767.184
2026-08-30T16:36:07.272Z,66.21461,-148.151618,2792.78,2433.64,2862.55,244.38,229.18,-0.45,-3.41,141.36,146.77,136.02,-375.14,0.0,0.986,0.986,0.986,,1,1.0,0.0,59767.938
2026-08-30T16:36:08.653Z,66.214263,-148.153593,2785.71,2458.66,2854.24,244.28,229.08,-1.29,-2.4,141.18,146.49,135.89,-280.62,0.0,1.004,1.03,1.017,0.939,2,1.0,0.0,59769.309
2026-08-30T16:36:09.855Z,66.213962,-148.155322,2782.48,2455.51,2850.65,244.95,229.77,-1.15,-1.78,141.26,146.66,135.94,-174.15,0.0,1.038,1.038,1.038,,1,1.0,0.0,59770.516
2026-08-30T16:36:10.598Z,66.213778,-148.156382,2780.79,2445.65,2848.75,244.98,229.78,-1.18,-1.75,141.42,146.79,136.01,-162.78,0.0,0.984,0.984,0.984,,1,1.0,0.0,59771.254
2026-08-30T16:36:11.340Z,66.213595,-148.157446,2778.89,2443.76,2846.99,244.93,229.75,-1.39,-1.83,141.32,146.64,135.98,-156.37,0.0,0.999,0.999,0.999,,1,1.0,0.0,59772.0
2026-08-30T16:36:12.560Z,66.213296,-148.159188,2776.01,2427.3,2844.19,245.03,229.84,-1.46,-1.34,141.19,146.5,135.89,-137.34,0.0,1.006,1.006,1.006,,1,1.0,0.0,59773.219
2026-08-30T16:36:13.308Z,66.213112,-148.160263,2774.5,2425.77,2842.56,244.87,229.68,-1.25,-0.73,141.15,146.45,135.84,-135.96,0.0,0.999,0.999,0.999,,1,1.0,0.0,59773.969
2026-08-30T16:36:14.245Z,66.21288,-148.161626,2772.2,2423.47,2840.43,244.95,229.77,-1.36,-1.69,140.75,145.82,135.8,-141.86,0.0,0.989,0.995,0.992,0.069,2,1.0,0.0,59774.914
2026-08-30T16:36:15.470Z,66.212582,-148.163374,2769.14,2420.72,2837.52,245.21,230.02,-1.36,-2.87,140.24,145.45,135.81,-153.97,0.0,0.985,0.985,0.985,,1,1.0,0.0,59776.137
2026-08-30T16:36:16.222Z,66.212402,-148.164444,2767.21,2418.78,2835.61,245.41,230.23,-1.53,-2.43,140.22,145.4,135.82,-143.71,0.0,1.015,1.015,1.015,,1,1.0,0.0,59776.883
2026-08-30T16:36:17.359Z,66.212126,-148.16608,2765.41,2427.49,2833.11,246.27,231.1,-1.98,-1.41,139.85,144.85,135.48,-71.34,0.0,1.038,1.049,1.044,0.23,3,1.0,0.0,59778.027
2026-08-30T16:36:18.582Z,66.211835,-148.167851,2766.57,2432.18,2832.29,245.82,230.62,-2.42,-1.41,139.59,144.85,135.35,50.9,0.0,1.055,1.055,1.055,,1,1.0,0.0,59779.312
2026-08-30T16:36:20.806Z,66.211313,-148.171039,2771.02,2429.44,2835.35,245.95,230.75,-2.55,-0.81,139.07,144.2,134.65,123.91,0.0,1.009,1.009,1.009,,1,1.0,0.0,59781.645
2026-08-30T16:36:22.209Z,66.210986,-148.173038,2774.49,2432.92,2838.31,245.85,230.66,-2.45,0.01,138.62,143.75,134.3,150.84,0.0,1.014,1.014,1.014,,1,1.0,0.0,59782.879
2026-08-30T16:36:22.969Z,66.210808,-148.174121,2776.53,2437.79,2840.2,245.66,230.45,-2.21,0.21,138.63,143.88,134.11,143.73,0.0,0.985,0.985,0.985,,1,1.0,0.0,59783.641
2026-08-30T16:36:24.213Z,66.210517,-148.175875,2779.04,2440.27,2843.1,244.08,228.89,-1.93,-1.27,136.33,140.85,131.24,107.69,0.0,0.877,0.877,0.877,,1,1.0,0.0,59784.883
2026-08-30T16:36:24.967Z,66.210337,-148.176926,2779.75,2454.72,2844.43,244.84,229.7,-1.91,-2.55,135.47,140.52,130.92,49.75,0.0,0.876,0.876,0.876,,1,1.0,0.0,59785.645
2026-08-30T16:36:25.932Z,66.210111,-148.178252,2779.17,2454.09,2845.09,245.37,230.17,-1.97,-2.57,135.47,140.56,131.01,-13.71,0.0,0.949,0.967,0.958,0.03,2,1.0,0.0,59786.613
2026-08-30T16:36:27.175Z,66.20982,-148.179992,2777.38,2451.61,2844.45,245.31,230.14,-1.45,-2.24,135.18,140.25,130.7,-94.79,0.0,0.975,0.975,0.975,,1,1.0,0.0,59787.855
2026-08-30T16:36:27.948Z,66.209642,-148.181043,2775.35,2449.56,2843.23,245.61,230.43,-1.24,-1.68,135.43,140.72,130.93,-137.74,0.0,0.977,0.977,0.977,,1,1.0,0.0,59788.609
2026-08-30T16:36:29.770Z,66.209224,-148.183567,2769.09,2441.4,2838.25,245.76,230.61,-1.2,-1.8,136.59,141.91,132.15,-196.89,0.0,0.983,0.983,0.983,,1,1.0,0.0,59790.441
2026-08-30T16:36:30.535Z,66.209048,-148.184641,2766.69,2425.34,2835.72,246.13,230.96,-1.73,-2.12,136.86,142.02,132.29,-175.06,0.0,0.996,0.996,0.996,,1,1.0,0.0,59791.254
2026-08-30T16:36:32.025Z,66.208707,-148.186741,2763.17,2421.84,2831.61,246.14,230.98,-1.59,-1.88,137.0,142.16,132.46,-149.2,0.0,0.997,0.997,0.997,,1,1.0,0.0,59792.707
2026-08-30T16:36:32.792Z,66.208532,-148.187829,2761.33,2421.8,2829.69,246.31,231.14,-1.59,-1.79,137.06,142.17,132.56,-144.01,0.0,1.0,1.0,1.0,,1,1.0,0.0,59793.48
2026-08-30T16:36:34.043Z,66.208247,-148.189602,2758.57,2419.01,2826.77,246.03,230.85,-1.01,-0.57,137.45,142.43,132.79,-160.28,0.0,0.999,0.999,0.999,,1,1.0,0.0,59794.715
2026-08-30T16:36:34.809Z,66.208074,-148.19068,2755.75,2410.15,2824.64,245.86,230.7,-0.73,-1.21,137.74,142.89,133.29,-226.52,0.0,0.965,0.965,0.965,,1,1.0,0.0,59795.523
2026-08-30T16:36:36.171Z,66.207763,-148.192614,2750.2,2417.98,2819.91,246.52,231.35,-1.73,-2.55,138.27,143.44,133.53,-183.71,0.0,1.054,1.054,1.054,,1,1.0,0.0,59796.844
2026-08-30T16:36:36.924Z,66.207592,-148.193693,2748.92,2416.74,2817.47,246.38,231.2,-0.71,-2.34,138.32,143.34,133.57,-148.55,0.0,1.053,1.053,1.053,,1,1.0,0.0,59797.602
2026-08-30T16:36:38.167Z,66.207312,-148.195455,2742.37,2397.91,2813.23,246.44,231.27,1.06,-0.46,138.69,144.11,134.24,-404.31,0.0,0.805,0.805,0.805,,1,1.0,0.0,59798.836
2026-08-30T16:36:39.479Z,66.207013,-148.197341,2728.7,2384.28,2804.02,247.12,231.93,-0.64,-1.15,139.7,144.89,135.37,-504.7,0.0,1.079,1.079,1.079,,1,1.0,0.0,59800.145
2026-08-30T16:36:40.709Z,66.206734,-148.199108,2720.6,2391.43,2794.97,246.61,231.47,-0.38,-1.32,139.41,144.14,134.51,-407.12,0.0,1.022,1.022,1.022,,1,1.0,0.0,59801.367
2026-08-30T16:36:41.649Z,66.206521,-148.200462,2714.9,2385.72,2788.17,247.21,232.01,-0.11,-2.19,138.71,143.78,134.41,-396.58,0.0,0.966,0.984,0.975,0.13,2,1.0,0.0,59802.312
2026-08-30T16:36:42.872Z,66.206246,-148.202216,2706.66,2380.0,2779.98,246.73,231.57,-0.51,-2.18,139.12,144.21,134.94,-388.79,0.0,1.023,1.023,1.023,,1,1.0,0.0,59803.543
2026-08-30T16:36:43.624Z,66.206076,-148.203315,2701.98,2375.33,2775.28,247.11,231.96,-0.68,-2.4,139.41,144.58,135.32,-375.15,0.0,1.01,1.01,1.01,,1,1.0,0.0,59804.297
2026-08-30T16:36:44.576Z,66.205865,-148.204694,2696.09,2360.86,2768.56,247.95,232.76,0.13,-3.05,139.73,144.82,135.77,-401.38,0.0,0.972,0.999,0.986,0.495,2,1.0,0.0,59805.238
2026-08-30T16:36:45.802Z,66.205598,-148.206473,2686.27,2350.92,2759.68,248.25,233.12,1.6,-2.28,140.08,145.13,135.98,-532.46,0.0,0.897,0.897,0.897,,1,1.0,0.0,59806.469
2026-08-30T16:36:46.554Z,66.205435,-148.20758,2677.32,2350.25,2752.81,248.53,233.34,0.58,-1.58,140.45,145.63,136.46,-643.33,0.0,0.858,0.858,0.858,,1,1.0,0.0,59807.227
2026-08-30T16:36:47.504Z,66.205232,-148.208975,2667.34,2340.48,2743.92,248.18,233.01,-1.62,-0.66,140.96,145.97,136.97,-507.46,0.0,1.124,1.18,1.152,0.326,2,1.0,0.0,59808.168
2026-08-30T16:36:48.764Z,66.204962,-148.210839,2664.88,2334.19,2735.98,248.27,233.1,-3.28,-2.8,140.79,145.63,136.6,-80.1,0.0,1.215,1.215,1.215,,1,1.0,0.0,59809.434
2026-08-30T16:36:50.069Z,66.204689,-148.212751,2671.52,2328.42,2735.65,248.62,233.45,-3.84,-2.43,139.99,144.76,135.65,274.95,0.0,1.109,1.109,1.109,,1,1.0,0.0,59810.73
2026-08-30T16:36:51.287Z,66.204437,-148.214538,2681.22,2338.17,2741.47,248.84,233.67,-4.27,-2.54,139.04,143.79,134.66,446.63,0.0,1.045,1.045,1.045,,1,1.0,0.0,59811.945
2026-08-30T16:36:52.028Z,66.204286,-148.215626,2688.11,2370.77,2746.84,249.01,233.85,-4.48,-2.61,138.44,143.18,134.02,518.01,0.0,1.039,1.039,1.039,,1,1.0,0.0,59812.691
2026-08-30T16:36:52.774Z,66.204138,-148.216708,2695.51,2378.2,2753.17,249.16,233.99,-4.67,-2.65,137.81,142.56,133.34,570.71,0.0,1.026,1.026,1.026,,1,1.0,0.0,59813.438
2026-08-30T16:36:53.995Z,66.203899,-148.218468,2707.9,2392.38,2765.48,249.3,234.12,-3.82,-1.93,136.93,141.72,132.44,562.6,0.0,0.954,0.954,0.954,,1,1.0,0.0,59814.652
2026-08-30T16:36:54.734Z,66.203755,-148.219547,2713.98,2398.38,2773.39,249.34,234.17,-3.41,-1.42,136.53,141.35,132.05,486.64,0.0,0.92,0.92,0.92,,1,1.0,0.0,59815.395
2026-08-30T16:36:55.483Z,66.203613,-148.220611,2718.57,2402.91,2779.51,249.34,234.16,-2.96,-0.91,136.23,141.06,131.76,390.82,0.0,0.921,0.921,0.921,,1,1.0,0.0,59816.137
2026-08-30T16:36:56.696Z,66.203381,-148.222355,2723.07,2407.45,2787.3,249.27,234.09,-2.18,-0.09,135.95,140.84,131.53,212.13,0.0,0.916,0.916,0.916,,1,1.0,0.0,59817.363
2026-08-30T16:36:57.649Z,66.203197,-148.22371,2723.82,2408.1,2789.83,249.14,233.96,-1.67,0.4,135.9,140.8,131.53,65.7,0.0,0.918,0.919,0.919,0.016,2,1.0,0.0,59818.309
2026-08-30T16:36:58.853Z,66.202963,-148.225438,2723.07,2407.42,2791.37,249.03,233.86,-2.3,-1.59,135.89,140.8,131.49,25.03,0.0,1.066,1.066,1.066,,1,1.0,0.0,59819.516
2026-08-30T16:37:00.153Z,66.202713,-148.227284,2723.66,2410.05,2791.52,249.23,234.09,-2.16,-2.34,135.77,140.7,131.48,18.53,0.0,0.995,0.995,0.995,,1,1.0,0.0,59820.816
2026-08-30T16:37:01.372Z,66.202478,-148.229041,2723.51,2409.87,2791.29,249.43,234.27,-2.02,-2.09,135.77,140.7,131.52,-14.2,0.0,0.98,0.98,0.98,,1,1.0,0.0,59822.086
2026-08-30T16:37:02.172Z,66.202326,-148.230184,2722.9,2409.84,2790.71,249.52,234.36,-1.94,-1.95,135.79,140.73,131.58,-38.94,0.0,0.982,0.982,0.982,,1,1.0,0.0,59822.844
2026-08-30T16:37:03.415Z,66.202094,-148.23195,2720.73,2407.56,2790.18,249.74,234.61,-1.18,-0.51,136.11,141.15,132.01,-151.35,0.0,0.953,0.953,0.953,,1,1.0,0.0,59824.121
2026-08-30T16:37:04.209Z,66.201945,-148.233105,2717.4,2404.74,2789.27,250.13,234.99,-1.12,0.12,136.68,141.75,132.64,-195.7,0.0,0.962,0.962,0.962,,1,1.0,0.0,59824.883
2026-08-30T16:37:05.453Z,66.201714,-148.234904,2712.48,2399.8,2784.01,249.81,234.64,-0.94,0.44,137.07,142.06,132.94,-240.38,0.0,0.979,0.979,0.979,,1,1.0,0.0,59826.137
2026-08-30T16:37:06.220Z,66.20157,-148.236019,2708.93,2395.82,2780.55,249.69,234.54,-1.52,-0.09,137.19,142.21,133.12,-242.52,0.0,0.994,0.994,0.994,,1,1.0,0.0,59826.891
2026-08-30T16:37:07.461Z,66.201334,-148.237822,2704.8,2391.73,2775.56,249.54,234.38,-1.35,-0.02,137.39,142.33,133.27,-201.59,0.0,1.002,1.002,1.002,,1,1.0,0.0,59828.125
2026-08-30T16:37:08.225Z,66.201192,-148.238903,2702.67,2387.05,2773.05,249.54,234.37,-1.54,0.62,137.42,142.38,133.29,-169.25,0.0,1.007,1.007,1.007,,1,1.0,0.0,59828.879
2026-08-30T16:37:09.514Z,66.200939,-148.240794,2698.73,2383.02,2768.25,249.2,234.04,-0.38,1.9,136.82,141.72,133.39,-241.37,0.0,0.918,0.918,0.918,,1,1.0,0.0,59830.172
2026-08-30T16:37:10.744Z,66.200695,-148.242577,2691.58,2377.54,2762.48,249.0,233.81,-1.0,1.46,137.16,142.14,133.81,-305.39,0.0,1.017,1.017,1.017,,1,1.0,0.0,59831.414
2026-08-30T16:37:11.502Z,66.200541,-148.24368,2687.75,2373.72,2758.59,248.53,233.36,-0.83,1.56,137.51,142.5,134.17,-305.24,0.0,1.012,1.012,1.012,,1,1.0,0.0,59832.16
2026-08-30T16:37:12.256Z,66.200387,-148.244764,2683.82,2369.78,2754.71,248.53,233.34,-0.86,1.76,137.86,142.86,134.49,-313.41,0.0,1.003,1.003,1.003,,1,1.0,0.0,59832.918
2026-08-30T16:37:13.481Z,66.200126,-148.246555,2677.16,2363.13,2748.23,247.27,232.13,-0.36,4.09,139.08,144.3,135.82,-335.52,0.0,1.021,1.021,1.021,,1,1.0,0.0,59834.152
2026-08-30T16:37:14.240Z,66.199961,-148.247656,2672.12,2359.52,2744.37,247.59,232.42,0.21,4.91,139.77,144.78,136.36,-413.02,0.0,0.947,0.947,0.947,,1,1.0,0.0,59834.922
2026-08-30T16:37:15.007Z,66.19979,-148.248772,2665.64,2353.04,2739.62,246.8,231.6,-1.37,2.71,139.84,144.74,136.41,-420.8,0.0,0.99,0.99,0.99,,1,1.0,0.0,59835.68
2026-08-30T16:37:16.238Z,66.199505,-148.250568,2661.7,2348.01,2732.39,246.74,231.61,-3.63,-0.97,139.24,144.0,135.74,-96.35,0.0,1.221,1.221,1.221,,1,1.0,0.0,59836.898
2026-08-30T16:37:16.986Z,66.199333,-148.251638,2664.51,2350.99,2731.29,246.82,231.65,-3.83,-0.4,138.81,143.59,135.17,142.69,0.0,1.21,1.21,1.21,,1,1.0,0.0,59837.645
2026-08-30T16:37:17.730Z,66.199162,-148.25271,2669.49,2356.08,2733.05,246.39,231.2,-3.92,0.11,138.31,143.13,134.68,297.89,0.0,1.074,1.074,1.074,,1,1.0,0.0,59838.387
2026-08-30T16:37:18.948Z,66.19888,-148.254451,2679.25,2365.9,2739.73,245.99,230.82,-4.1,1.84,137.66,142.38,133.77,444.61,0.0,1.026,1.026,1.026,,1,1.0,0.0,59839.609
2026-08-30T16:37:20.275Z,66.198572,-148.256317,2690.19,2376.6,2749.07,245.28,230.11,-4.05,-0.2,136.74,141.51,132.9,476.6,0.0,0.996,0.996,0.996,,1,1.0,0.0,59840.926
2026-08-30T16:37:21.485Z,66.198283,-148.258037,2700.83,2387.27,2758.91,245.43,230.27,-4.0,0.34,136.11,140.84,132.02,521.04,0.0,1.035,1.035,1.035,,1,1.0,0.0,59842.148
2026-08-30T16:37:22.235Z,66.198108,-148.259077,2707.13,2394.63,2767.52,245.12,229.94,-3.65,0.86,135.62,140.36,131.61,474.02,0.0,0.929,0.929,0.929,,1,1.0,0.0,59842.91
2026-08-30T16:37:22.996Z,66.197926,-148.260132,2712.2,2399.66,2773.6,245.19,230.04,-3.21,0.18,135.44,140.14,131.37,413.2,0.0,0.949,0.949,0.949,,1,1.0,0.0,59843.656
2026-08-30T16:37:24.225Z,66.197633,-148.261835,2717.98,2404.88,2780.97,244.78,229.61,-3.07,-0.09,134.91,139.7,131.02,285.69,0.0,0.949,0.949,0.949,,1,1.0,0.0,59844.898
2026-08-30T16:37:24.984Z,66.197452,-148.262881,2720.68,2407.57,2784.1,244.7,229.54,-2.88,-0.01,134.7,139.49,130.85,237.77,0.0,0.979,0.979,0.979,,1,1.0,0.0,59845.648
2026-08-30T16:37:25.739Z,66.197272,-148.263909,2722.92,2409.6,2787.06,244.67,229.51,-2.7,0.01,134.52,139.34,130.73,191.81,0.0,0.97,0.97,0.97,,1,1.0,0.0,59846.406
2026-08-30T16:37:26.993Z,66.196975,-148.265602,2725.34,2411.98,2791.51,244.51,229.35,-2.41,0.0,134.44,139.3,130.64,117.51,0.0,0.969,0.969,0.969,,1,1.0,0.0,59847.652
2026-08-30T16:37:27.742Z,66.196784,-148.266679,2726.11,2412.56,2792.84,244.42,229.26,-2.27,-0.22,134.47,139.33,130.62,71.82,0.0,0.968,0.968,0.968,,1,1.0,0.0,59848.414
2026-08-30T16:37:28.985Z,66.196482,-148.268376,2726.15,2412.56,2793.79,244.33,229.17,-1.99,-0.77,134.55,139.43,130.7,1.99,0.0,0.971,0.971,0.971,,1,1.0,0.0,59849.656
2026-08-30T16:37:30.312Z,66.196161,-148.27018,2724.78,2410.43,2793.43,244.65,229.54,-2.22,-0.96,134.57,139.43,130.81,-52.0,0.0,0.976,0.976,0.976,,1,1.0,0.0,59850.973
2026-08-30T16:37:31.554Z,66.195859,-148.271878,2724.84,2410.63,2792.59,244.01,228.86,-3.2,-0.1,134.53,139.43,130.67,59.51,0.0,1.1,1.1,1.1,,1,1.0,0.0,59852.223
2026-08-30T16:37:32.311Z,66.195674,-148.272922,2726.91,2413.21,2793.57,244.19,229.05,-2.31,-0.55,134.43,139.2,130.47,87.72,0.0,1.016,1.016,1.016,,1,1.0,0.0,59852.98
2026-08-30T16:37:33.537Z,66.195371,-148.2746,2728.48,2414.74,2794.86,244.29,229.15,-2.56,-0.96,134.35,139.23,130.48,83.26,0.0,1.017,1.017,1.017,,1,1.0,0.0,59854.203
2026-08-30T16:37:34.285Z,66.195188,-148.27562,2729.41,2415.16,2795.94,243.84,228.67,-2.09,-0.95,134.33,139.25,130.48,56.6,0.0,0.971,0.971,0.971,,1,1.0,0.0,59854.949
2026-08-30T16:37:35.034Z,66.195004,-148.276643,2729.24,2414.91,2796.75,243.97,228.85,-1.43,-0.55,134.41,139.34,130.6,-24.88,0.0,0.918,0.918,0.918,,1,1.0,0.0,59855.703
2026-08-30T16:37:36.260Z,66.194701,-148.278314,2726.02,2411.41,2795.37,244.32,229.18,-1.31,-0.92,134.75,139.75,130.97,-138.66,0.0,0.965,0.965,0.965,,1,1.0,0.0,59856.93
2026-08-30T16:37:37.011Z,66.194514,-148.279345,2723.71,2409.13,2794.25,244.27,229.1,-1.39,-1.25,135.08,140.08,131.28,-150.24,0.0,0.955,0.955,0.955,,1,1.0,0.0,59857.688
2026-08-30T16:37:37.771Z,66.194328,-148.280386,2721.74,2406.95,2792.97,243.76,228.6,-1.2,0.48,135.39,140.42,131.61,-166.61,0.0,0.935,0.935,0.935,,1,1.0,0.0,59858.43
2026-08-30T16:37:38.986Z,66.194024,-148.282056,2717.03,2402.18,2788.92,243.83,228.69,-1.25,-0.16,135.76,140.72,131.98,-232.41,0.0,0.963,0.963,0.963,,1,1.0,0.0,59859.652
2026-08-30T16:37:40.292Z,66.193695,-148.283851,2712.29,2397.93,2783.44,243.51,228.33,-1.33,0.15,136.06,141.0,132.27,-194.3,0.0,1.051,1.051,1.051,,1,1.0,0.0,59860.949
2026-08-30T16:37:41.509Z,66.193383,-148.285534,2708.42,2394.06,2780.82,243.12,228.0,-2.25,-1.44,136.09,141.02,132.45,-167.63,0.0,1.023,1.023,1.023,,1,1.0,0.0,59862.172
2026-08-30T16:37:42.260Z,66.193192,-148.286559,2707.42,2392.3,2778.83,243.57,228.44,-2.32,-0.82,136.16,141.04,132.44,-90.75,0.0,1.084,1.084,1.084,,1,1.0,0.0,59862.926
2026-08-30T16:37:43.007Z,66.192999,-148.287596,2707.43,2392.34,2777.37,243.68,228.52,-2.26,-0.58,136.14,141.0,132.4,-33.25,0.0,1.038,1.038,1.038,,1,1.0,0.0,59863.676
2026-08-30T16:37:44.230Z,66.192685,-148.289283,2707.73,2390.85,2776.17,243.36,228.23,-2.31,-0.86,136.03,140.92,132.31,-1.75,0.0,0.994,0.994,0.994,,1,1.0,0.0,59864.895
2026-08-30T16:37:44.971Z,66.192494,-148.290306,2707.9,2391.02,2776.47,243.42,228.28,-2.14,-0.92,136.05,140.94,132.28,4.86,0.0,1.005,1.005,1.005,,1,1.0,0.0,59865.641
2026-08-30T16:37:45.723Z,66.192302,-148.291333,2707.96,2392.36,2777.14,243.42,228.3,-2.11,-1.02,136.15,141.05,132.4,2.32,0.0,0.985,0.985,0.985,,1,1.0,0.0,59866.387
2026-08-30T16:37:46.947Z,66.191989,-148.293013,2707.84,2392.23,2776.02,243.46,228.32,-2.07,-1.14,136.09,140.96,132.39,-8.26,0.0,0.992,0.992,0.992,,1,1.0,0.0,59867.602
2026-08-30T16:37:47.685Z,66.1918,-148.294029,2707.59,2392.99,2775.95,243.55,228.44,-2.09,-0.99,136.1,140.95,132.5,-17.58,0.0,0.988,0.988,0.988,,1,1.0,0.0,59868.332
2026-08-30T16:37:49.028Z,66.191457,-148.295883,2707.54,2392.98,2776.33,243.9,228.72,-2.3,-1.34,136.03,140.9,132.47,7.1,0.0,1.009,1.021,1.015,0.533,2,1.0,0.0,59869.707
2026-08-30T16:37:50.321Z,66.19113,-148.297658,2707.69,2375.74,2776.8,243.77,228.64,-2.2,-1.08,136.0,140.89,132.4,-1.85,0.0,0.99,0.99,0.99,,1,1.0,0.0,59870.977
2026-08-30T16:37:51.059Z,66.19094,-148.298688,2707.53,2375.57,2775.77,243.87,228.72,-2.1,-1.28,136.12,141.05,132.38,-9.95,0.0,0.992,0.992,0.992,,1,1.0,0.0,59871.703
2026-08-30T16:37:52.247Z,66.190641,-148.30032,2706.99,2364.31,2775.86,244.05,228.92,-2.13,-1.36,136.1,141.0,132.28,-23.1,0.0,0.996,0.996,0.996,,1,1.0,0.0,59872.891
2026-08-30T16:37:52.970Z,66.190457,-148.301327,2706.68,2364.01,2775.38,243.92,228.78,-2.02,-1.49,135.93,140.7,131.86,-26.05,0.0,1.0,1.0,1.0,,1,1.0,0.0,59873.609
2026-08-30T16:37:53.690Z,66.190277,-148.302316,2706.32,2365.01,2774.81,244.25,229.13,-2.27,-1.45,135.54,140.4,131.73,-22.08,0.0,0.996,0.996,0.996,,1,1.0,0.0,59874.344
2026-08-30T16:37:54.893Z,66.189979,-148.30397,2706.16,2364.85,2774.37,244.43,229.32,-2.38,-1.34,135.93,140.99,132.35,-9.79,0.0,1.008,1.008,1.008,,1,1.0,0.0,59875.605
2026-08-30T16:37:55.690Z,66.189782,-148.305081,2706.14,2377.44,2774.51,244.4,229.21,-1.83,-1.34,136.41,141.34,132.71,-16.83,0.0,1.026,1.026,1.026,,1,1.0,0.0,59876.398
2026-08-30T16:37:56.499Z,66.189584,-148.306195,2705.42,2376.68,2774.74,244.17,229.05,-1.81,-0.81,136.45,141.36,132.74,-52.29,0.0,0.963,0.963,0.963,,1,1.0,0.0,59877.18
2026-08-30T16:37:57.732Z,66.189277,-148.307909,2703.89,2375.11,2774.07,244.15,229.02,-1.77,-0.47,136.51,141.42,132.78,-60.88,0.0,1.017,1.017,1.017,,1,1.0,0.0,59878.395
2026-08-30T16:37:59.106Z,66.188934,-148.30983,2701.6,2372.78,2770.55,244.33,229.17,-1.89,-0.54,136.81,141.72,133.04,-99.64,0.0,0.966,0.98,0.973,1.078,2,1.0,0.0,59879.777
2026-08-30T16:38:00.337Z,66.188626,-148.311537,2700.05,2369.27,2767.71,243.55,228.38,-2.17,0.65,136.95,141.85,133.2,-55.9,0.0,1.03,1.03,1.03,,1,1.0,0.0,59881.0
2026-08-30T16:38:01.081Z,66.188437,-148.312578,2699.84,2369.06,2766.82,243.28,228.2,-2.08,2.05,136.88,141.74,133.12,-35.67,0.0,1.007,1.007,1.007,,1,1.0,0.0,59881.746
2026-08-30T16:38:01.828Z,66.188246,-148.313613,2699.91,2369.14,2766.32,244.17,229.04,-2.47,1.24,136.76,141.64,133.01,9.57,0.0,1.01,1.01,1.01,,1,1.0,0.0,59882.5
2026-08-30T16:38:03.056Z,66.187931,-148.315312,2701.18,2370.42,2766.68,243.09,227.95,-2.35,0.94,136.5,141.27,132.68,43.88,0.0,0.999,0.999,0.999,,1,1.0,0.0,59883.715
2026-08-30T16:38:03.800Z,66.187739,-148.31633,2701.69,2367.16,2767.19,243.06,227.92,-2.17,0.99,136.04,140.81,132.22,34.27,0.0,0.999,0.999,0.999,,1,1.0,0.0,59884.465
2026-08-30T16:38:04.549Z,66.187544,-148.31736,2701.95,2367.41,2767.59,242.5,227.34,-2.2,0.91,135.86,140.7,132.06,23.11,0.0,0.975,0.975,0.975,,1,1.0,0.0,59885.211
2026-08-30T16:38:05.767Z,66.187224,-148.319014,2702.1,2325.8,2767.99,242.18,227.04,-2.13,1.06,135.88,140.76,132.06,7.91,0.0,0.986,0.986,0.986,,1,1.0,0.0,59886.422
2026-08-30T16:38:06.501Z,66.187027,-148.320026,2702.02,2325.71,2768.08,242.13,227.01,-2.04,1.29,135.91,140.78,132.04,-5.58,0.0,0.988,0.988,0.988,,1,1.0,0.0,59887.176
2026-08-30T16:38:07.656Z,66.186717,-148.321584,2701.43,2325.11,2767.86,241.86,226.72,-2.27,-0.15,136.15,141.06,132.31,-20.5,0.0,0.982,0.996,0.988,0.56,3,1.0,0.0,59888.316
2026-08-30T16:38:08.871Z,66.186386,-148.323234,2701.3,2364.18,2767.55,242.13,227.06,-2.47,-0.08,136.19,141.2,132.43,5.36,0.0,1.025,1.025,1.025,,1,1.0,0.0,59889.52
2026-08-30T16:38:10.165Z,66.186034,-148.324997,2703.28,2366.42,2768.29,242.01,226.85,-2.67,-0.69,136.23,141.05,132.28,95.13,0.0,1.038,1.038,1.038,,1,1.0,0.0,59890.824
2026-08-30T16:38:11.391Z,66.185704,-148.326648,2705.72,2368.84,2771.8,241.99,226.87,-2.56,-0.37,135.96,140.81,132.05,101.07,0.0,0.984,0.984,0.984,,1,1.0,0.0,59892.051
2026-08-30T16:38:12.139Z,66.185498,,2706.86,2373.77,2773.52,241.92,226.78,-2.56,-0.39,135.82,140.65,131.87,98.62,0.0,0.986,0.986,0.986,,1,1.0,0.0,59892.91
2026-08-30T16:38:12.991Z,66.185267,-148.328825,2708.28,2374.9,2775.31,241.76,226.63,-2.5,-0.32,135.68,140.51,131.7,92.19,0.0,0.988,0.988,0.988,,1,1.0,0.0,59893.664
2026-08-30T16:38:14.227Z,66.184933,-148.330476,2709.76,2372.13,2777.43,241.64,226.5,-2.19,0.43,135.59,140.5,131.58,67.14,0.0,0.983,0.983,0.983,,1,1.0,0.0,59894.895
2026-08-30T16:38:14.976Z,66.184726,-148.331501,2710.19,2372.52,2777.94,241.5,226.37,-2.09,0.98,135.46,140.23,131.35,34.44,0.0,0.979,0.979,0.979,,1,1.0,0.0,59895.645
2026-08-30T16:38:15.727Z,66.184519,-148.332502,2710.11,2372.93,2778.49,241.25,226.12,-1.98,0.97,135.27,140.13,131.24,7.92,0.0,1.015,1.015,1.015,,1,1.0,0.0,59896.398
2026-08-30T16:38:16.964Z,66.184178,-148.334141,2709.65,2372.45,2778.04,240.98,225.84,-2.02,0.9,135.25,140.08,131.36,-19.6,0.0,0.984,0.984,0.984,,1,1.0,0.0,59897.629
2026-08-30T16:38:17.716Z,66.183965,-148.335152,2709.5,2372.36,2778.15,240.84,225.71,-2.44,0.9,135.32,140.21,131.36,17.37,0.0,1.051,1.051,1.051,,1,1.0,0.0,59898.391
2026-08-30T16:38:19.104Z,66.183571,-148.337007,2711.79,2336.17,2779.23,240.32,225.16,-2.64,1.09,135.8,140.74,131.93,103.33,0.0,1.007,1.026,1.017,0.443,2,1.0,0.0,59899.781
2026-08-30T16:38:20.337Z,66.183215,-148.338645,2715.22,2386.22,2782.32,239.01,223.86,-2.88,0.97,135.44,140.16,131.45,158.02,0.0,0.999,0.999,0.999,,1,1.0,0.0,59901.008
2026-08-30T16:38:21.093Z,66.182996,-148.33964,2717.67,2388.69,2783.75,239.27,224.18,-2.85,-0.65,135.24,140.06,131.27,183.17,0.0,1.016,1.016,1.016,,1,1.0,0.0,59901.75
2026-08-30T16:38:21.831Z,66.182778,-148.340614,2720.29,2390.19,2785.5,239.67,224.54,-3.16,0.19,135.18,140.08,131.18,210.56,0.0,1.013,1.013,1.013,,1,1.0,0.0,59902.492
2026-08-30T16:38:23.046Z,66.182419,-148.342218,2725.63,2395.54,2790.55,239.38,224.22,-2.96,-0.18,135.5,140.42,131.54,251.8,0.0,1.03,1.03,1.03,,1,1.0,0.0,59903.711
2026-08-30T16:38:23.792Z,66.1822,-148.343193,2728.74,2399.1,2793.21,238.84,223.72,-2.74,0.0,135.49,140.37,131.38,235.67,0.0,0.976,0.976,0.976,,1,1.0,0.0,59904.453
2026-08-30T16:38:24.543Z,66.181977,-148.344172,2731.32,2401.67,2795.76,239.02,223.88,-2.75,0.42,135.38,140.21,131.23,214.87,0.0,0.982,0.982,0.982,,1,1.0,0.0,59905.207
2026-08-30T16:38:25.775Z,66.18161,-148.345783,2735.46,2408.96,2799.54,238.92,223.79,-3.46,0.15,134.99,139.83,130.91,234.43,0.0,1.037,1.037,1.037,,1,1.0,0.0,59906.438
2026-08-30T16:38:26.527Z,66.181385,-148.346755,2739.22,2412.77,2801.81,238.72,223.59,-3.64,0.01,134.69,139.49,130.62,290.18,0.0,1.056,1.056,1.056,,1,1.0,0.0,59907.188
2026-08-30T16:38:27.665Z,66.18104,-148.348244,2746.33,2419.93,2807.22,238.56,223.43,-3.91,-0.04,134.37,139.19,130.1,368.9,0.0,1.032,1.036,1.034,0.119,3,1.0,0.0,59908.328
2026-08-30T16:38:28.879Z,66.180677,-148.349805,2754.54,2425.02,2815.09,238.32,223.18,-2.95,0.15,133.92,138.78,129.7,345.84,0.0,0.934,0.934,0.934,,1,1.0,0.0,59909.543
2026-08-30T16:38:30.185Z,66.180284,-148.351477,2760.71,2434.92,2822.0,238.44,223.33,-3.29,-1.17,133.69,138.56,129.32,308.47,0.0,1.02,1.02,1.02,,1,1.0,0.0,59910.836
2026-08-30T16:38:31.400Z,66.179921,-148.353027,2766.02,2440.18,2827.87,238.35,223.24,-2.9,-0.1,133.48,138.4,129.09,250.65,0.0,0.964,0.964,0.964,,1,1.0,0.0,59912.062
2026-08-30T16:38:32.152Z,66.179692,-148.353997,2768.52,2450.48,2830.98,238.26,223.14,-2.61,-0.77,133.39,138.27,129.01,206.47,0.0,0.968,0.968,0.968,,1,1.0,0.0,59912.812
2026-08-30T16:38:32.899Z,66.17947,-148.354941,2770.36,2452.31,2833.51,238.14,223.03,-2.29,-0.74,133.37,138.34,129.02,163.41,0.0,0.973,0.973,0.973,,1,1.0,0.0,59913.559
2026-08-30T16:38:34.109Z,66.179103,-148.35649,2771.19,2441.9,2836.2,238.09,222.97,-1.09,0.19,133.55,138.52,129.29,-0.82,0.0,0.893,0.893,0.893,,1,1.0,0.0,59914.785
2026-08-30T16:38:34.875Z,66.17887,-148.357467,2769.26,2439.95,2836.13,238.05,222.93,-1.92,0.16,133.67,138.65,129.56,-76.69,0.0,0.942,0.942,0.942,,1,1.0,0.0,59915.543
2026-08-30T16:38:35.631Z,66.178642,-148.358426,2768.04,2438.8,2834.58,237.9,222.77,-2.15,-0.26,134.15,139.36,129.7,-57.37,0.0,1.064,1.064,1.064,,1,1.0,0.0,59916.293
2026-08-30T16:38:36.855Z,66.178266,-148.360005,2768.14,2443.4,2828.17,237.83,222.72,-2.84,-0.9,134.72,139.65,129.64,20.36,0.0,1.045,1.045,1.045,,1,1.0,0.0,59917.527
2026-08-30T16:38:37.606Z,66.178034,-148.360956,2769.38,2444.69,2826.83,237.96,222.84,-2.9,-1.21,134.57,139.49,129.46,77.93,0.0,1.05,1.05,1.05,,1,1.0,0.0,59918.266
2026-08-30T16:38:38.985Z,66.177616,-148.362698,2773.22,2452.03,2828.07,237.86,222.75,-3.09,-1.01,134.28,139.19,129.16,167.56,0.0,1.029,1.039,1.034,0.37,2,1.0,0.0,59919.637
2026-08-30T16:38:40.176Z,66.177251,-148.364225,2777.05,2464.34,2831.21,237.83,222.71,-2.95,-0.41,133.98,138.89,128.95,169.28,0.0,0.978,0.978,0.978,,1,1.0,0.0,59920.824
2026-08-30T16:38:40.911Z,66.177029,-148.365148,2779.0,2466.3,2833.21,237.82,222.71,-3.11,-0.09,134.07,139.03,129.07,172.15,0.0,1.004,1.004,1.004,,1,1.0,0.0,59921.555
2026-08-30T16:38:41.636Z,66.176807,-148.366073,2781.22,2468.52,2835.14,237.74,222.62,-3.09,0.2,133.97,138.89,128.93,178.83,0.0,1.007,1.007,1.007,,1,1.0,0.0,59922.289
2026-08-30T16:38:42.832Z,66.176442,-148.367587,2785.06,2471.09,2838.36,237.52,222.4,-3.22,0.73,133.75,138.67,128.67,195.96,0.0,1.01,1.01,1.01,,1,1.0,0.0,59923.484
2026-08-30T16:38:43.564Z,66.176215,-148.36852,2787.67,2473.7,2840.39,237.38,222.27,-3.13,-0.08,133.61,138.53,128.5,202.48,0.0,1.007,1.007,1.007,,1,1.0,0.0,59924.219
2026-08-30T16:38:44.503Z,66.175929,-148.369693,2790.81,2476.98,2843.04,237.21,222.1,-3.07,-0.54,133.56,138.52,128.43,197.06,0.0,0.995,0.997,0.996,0.044,2,1.0,0.0,59925.156
2026-08-30T16:38:45.703Z,66.175558,-148.371199,2794.57,2480.78,2847.32,237.19,222.08,-3.52,0.03,133.35,138.3,128.16,212.2,0.0,1.026,1.026,1.026,,1,1.0,0.0,59926.34
2026-08-30T16:38:46.630Z,66.175271,-148.372362,2798.31,2485.21,2849.52,236.91,221.78,-3.03,0.12,133.09,138.0,127.98,208.79,0.0,0.978,1.008,0.993,0.571,2,1.0,0.0,59927.281
2026-08-30T16:38:47.826Z,66.174903,-148.373848,2802.32,2489.14,2853.89,236.84,221.72,-3.01,-0.26,132.88,137.85,127.76,213.78,0.0,1.024,1.024,1.024,,1,1.0,0.0,59928.477
2026-08-30T16:38:49.104Z,66.174506,-148.375442,2806.41,2493.19,2858.38,237.23,222.14,-3.02,-0.68,133.03,137.86,127.77,182.77,0.0,0.957,0.957,0.957,,1,1.0,0.0,59929.758
2026-08-30T16:38:50.304Z,66.174131,-148.376942,2809.3,2495.58,2863.1,237.13,221.96,-2.9,-1.66,132.35,137.29,127.24,134.63,0.0,0.936,0.936,0.936,,1,1.0,0.0,59930.961
2026-08-30T16:38:51.046Z,66.173903,-148.377856,2810.73,2497.05,2865.75,236.54,221.42,-3.02,-1.09,132.43,137.2,126.93,144.03,0.0,1.027,1.027,1.027,,1,1.0,0.0,59931.699
2026-08-30T16:38:51.785Z,66.173675,-148.378767,2812.65,2498.96,2867.55,236.52,221.4,-2.94,-0.61,131.39,136.1,125.63,146.19,0.0,0.976,0.976,0.976,,1,1.0,0.0,59932.43
2026-08-30T16:38:52.977Z,66.173311,-148.380224,2815.43,2502.48,2870.84,236.78,221.69,-2.6,-0.35,130.47,135.42,125.18,118.59,0.0,0.956,0.956,0.956,,1,1.0,0.0,59933.625
2026-08-30T16:38:53.706Z,66.173087,-148.38112,2816.12,2503.1,2872.24,236.64,221.5,-2.3,-0.44,130.77,135.8,125.57,59.4,0.0,0.957,0.957,0.957,,1,1.0,0.0,59934.355
2026-08-30T16:38:54.631Z,66.172803,-148.382248,2815.59,2503.06,2872.83,236.39,221.29,-2.18,-1.66,130.98,135.96,125.79,-18.25,0.0,0.95,0.959,0.955,0.247,2,1.0,0.0,59935.281
2026-08-30T16:38:55.827Z,66.172436,-148.383707,2814.32,2499.31,2872.65,236.78,221.68,-2.06,-2.09,131.28,136.26,126.13,-42.13,0.0,1.017,1.017,1.017,,1,1.0,0.0,59936.492
2026-08-30T16:38:56.574Z,66.172206,-148.384623,2813.59,2498.55,2871.89,236.91,221.8,-1.92,-1.58,131.46,136.48,126.37,-58.82,0.0,0.982,0.982,0.982,,1,1.0,0.0,59937.223
2026-08-30T16:38:57.499Z,66.171923,-148.385757,2812.35,2497.31,2871.08,236.9,221.78,-1.86,-1.16,131.85,137.0,126.85,-73.84,0.0,0.99,0.993,0.992,0.088,2,1.0,0.0,59938.156
2026-08-30T16:38:58.706Z,66.171549,-148.387258,2810.79,2492.98,2869.65,236.88,221.77,-2.05,-0.81,132.64,137.87,127.77,-63.58,0.0,1.013,1.013,1.013,,1,1.0,0.0,59939.367
2026-08-30T16:38:59.999Z,66.17115,-148.388861,2810.47,2487.6,2868.63,236.87,221.78,-2.65,-2.31,133.59,138.73,128.62,9.87,0.0,1.047,1.047,1.047,,1,1.0,0.0,59940.652
2026-08-30T16:39:01.207Z,66.170772,-148.390379,2812.73,2489.93,2869.19,237.11,222.01,-2.84,-1.93,134.77,140.34,130.18,106.39,0.0,1.038,1.038,1.038,,1,1.0,0.0,59941.859
2026-08-30T16:39:01.946Z,66.170539,-148.39132,2814.64,2450.99,2870.53,236.47,221.33,-1.93,-1.18,136.26,141.7,131.48,102.06,0.0,1.008,1.008,1.008,,1,1.0,0.0,59942.602
2026-08-30T16:39:02.686Z,66.170303,-148.392271,2815.14,2451.41,2871.84,236.23,221.17,-2.09,-1.52,136.86,142.1,132.15,45.07,0.0,0.935,0.935,0.935,,1,1.0,0.0,59943.348
2026-08-30T16:39:03.902Z,66.169913,-148.393826,2817.08,2461.37,2872.85,237.24,222.15,-3.6,-2.65,137.5,142.85,132.72,184.33,0.0,1.151,1.151,1.151,,1,1.0,0.0,59944.555
2026-08-30T16:39:04.635Z,66.169675,-148.394791,2821.59,2465.99,2875.39,237.24,222.15,-4.19,-2.66,137.72,143.03,132.82,327.07,0.0,1.113,1.113,1.113,,1,1.0,0.0,59945.297
2026-08-30T16:39:05.577Z,66.169377,-148.396001,2829.94,2474.47,2880.59,237.45,222.36,-4.43,-2.33,137.87,143.12,132.77,495.81,0.0,1.091,1.106,1.098,0.456,2,1.0,0.0,59946.227
2026-08-30T16:39:06.762Z,66.168999,-148.397553,2842.68,2527.57,2890.53,237.6,222.54,-4.96,-1.92,137.82,143.06,132.76,616.12,0.0,1.008,1.008,1.008,,1,1.0,0.0,59947.418
2026-08-30T16:39:07.500Z,66.168767,-148.398511,2851.53,2536.51,2897.51,237.95,222.85,-5.51,-3.02,137.7,142.97,132.45,716.14,0.0,1.078,1.078,1.078,,1,1.0,0.0,59948.145
2026-08-30T16:39:08.841Z,66.168347,-148.400265,2869.74,2556.76,2914.22,237.84,222.75,-3.79,-1.73,137.57,142.94,132.38,729.0,0.0,0.921,1.034,0.979,1.547,2,1.0,0.0,59949.496
2026-08-30T16:39:10.051Z,66.167975,-148.401829,2879.64,2566.54,2927.82,237.95,222.87,-3.02,-1.6,137.67,143.07,132.77,453.66,0.0,0.81,0.81,0.81,,1,1.0,0.0,59950.703
2026-08-30T16:39:10.787Z,66.167744,-148.4028,2883.09,2570.01,2933.48,238.18,223.08,-3.64,-1.5,137.85,143.28,132.97,382.82,0.0,0.985,0.985,0.985,,1,1.0,0.0,59951.438
2026-08-30T16:39:11.518Z,66.167515,-148.403761,2887.44,2574.42,2938.23,238.18,223.08,-3.77,-1.27,138.02,143.46,133.07,395.99,0.0,1.054,1.054,1.054,,1,1.0,0.0,59952.172
2026-08-30T16:39:12.718Z,66.167142,-148.405339,2895.53,2582.76,2946.17,238.04,222.94,-2.23,-0.28,138.35,143.85,133.42,342.78,0.0,0.932,0.932,0.932,,1,1.0,0.0,59953.363
2026-08-30T16:39:13.651Z,66.16685,-148.406568,2898.08,2585.15,2951.13,237.96,222.86,-1.37,0.49,138.82,144.41,134.0,156.53,0.0,0.852,0.856,0.854,0.152,2,1.0,0.0,59954.316
2026-08-30T16:39:14.873Z,66.166467,-148.408177,2896.06,2582.3,2953.09,237.71,222.61,-1.44,-0.06,139.66,145.31,134.98,-65.62,0.0,0.913,0.913,0.913,,1,1.0,0.0,59955.531
2026-08-30T16:39:15.613Z,66.166228,-148.409163,2894.16,2580.44,2952.29,237.58,222.49,-1.68,-0.41,140.22,145.86,135.53,-91.7,0.0,1.024,1.024,1.024,,1,1.0,0.0,59956.27
2026-08-30T16:39:16.547Z,66.165928,-148.410398,2893.07,2580.4,2950.96,237.56,222.44,-2.04,-0.2,140.19,145.48,135.09,-37.26,0.0,1.048,1.049,1.048,0.243,2,1.0,0.0,59957.203
2026-08-30T16:39:17.750Z,66.165539,-148.411999,2894.29,2581.67,2950.65,237.39,222.31,-2.42,0.23,139.57,145.24,134.59,50.5,0.0,0.981,0.981,0.981,,1,1.0,0.0,59958.414
2026-08-30T16:39:18.500Z,66.165298,-148.412977,2895.57,2582.99,2951.3,237.46,222.35,-2.22,0.49,139.89,145.47,134.78,73.23,0.0,1.01,1.01,1.01,,1,1.0,0.0,59959.156
2026-08-30T16:39:19.794Z,66.164877,-148.414679,2896.34,2583.65,2952.63,237.89,222.83,-1.64,-1.91,140.47,146.17,135.69,-2.09,0.0,0.93,0.93,0.93,,1,1.0,0.0,59960.457
2026-08-30T16:39:21.015Z,66.164479,-148.416297,2895.87,2571.85,2952.57,237.2,222.08,-2.72,-0.73,141.14,146.79,136.33,46.69,0.0,1.089,1.089,1.089,,1,1.0,0.0,59961.664
2026-08-30T16:39:21.749Z,66.164238,-148.417278,2897.77,2573.8,2953.2,237.22,222.12,-1.92,-0.12,141.5,147.2,136.57,106.6,0.0,1.074,1.074,1.074,,1,1.0,0.0,59962.41
2026-08-30T16:39:22.493Z,66.163992,-148.418275,2898.98,2580.43,2954.43,237.22,222.13,-1.79,-0.4,141.72,147.39,136.88,50.37,0.0,0.885,0.885,0.885,,1,1.0,0.0,59963.148
2026-08-30T16:39:23.693Z,66.163594,-148.419881,2899.4,2580.86,2955.47,237.42,222.29,-1.15,-0.03,142.31,148.03,137.46,12.77,0.0,0.986,0.986,0.986,,1,1.0,0.0,59964.359
2026-08-30T16:39:24.637Z,66.163281,-148.421147,2898.21,2576.31,2955.49,237.08,221.99,-2.02,0.1,142.72,148.46,137.98,-29.97,0.0,0.937,0.98,0.959,0.812,2,1.0,0.0,59965.297
2026-08-30T16:39:25.854Z,66.162874,-148.422781,2898.67,2573.66,2955.2,237.09,221.99,-2.33,0.2,143.45,149.21,138.65,42.52,0.0,1.062,1.062,1.062,,1,1.0,0.0,59966.508
2026-08-30T16:39:26.586Z,66.162624,-148.423772,2900.08,2575.12,2955.77,236.9,221.79,-2.66,0.38,143.66,149.37,138.81,106.41,0.0,1.057,1.057,1.057,,1,1.0,0.0,59967.246
2026-08-30T16:39:27.525Z,66.162308,-148.425026,2903.36,2578.46,2957.63,236.76,221.66,-2.92,0.97,143.64,149.26,138.73,198.75,0.0,1.052,1.057,1.055,0.054,2,1.0,0.0,59968.156
2026-08-30T16:39:28.732Z,66.161896,-148.426645,2909.72,2581.3,2962.26,236.42,221.32,-3.29,-0.1,143.5,149.1,138.61,305.01,0.0,1.038,1.038,1.038,,1,1.0,0.0,59969.41
2026-08-30T16:39:30.037Z,66.161447,-148.428395,2918.76,2593.84,2969.36,236.34,221.25,-3.71,0.39,143.38,149.06,138.4,424.94,0.0,1.055,1.055,1.055,,1,1.0,0.0,59970.684
2026-08-30T16:39:31.231Z,66.161036,-148.429988,2928.19,2603.21,2978.03,236.01,220.92,-3.15,-0.96,143.26,148.95,138.29,422.05,0.0,0.933,0.933,0.933,,1,1.0,0.0,59971.887
2026-08-30T16:39:31.968Z,66.16078,-148.430973,2932.94,2598.87,2983.18,236.07,221.0,-3.61,-0.95,143.17,148.88,138.23,415.8,0.0,0.989,0.989,0.989,,1,1.0,0.0,59972.625
2026-08-30T16:39:32.705Z,66.160525,-148.431956,2938.38,2604.34,2987.77,236.2,221.12,-3.85,-0.66,143.08,148.7,138.09,454.72,0.0,1.048,1.048,1.048,,1,1.0,0.0,59973.355
2026-08-30T16:39:33.896Z,66.160113,-148.433537,2948.7,2621.84,2995.51,235.9,220.8,-2.12,1.08,143.06,148.82,138.05,450.83,0.0,0.957,0.957,0.957,,1,1.0,0.0,59974.566
2026-08-30T16:39:34.649Z,66.159852,-148.434537,2952.42,2625.38,3000.51,235.76,220.68,-1.58,2.1,143.29,149.16,138.3,292.49,0.0,0.815,0.815,0.815,,1,1.0,0.0,59975.305
2026-08-30T16:39:35.586Z,66.159526,-148.435786,2953.45,2626.3,3004.57,235.61,220.51,-0.61,3.01,143.75,149.67,138.78,88.86,0.0,0.889,0.891,0.89,0.208,2,1.0,0.0,59976.254
2026-08-30T16:39:36.815Z,66.159088,-148.437398,2950.02,2623.08,3005.26,234.9,219.8,-1.19,-0.27,144.26,150.21,139.56,-118.09,0.0,0.948,0.948,0.948,,1,1.0,0.0,59977.477
2026-08-30T16:39:37.566Z,66.158818,-148.438387,2947.83,2620.95,3003.98,234.88,219.81,-1.28,-0.06,144.75,150.69,139.98,-127.68,0.0,1.041,1.041,1.041,,1,1.0,0.0,59978.219
2026-08-30T16:39:38.912Z,66.158324,-148.44019,2945.52,2613.96,3001.65,234.83,219.74,-1.59,0.11,145.42,151.33,140.62,-84.63,0.0,1.027,1.031,1.029,0.248,2,1.0,0.0,59979.566
2026-08-30T16:39:40.114Z,66.157889,-148.441772,2945.19,2616.86,3000.33,234.65,219.57,-1.84,0.32,145.81,151.75,141.03,-12.13,0.0,1.035,1.035,1.035,,1,1.0,0.0,59980.777
2026-08-30T16:39:40.855Z,66.157612,-148.442769,2945.81,2617.51,3000.18,234.55,219.47,-2.05,0.46,146.02,151.95,141.21,37.74,0.0,1.035,1.035,1.035,,1,1.0,0.0,59981.516
2026-08-30T16:39:41.599Z,66.15734,-148.44376,2947.13,2618.87,3000.34,234.41,219.32,-2.19,0.5,146.12,152.02,141.33,90.27,0.0,1.039,1.039,1.039,,1,1.0,0.0,59982.254
2026-08-30T16:39:42.805Z,66.156891,-148.445348,2950.33,2621.62,3002.7,234.13,219.04,-2.24,-1.15,146.32,152.28,141.45,147.02,0.0,1.011,1.011,1.011,,1,1.0,0.0,59983.457
2026-08-30T16:39:43.541Z,66.156612,-148.44634,2952.55,2623.83,3003.89,234.15,219.07,-2.33,-2.45,146.48,152.43,141.5,167.49,0.0,1.009,1.009,1.009,,1,1.0,0.0,59984.191
2026-08-30T16:39:44.666Z,66.156195,-148.447833,2956.07,2633.67,3007.56,234.41,219.35,-2.62,-2.95,146.61,152.58,141.56,190.03,0.0,0.996,1.003,1.0,0.504,3,1.0,0.0,59985.32
2026-08-30T16:39:45.866Z,66.15575,-148.449432,2961.08,2635.01,3011.56,234.78,219.7,-2.54,-0.88,146.67,152.56,141.47,250.26,0.0,1.037,1.037,1.037,,1,1.0,0.0,59986.527
2026-08-30T16:39:46.614Z,66.155477,-148.450421,2964.34,2638.22,3013.48,234.69,219.6,-2.26,1.34,146.59,152.51,141.49,240.79,0.0,0.969,0.969,0.969,,1,1.0,0.0,59987.262
2026-08-30T16:39:47.533Z,66.155134,-148.451658,2967.67,2641.53,3019.14,234.42,219.32,-2.2,2.45,146.54,152.46,141.57,221.67,0.0,0.98,0.986,0.983,0.103,2,1.0,0.0,59988.18
2026-08-30T16:39:48.719Z,66.15469,-148.453235,2971.78,2634.08,3024.7,233.82,218.72,-1.51,3.02,146.66,152.74,141.7,191.95,0.0,1.005,1.005,1.005,,1,1.0,0.0,59989.355
2026-08-30T16:39:49.997Z,66.154207,-148.454916,2973.85,2639.27,3028.55,233.3,218.21,-2.12,3.08,146.87,152.83,141.96,127.17,0.0,1.016,1.016,1.016,,1,1.0,0.0,59990.648
2026-08-30T16:39:51.184Z,66.153747,-148.456479,2977.15,2642.63,3031.38,232.73,217.62,-2.5,3.07,146.88,152.89,142.01,185.96,0.0,1.05,1.05,1.05,,1,1.0,0.0,59991.832
2026-08-30T16:39:51.914Z,66.153462,-148.457429,2980.19,2642.77,3033.69,232.38,217.28,-2.39,3.35,146.85,152.88,142.0,228.02,0.0,1.041,1.041,1.041,,1,1.0,0.0,59992.559
2026-08-30T16:39:52.638Z,66.153174,-148.458375,2983.33,2645.89,3036.44,231.98,216.87,-2.29,2.79,146.63,152.65,142.0,236.6,0.0,0.989,0.989,0.989,,1,1.0,0.0,59993.297
2026-08-30T16:39:53.830Z,66.152699,-148.45991,2988.14,2650.7,3041.17,231.61,216.54,-2.69,-0.15,146.75,152.74,141.92,250.14,0.0,1.002,1.002,1.002,,1,1.0,0.0,59994.473
2026-08-30T16:39:54.550Z,66.152405,-148.460854,2991.73,2656.77,3044.27,231.64,216.54,-2.81,0.61,146.51,152.48,141.63,291.34,0.0,1.028,1.028,1.028,,1,1.0,0.0,59995.199
2026-08-30T16:39:55.676Z,66.151962,-148.462268,2997.97,2663.02,3049.81,231.24,216.15,-2.38,1.89,146.49,152.56,141.55,311.48,0.0,0.998,1.007,1.003,0.628,3,1.0,0.0,59996.32
2026-08-30T16:39:56.858Z,66.15148,-148.463778,3002.98,2673.88,3055.63,231.01,215.91,-2.51,2.47,146.71,152.89,141.82,253.42,0.0,0.952,0.952,0.952,,1,1.0,0.0,59997.5
2026-08-30T16:39:57.579Z,66.151185,-148.464694,3005.95,2676.89,3058.71,230.53,215.43,-2.38,2.54,146.81,152.85,141.82,259.56,0.0,1.033,1.033,1.033,,1,1.0,0.0,59998.227
2026-08-30T16:39:58.929Z,66.15063,-148.466385,3010.94,2640.64,3064.3,229.26,214.15,-1.23,4.85,146.73,152.79,141.84,171.52,0.0,0.923,0.986,0.955,1.164,2,1.0,0.0,59999.57
2026-08-30T16:40:00.116Z,66.150133,-148.467853,3011.02,2680.6,3066.89,228.88,213.78,-1.43,4.55,147.04,153.23,142.09,30.89,0.0,0.956,0.956,0.956,,1,1.0,0.0,60000.746
2026-08-30T16:40:00.823Z,66.149825,-148.468743,3010.94,2680.58,3067.29,228.4,213.31,-1.59,2.8,147.21,153.42,142.3,35.11,0.0,1.049,1.049,1.049,,1,1.0,0.0,60001.465
2026-08-30T16:40:01.542Z,66.149513,-148.469628,3011.85,2681.55,3067.77,228.15,213.08,-2.12,0.83,147.57,153.76,142.43,96.09,0.0,1.07,1.07,1.07,,1,1.0,0.0,60002.184
2026-08-30T16:40:02.716Z,66.149003,-148.471052,3016.18,2691.1,3070.2,228.03,212.95,-2.94,0.3,147.26,153.16,142.37,213.39,0.0,1.022,1.022,1.022,,1,1.0,0.0,60003.344
2026-08-30T16:40:03.614Z,66.14861,-148.472145,3021.47,2696.49,3074.32,227.54,212.46,-2.63,0.94,147.16,153.4,142.3,334.21,0.0,1.102,1.109,1.105,1.213,2,1.0,0.0,60004.238
2026-08-30T16:40:04.768Z,66.148102,-148.473543,3029.78,2704.28,3081.38,227.14,212.04,-2.6,-0.71,146.46,152.73,142.2,389.67,0.0,0.991,0.991,0.991,,1,1.0,0.0,60005.402
2026-08-30T16:40:05.669Z,66.147705,-148.474629,3035.77,2710.28,3086.95,227.0,211.93,-2.98,-0.23,146.87,153.21,142.03,409.0,0.0,0.993,1.01,1.001,0.159,2,1.0,0.0,60006.297
2026-08-30T16:40:06.821Z,66.147194,-148.476017,3044.91,2720.28,3094.74,227.39,212.34,-3.62,-1.23,146.72,152.87,141.81,470.72,0.0,1.027,1.027,1.027,,1,1.0,0.0,60007.449
2026-08-30T16:40:07.530Z,66.146883,-148.476862,3051.07,2726.49,3100.23,227.33,212.25,-4.17,-1.07,146.63,152.68,141.43,526.48,0.0,1.041,1.041,1.041,,1,1.0,0.0,60008.156
2026-08-30T16:40:08.822Z,66.146312,-148.478411,3064.36,2733.71,3111.39,227.12,212.04,-4.05,0.45,145.96,152.02,140.84,590.48,0.0,0.989,1.043,1.016,0.553,2,1.0,0.0,60009.461
2026-08-30T16:40:09.987Z,66.145801,-148.479791,3076.32,2749.1,3124.01,227.0,211.93,-4.33,-0.84,145.32,151.66,140.42,617.28,0.0,0.993,0.993,0.993,,1,1.0,0.0,60010.621
2026-08-30T16:40:10.703Z,66.145488,-148.480625,3084.07,2756.88,3131.39,227.3,212.24,-4.12,-0.05,144.71,150.42,139.85,667.77,0.0,1.037,1.037,1.037,,1,1.0,0.0,60011.332
2026-08-30T16:40:11.602Z,66.145093,-148.481683,3095.17,2768.02,3142.14,227.12,212.04,-3.75,-0.12,143.85,150.08,138.78,703.63,0.0,0.949,0.981,0.966,0.18,2,1.0,0.0,60012.227
2026-08-30T16:40:12.762Z,66.144586,-148.483034,3108.34,2785.29,3154.81,226.73,211.67,-3.85,0.63,143.21,149.43,138.46,670.96,0.0,0.962,0.962,0.962,,1,1.0,0.0,60013.383
2026-08-30T16:40:13.652Z,66.144197,-148.484067,3118.0,2794.94,3164.57,226.96,211.88,-3.72,1.54,143.84,149.95,138.14,654.26,0.0,0.989,0.994,0.991,0.056,2,1.0,0.0,60014.281
2026-08-30T16:40:14.814Z,66.14369,-148.485403,3129.34,2802.34,3176.76,226.44,211.34,-3.9,0.43,142.66,148.81,137.66,582.96,0.0,0.968,0.968,0.968,,1,1.0,0.0,60015.438
2026-08-30T16:40:15.517Z,66.14338,-148.486215,3135.88,2808.93,3183.63,226.29,211.24,-3.22,1.79,142.28,148.33,137.52,581.5,0.0,1.019,1.019,1.019,,1,1.0,0.0,60016.156
2026-08-30T16:40:16.618Z,66.142899,-148.487465,3142.97,2815.64,3193.3,225.95,210.85,-1.45,0.11,143.11,149.68,137.91,301.18,0.0,0.716,0.811,0.752,3.056,3,1.0,0.0,60017.258
2026-08-30T16:40:17.793Z,66.142379,-148.488804,3143.95,2816.63,3198.23,226.25,211.2,-2.28,-1.65,142.88,149.41,138.52,152.14,0.0,1.018,1.018,1.018,,1,1.0,0.0,60018.434
2026-08-30T16:40:19.043Z,66.141827,-148.490237,3147.77,2833.07,3201.72,226.15,211.08,-0.93,-1.92,143.78,150.11,138.87,135.37,0.0,0.953,0.953,0.953,,1,1.0,0.0,60019.684
2026-08-30T16:40:20.214Z,66.141309,-148.491585,3146.2,2821.05,3203.33,226.41,211.35,-0.82,-1.17,144.23,150.65,139.54,-82.07,0.0,0.874,0.874,0.874,,1,1.0,0.0,60020.852
2026-08-30T16:40:20.935Z,66.140988,-148.492423,3143.67,2818.55,3202.31,226.43,211.36,-0.61,-0.12,144.7,151.13,140.03,-151.71,0.0,0.981,0.981,0.981,,1,1.0,0.0,60021.574
2026-08-30T16:40:21.652Z,66.140669,-148.493256,3140.97,2815.83,3200.47,226.38,211.31,-0.28,1.13,145.3,151.72,140.55,-195.18,0.0,0.987,0.987,0.987,,1,1.0,0.0,60022.301
2026-08-30T16:40:22.839Z,66.140138,-148.494631,3135.93,2811.82,3196.39,226.41,211.34,-0.55,1.21,145.77,152.29,141.21,-243.07,0.0,0.981,0.981,0.981,,1,1.0,0.0,60023.473
2026-08-30T16:40:23.570Z,66.139807,-148.495479,3132.84,2808.73,3193.43,226.12,211.04,-0.51,0.99,146.54,153.27,142.09,-247.16,0.0,1.018,1.018,1.018,,1,1.0,0.0,60024.199
2026-08-30T16:40:24.469Z,66.139394,-148.496535,3128.62,2807.85,3189.61,225.89,210.82,-0.13,0.04,147.87,154.66,143.5,-296.03,0.0,0.996,1.006,1.001,0.156,2,1.0,0.0,60025.109
2026-08-30T16:40:25.651Z,66.138845,-148.497923,3122.15,2801.44,3183.64,225.85,210.78,-0.7,-1.36,148.93,155.34,144.37,-286.24,0.0,1.11,1.11,1.11,,1,1.0,0.0,60026.289
2026-08-30T16:40:26.560Z,66.138423,-148.498994,3118.91,2794.6,3179.55,225.88,210.82,-1.48,-1.69,149.57,156.23,145.57,-202.15,0.0,1.069,1.083,1.076,0.333,2,1.0,0.0,60027.188
2026-08-30T16:40:27.715Z,66.137878,-148.500381,3118.52,2794.39,3176.49,226.06,210.97,-1.91,-0.25,149.87,156.33,145.56,-2.66,0.0,1.122,1.122,1.122,,1,1.0,0.0,60028.352
2026-08-30T16:40:29.044Z,66.137258,-148.501958,3121.89,2795.15,3177.32,225.71,210.65,-1.28,0.82,150.13,156.63,145.64,98.41,0.0,0.99,1.045,1.018,0.605,2,1.0,0.0,60029.68
2026-08-30T16:40:30.259Z,66.136687,-148.503409,3123.48,2809.92,3179.03,226.07,210.97,-0.89,0.61,150.27,156.81,145.96,49.18,0.0,0.973,0.973,0.973,,1,1.0,0.0,60030.941
2026-08-30T16:40:31.020Z,66.136321,-148.504322,3122.96,2809.28,3179.35,225.18,210.11,0.08,0.54,150.64,157.3,146.39,-61.13,0.0,0.917,0.917,0.917,,1,1.0,0.0,60031.66
2026-08-30T16:40:31.736Z,66.135982,-148.505172,3119.86,2806.04,3178.67,225.22,210.17,0.65,0.67,151.01,157.59,146.71,-225.52,0.0,0.862,0.862,0.862,,1,1.0,0.0,60032.379
2026-08-30T16:40:32.916Z,66.13542,-148.506571,3110.51,2786.51,3173.32,224.94,209.87,0.62,0.28,151.32,157.84,146.99,-438.32,0.0,0.939,0.939,0.939,,1,1.0,0.0,60033.551
2026-08-30T16:40:33.634Z,66.135067,-148.507431,3103.78,2779.78,3168.01,224.74,209.68,0.97,0.36,151.73,158.4,147.43,-508.59,0.0,0.999,0.999,0.999,,1,1.0,0.0,60034.285
2026-08-30T16:40:34.553Z,66.134625,-148.508514,3094.54,2769.09,3160.04,224.74,209.69,0.35,0.33,152.41,159.05,148.12,-559.96,0.0,0.955,0.98,0.968,1.028,2,1.0,0.0,60035.195
2026-08-30T16:40:35.738Z,66.134049,-148.509918,3085.05,2759.73,3150.7,224.49,209.43,-0.19,0.2,153.05,159.65,148.74,-445.06,0.0,1.097,1.097,1.097,,1,1.0,0.0,60036.371
2026-08-30T16:40:36.642Z,66.133604,-148.510994,3080.21,2764.92,3145.09,224.43,209.37,-0.77,0.32,153.32,159.88,149.03,-332.0,0.0,1.065,1.07,1.068,0.265,2,1.0,0.0,60037.277
2026-08-30T16:40:37.798Z,66.133031,-148.512375,3077.24,2757.17,3139.69,224.21,209.15,-1.61,0.4,153.46,159.96,149.11,-145.15,0.0,1.095,1.095,1.095,,1,1.0,0.0,60038.418
2026-08-30T16:40:39.020Z,66.132429,-148.513813,3078.62,2758.67,3138.25,224.04,208.98,-2.01,0.73,153.33,159.8,148.9,55.27,0.0,1.082,1.082,1.082,,1,1.0,0.0,60039.629
2026-08-30T16:40:40.148Z,66.131866,-148.515148,3082.21,2759.2,3139.41,223.81,208.75,-1.81,1.52,153.03,159.52,148.68,147.89,0.0,1.005,1.005,1.005,,1,1.0,0.0,60040.773
2026-08-30T16:40:40.853Z,66.131516,-148.515972,3084.5,2761.54,3141.69,223.64,208.57,-2.32,1.18,152.88,159.34,148.51,191.3,0.0,1.02,1.02,1.02,,1,1.0,0.0,60041.492
2026-08-30T16:40:41.572Z,66.131156,-148.516812,3087.74,2764.8,3142.89,223.34,208.27,-2.16,1.05,152.82,159.33,148.28,249.07,0.0,1.065,1.065,1.065,,1,1.0,0.0,60042.18
2026-08-30T16:40:42.711Z,66.130589,-148.518125,3092.03,2769.28,3146.87,222.97,207.92,-0.45,-0.81,152.79,159.37,148.17,138.9,0.0,0.862,0.862,0.862,,1,1.0,0.0,60043.328
2026-08-30T16:40:43.598Z,66.130144,-148.519151,3090.72,2767.8,3148.33,223.22,208.18,-0.56,-1.56,152.93,159.35,148.38,-46.01,0.0,0.835,0.852,0.844,1.013,2,1.0,0.0,60044.203
2026-08-30T16:40:44.731Z,66.12957,-148.520475,3087.82,2760.19,3147.2,223.18,208.11,-0.76,-0.77,152.93,159.45,148.59,-107.89,0.0,1.004,1.004,1.004,,1,1.0,0.0,60045.363
2026-08-30T16:40:45.633Z,66.129124,-148.521507,3085.91,2758.3,3146.16,223.1,208.05,-0.96,0.23,152.99,159.52,148.72,-101.55,0.0,1.014,1.028,1.021,0.005,2,1.0,0.0,60046.254
2026-08-30T16:40:46.772Z,66.12855,-148.522837,3084.14,2758.92,3144.86,222.9,207.83,-0.76,-0.64,153.13,159.64,148.88,-110.51,0.0,0.964,0.964,0.964,,1,1.0,0.0,60047.402
2026-08-30T16:40:47.478Z,66.12819,-148.523652,3082.78,2757.59,3142.95,222.82,207.78,-0.87,-0.92,153.28,159.82,149.0,-96.64,0.0,1.019,1.019,1.019,,1,1.0,0.0,60048.109
2026-08-30T16:40:48.790Z,66.127526,-148.52517,3081.54,2758.14,3141.16,222.89,207.83,-1.03,-0.54,153.45,159.98,149.12,-54.29,0.0,1.017,1.02,1.019,0.042,2,1.0,0.0,60049.414
2026-08-30T16:40:49.943Z,66.126945,-148.526499,3081.25,2755.45,3140.64,222.87,207.82,-1.2,-0.24,153.56,160.09,149.16,-14.35,0.0,1.019,1.019,1.019,,1,1.0,0.0,60050.566
2026-08-30T16:40:50.649Z,66.126583,-148.527322,3081.52,2755.75,3140.6,222.79,207.73,-1.28,-0.06,153.51,159.99,149.09,13.06,0.0,1.022,1.022,1.022,,1,1.0,0.0,60051.273
2026-08-30T16:40:51.539Z,66.126131,-148.528348,3082.21,2756.45,3140.65,222.82,207.77,-1.63,-0.31,153.21,159.71,148.92,41.66,0.0,1.015,1.018,1.017,0.136,2,1.0,0.0,60052.168
2026-08-30T16:40:52.691Z,66.125548,-148.529675,3083.69,2755.81,3141.27,222.6,207.54,-1.31,0.08,153.18,159.67,148.82,55.99,0.0,0.987,0.987,0.987,,1,1.0,0.0,60053.328
2026-08-30T16:40:53.593Z,66.125092,-148.530706,3084.15,2756.25,3142.18,222.56,207.51,-1.07,0.39,153.15,159.65,148.81,26.43,0.0,0.971,0.972,0.972,0.018,2,1.0,0.0,60054.215
2026-08-30T16:40:54.746Z,66.124503,-148.532031,3083.2,2754.63,3142.01,222.53,207.45,-0.76,-0.0,153.2,159.72,148.93,-58.93,0.0,0.94,0.94,0.94,,1,1.0,0.0,60055.367
2026-08-30T16:40:55.636Z,66.124052,-148.533058,3081.56,2753.03,3141.15,222.23,207.18,-1.17,-1.05,153.27,159.8,148.98,-69.53,0.0,1.004,1.023,1.013,0.082,2,1.0,0.0,60056.266
2026-08-30T16:40:56.800Z,66.123462,-148.534372,3080.78,2754.52,3140.52,222.4,207.35,-1.33,-1.71,153.27,159.77,148.99,-35.12,0.0,1.021,1.021,1.021,,1,1.0,0.0,60057.426
2026-08-30T16:40:57.508Z,66.123097,-148.535187,3080.84,2754.61,3140.27,222.5,207.45,-1.48,-1.38,153.25,159.74,148.95,-0.49,0.0,1.032,1.032,1.032,,1,1.0,0.0,60058.133
2026-08-30T16:40:58.815Z,66.122434,-148.536686,3082.34,2755.05,3140.35,222.54,207.49,-1.58,-0.13,153.2,159.7,148.83,69.09,0.0,1.025,1.034,1.029,0.214,2,1.0,0.0,60059.449
2026-08-30T16:40:59.976Z,66.121843,-148.538014,3084.67,2760.32,3141.23,222.49,207.44,-1.66,1.06,153.15,159.6,148.68,114.5,0.0,1.019,1.019,1.019,,1,1.0,0.0,60060.598
2026-08-30T16:41:00.680Z,66.121484,-148.538811,3086.38,2762.05,3142.79,222.25,207.19,-1.73,1.13,153.0,159.45,148.56,136.61,0.0,1.014,1.014,1.014,,1,1.0,0.0,60061.297
2026-08-30T16:41:01.566Z,66.121032,-148.539818,3088.82,2764.48,3144.8,221.97,206.92,-1.68,-1.61,152.78,159.19,148.4,153.04,0.0,1.006,1.007,1.006,0.031,2,1.0,0.0,60062.176
2026-08-30T16:41:02.699Z,66.120452,-148.541105,3092.15,2770.46,3147.72,222.09,207.06,-2.11,-1.43,152.61,159.1,148.19,188.35,0.0,1.026,1.026,1.026,,1,1.0,0.0,60063.312
2026-08-30T16:41:03.575Z,66.120004,-148.542098,3095.81,2774.15,3150.14,222.15,207.11,-2.27,-1.19,152.47,158.91,147.95,242.47,0.0,1.04,1.043,1.041,0.105,2,1.0,0.0,60064.195
2026-08-30T16:41:04.700Z,66.119428,-148.543374,3101.37,2779.3,3154.23,222.11,207.06,-1.17,-0.36,152.22,158.67,147.71,246.26,0.0,0.98,0.98,0.98,,1,1.0,0.0,60065.32
2026-08-30T16:41:05.585Z,66.118983,-148.544363,3102.9,2780.65,3157.3,222.03,206.99,-0.38,0.51,152.23,158.76,147.8,85.23,0.0,0.841,0.844,0.842,0.272,2,1.0,0.0,60066.195
2026-08-30T16:41:06.717Z,66.118406,-148.545634,3099.8,2775.07,3157.79,221.85,206.8,-0.03,1.19,152.49,159.1,148.24,-134.2,0.0,0.898,0.898,0.898,,1,1.0,0.0,60067.324
2026-08-30T16:41:07.590Z,66.117957,-148.546617,3095.8,2771.07,3155.62,221.83,206.78,-0.19,0.83,153.04,159.66,148.7,-216.26,0.0,0.964,0.977,0.971,0.061,2,1.0,0.0,60068.195
2026-08-30T16:41:08.719Z,66.117375,-148.547886,3090.91,2772.69,3151.81,221.43,206.38,-0.23,1.04,153.29,159.86,149.03,-236.91,0.0,1.017,1.017,1.017,,1,1.0,0.0,60069.332
2026-08-30T16:41:09.922Z,66.116748,-148.549237,3086.15,2764.53,3147.11,221.18,206.12,0.26,1.69,153.53,160.15,149.43,-253.43,0.0,0.984,0.984,0.984,,1,1.0,0.0,60070.535
2026-08-30T16:41:11.049Z,66.116155,-148.5505,3079.64,2757.9,3143.05,220.76,205.71,0.61,2.51,154.08,160.69,149.9,-353.95,0.0,0.931,0.931,0.931,,1,1.0,0.0,60071.668
2026-08-30T16:41:11.748Z,66.115791,-148.551268,3074.71,2721.86,3139.41,220.65,205.59,0.45,2.38,154.28,160.92,150.16,-387.88,0.0,0.976,0.976,0.976,,1,1.0,0.0,60072.363
2026-08-30T16:41:12.619Z,66.115324,-148.552237,3068.76,2715.92,3133.45,220.14,205.08,0.16,2.64,154.67,161.27,150.56,-385.41,0.0,1.014,1.024,1.019,0.138,2,1.0,0.0,60073.238
2026-08-30T16:41:13.752Z,66.114718,-148.55348,3062.36,2745.53,3124.66,219.58,204.51,-0.08,3.3,155.11,161.62,150.96,-330.6,0.0,1.043,1.043,1.043,,1,1.0,0.0,60074.367
2026-08-30T16:41:14.627Z,66.114241,-148.554436,3058.42,2741.63,3119.24,219.37,204.33,-0.42,2.73,155.23,161.75,151.14,-274.15,0.0,1.035,1.041,1.038,0.138,2,1.0,0.0,60075.246
2026-08-30T16:41:15.760Z,66.113625,-148.555659,3055.04,2732.66,3114.46,219.0,203.95,-0.81,1.1,155.44,162.08,151.2,-177.79,0.0,1.05,1.05,1.05,,1,1.0,0.0,60076.375
2026-08-30T16:41:16.634Z,66.113147,-148.556598,3053.87,2731.53,3112.29,218.76,203.7,-0.97,-0.11,155.43,161.93,151.21,-111.52,0.0,1.034,1.051,1.043,0.357,2,1.0,0.0,60077.254
2026-08-30T16:41:17.768Z,66.112525,-148.557808,3053.32,2727.6,3110.54,218.48,203.44,-0.58,-1.5,155.32,161.91,151.1,-32.89,0.0,1.077,1.077,1.077,,1,1.0,0.0,60078.387
2026-08-30T16:41:19.057Z,66.111818,-148.559183,3050.84,2724.96,3109.24,218.93,203.91,-0.23,-1.62,155.6,162.14,151.3,-156.73,0.0,0.882,0.918,0.9,2.424,2,1.0,0.0,60079.676
2026-08-30T16:41:20.203Z,66.111191,-148.560409,3046.99,2721.28,3106.37,218.94,203.89,-0.58,-1.89,155.71,162.16,151.44,-161.92,0.0,1.038,1.038,1.038,,1,1.0,0.0,60080.812
2026-08-30T16:41:20.894Z,66.110812,-148.561156,3045.43,2719.73,3104.56,218.87,203.83,-0.15,-3.14,155.59,162.07,151.48,-154.54,0.0,1.024,1.024,1.024,,1,1.0,0.0,60081.496
2026-08-30T16:41:21.589Z,66.110431,-148.561911,3043.29,2723.34,3102.75,219.2,204.18,0.02,-4.3,155.83,162.42,151.59,-194.68,0.0,0.941,0.941,0.941,,1,1.0,0.0,60082.199
2026-08-30T16:41:22.719Z,66.109811,-148.563144,3038.76,2718.82,3098.92,219.76,204.69,-0.39,-4.72,155.85,162.36,151.61,-213.02,0.0,1.031,1.031,1.031,,1,1.0,0.0,60083.34
2026-08-30T16:41:23.605Z,66.109335,-148.564115,3035.82,2723.87,3095.83,219.21,204.17,-0.4,-3.45,155.86,162.35,151.53,-199.1,0.0,1.027,1.031,1.029,0.235,2,1.0,0.0,60084.223
2026-08-30T16:41:24.741Z,66.10872,-148.565367,3032.16,2720.22,3092.28,220.27,205.25,-0.46,-2.12,156.05,162.6,151.65,-189.87,0.0,1.008,1.008,1.008,,1,1.0,0.0,60085.355
2026-08-30T16:41:25.614Z,66.108248,-148.56634,3029.76,2704.03,3089.89,220.18,205.13,-0.5,-1.89,156.19,162.55,151.71,-169.26,0.0,1.019,1.02,1.019,0.285,2,1.0,0.0,60086.234
2026-08-30T16:41:26.750Z,66.107634,-148.567605,3026.55,2700.8,3086.7,219.93,204.88,-0.95,-0.69,156.68,163.3,152.54,-166.0,0.0,1.045,1.045,1.045,,1,1.0,0.0,60087.371
2026-08-30T16:41:27.633Z,66.107161,-148.568587,3024.73,2697.06,3084.72,219.87,204.85,-0.61,0.73,157.12,163.68,152.6,-130.42,0.0,1.073,1.091,1.082,0.742,2,1.0,0.0,60088.246
2026-08-30T16:41:28.770Z,66.106543,-148.569859,3022.96,2695.32,3082.71,220.22,205.14,-0.86,-0.49,156.34,162.79,151.87,-90.7,0.0,1.01,1.01,1.01,,1,1.0,0.0,60089.383
2026-08-30T16:41:29.979Z,66.105887,-148.571202,3020.93,2692.75,3080.59,219.84,204.82,-0.19,-0.3,156.31,162.85,152.02,-140.41,0.0,0.937,0.937,0.937,,1,1.0,0.0,60090.594
2026-08-30T16:41:31.118Z,66.105271,-148.572456,3016.35,2688.12,3077.21,219.29,204.24,-0.29,0.14,156.91,163.48,152.57,-220.84,0.0,0.986,0.986,0.986,,1,1.0,0.0,60091.73
2026-08-30T16:41:31.814Z,66.104894,-148.573219,3013.43,2686.6,3074.23,219.4,204.39,0.07,0.69,157.08,163.59,152.67,-245.13,0.0,1.012,1.012,1.012,,1,1.0,0.0,60092.438
2026-08-30T16:41:32.521Z,66.104506,-148.573999,3009.93,2683.07,3071.11,219.43,204.39,0.22,0.56,157.17,163.68,152.78,-294.73,0.0,0.954,0.954,0.954,,1,1.0,0.0,60093.141
2026-08-30T16:41:33.661Z,66.103877,-148.575258,3003.69,2681.7,3065.25,219.07,204.02,-0.26,-0.3,156.87,163.29,152.71,-274.8,0.0,1.07,1.07,1.07,,1,1.0,0.0,60094.285
2026-08-30T16:41:34.542Z,66.103391,-148.576224,3000.57,2678.59,3061.24,218.87,203.85,-0.64,-2.3,156.91,163.39,152.65,-224.52,0.0,1.022,1.028,1.025,0.379,2,1.0,0.0,60095.164
2026-08-30T16:41:35.686Z,66.102762,-148.577479,2998.03,2636.33,3057.35,219.3,204.28,-0.96,-4.77,157.09,163.64,152.53,-129.38,0.0,1.05,1.05,1.05,,1,1.0,0.0,60096.309
2026-08-30T16:41:36.572Z,66.102279,-148.578451,2997.49,2635.84,3055.6,219.73,204.72,-1.22,-4.8,156.87,163.13,152.37,-53.62,0.0,1.049,1.051,1.05,0.002,2,1.0,0.0,60097.195
2026-08-30T16:41:37.713Z,66.101661,-148.579718,2997.45,2678.28,3054.77,220.01,204.99,-0.58,-4.57,156.58,163.02,152.19,-57.85,0.0,0.939,0.939,0.939,,1,1.0,0.0,60098.344
2026-08-30T16:41:39.022Z,66.100961,-148.581182,2994.71,2675.52,3053.11,220.67,205.65,-0.8,-4.66,156.54,162.96,152.11,-106.28,0.0,0.95,1.005,0.978,0.469,2,1.0,0.0,60099.645
2026-08-30T16:41:40.175Z,66.100348,-148.582484,2992.64,2662.46,3051.07,221.1,206.09,-0.85,-4.86,156.45,162.84,152.02,-103.38,0.0,1.007,1.007,1.007,,1,1.0,0.0,60100.793
2026-08-30T16:41:40.875Z,66.099973,-148.583291,2991.51,2661.35,3049.88,221.43,206.42,-0.89,-4.97,156.42,162.84,151.95,-95.46,0.0,1.011,1.011,1.011,,1,1.0,0.0,60101.5
2026-08-30T16:41:41.576Z,66.099603,-148.584099,2990.53,2661.77,3048.75,221.77,206.76,-0.89,-5.1,156.4,162.78,151.87,-88.75,0.0,1.008,1.008,1.008,,1,1.0,0.0,60102.203
2026-08-30T16:41:42.728Z,66.099003,-148.58543,2989.01,2660.26,3047.09,222.31,207.29,-0.49,-5.06,156.27,162.66,151.77,-94.26,0.0,1.002,1.002,1.002,,1,1.0,0.0,60103.352
2026-08-30T16:41:43.619Z,66.098541,-148.586471,2986.6,2658.33,3045.52,222.64,207.63,-0.09,-4.85,156.23,162.64,151.81,-173.17,0.0,0.927,0.929,0.928,0.228,2,1.0,0.0,60104.25
2026-08-30T16:41:44.769Z,66.097946,-148.587835,2980.82,2652.46,3041.67,223.11,208.1,0.32,-4.65,156.44,162.87,152.02,-301.9,0.0,0.935,0.935,0.935,,1,1.0,0.0,60105.395
2026-08-30T16:41:45.666Z,66.09749,-148.588896,2974.84,2646.97,3037.03,223.53,208.52,0.17,-4.69,156.65,163.06,152.26,-359.01,0.0,0.971,0.987,0.979,0.111,2,1.0,0.0,60106.293
2026-08-30T16:41:46.809Z,66.096906,-148.590278,2967.96,2640.16,3030.84,224.06,209.04,-0.09,-5.0,156.92,163.33,152.52,-330.5,0.0,1.048,1.048,1.048,,1,1.0,0.0,60107.438
2026-08-30T16:41:47.517Z,66.096548,-148.591137,2964.67,2636.55,3025.42,224.37,209.36,-0.19,-4.83,157.0,163.4,152.62,-288.96,0.0,1.043,1.043,1.043,,1,1.0,0.0,60108.137
2026-08-30T16:41:48.811Z,66.0959,-148.592721,2959.31,2631.11,3017.6,224.93,209.92,0.24,-4.4,157.36,163.77,152.81,-281.62,0.0,0.967,1.019,0.993,0.226,2,1.0,0.0,60109.441
2026-08-30T16:41:49.974Z,66.095321,-148.594163,2952.84,2622.86,3011.93,225.38,210.37,0.19,-4.59,157.59,163.97,153.06,-329.87,0.0,0.987,0.987,0.987,,1,1.0,0.0,60110.602
2026-08-30T16:41:50.678Z,66.094972,-148.595045,2948.73,2618.74,3008.19,225.68,210.66,0.38,-4.48,157.68,164.12,153.21,-340.51,0.0,1.01,1.01,1.01,,1,1.0,0.0,60111.316
2026-08-30T16:41:51.587Z,66.094528,-148.596182,2943.21,2617.28,3002.85,225.98,210.97,0.47,-4.06,157.96,164.34,153.42,-368.6,0.0,0.979,0.981,0.98,0.031,2,1.0,0.0,60112.207
2026-08-30T16:41:52.735Z,66.093967,-148.597638,2935.5,2609.56,2995.63,226.43,211.43,0.28,-3.73,157.49,163.65,153.71,-386.34,0.0,1.005,1.005,1.005,,1,1.0,0.0,60113.352
2026-08-30T16:41:53.631Z,66.093531,-148.598783,2929.91,2599.77,2990.89,226.77,211.74,0.31,-3.55,157.59,163.8,153.93,-375.52,0.0,1.014,1.016,1.015,0.145,2,1.0,0.0,60114.25
2026-08-30T16:41:54.777Z,66.092971,-148.600274,2923.09,2592.98,2984.94,226.81,211.77,0.08,-3.36,157.84,164.09,154.11,-345.13,0.0,1.014,1.014,1.014,,1,1.0,0.0,60115.402
2026-08-30T16:41:55.482Z,66.092633,-148.60118,2919.61,2593.08,2981.24,227.02,212.02,-0.32,-3.5,157.77,164.01,154.19,-303.19,0.0,1.022,1.022,1.022,,1,1.0,0.0,60116.117
2026-08-30T16:41:56.608Z,66.092095,-148.602637,2914.83,2588.2,2975.92,227.53,212.5,0.75,-3.23,157.88,164.14,154.26,-316.3,0.0,0.945,1.027,0.989,1.509,3,1.0,0.0,60117.23
2026-08-30T16:41:57.759Z,66.091542,-148.604153,2905.36,2532.84,2969.13,227.7,212.68,1.55,-2.84,158.24,164.58,154.65,-516.41,0.0,0.877,0.877,0.877,,1,1.0,0.0,60118.398
2026-08-30T16:41:59.088Z,66.090904,-148.60591,2888.88,2516.26,2956.26,227.97,212.95,1.63,-2.35,158.87,165.22,155.44,-709.42,0.0,0.901,0.949,0.926,1.746,2,1.0,0.0,60119.73
2026-08-30T16:42:00.255Z,66.090348,-148.607458,2874.33,2549.77,2942.44,228.14,213.13,1.63,-1.9,159.82,166.19,156.29,-721.97,0.0,1.017,1.017,1.017,,1,1.0,0.0,60120.891
2026-08-30T16:42:00.974Z,66.090008,-148.608418,2865.76,2541.24,2933.84,228.37,213.37,1.19,-2.08,160.35,166.76,157.04,-706.51,0.0,1.001,1.001,1.001,,1,1.0,0.0,60121.602
2026-08-30T16:42:01.694Z,66.089666,-148.609365,2858.04,2532.73,2925.0,228.5,213.51,0.63,-2.87,160.85,167.11,157.42,-649.26,0.0,1.047,1.047,1.047,,1,1.0,0.0,60122.32
2026-08-30T16:42:02.856Z,66.089106,-148.610946,2848.26,2523.05,2912.8,228.72,213.67,0.32,-3.61,161.07,167.21,157.55,-495.48,0.0,1.108,1.108,1.108,,1,1.0,0.0,60123.488
2026-08-30T16:42:03.568Z,66.088763,-148.611924,2843.57,2523.12,2907.1,228.63,213.64,0.18,-3.17,161.08,167.18,157.58,-437.74,0.0,1.021,1.021,1.021,,1,1.0,0.0,60124.211
2026-08-30T16:42:04.484Z,66.088331,-148.613167,2838.32,2517.93,2900.76,229.15,214.16,-0.26,-2.98,161.1,167.2,157.53,-347.54,0.0,1.053,1.065,1.059,0.23,2,1.0,0.0,60125.117
2026-08-30T16:42:05.654Z,66.08778,-148.614771,2834.03,2523.51,2894.81,229.3,214.28,-0.02,-2.4,160.97,167.01,157.34,-245.84,0.0,1.042,1.042,1.042,,1,1.0,0.0,60126.285
2026-08-30T16:42:06.553Z,66.087356,-148.616014,2830.44,2519.85,2891.1,229.51,214.5,0.03,-2.01,160.85,166.91,157.26,-265.97,0.0,0.949,0.953,0.951,0.269,2,1.0,0.0,60127.199
2026-08-30T16:42:07.740Z,66.086805,-148.617636,2824.61,2471.89,2885.83,229.56,214.54,0.11,-1.5,160.74,166.76,157.18,-295.76,0.0,0.984,0.984,0.984,,1,1.0,0.0,60128.371
2026-08-30T16:42:09.081Z,66.086181,-148.619497,2817.63,2492.04,2879.62,229.58,214.55,-0.31,-1.85,160.39,166.31,156.78,-286.43,0.0,0.993,1.024,1.008,0.548,2,1.0,0.0,60129.727
2026-08-30T16:42:10.259Z,66.085632,-148.621112,2813.38,2487.85,2874.74,229.67,214.68,-0.49,-3.41,160.07,166.01,156.59,-212.15,0.0,1.04,1.04,1.04,,1,1.0,0.0,60130.898
2026-08-30T16:42:10.985Z,66.0853,-148.622096,2811.48,2503.98,2872.48,229.99,214.99,-0.77,-4.33,159.87,165.8,156.45,-172.44,0.0,1.022,1.022,1.022,,1,1.0,0.0,60131.629
2026-08-30T16:42:11.705Z,66.084961,-148.623114,2810.28,2502.85,2870.44,230.29,215.3,-1.49,-4.29,159.68,165.47,156.07,-89.11,0.0,1.075,1.075,1.075,,1,1.0,0.0,60132.344
2026-08-30T16:42:12.890Z,66.084429,-148.624739,2812.35,2483.93,2869.27,230.59,215.59,-2.14,-4.33,158.76,164.57,155.11,110.54,0.0,1.111,1.111,1.111,,1,1.0,0.0,60133.523
2026-08-30T16:42:13.601Z,66.084111,-148.625728,2815.4,2487.0,2870.7,230.88,215.88,-1.72,-6.09,158.41,164.19,154.68,182.62,0.0,1.049,1.049,1.049,,1,1.0,0.0,60134.227
2026-08-30T16:42:14.512Z,66.08371,-148.626983,2818.51,2490.06,2873.48,231.5,216.52,-2.06,-7.64,157.93,163.7,154.25,185.81,0.0,0.949,0.957,0.953,0.665,2,1.0,0.0,60135.148
2026-08-30T16:42:15.674Z,66.083205,-148.628614,2824.09,2494.43,2877.36,232.57,217.58,-2.81,-7.42,156.81,162.53,152.95,323.56,0.0,1.09,1.09,1.09,,1,1.0,0.0,60136.312
2026-08-30T16:42:16.584Z,66.082824,-148.629881,2830.77,2501.12,2881.97,233.2,218.2,-2.57,-7.4,156.29,162.02,152.33,396.36,0.0,1.03,1.042,1.036,0.106,2,1.0,0.0,60137.215
2026-08-30T16:42:17.743Z,66.082346,-148.631523,2838.27,2511.2,2889.31,233.97,218.97,-1.83,-8.11,155.64,161.44,151.79,348.97,0.0,0.943,0.943,0.943,,1,1.0,0.0,60138.363
2026-08-30T16:42:19.075Z,66.081814,-148.633412,2840.75,2514.8,2895.33,234.73,219.74,-0.05,-8.98,155.45,161.39,151.96,17.78,0.0,0.781,0.873,0.828,0.976,2,1.0,0.0,60139.715
2026-08-30T16:42:20.251Z,66.081351,-148.63511,2834.8,2508.76,2894.32,235.78,220.82,0.08,-8.73,155.86,161.76,152.36,-230.02,0.0,0.967,0.967,0.967,,1,1.0,0.0,60140.895
2026-08-30T16:42:20.973Z,66.081073,-148.63616,2830.69,2489.88,2891.55,236.46,221.47,0.33,-8.63,156.06,162.05,152.64,-296.35,0.0,0.996,0.996,0.996,,1,1.0,0.0,60141.621
2026-08-30T16:42:21.697Z,66.0808,-148.637225,2826.27,2485.48,2887.99,236.88,221.87,0.33,-8.4,156.46,162.23,152.82,-338.02,0.0,0.998,0.998,0.998,,1,1.0,0.0,60142.344
2026-08-30T16:42:22.886Z,66.080361,-148.638981,2818.26,2508.02,2881.25,237.71,222.74,0.29,-8.06,156.63,162.52,153.17,-398.37,0.0,0.993,0.993,0.993,,1,1.0,0.0,60143.527
2026-08-30T16:42:23.610Z,66.080098,-148.640067,2813.05,2502.8,2876.97,238.5,223.53,0.05,-8.11,156.83,162.75,153.49,-409.12,0.0,1.006,1.006,1.006,,1,1.0,0.0,60144.25
2026-08-30T16:42:24.525Z,66.07977,-148.641452,2807.28,2497.1,2869.64,239.45,224.45,-0.41,-8.73,157.12,163.02,153.83,-353.54,0.0,1.07,1.08,1.075,0.132,2,1.0,0.0,60145.168
2026-08-30T16:42:25.700Z,66.079361,-148.64326,2802.42,2481.24,2862.57,240.03,225.03,-0.4,-7.67,157.1,162.96,153.93,-252.27,0.0,1.056,1.056,1.056,,1,1.0,0.0,60146.352
2026-08-30T16:42:26.621Z,66.079049,-148.644682,2799.7,2478.54,2858.4,240.8,225.83,-0.82,-7.3,157.12,162.95,153.88,-189.72,0.0,1.024,1.027,1.026,0.368,2,1.0,0.0,60147.258
2026-08-30T16:42:27.799Z,66.078663,-148.646508,2797.63,2473.42,2855.05,241.8,226.83,-0.95,-6.29,156.5,162.04,153.02,-105.84,0.0,1.02,1.02,1.02,,1,1.0,0.0,60148.441
2026-08-30T16:42:29.005Z,66.078281,-148.648398,2796.87,2436.11,2852.96,243.48,228.47,-1.07,-7.64,155.53,161.2,152.26,-57.38,0.0,0.99,0.99,0.99,,1,1.0,0.0,60149.645
2026-08-30T16:42:30.187Z,66.077928,-148.650239,2796.31,2435.57,2852.31,243.54,228.57,-0.97,-6.37,155.38,161.1,152.21,-33.2,0.0,1.021,1.021,1.021,,1,1.0,0.0,60150.82
2026-08-30T16:42:30.900Z,66.077715,-148.651377,2795.95,2477.4,2851.28,244.22,229.25,-0.95,-6.2,155.29,161.0,152.17,-38.77,0.0,0.99,0.99,0.99,,1,1.0,0.0,60151.539
2026-08-30T16:42:31.620Z,66.077508,-148.652512,2795.31,2476.74,2851.37,244.54,229.56,-0.97,-8.54,155.19,160.91,152.14,-52.58,0.0,0.988,0.988,0.988,,1,1.0,0.0,60152.258
2026-08-30T16:42:32.790Z,66.077179,-148.654378,2794.57,2481.68,2850.34,245.71,230.75,-1.56,-8.04,155.11,160.83,152.06,-4.46,0.0,1.066,1.066,1.066,,1,1.0,0.0,60153.434
2026-08-30T16:42:33.515Z,66.076984,-148.655533,2795.39,2482.53,2850.45,246.26,231.28,-1.56,-7.38,154.99,160.65,151.95,46.31,0.0,1.053,1.053,1.053,,1,1.0,0.0,60154.156
2026-08-30T16:42:34.619Z,66.076695,-148.657308,2797.36,2484.53,2850.97,247.03,232.05,-1.7,-6.29,154.74,160.37,151.74,97.64,0.0,1.018,1.022,1.02,0.243,3,1.0,0.0,60155.262
2026-08-30T16:42:35.792Z,66.076399,-148.659204,2800.39,2488.14,2853.48,247.7,232.72,-1.74,-5.09,154.58,160.21,151.48,148.54,0.0,1.022,1.022,1.022,,1,1.0,0.0,60156.43
2026-08-30T16:42:36.508Z,66.076223,-148.660365,2802.53,2490.28,2855.48,248.17,233.19,-1.98,-4.91,154.32,159.94,151.29,168.33,0.0,1.01,1.01,1.01,,1,1.0,0.0,60157.145
2026-08-30T16:42:37.636Z,66.075955,-148.662179,2806.76,2490.89,2858.56,248.64,233.66,-1.7,-4.08,154.13,159.78,151.17,217.56,0.0,1.037,1.049,1.042,1.31,3,1.0,0.0,60158.234
2026-08-30T16:42:38.776Z,66.075691,-148.664037,2809.33,2494.4,2864.01,248.84,233.86,-1.21,-3.28,153.9,159.58,151.04,101.22,0.0,0.896,0.896,0.896,,1,1.0,0.0,60159.414
2026-08-30T16:42:40.025Z,66.075404,-148.666063,2809.38,2494.42,2866.32,249.17,234.17,-0.95,-2.35,153.79,159.48,151.01,15.59,0.0,0.976,0.976,0.976,,1,1.0,0.0,60160.664
2026-08-30T16:42:41.154Z,66.075149,-148.667903,2808.37,2490.35,2865.89,249.23,234.24,-0.67,-2.05,153.85,159.51,151.05,-48.45,0.0,0.975,0.975,0.975,,1,1.0,0.0,60161.797
2026-08-30T16:42:41.883Z,66.074987,-148.669086,2807.16,2489.12,2864.16,249.32,234.32,-0.56,-3.34,153.87,159.56,151.11,-85.6,0.0,0.975,0.975,0.975,,1,1.0,0.0,60162.512
2026-08-30T16:42:42.592Z,66.074827,-148.670247,2805.47,2487.4,2862.51,249.69,234.72,-1.13,-4.15,153.91,159.66,151.21,-116.53,0.0,0.989,0.989,0.989,,1,1.0,0.0,60163.23
2026-08-30T16:42:43.767Z,66.074567,-148.672172,2804.34,2483.99,2860.75,249.75,234.75,-1.23,-3.22,153.82,159.37,150.97,-35.06,0.0,1.097,1.097,1.097,,1,1.0,0.0,60164.406
2026-08-30T16:42:44.484Z,66.074411,-148.673351,2804.53,2484.18,2859.81,250.12,235.15,-1.12,-3.96,153.74,159.44,150.91,-11.53,0.0,1.014,1.014,1.014,,1,1.0,0.0,60165.121
2026-08-30T16:42:45.587Z,66.074177,-148.675153,2804.36,2489.7,2859.94,250.47,235.48,-0.84,-4.96,153.7,159.33,150.94,-25.14,0.0,0.981,0.984,0.983,0.193,3,1.0,0.0,60166.234
2026-08-30T16:42:46.775Z,66.07393,-148.677113,2802.55,2485.24,2858.93,251.08,236.09,-0.41,-3.88,153.77,159.56,151.09,-103.77,0.0,0.957,0.957,0.957,,1,1.0,0.0,60167.43
2026-08-30T16:42:47.508Z,66.073782,-148.678321,2800.37,2483.01,2857.7,251.35,236.36,-0.32,-3.98,153.8,159.51,151.23,-167.58,0.0,0.943,0.943,0.943,,1,1.0,0.0,60168.156
2026-08-30T16:42:48.851Z,66.073516,-148.680535,2795.17,2471.29,2853.9,251.66,236.66,-0.48,-2.91,154.23,160.06,151.6,-194.21,0.0,0.985,1.015,1.0,0.134,2,1.0,0.0,60169.504
2026-08-30T16:42:50.041Z,66.073282,-148.682516,2791.41,2467.54,2849.93,251.44,236.47,-0.12,-3.43,154.19,159.88,151.63,-211.47,0.0,0.977,0.977,0.977,,1,1.0,0.0,60170.691
2026-08-30T16:42:50.771Z,66.073139,-148.683719,2788.4,2475.58,2847.49,251.95,236.97,-0.16,-4.2,154.35,160.08,151.84,-237.72,0.0,0.975,0.975,0.975,,1,1.0,0.0,60171.414
2026-08-30T16:42:51.502Z,66.072998,-148.684932,2785.35,2472.56,2844.97,252.28,237.29,-0.49,-3.84,154.64,160.42,152.03,-224.11,0.0,1.026,1.026,1.026,,1,1.0,0.0,60172.145
2026-08-30T16:42:52.685Z,66.072774,-148.6869,2782.0,2462.22,2840.97,252.69,237.7,-1.03,-3.73,154.67,160.33,152.13,-159.01,0.0,1.037,1.037,1.037,,1,1.0,0.0,60173.324
2026-08-30T16:42:53.595Z,66.072605,-148.688432,2780.83,2461.12,2838.78,252.98,237.99,-1.28,-3.22,154.62,160.24,152.09,-84.53,0.0,1.05,1.054,1.052,0.067,2,1.0,0.0,60174.242
2026-08-30T16:42:54.781Z,66.072392,-148.690415,2781.08,2464.28,2837.36,253.14,238.15,-1.6,-2.33,154.41,160.0,151.92,10.41,0.0,1.043,1.043,1.043,,1,1.0,0.0,60175.434
2026-08-30T16:42:55.513Z,66.07226,-148.691649,2782.15,2465.38,2837.52,253.34,238.35,-1.69,-2.16,154.27,159.86,151.73,66.18,0.0,1.042,1.042,1.042,,1,1.0,0.0,60176.152
2026-08-30T16:42:56.620Z,66.072067,-148.693489,2783.83,2467.0,2838.71,253.52,238.54,-1.38,-4.58,154.0,159.59,151.57,52.65,0.0,0.941,0.983,0.96,0.496,3,1.0,0.0,60177.266
2026-08-30T16:42:57.809Z,66.071864,-148.69548,2784.86,2466.48,2840.06,254.08,239.07,-1.36,-3.56,153.97,159.56,151.52,65.05,0.0,1.029,1.029,1.029,,1,1.0,0.0,60178.453
2026-08-30T16:42:59.082Z,66.071652,-148.697624,2785.44,2481.94,2840.97,254.24,239.25,-1.26,-1.37,153.8,159.4,151.41,18.75,0.0,0.972,0.972,0.972,,1,1.0,0.0,60179.723
2026-08-30T16:43:00.263Z,66.071457,-148.699608,2785.41,2481.92,2841.57,254.26,239.27,-1.26,-1.88,153.69,159.29,151.3,4.77,0.0,0.997,0.997,0.997,,1,1.0,0.0,60180.91
2026-08-30T16:43:00.998Z,66.071339,-148.70082,2785.46,2470.96,2841.5,254.36,239.39,-1.35,-1.43,153.67,159.29,151.24,13.99,0.0,1.014,1.014,1.014,,1,1.0,0.0,60181.641
2026-08-30T16:43:01.720Z,66.07122,-148.70205,2785.85,2471.35,2841.27,254.43,239.44,-1.08,-0.83,153.67,159.27,151.18,17.77,0.0,1.01,1.01,1.01,,1,1.0,0.0,60182.363
2026-08-30T16:43:02.905Z,66.071028,-148.704026,2785.37,2479.4,2841.61,254.33,239.35,-0.77,0.25,153.64,159.26,151.17,-40.36,0.0,0.955,0.955,0.955,,1,1.0,0.0,60183.539
2026-08-30T16:43:03.620Z,66.07091,-148.705233,2784.2,2478.21,2841.03,254.24,239.26,-0.57,0.85,153.68,159.3,151.22,-84.17,0.0,0.967,0.967,0.967,,1,1.0,0.0,60184.27
2026-08-30T16:43:04.541Z,66.070759,-148.70677,2781.88,2475.85,2840.15,254.03,239.04,-0.41,1.36,153.75,159.37,151.32,-141.92,0.0,0.964,0.966,0.965,0.055,2,1.0,0.0,60185.188
2026-08-30T16:43:05.731Z,66.07056,-148.708754,2777.78,2471.52,2837.12,253.72,238.73,-0.29,-0.9,153.87,159.5,151.48,-202.31,0.0,0.979,0.979,0.979,,1,1.0,0.0,60186.375
2026-08-30T16:43:06.642Z,66.070404,-148.710289,2773.92,2468.42,2834.11,253.77,238.8,-0.5,-2.5,154.0,159.62,151.64,-230.21,0.0,0.979,0.987,0.983,0.33,2,1.0,0.0,60187.297
2026-08-30T16:43:07.846Z,66.0702,-148.71231,2769.97,2464.55,2829.8,254.08,239.1,-1.0,-2.08,154.1,159.7,151.75,-168.6,0.0,1.058,1.058,1.058,,1,1.0,0.0,60188.492
2026-08-30T16:43:09.115Z,66.069989,-148.714424,2768.17,2463.41,2826.7,254.06,239.06,-1.16,2.19,154.05,159.63,151.66,-89.87,0.0,1.028,1.028,1.028,,1,1.0,0.0,60189.746
2026-08-30T16:43:10.282Z,66.069789,-148.716391,2767.84,2463.13,2825.26,253.45,238.45,-1.41,3.42,154.15,159.86,151.98,-20.07,0.0,1.036,1.036,1.036,,1,1.0,0.0,60190.918
2026-08-30T16:43:11.003Z,66.069663,-148.717592,2768.23,2463.86,2825.04,253.06,238.06,-1.52,4.05,154.48,160.08,151.97,21.29,0.0,1.048,1.048,1.048,,1,1.0,0.0,60191.633
2026-08-30T16:43:11.715Z,66.069533,-148.718789,2769.17,2464.84,2825.31,252.44,237.4,-1.82,4.53,153.96,159.41,151.28,66.6,0.0,1.035,1.035,1.035,,1,1.0,0.0,60192.355
2026-08-30T16:43:12.880Z,66.069311,-148.720732,2773.16,2468.95,2827.27,251.34,236.38,-1.56,5.89,153.54,159.02,150.6,198.66,0.0,1.107,1.107,1.107,,1,1.0,0.0,60193.523
2026-08-30T16:43:13.610Z,66.069169,-148.721911,2775.46,2471.1,2829.52,251.28,236.27,-1.32,4.96,153.19,158.69,150.36,132.95,0.0,0.862,0.862,0.862,,1,1.0,0.0,60194.227
2026-08-30T16:43:14.518Z,66.068983,-148.723397,2776.26,2471.9,2831.44,250.44,235.43,-1.35,5.09,152.97,158.48,150.06,87.25,0.0,0.98,0.997,0.989,0.233,2,1.0,0.0,60195.156
2026-08-30T16:43:15.683Z,66.068734,-148.725304,2776.84,2472.2,2832.89,249.67,234.67,-1.04,5.09,152.66,158.16,149.68,20.62,0.0,0.969,0.969,0.969,,1,1.0,0.0,60196.328
2026-08-30T16:43:16.595Z,66.068533,-148.726781,2775.94,2471.25,2833.04,248.57,233.53,-0.9,2.58,152.37,157.8,149.29,-42.75,0.0,0.973,0.98,0.976,0.126,2,1.0,0.0,60197.238
2026-08-30T16:43:17.780Z,66.068266,-148.728671,2773.37,2467.74,2831.81,248.31,233.37,-0.56,0.08,151.89,157.24,148.64,-135.38,0.0,0.942,0.942,0.942,,1,1.0,0.0,60198.414
2026-08-30T16:43:18.501Z,66.068099,-148.729819,2771.07,2465.46,2830.19,248.75,233.77,-0.79,-0.14,151.38,156.67,148.09,-150.78,0.0,0.999,0.999,0.999,,1,1.0,0.0,60199.094
2026-08-30T16:43:19.706Z,66.067821,-148.73174,2768.33,2454.48,2827.26,248.45,233.47,-0.87,0.45,150.48,155.79,147.22,-134.39,0.0,1.004,1.004,1.004,,1,1.0,0.0,60200.336
2026-08-30T16:43:20.871Z,66.067554,-148.733573,2765.49,2389.17,2824.58,248.34,233.35,-0.64,0.78,149.7,154.97,146.38,-160.95,0.0,0.974,0.974,0.974,,1,1.0,0.0,60201.496
2026-08-30T16:43:21.575Z,66.067391,-148.734686,2763.13,2386.78,2822.66,248.17,233.18,-0.45,0.95,149.21,154.45,145.84,-195.09,0.0,0.97,0.97,0.97,,1,1.0,0.0,60202.223
2026-08-30T16:43:22.502Z,66.067179,-148.73612,2759.22,2382.82,2819.56,247.97,232.98,-0.15,1.25,148.61,153.84,145.22,-254.22,0.0,0.964,0.964,0.964,0.268,2,1.0,0.0,60203.137
2026-08-30T16:43:23.682Z,66.066901,-148.737968,2752.0,2435.5,2814.27,247.49,232.5,0.09,-0.11,147.9,153.12,144.65,-371.02,0.0,0.933,0.933,0.933,,1,1.0,0.0,60204.332
2026-08-30T16:43:24.605Z,66.066684,-148.739388,2744.96,2424.1,2808.31,247.47,232.49,0.36,0.13,147.66,152.93,144.39,-433.99,0.0,0.976,0.978,0.977,0.027,2,1.0,0.0,60205.25
2026-08-30T16:43:25.792Z,66.066402,-148.741213,2734.65,2413.7,2799.25,247.28,232.28,1.0,0.07,147.62,152.85,144.23,-534.62,0.0,0.967,0.967,0.967,,1,1.0,0.0,60206.441
2026-08-30T16:43:26.522Z,66.066228,-148.742326,2726.98,2410.25,2793.58,246.82,231.84,1.07,-0.46,147.58,152.83,144.35,-603.11,0.0,0.959,0.959,0.959,,1,1.0,0.0,60207.172
2026-08-30T16:43:27.638Z,66.06596,-148.744029,2714.28,2397.51,2782.9,246.65,231.63,1.78,0.62,147.89,153.14,144.54,-688.51,0.0,0.956,0.972,0.966,0.739,3,1.0,0.0,60208.285
2026-08-30T16:43:28.823Z,66.065667,-148.74586,2697.17,2374.69,2768.41,246.45,231.48,2.48,1.99,148.51,153.86,144.92,-867.21,0.0,0.9,0.9,0.9,,1,1.0,0.0,60209.488
2026-08-30T16:43:30.165Z,66.065336,-148.747892,2673.88,2360.71,2744.13,246.09,231.1,2.21,-0.37,148.88,154.08,145.44,-979.64,0.0,0.983,0.983,0.983,,1,1.0,0.0,60211.387
2026-08-30T16:43:32.342Z,66.064781,-148.751358,2638.38,2322.61,2709.9,246.13,231.16,1.82,-2.64,148.81,153.89,145.61,-938.36,0.0,1.021,1.021,1.021,,1,1.0,0.0,60213.137
2026-08-30T16:43:34.276Z,66.064292,-148.754207,2610.04,2303.12,2681.45,246.6,231.65,1.63,-2.87,149.31,154.42,146.11,-920.75,0.0,0.996,0.996,0.996,,1,1.0,0.0,60214.938
2026-08-30T16:43:35.024Z,66.064102,-148.755384,2598.82,2291.9,2669.47,246.66,231.7,1.7,-3.05,149.54,154.61,146.32,-889.34,0.0,1.043,1.043,1.043,,1,1.0,0.0,60215.688
2026-08-30T16:43:36.255Z,66.063796,-148.757296,2581.28,2263.68,2650.11,247.16,232.22,1.16,-2.53,149.73,154.61,146.6,-839.19,0.0,1.023,1.023,1.023,,1,1.0,0.0,60216.934
2026-08-30T16:43:37.020Z,66.063608,-148.758489,2571.54,2253.99,2639.48,247.37,232.39,1.16,-2.63,149.41,154.24,146.7,-773.07,0.0,1.066,1.066,1.066,,1,1.0,0.0,60217.699
2026-08-30T16:43:37.781Z,66.063422,-148.759679,2562.56,2245.08,2630.46,247.27,232.32,1.35,-1.95,149.2,154.18,146.81,-732.26,0.0,1.018,1.018,1.018,,1,1.0,0.0,60218.457
2026-08-30T16:43:39.020Z,66.063124,-148.761603,2548.05,2231.19,2615.91,247.89,232.94,1.28,-2.22,150.01,154.79,147.0,-716.03,0.0,1.011,1.011,1.011,,1,1.0,0.0,60219.68
2026-08-30T16:43:40.307Z,66.062814,-148.763636,2533.35,2221.83,2599.39,247.7,232.73,1.35,-1.68,149.43,154.27,147.14,-683.59,0.0,1.019,1.019,1.019,,1,1.0,0.0,60220.953
2026-08-30T16:43:41.538Z,66.062523,-148.765557,2520.33,2208.9,2585.4,247.94,232.98,0.46,-2.34,149.3,153.87,146.66,-597.73,0.0,1.076,1.076,1.076,,1,1.0,0.0,60222.195
2026-08-30T16:43:42.284Z,66.062348,-148.766721,2513.87,2164.86,2577.9,247.85,232.89,0.53,-0.72,149.07,153.7,146.56,-574.24,0.0,0.97,0.97,0.97,,1,1.0,0.0,60222.926
2026-08-30T16:43:43.018Z,66.062173,-148.76788,2507.1,2158.13,2571.62,247.88,232.92,-0.12,-0.65,148.95,153.59,146.46,-527.1,0.0,1.019,1.019,1.019,,1,1.0,0.0,60223.68
2026-08-30T16:43:44.224Z,66.061888,-148.769764,2498.5,2190.21,2562.14,247.77,232.81,-0.53,-0.89,148.63,153.22,146.15,-421.59,0.0,1.035,1.035,1.035,,1,1.0,0.0,60224.875
2026-08-30T16:43:44.969Z,66.061713,-148.770927,2494.64,2186.42,2557.2,247.82,232.85,-0.36,-0.83,148.53,153.17,146.02,-348.38,0.0,1.077,1.077,1.077,,1,1.0,0.0,60225.621
2026-08-30T16:43:45.701Z,66.061541,-148.772069,2490.75,2179.9,2552.96,247.64,232.67,0.51,-0.41,148.52,153.09,145.98,-387.88,0.0,0.969,0.969,0.969,,1,1.0,0.0,60226.363
2026-08-30T16:43:46.911Z,66.061255,-148.773952,2481.77,2170.96,2545.02,247.79,232.82,-0.39,-0.26,148.48,152.98,145.79,-389.5,0.0,1.04,1.04,1.04,,1,1.0,0.0,60227.566
2026-08-30T16:43:47.646Z,66.061079,-148.7751,2477.86,2167.74,2540.21,247.6,232.63,-0.29,0.65,148.59,153.02,145.76,-336.2,0.0,1.076,1.076,1.076,,1,1.0,0.0,60228.312
2026-08-30T16:43:48.396Z,66.060901,-148.776264,2474.09,2163.92,2536.03,247.43,232.46,-0.08,1.47,148.29,152.72,145.45,-334.56,0.0,0.976,0.976,0.976,,1,1.0,0.0,60229.055
2026-08-30T16:43:50.164Z,66.060476,-148.778979,2462.32,2160.11,2525.63,246.86,231.89,0.42,2.53,147.76,152.16,144.94,-428.39,0.0,0.971,0.971,0.971,,1,1.0,0.0,60230.82
2026-08-30T16:43:50.906Z,66.060291,-148.780128,2456.18,2153.96,2520.34,246.57,231.58,0.72,2.81,147.71,152.09,144.86,-487.0,0.0,0.953,0.953,0.953,,1,1.0,0.0,60231.566
2026-08-30T16:43:52.135Z,66.059986,-148.782001,2444.4,2131.92,2510.72,245.92,230.94,0.47,0.84,147.96,152.37,145.12,-548.44,0.0,1.014,1.014,1.014,,1,1.0,0.0,60232.781
2026-08-30T16:43:52.871Z,66.059797,-148.783147,2437.55,2125.1,2503.38,245.82,230.86,0.83,1.53,148.06,152.56,144.96,-545.99,0.0,1.018,1.018,1.018,,1,1.0,0.0,60233.535
2026-08-30T16:43:53.615Z,66.059604,-148.784275,2430.78,2120.34,2495.77,245.78,230.81,1.0,2.44,147.78,151.95,144.6,-544.54,0.0,0.982,0.982,0.982,,1,1.0,0.0,60234.27
2026-08-30T16:43:54.839Z,66.059287,-148.786133,2420.1,2109.7,2484.83,245.03,230.04,0.58,1.0,147.26,151.63,144.55,-522.82,0.0,1.011,1.011,1.011,,1,1.0,0.0,60235.496
2026-08-30T16:43:55.576Z,66.059094,-148.787256,2413.62,2101.51,2478.51,244.86,229.9,0.88,0.6,147.46,151.78,144.53,-544.94,0.0,0.973,0.973,0.973,,1,1.0,0.0,60236.234
2026-08-30T16:43:56.323Z,66.058898,-148.788368,2406.27,2094.11,2471.87,244.92,229.94,1.03,0.44,147.91,152.4,145.13,-599.07,0.0,0.959,0.959,0.959,,1,1.0,0.0,60236.965
2026-08-30T16:43:57.510Z,66.05858,-148.790177,2392.34,2088.7,2459.99,244.7,229.74,1.47,-0.4,148.68,152.98,145.77,-697.28,0.0,0.987,0.987,0.987,,1,1.0,0.0,60238.145
2026-08-30T16:43:58.821Z,66.058223,-148.79219,2374.72,2071.02,2443.87,244.59,229.62,1.8,-0.83,149.26,153.54,146.33,-803.96,0.0,0.962,0.967,0.964,0.548,2,1.0,0.0,60239.445
2026-08-30T16:43:59.974Z,66.057912,-148.793941,2358.25,2054.69,2428.17,244.64,229.69,1.83,0.47,149.44,153.51,146.31,-821.68,0.0,1.019,1.019,1.019,,1,1.0,0.0,60240.605
2026-08-30T16:44:00.687Z,66.05772,-148.795024,2349.29,2045.82,2418.4,244.58,229.63,1.02,0.26,148.97,152.83,145.78,-715.68,0.0,1.107,1.107,1.107,,1,1.0,0.0,60241.344
2026-08-30T16:44:01.427Z,66.057518,-148.796147,2343.43,2040.17,2409.71,244.46,229.51,-0.62,0.09,147.88,151.52,144.54,-441.12,0.0,1.258,1.258,1.258,,1,1.0,0.0,60242.098
2026-08-30T16:44:02.657Z,66.057187,-148.797991,2346.42,2043.57,2403.59,244.28,229.32,-1.6,-0.39,144.9,148.33,141.18,128.58,0.0,1.237,1.237,1.237,,1,1.0,0.0,60243.328
2026-08-30T16:44:03.410Z,66.056983,-148.799107,2352.21,2049.55,2405.3,244.0,229.05,-2.11,-0.39,142.74,146.06,138.87,332.96,0.0,1.076,1.076,1.076,,1,1.0,0.0,60244.062
2026-08-30T16:44:04.357Z,66.056737,-148.800464,2360.95,2058.36,2410.95,243.9,228.95,-1.76,-0.54,140.08,143.39,136.11,468.95,0.0,1.043,1.063,1.053,0.852,2,1.0,0.0,60245.02
2026-08-30T16:44:05.564Z,66.056428,-148.802163,2370.37,2068.52,2420.18,243.78,228.83,-1.52,-0.02,137.09,140.46,133.25,421.47,0.0,0.956,0.956,0.956,,1,1.0,0.0,60246.211
2026-08-30T16:44:06.301Z,66.05624,-148.80318,2374.65,2072.7,2425.28,243.56,228.61,-0.83,-0.16,135.58,138.96,131.81,342.42,0.0,0.974,0.974,0.974,,1,1.0,0.0,60246.957
2026-08-30T16:44:07.426Z,66.055955,-148.804718,2377.79,2075.98,2431.03,243.42,228.48,0.13,0.33,133.33,136.74,129.62,155.7,0.0,0.899,0.928,0.914,0.308,3,1.0,0.0,60248.074
2026-08-30T16:44:08.748Z,66.055625,-148.80649,2376.54,2074.68,2433.2,243.17,228.23,-1.28,-1.25,131.34,134.71,127.59,20.61,0.0,1.001,1.001,1.001,,1,1.0,0.0,60249.41
2026-08-30T16:44:10.043Z,66.055308,-148.80818,2378.69,2075.49,2434.27,243.02,228.07,-0.84,1.77,129.33,132.64,125.5,68.04,0.0,0.937,0.937,0.937,,1,1.0,0.0,60250.703
2026-08-30T16:44:11.268Z,66.055007,-148.809768,2381.41,2079.57,2436.13,242.75,227.77,-0.4,0.96,127.58,130.83,123.54,130.31,0.0,1.06,1.06,1.06,,1,1.0,0.0,60251.934
2026-08-30T16:44:12.020Z,66.054823,-148.810715,2382.38,2080.42,2437.64,242.16,227.2,-0.77,1.0,126.49,129.81,122.64,71.14,0.0,0.886,0.886,0.886,,1,1.0,0.0,60252.68
2026-08-30T16:44:12.762Z,66.054641,-148.811655,2383.05,2081.17,2438.59,242.15,227.2,-0.93,0.57,125.69,128.96,121.71,97.63,0.0,1.062,1.062,1.062,,1,1.0,0.0,60253.422
2026-08-30T16:44:13.978Z,66.054341,-148.813167,2385.48,2070.0,2440.59,241.9,226.94,-0.91,1.41,124.5,127.78,120.35,114.25,0.0,1.018,1.018,1.018,,1,1.0,0.0,60254.645
2026-08-30T16:44:14.728Z,66.054157,-148.814088,2386.91,2071.39,2441.98,241.66,226.7,-0.26,1.26,123.93,127.28,119.8,81.88,0.0,0.974,0.974,0.974,,1,1.0,0.0,60255.379
2026-08-30T16:44:15.469Z,66.053973,-148.814992,2386.95,2072.11,2442.94,241.33,226.37,-0.36,0.13,123.37,126.69,119.14,20.68,0.0,0.935,0.935,0.935,,1,1.0,0.0,60256.129
2026-08-30T16:44:16.671Z,66.053675,-148.81645,2386.45,2071.64,2443.21,241.26,226.31,-0.53,0.91,122.44,125.73,118.13,0.12,0.0,1.015,1.015,1.015,,1,1.0,0.0,60257.332
2026-08-30T16:44:17.415Z,66.053491,-148.817341,2386.4,2072.35,2443.21,241.07,226.1,-0.31,0.42,121.66,124.81,117.54,-14.97,0.0,0.996,0.996,0.996,,1,1.0,0.0,60258.074
2026-08-30T16:44:18.777Z,66.053152,-148.818959,2384.07,2069.91,2442.26,240.44,225.48,0.44,1.33,120.5,123.78,116.46,-133.46,0.0,0.942,0.945,0.944,0.302,2,1.0,0.0,60259.434
2026-08-30T16:44:19.989Z,66.052852,-148.820373,2378.46,2065.61,2438.88,240.03,225.08,0.64,-0.32,119.89,123.2,116.0,-268.73,0.0,0.95,0.95,0.95,,1,1.0,0.0,60260.637
2026-08-30T16:44:20.720Z,66.052667,-148.821234,2374.21,2061.35,2435.57,239.88,224.93,0.84,-1.51,119.72,123.06,115.83,-316.54,0.0,0.981,0.981,0.981,,1,1.0,0.0,60261.383
2026-08-30T16:44:21.492Z,66.052475,-148.822128,2369.32,2060.49,2431.4,239.93,224.99,0.89,-1.12,119.53,122.85,115.72,-368.13,0.0,0.961,0.961,0.961,,1,1.0,0.0,60262.195
2026-08-30T16:44:22.747Z,66.052159,-148.823592,2360.38,2051.55,2423.52,240.02,225.07,1.23,-0.57,119.44,122.76,115.64,-426.03,0.0,0.973,0.973,0.973,,1,1.0,0.0,60263.391
2026-08-30T16:44:23.478Z,66.051975,-148.82444,2354.64,1998.13,2418.33,239.87,224.93,1.17,-0.03,119.3,122.59,115.5,-456.67,0.0,0.983,0.983,0.983,,1,1.0,0.0,60264.121
2026-08-30T16:44:24.399Z,66.051742,-148.825516,2347.31,1990.83,2411.26,239.85,224.89,0.61,-0.67,119.22,122.48,115.45,-448.64,0.0,1.019,1.028,1.023,0.196,2,1.0,0.0,60265.055
2026-08-30T16:44:25.607Z,66.051438,-148.826911,2339.92,2021.84,2402.67,239.76,224.82,0.24,-1.82,118.97,122.19,115.2,-349.4,0.0,1.075,1.075,1.075,,1,1.0,0.0,60266.262
2026-08-30T16:44:26.340Z,66.051252,-148.827765,2336.43,2012.5,2398.41,240.08,225.14,0.86,-1.15,118.77,121.98,115.02,-335.92,0.0,0.985,0.985,0.985,,1,1.0,0.0,60266.996
2026-08-30T16:44:27.274Z,66.05102,-148.828843,2330.75,2006.8,2393.6,240.15,225.2,0.17,-0.75,118.56,121.79,114.89,-345.84,0.0,0.943,0.986,0.965,0.785,2,1.0,0.0,60267.93
2026-08-30T16:44:28.486Z,66.05072,-148.830235,2324.28,2002.06,2386.49,239.94,224.98,0.52,0.1,118.33,121.53,114.69,-330.36,0.0,0.995,0.995,0.995,,1,1.0,0.0,60269.137
2026-08-30T16:44:29.767Z,66.050397,-148.831717,2317.83,1995.62,2379.41,239.79,224.85,0.76,0.35,118.08,121.17,114.53,-310.9,0.0,1.004,1.004,1.004,,1,1.0,0.0,60270.43
2026-08-30T16:44:30.991Z,66.05009,-148.833112,2311.76,1992.21,2374.27,239.61,224.67,0.21,0.07,117.59,120.75,114.38,-276.87,0.0,1.055,1.055,1.055,,1,1.0,0.0,60271.641
2026-08-30T16:44:31.718Z,66.049904,-148.833952,2308.63,1989.04,2370.52,239.51,224.57,0.67,-0.09,117.51,120.61,114.26,-291.9,0.0,0.973,0.973,0.973,,1,1.0,0.0,60272.383
2026-08-30T16:44:32.465Z,66.049715,-148.834801,2304.42,1949.18,2366.93,239.31,224.37,0.45,-0.61,117.38,120.52,114.23,-323.4,0.0,0.952,0.952,0.952,,1,1.0,0.0,60273.125
2026-08-30T16:44:33.672Z,66.049408,-148.836178,2298.16,1977.09,2360.94,239.3,224.38,0.14,-2.14,117.52,120.61,114.13,-286.22,0.0,1.038,1.038,1.038,,1,1.0,0.0,60274.328
2026-08-30T16:44:34.408Z,66.04922,-148.837019,2295.21,1973.79,2357.9,240.22,225.38,-0.08,-1.91,117.29,120.42,114.07,-247.03,0.0,1.032,1.032,1.032,,1,1.0,0.0,60275.07
2026-08-30T16:44:35.348Z,66.048984,-148.838089,2292.29,1970.27,2354.29,242.64,227.76,0.32,-1.76,117.24,120.26,114.09,-211.31,0.0,1.003,1.025,1.014,0.602,2,1.0,0.0,60276.004
2026-08-30T16:44:36.574Z,66.048684,-148.839492,2288.21,1969.26,2350.35,243.78,228.89,-0.15,-4.3,116.88,119.93,113.83,-198.03,0.0,1.015,1.015,1.015,,1,1.0,0.0,60277.23
2026-08-30T16:44:37.313Z,66.048508,-148.840353,2285.94,1968.07,2348.93,244.67,229.79,-0.22,-3.05,116.54,119.47,113.62,-184.97,0.0,1.013,1.013,1.013,,1,1.0,0.0,60277.973
2026-08-30T16:44:38.693Z,66.048195,-148.841955,2282.54,1966.85,2343.28,245.84,230.94,-0.08,-2.85,116.18,119.17,113.23,-145.11,0.0,1.022,1.033,1.027,0.251,2,1.0,0.0,60279.344
2026-08-30T16:44:39.906Z,66.047929,-148.843372,2278.83,1968.18,2338.94,246.93,232.03,-0.46,-0.46,115.68,118.66,112.96,-186.97,0.0,0.979,0.979,0.979,,1,1.0,0.0,60280.555
2026-08-30T16:44:40.641Z,66.047771,-148.844242,2276.58,1965.96,2336.44,247.51,232.6,-0.55,1.13,115.56,118.62,112.76,-172.2,0.0,1.025,1.025,1.025,,1,1.0,0.0,60281.301
2026-08-30T16:44:41.381Z,66.047617,-148.845124,2274.71,1963.58,2334.18,247.56,232.63,0.11,-0.86,115.53,118.5,112.61,-170.46,0.0,1.012,1.012,1.012,,1,1.0,0.0,60282.047
2026-08-30T16:44:42.595Z,66.047367,-148.846549,2270.27,1956.89,2330.34,246.5,231.49,-0.21,0.36,115.42,118.45,112.5,-211.68,0.0,0.983,0.983,0.983,,1,1.0,0.0,60283.254
2026-08-30T16:44:43.343Z,66.047219,-148.847424,2267.62,1953.87,2327.72,245.48,230.53,0.05,-0.97,115.47,118.47,112.43,-218.55,0.0,1.006,1.006,1.006,,1,1.0,0.0,60283.996
2026-08-30T16:44:44.266Z,66.04703,-148.848528,2263.95,1950.83,2324.27,245.82,230.92,0.04,-0.25,115.26,118.2,112.39,-233.67,0.0,0.991,0.992,0.992,0.104,2,1.0,0.0,60284.934
2026-08-30T16:44:45.483Z,66.046787,-148.849959,2258.73,1940.0,2319.42,246.06,231.12,0.64,-0.19,115.13,118.17,112.45,-276.25,0.0,0.969,0.969,0.969,,1,1.0,0.0,60286.152
2026-08-30T16:44:46.430Z,66.046597,-148.851076,2253.55,1931.49,2314.97,246.0,231.07,0.68,0.08,115.32,118.29,112.58,-315.34,0.0,0.983,0.991,0.987,0.362,2,1.0,0.0,60287.094
2026-08-30T16:44:47.702Z,66.046345,-148.85258,2245.94,1923.71,2307.97,246.23,231.35,0.39,-0.47,114.8,117.62,111.78,-335.05,0.0,0.969,0.969,0.969,,1,1.0,0.0,60288.344
2026-08-30T16:44:48.429Z,66.046198,-148.853434,2242.29,1920.15,2303.98,247.0,232.07,0.05,-2.25,114.19,117.08,111.25,-292.12,0.0,0.997,0.997,0.997,,1,1.0,0.0,60289.184
2026-08-30T16:44:49.885Z,66.045916,-148.85514,2235.68,1912.74,2297.01,246.02,231.08,0.5,-3.25,114.39,117.37,111.48,-309.39,0.0,0.956,0.956,0.956,,1,1.0,0.0,60290.562
2026-08-30T16:44:51.163Z,66.045673,-148.856649,2228.08,1905.54,2289.74,247.62,232.75,0.77,0.63,114.56,117.49,111.73,-355.04,0.0,0.986,0.986,0.986,,1,1.0,0.0,60291.824
2026-08-30T16:44:51.915Z,66.04553,-148.857546,2223.14,1901.03,2284.84,247.85,232.84,0.9,1.23,114.66,117.57,111.92,-388.48,0.0,0.97,0.97,0.97,,1,1.0,0.0,60292.559
2026-08-30T16:44:53.107Z,66.045306,-148.858955,2214.91,1893.11,2276.85,245.53,230.58,-0.06,-0.78,114.86,117.99,112.42,-385.37,0.0,1.015,1.015,1.015,,1,1.0,0.0,60293.766
2026-08-30T16:44:53.848Z,66.045163,-148.85984,2210.91,1889.98,2272.37,245.67,230.75,0.07,0.04,115.46,118.36,112.65,-328.58,0.0,1.075,1.075,1.075,,1,1.0,0.0,60294.496
2026-08-30T16:44:54.577Z,66.045021,-148.860705,2207.34,1885.53,2268.78,245.74,230.8,0.91,0.75,115.51,118.39,112.68,-343.5,0.0,0.965,0.965,0.965,,1,1.0,0.0,60295.234
2026-08-30T16:44:55.779Z,66.044785,-148.862132,2198.86,1839.11,2261.78,245.31,230.36,0.86,0.81,115.75,118.66,112.9,-425.53,0.0,0.961,0.961,0.961,,1,1.0,0.0,60296.434
2026-08-30T16:44:56.516Z,66.044639,-148.863008,2193.14,1879.2,2256.76,245.06,230.12,0.72,0.74,115.91,118.79,113.04,-438.38,0.0,1.008,1.008,1.008,,1,1.0,0.0,60297.145
2026-08-30T16:44:57.435Z,66.044454,-148.864092,2186.49,1870.57,2250.46,244.89,229.94,0.43,0.62,116.02,118.85,113.15,-423.29,0.0,1.017,1.023,1.02,0.029,2,1.0,0.0,60298.078
2026-08-30T16:44:58.628Z,66.04421,-148.865513,2178.99,1868.02,2242.82,244.62,229.69,-0.14,-1.22,115.99,118.83,113.15,-355.57,0.0,1.046,1.046,1.046,,1,1.0,0.0,60299.281
2026-08-30T16:44:59.906Z,66.043948,-148.867022,2172.63,1866.15,2233.71,244.78,229.86,-0.27,-1.33,115.88,118.71,113.05,-307.56,0.0,0.997,0.997,0.997,,1,1.0,0.0,60300.543
2026-08-30T16:45:01.087Z,66.043706,-148.868424,2166.62,1807.02,2226.97,244.68,229.76,0.71,-0.92,115.85,118.71,113.04,-343.83,0.0,0.924,0.924,0.924,,1,1.0,0.0,60301.746
2026-08-30T16:45:01.827Z,66.043553,-148.869307,2161.47,1801.81,2222.66,244.61,229.69,1.2,-1.65,116.02,118.86,113.14,-413.12,0.0,0.933,0.933,0.933,,1,1.0,0.0,60302.48
2026-08-30T16:45:02.570Z,66.043403,-148.870175,2155.23,1833.9,2217.97,244.59,229.68,1.37,-2.1,116.27,119.1,113.36,-474.74,0.0,0.959,0.959,0.959,,1,1.0,0.0,60303.223
2026-08-30T16:45:03.783Z,66.043155,-148.871623,2143.55,1829.88,2208.51,244.78,229.87,2.2,-1.37,116.76,119.6,113.82,-588.01,0.0,0.94,0.94,0.94,,1,1.0,0.0,60304.441
2026-08-30T16:45:04.522Z,66.043002,-148.872506,2134.99,1821.72,2201.37,244.82,229.9,2.57,-1.0,117.16,120.03,114.21,-666.57,0.0,0.943,0.943,0.943,,1,1.0,0.0,60305.188
2026-08-30T16:45:05.269Z,66.042848,-148.8734,2125.5,1809.99,2193.3,244.81,229.88,3.22,-1.07,117.44,120.28,114.68,-740.55,0.0,0.952,0.952,0.952,,1,1.0,0.0,60305.93
2026-08-30T16:45:06.491Z,66.042594,-148.874882,2107.58,1793.06,2177.67,244.88,229.98,3.14,-2.35,118.44,121.3,115.64,-847.94,0.0,0.984,0.984,0.984,,1,1.0,0.0,60307.156
2026-08-30T16:45:07.447Z,66.042399,-148.876025,2093.49,1775.02,2163.9,245.19,230.28,3.45,-2.42,119.1,121.76,116.05,-898.97,0.0,0.971,0.982,0.977,0.244,2,1.0,0.0,60308.105
2026-08-30T16:45:08.664Z,66.042145,-148.877519,2073.0,1714.57,2145.1,245.98,231.06,4.66,-1.41,118.27,120.75,114.83,-1037.47,0.0,0.946,0.946,0.946,,1,1.0,0.0,60309.332
2026-08-30T16:45:09.972Z,66.041881,-148.879092,2046.5,1693.42,2121.42,244.95,230.0,4.65,-1.77,118.54,121.27,115.42,-1193.03,0.0,0.944,0.944,0.944,,1,1.0,0.0,60310.641
2026-08-30T16:45:11.212Z,66.041629,-148.880594,2020.71,1703.28,2097.02,245.58,230.69,3.22,-2.64,119.85,122.61,117.13,-1197.67,0.0,1.026,1.026,1.026,,1,1.0,0.0,60311.879
2026-08-30T16:45:11.964Z,66.041471,-148.881536,2007.28,1690.4,2081.62,246.09,231.18,1.89,-2.11,120.52,123.24,117.88,-1017.05,0.0,1.211,1.211,1.211,,1,1.0,0.0,60312.641
2026-08-30T16:45:12.724Z,66.041317,-148.882475,1997.6,1680.78,2068.74,245.91,230.97,2.58,-1.56,120.9,123.55,118.2,-872.32,0.0,1.119,1.119,1.119,,1,1.0,0.0,60313.395
2026-08-30T16:45:13.960Z,66.041065,-148.884026,1981.48,1662.54,2051.17,245.88,230.97,2.91,-0.69,121.4,124.0,118.63,-826.76,0.0,0.961,0.961,0.961,,1,1.0,0.0,60314.625
2026-08-30T16:45:14.704Z,66.04091,-148.884956,1971.15,1652.27,2041.74,245.83,230.9,3.78,0.22,121.83,124.4,118.91,-863.88,0.0,0.965,0.965,0.965,,1,1.0,0.0,60315.383
2026-08-30T16:45:15.465Z,66.040754,-148.885907,1959.1,1640.15,2030.61,245.63,230.71,3.49,0.65,122.27,124.78,119.34,-930.99,0.0,0.919,0.919,0.919,,1,1.0,0.0,60316.129
2026-08-30T16:45:16.690Z,66.040497,-148.887453,1939.89,1620.98,2011.17,245.52,230.61,2.33,-1.41,122.72,125.2,119.95,-876.37,0.0,1.077,1.077,1.077,,1,1.0,0.0,60317.355
2026-08-30T16:45:17.439Z,66.040341,-148.888389,1930.4,1611.66,2000.23,245.74,230.82,2.63,-0.21,122.94,125.34,120.1,-799.9,0.0,1.081,1.081,1.081,,1,1.0,0.0,60318.105
2026-08-30T16:45:18.811Z,66.040051,-148.890131,1913.09,1594.44,1980.92,245.53,230.62,2.35,-0.9,123.21,125.58,120.38,-760.03,0.0,0.976,1.015,0.995,1.176,2,1.0,0.0,60319.469
2026-08-30T16:45:20.019Z,66.039795,-148.891658,1899.1,1580.8,1965.54,245.7,230.78,2.09,-1.33,122.93,125.23,120.02,-684.32,0.0,1.066,1.066,1.066,,1,1.0,0.0,60320.676
2026-08-30T16:45:20.761Z,66.03964,-148.892592,1891.19,1486.81,1957.13,245.59,230.67,2.61,-1.13,122.83,125.03,119.88,-687.81,0.0,0.979,0.979,0.979,,1,1.0,0.0,60321.426
2026-08-30T16:45:21.510Z,66.039483,-148.893537,1882.38,1532.86,1949.08,245.62,230.71,2.46,-1.17,122.73,125.03,119.8,-693.25,0.0,0.989,0.989,0.989,,1,1.0,0.0,60322.16
2026-08-30T16:45:22.712Z,66.039229,-148.89506,1868.57,1562.75,1935.63,245.75,230.83,1.86,-2.76,122.39,124.54,119.55,-670.47,0.0,0.959,0.959,0.959,,1,1.0,0.0,60323.371
2026-08-30T16:45:23.450Z,66.039074,-148.895989,1861.2,1550.14,1927.68,245.2,230.26,0.69,-2.81,121.82,123.81,118.86,-573.58,0.0,1.048,1.048,1.048,,1,1.0,0.0,60324.121
2026-08-30T16:45:24.403Z,66.038877,-148.897178,1853.22,1541.33,1918.76,245.63,230.76,3.65,-3.39,120.64,122.62,117.84,-641.41,0.0,0.852,0.964,0.91,0.443,2,1.0,0.0,60325.07
2026-08-30T16:45:25.633Z,66.038626,-148.898704,1833.91,1521.83,1904.04,246.41,231.5,4.73,-3.3,120.3,122.37,117.4,-960.65,0.0,0.839,0.839,0.839,,1,1.0,0.0,60326.297
2026-08-30T16:45:26.389Z,66.038476,-148.899639,1819.06,1507.71,1892.0,246.57,231.66,5.03,-2.48,119.9,121.85,117.47,-1094.88,0.0,0.916,0.916,0.916,,1,1.0,0.0,60327.051
2026-08-30T16:45:27.332Z,66.038287,-148.900823,1799.48,1489.22,1873.94,246.81,231.91,4.86,-2.58,120.43,122.54,117.63,-1193.29,0.0,0.957,0.959,0.958,0.461,2,1.0,0.0,60328.008
2026-08-30T16:45:28.576Z,66.038044,-148.902366,1774.61,1467.8,1849.69,247.22,232.31,4.37,-2.33,121.27,123.18,117.74,-1167.74,0.0,1.043,1.043,1.043,,1,1.0,0.0,60329.242
2026-08-30T16:45:29.877Z,66.037791,-148.904009,1750.65,1439.44,1824.6,247.63,232.74,3.87,-2.58,120.34,122.1,117.7,-1083.95,0.0,1.039,1.039,1.039,,1,1.0,0.0,60330.555
2026-08-30T16:45:31.105Z,66.037558,-148.905548,1730.23,1418.86,1802.34,247.81,232.92,3.4,-2.36,120.21,122.04,117.5,-996.97,0.0,1.034,1.034,1.034,,1,1.0,0.0,60331.773
2026-08-30T16:45:31.857Z,66.037418,-148.906487,1718.7,1407.25,1790.23,247.99,233.09,3.57,-2.75,120.04,121.77,117.27,-952.33,0.0,1.027,1.027,1.027,,1,1.0,0.0,60332.52
2026-08-30T16:45:32.605Z,66.037278,-148.907428,1707.15,1395.72,1778.48,248.09,233.2,3.25,-3.53,119.8,121.54,117.08,-933.25,0.0,0.981,0.981,0.981,,1,1.0,0.0,60333.277
2026-08-30T16:45:33.838Z,66.037054,-148.908965,1689.09,1377.69,1759.91,248.56,233.67,3.3,-1.66,119.42,121.11,116.68,-889.95,0.0,1.016,1.016,1.016,,1,1.0,0.0,60334.5
2026-08-30T16:45:34.580Z,66.036919,-148.909905,1678.07,1367.17,1748.86,248.75,233.85,3.6,-0.87,118.9,120.46,116.47,-898.26,0.0,0.978,0.978,0.978,,1,1.0,0.0,60335.242
2026-08-30T16:45:35.322Z,66.036785,-148.910834,1666.59,1355.7,1739.85,248.77,233.87,3.71,-0.04,118.79,120.53,116.33,-924.26,0.0,0.967,0.967,0.967,,1,1.0,0.0,60335.984
2026-08-30T16:45:36.544Z,66.036568,-148.912348,1647.1,1338.22,1720.59,248.79,233.89,3.78,0.33,118.31,119.79,116.09,-972.12,0.0,0.972,0.972,0.972,,1,1.0,0.0,60337.207
2026-08-30T16:45:37.286Z,66.036433,-148.91328,1634.38,1325.12,1707.41,248.62,233.71,3.5,-0.23,118.05,119.5,116.05,-987.4,0.0,0.988,0.988,0.988,,1,1.0,0.0,60337.957
2026-08-30T16:45:38.670Z,66.036183,-148.915001,1611.97,1302.48,1684.1,248.55,233.66,3.01,-2.21,117.98,119.63,116.28,-961.94,0.0,1.016,1.023,1.019,0.544,2,1.0,0.0,60339.348
2026-08-30T16:45:39.907Z,66.035961,-148.916537,1593.32,1285.66,1665.15,248.8,233.89,3.24,-1.39,118.47,119.79,116.33,-907.85,0.0,1.04,1.04,1.04,,1,1.0,0.0,60340.578
2026-08-30T16:45:40.668Z,66.035825,-148.917483,1582.26,1274.61,1653.3,248.94,234.04,2.73,-0.58,118.06,119.46,116.17,-876.16,0.0,1.01,1.01,1.01,,1,1.0,0.0,60341.332
2026-08-30T16:45:41.420Z,66.035691,-148.918422,1572.01,1264.66,1642.2,249.12,234.21,2.26,0.39,117.71,118.96,115.92,-821.5,0.0,1.047,1.047,1.047,,1,1.0,0.0,60342.086
2026-08-30T16:45:42.648Z,66.035472,-148.919948,1556.56,1252.69,1625.53,248.62,233.69,2.58,0.18,117.55,118.8,115.74,-778.97,0.0,1.029,1.029,1.029,,1,1.0,0.0,60343.312
2026-08-30T16:45:43.394Z,66.035337,-148.920886,1546.93,1243.07,1615.38,248.47,233.57,1.71,-1.35,117.23,118.51,115.46,-746.84,0.0,1.013,1.013,1.013,,1,1.0,0.0,60344.066
2026-08-30T16:45:44.350Z,66.035166,-148.922065,1536.78,1236.42,1603.05,248.76,233.88,1.07,-2.31,116.75,117.95,114.91,-631.65,0.0,1.094,1.101,1.098,0.319,2,1.0,0.0,60345.012
2026-08-30T16:45:45.574Z,66.034949,-148.923575,1525.99,1225.41,1590.42,249.96,235.08,1.25,-1.34,115.74,116.86,114.04,-566.0,0.0,0.99,0.99,0.99,,1,1.0,0.0,60346.246
2026-08-30T16:45:46.332Z,66.034819,-148.924499,1519.09,1215.45,1583.75,250.11,235.21,0.83,-1.44,115.29,116.42,113.57,-550.12,0.0,1.0,1.0,1.0,,1,1.0,0.0,60347.0
2026-08-30T16:45:47.279Z,66.034657,-148.925664,1510.98,1162.61,1575.63,250.28,235.4,0.78,-1.73,114.89,115.96,112.88,-515.39,0.0,1.029,1.03,1.03,0.395,2,1.0,0.0,60347.961
2026-08-30T16:45:48.532Z,66.034451,-148.927182,1500.02,1133.16,1565.0,251.3,236.41,1.45,-2.6,114.1,115.09,112.11,-557.96,0.0,0.96,0.96,0.96,,1,1.0,0.0,60349.215
2026-08-30T16:45:49.858Z,66.034238,-148.928798,1486.38,1127.4,1550.4,251.7,236.81,1.72,-0.72,113.17,114.15,111.31,-597.28,0.0,1.006,1.006,1.006,,1,1.0,0.0,60350.539
2026-08-30T16:45:51.061Z,66.034054,-148.930242,1473.38,1124.55,1537.85,251.92,237.01,2.18,1.0,112.91,114.0,111.06,-671.0,0.0,0.948,0.948,0.948,,1,1.0,0.0,60351.734
2026-08-30T16:45:51.822Z,66.033936,-148.931173,1463.89,1115.04,1529.48,251.79,236.88,2.45,-0.5,112.88,113.87,111.0,-723.67,0.0,0.957,0.957,0.957,,1,1.0,0.0,60352.488
2026-08-30T16:45:52.572Z,66.033822,-148.932071,1454.24,1136.2,1521.53,251.85,236.96,2.69,-0.77,112.87,114.01,111.15,-752.99,0.0,0.994,0.994,0.994,,1,1.0,0.0,60353.246
2026-08-30T16:45:53.809Z,66.033636,-148.933561,1437.66,1102.96,1506.54,252.4,237.51,2.76,-0.11,113.03,114.0,111.3,-807.51,0.0,0.971,0.971,0.971,,1,1.0,0.0,60354.477
2026-08-30T16:45:54.564Z,66.033522,-148.934477,1427.21,1092.53,1496.53,252.62,237.72,2.46,1.77,113.0,114.01,111.3,-807.81,0.0,1.006,1.006,1.006,,1,1.0,0.0,60355.238
2026-08-30T16:45:55.322Z,66.033409,-148.935395,1417.19,1075.49,1486.25,252.47,237.55,2.19,1.51,113.13,114.09,111.3,-785.07,0.0,1.027,1.027,1.027,,1,1.0,0.0,60356.004
2026-08-30T16:45:56.568Z,66.033222,-148.936909,1402.44,1067.13,1471.28,252.16,237.27,1.96,0.4,113.02,114.05,111.29,-700.9,0.0,1.058,1.058,1.058,,1,1.0,0.0,60357.238
2026-08-30T16:45:57.325Z,66.033109,-148.937821,1394.11,1058.78,1463.19,252.21,237.3,1.98,0.4,113.35,114.24,111.48,-687.64,0.0,0.996,0.996,0.996,,1,1.0,0.0,60357.988
2026-08-30T16:45:58.726Z,66.032897,-148.939521,1379.07,1055.63,1445.59,252.15,237.25,1.63,-0.9,113.11,113.95,111.28,-627.31,0.0,1.023,1.034,1.028,0.395,2,1.0,0.0,60359.402
2026-08-30T16:45:59.964Z,66.032715,-148.941024,1366.87,1047.47,1432.59,252.68,237.8,1.83,-0.8,113.01,113.72,110.83,-616.34,0.0,0.98,0.98,0.98,,1,1.0,0.0,60360.633
2026-08-30T16:46:00.719Z,66.032605,-148.941937,1358.85,1030.53,1425.08,252.79,237.9,2.02,0.35,112.82,113.57,110.68,-642.1,0.0,0.98,0.98,0.98,,1,1.0,0.0,60361.391
2026-08-30T16:46:01.475Z,66.032496,-148.942849,1350.25,1006.64,1417.03,252.84,237.95,1.85,-0.23,112.54,113.25,110.57,-670.33,0.0,0.973,0.973,0.973,,1,1.0,0.0,60362.152
2026-08-30T16:46:02.721Z,66.032318,-148.944359,1336.06,989.45,1403.7,252.93,238.05,1.78,0.47,112.45,113.2,110.41,-665.62,0.0,1.019,1.019,1.019,,1,1.0,0.0,60363.395
2026-08-30T16:46:03.496Z,66.032211,-148.945272,1327.78,991.88,1394.94,252.55,237.6,1.83,1.21,112.32,113.02,110.29,-666.5,0.0,0.997,0.997,0.997,,1,1.0,0.0,60364.152
2026-08-30T16:46:04.723Z,66.032034,-148.946772,1314.75,967.47,1381.36,251.22,236.33,1.84,1.32,112.1,112.77,110.06,-616.33,0.0,1.059,1.059,1.059,,1,1.0,0.0,60365.395
2026-08-30T16:46:05.479Z,66.031925,-148.947676,1307.0,957.85,1373.48,251.31,236.42,1.69,1.61,111.95,112.66,109.96,-632.66,0.0,0.953,0.953,0.953,,1,1.0,0.0,60366.164
2026-08-30T16:46:06.449Z,66.031781,-148.948842,1296.78,939.83,1363.31,251.13,236.22,1.28,1.89,111.7,112.14,109.43,-619.87,0.0,1.019,1.026,1.022,0.039,2,1.0,0.0,60367.133
2026-08-30T16:46:07.698Z,66.031595,-148.950331,1284.05,915.72,1350.55,250.42,235.5,1.4,1.14,111.11,111.71,109.01,-610.82,0.0,1.017,1.017,1.017,,1,1.0,0.0,60368.375
2026-08-30T16:46:08.459Z,66.031479,-148.951222,1276.35,910.66,1342.77,250.04,235.13,1.54,0.52,110.98,111.52,108.83,-625.98,0.0,0.984,0.984,0.984,,1,1.0,0.0,60369.129
2026-08-30T16:46:10.248Z,66.031202,-148.953327,1256.1,874.01,1324.65,250.02,235.14,1.46,-1.07,110.72,111.32,108.65,-683.02,0.0,0.983,0.983,0.983,,1,1.0,0.0,60370.91
2026-08-30T16:46:10.995Z,66.031087,-148.954202,1247.69,878.64,1316.31,250.61,235.74,0.9,-0.26,110.81,111.32,108.75,-645.78,0.0,1.051,1.051,1.051,,1,1.0,0.0,60371.66
2026-08-30T16:46:12.222Z,66.030896,-148.955647,1236.37,887.41,1304.15,249.82,234.91,1.1,-0.67,109.9,110.33,108.12,-559.83,0.0,1.034,1.034,1.034,,1,1.0,0.0,60372.898
2026-08-30T16:46:12.985Z,66.030778,-148.956532,1229.64,905.67,1295.97,249.84,234.98,0.92,-0.41,109.89,110.67,107.68,-560.2,0.0,0.968,0.968,0.968,,1,1.0,0.0,60373.652
2026-08-30T16:46:13.744Z,66.03066,-148.957417,1222.63,898.55,1288.49,250.07,235.16,1.07,0.62,109.92,110.12,107.23,-546.64,0.0,1.018,1.018,1.018,,1,1.0,0.0,60374.41
2026-08-30T16:46:14.971Z,66.03047,-148.95884,1210.52,846.35,1276.6,249.52,234.64,1.54,0.16,108.93,109.32,106.61,-606.83,0.0,0.916,0.916,0.916,,1,1.0,0.0,60375.637
2026-08-30T16:46:15.717Z,66.030353,-148.959704,1202.68,854.73,1269.04,249.75,234.87,1.77,-0.24,108.84,109.19,106.37,-625.14,0.0,0.988,0.988,0.988,,1,1.0,0.0,60376.387
2026-08-30T16:46:16.468Z,66.030236,-148.96057,1194.34,834.58,1261.13,249.58,234.65,1.58,-0.9,108.52,108.9,106.11,-658.21,0.0,0.965,0.965,0.965,,1,1.0,0.0,60377.129
2026-08-30T16:46:17.697Z,66.030046,-148.961966,1180.06,839.6,1246.88,248.85,233.97,2.02,1.44,108.48,108.84,105.78,-692.22,0.0,1.0,1.0,1.0,,1,1.0,0.0,60378.352
2026-08-30T16:46:18.450Z,66.029926,-148.962834,1170.83,804.88,1237.65,248.92,234.01,2.14,-0.08,108.36,108.67,106.0,-735.64,0.0,0.95,0.95,0.95,,1,1.0,0.0,60379.121
2026-08-30T16:46:19.764Z,66.029715,-148.964316,1154.63,798.41,1222.26,248.28,233.41,1.77,-0.04,108.27,108.57,105.99,-714.13,0.0,1.045,1.045,1.045,,1,1.0,0.0,60380.426
2026-08-30T16:46:20.980Z,66.029513,-148.965713,1140.56,778.92,1208.26,248.63,233.74,1.49,-0.99,108.17,108.3,105.7,-695.82,0.0,0.997,0.997,0.997,,1,1.0,0.0,60381.645
2026-08-30T16:46:21.725Z,66.029391,-148.966556,1132.1,759.45,1199.79,249.35,234.49,0.66,-1.95,107.7,107.89,105.41,-667.71,0.0,1.018,1.018,1.018,,1,1.0,0.0,60382.387
2026-08-30T16:46:22.470Z,66.029272,-148.967403,1124.52,783.45,1190.43,249.3,234.38,1.25,-0.12,107.47,107.6,105.02,-629.23,0.0,1.045,1.045,1.045,,1,1.0,0.0,60383.125
2026-08-30T16:46:23.670Z,66.02908,-148.968745,1111.98,738.92,1177.3,248.68,233.78,2.06,0.8,107.05,107.21,104.53,-661.45,0.0,0.96,0.96,0.96,,1,1.0,0.0,60384.32
2026-08-30T16:46:24.398Z,66.028961,-148.969569,1103.06,745.95,1169.59,248.52,233.62,2.71,1.02,106.94,107.15,104.51,-740.87,0.0,0.927,0.927,0.927,,1,1.0,0.0,60385.062
2026-08-30T16:46:25.334Z,66.028811,-148.970618,1089.5,728.1,1158.07,248.81,233.92,2.99,-0.49,107.12,107.3,104.53,-840.18,0.0,0.945,0.959,0.952,0.135,2,1.0,0.0,60385.984
2026-08-30T16:46:26.530Z,66.028616,-148.971953,1071.29,723.45,1142.04,248.55,233.64,2.13,-0.31,107.2,107.33,104.52,-876.43,0.0,1.017,1.017,1.017,,1,1.0,0.0,60387.199
2026-08-30T16:46:27.282Z,66.028494,-148.972794,1060.62,727.47,1131.0,248.35,233.46,2.09,-1.62,107.1,107.31,104.5,-854.79,0.0,1.04,1.04,1.04,,1,1.0,0.0,60387.934
2026-08-30T16:46:28.648Z,66.028275,-148.974327,1042.19,695.14,1111.73,248.23,233.32,1.71,-0.35,107.51,107.43,104.85,-791.9,0.0,0.999,1.038,1.019,0.037,2,1.0,0.0,60389.289
2026-08-30T16:46:29.842Z,66.02808,-148.975672,1027.66,713.42,1096.18,248.03,233.19,1.13,-1.1,106.74,106.65,104.11,-737.07,0.0,1.007,1.007,1.007,,1,1.0,0.0,60390.5
2026-08-30T16:46:30.583Z,66.027961,-148.976492,1019.37,708.64,1087.14,248.78,233.94,-0.06,-1.24,106.36,106.24,103.72,-654.64,0.0,1.073,1.073,1.073,,1,1.0,0.0,60391.246
2026-08-30T16:46:31.332Z,66.027842,-148.977321,1012.87,701.82,1079.06,249.02,234.14,0.11,-1.12,105.87,105.68,103.16,-566.4,0.0,1.079,1.079,1.079,,1,1.0,0.0,60391.988
2026-08-30T16:46:32.547Z,66.027652,-148.978662,1003.5,692.55,1068.05,248.92,234.04,-0.53,-1.65,104.92,104.74,102.2,-463.9,0.0,1.046,1.046,1.046,,1,1.0,0.0,60393.191
2026-08-30T16:46:33.274Z,66.027537,-148.979466,998.68,687.49,1062.39,249.01,234.13,0.29,-1.38,104.38,104.18,101.64,-450.2,0.0,0.993,0.993,0.993,,1,1.0,0.0,60393.93
2026-08-30T16:46:34.401Z,66.027365,-148.980696,989.65,678.28,1053.85,249.25,234.38,0.46,-1.05,103.68,103.52,101.0,-489.72,0.0,0.958,0.973,0.966,0.056,3,1.0,0.0,60395.062
2026-08-30T16:46:35.609Z,66.027181,-148.982012,978.5,666.93,1045.4,249.26,234.38,0.96,-0.73,103.16,103.02,100.49,-561.4,0.0,0.96,0.96,0.96,,1,1.0,0.0,60396.273
2026-08-30T16:46:36.355Z,66.02707,-148.982815,970.74,656.82,1037.31,249.28,234.4,1.22,-0.54,102.97,102.84,100.29,-610.5,0.0,0.962,0.962,0.962,,1,1.0,0.0,60397.012
2026-08-30T16:46:37.296Z,66.026929,-148.983828,960.07,647.73,1026.58,249.26,234.38,1.61,-0.34,102.84,102.72,100.13,-672.23,0.0,0.966,0.967,0.967,0.026,2,1.0,0.0,60397.957
2026-08-30T16:46:38.509Z,66.026746,-148.985137,944.84,632.92,1012.58,249.22,234.34,1.92,-0.06,102.78,102.65,100.08,-752.53,0.0,0.966,0.966,0.966,,1,1.0,0.0,60399.172
2026-08-30T16:46:39.808Z,66.026551,-148.986535,927.33,616.04,996.55,249.12,234.24,1.34,0.05,102.81,102.64,100.11,-782.94,0.0,1.009,1.009,1.009,,1,1.0,0.0,60400.473
2026-08-30T16:46:41.035Z,66.026364,-148.98786,911.94,600.73,980.85,248.87,233.98,1.54,-0.19,102.83,102.56,99.97,-756.31,0.0,1.015,1.015,1.015,,1,1.0,0.0,60401.727
2026-08-30T16:46:41.819Z,66.026246,-148.988694,902.19,590.5,970.82,248.81,233.93,0.94,-0.88,102.69,102.38,99.9,-741.61,0.0,1.004,1.004,1.004,,1,1.0,0.0,60402.508
2026-08-30T16:46:43.113Z,66.026049,-148.990079,887.48,576.68,955.03,248.99,234.12,0.51,-1.97,102.38,102.06,99.61,-669.75,0.0,1.036,1.036,1.036,,1,1.0,0.0,60403.82
2026-08-30T16:46:43.912Z,66.025928,-148.990944,879.23,568.66,946.01,249.19,234.32,0.46,-2.05,102.18,101.83,99.37,-625.9,0.0,1.031,1.031,1.031,,1,1.0,0.0,60404.629
2026-08-30T16:46:45.230Z,66.025733,-148.99235,866.54,555.09,932.51,249.56,234.69,0.49,-1.81,101.74,101.36,98.96,-589.74,0.0,1.007,1.007,1.007,,1,1.0,0.0,60405.934
2026-08-30T16:46:46.019Z,66.025617,-148.993197,858.86,548.07,923.47,249.73,234.86,0.53,-1.71,101.4,100.93,98.6,-584.99,0.0,0.99,0.99,0.99,,1,1.0,0.0,60406.723
2026-08-30T16:46:47.327Z,66.025431,-148.99458,847.34,537.21,909.85,250.05,235.18,0.26,-1.11,99.99,99.33,97.06,-493.19,0.0,1.07,1.07,1.07,,1,1.0,0.0,60408.043
2026-08-30T16:46:48.133Z,66.025318,-148.995433,841.93,531.44,903.16,250.16,235.29,-0.28,-0.47,98.57,97.79,95.44,-402.8,0.0,1.061,1.061,1.061,,1,1.0,0.0,60408.855
2026-08-30T16:46:50.070Z,66.025058,-148.997391,834.12,479.24,893.91,249.81,234.92,0.16,0.13,93.9,93.14,90.86,-263.44,0.0,0.96,0.96,0.96,,1,1.0,0.0,60410.789
2026-08-30T16:46:51.055Z,66.024928,-148.998361,829.63,488.3,889.5,249.49,234.61,0.94,-0.7,92.04,91.34,89.03,-297.36,0.0,0.962,0.977,0.97,0.55,2,1.0,0.0,60411.77
2026-08-30T16:46:52.371Z,66.024758,-148.999628,821.07,484.58,883.13,249.44,234.56,0.41,-0.01,90.06,89.48,87.14,-384.95,0.0,0.965,0.965,0.965,,1,1.0,0.0,60413.094
2026-08-30T16:46:53.185Z,66.024655,-149.00039,815.26,470.02,878.09,249.01,234.07,1.86,1.25,89.2,88.58,86.08,-455.09,0.0,0.98,0.98,0.98,,1,1.0,0.0,60413.906
2026-08-30T16:46:54.520Z,66.024486,-149.001625,800.75,425.92,866.88,248.31,233.45,1.88,-1.34,87.76,87.15,84.81,-656.07,0.0,0.935,0.935,0.935,,1,1.0,0.0,60415.242
2026-08-30T16:46:55.330Z,66.024383,-149.002364,791.06,429.02,858.1,248.71,233.86,1.0,-0.87,87.05,86.41,84.18,-658.79,0.0,1.045,1.045,1.045,,1,1.0,0.0,60416.047
2026-08-30T16:46:56.651Z,66.024217,-149.003557,777.77,385.55,843.93,249.23,234.33,0.49,0.28,85.95,85.4,83.14,-585.53,0.0,1.046,1.046,1.046,,1,1.0,0.0,60417.379
2026-08-30T16:46:57.472Z,66.024115,-149.004294,770.48,385.24,835.96,248.45,233.51,0.7,0.76,85.49,84.93,82.68,-554.31,0.0,1.037,1.037,1.037,,1,1.0,0.0,60418.211
2026-08-30T16:46:58.818Z,66.023947,-149.005491,759.79,398.41,823.46,247.91,232.99,-0.51,-0.68,84.15,83.44,81.3,-436.67,0.0,1.104,1.104,1.104,,1,1.0,0.0,60419.555
2026-08-30T16:47:00.251Z,66.023771,-149.006735,750.68,372.13,813.4,247.38,232.51,-1.08,-2.44,82.38,81.75,79.7,-387.42,0.0,1.01,1.01,1.01,,1,1.0,0.0,60420.992
2026-08-30T16:47:01.620Z,66.023608,-149.007906,741.82,358.33,804.23,246.5,231.62,-0.11,-2.6,81.15,80.54,78.57,-422.49,0.0,0.955,0.955,0.955,,1,1.0,0.0,60422.363
2026-08-30T16:47:02.636Z,66.02349,-149.008761,734.03,367.54,797.23,246.62,231.82,0.1,-2.0,80.43,79.87,77.77,-456.91,0.0,0.969,0.97,0.97,0.591,2,1.0,0.0,60423.375
2026-08-30T16:47:03.982Z,66.023332,-149.00989,722.34,370.46,786.91,249.08,234.25,0.82,-3.8,80.01,79.43,77.26,-543.84,0.0,0.963,0.963,0.963,,1,1.0,0.0,60424.73
2026-08-30T16:47:04.825Z,66.023238,-149.010592,713.71,358.09,779.57,249.26,234.37,0.59,-3.28,79.88,79.37,77.22,-595.35,0.0,0.97,0.97,0.97,,1,1.0,0.0,60425.574
2026-08-30T16:47:06.219Z,66.023087,-149.011752,698.61,334.95,764.53,248.47,233.63,0.47,-3.62,79.59,78.98,76.98,-646.43,0.0,0.981,0.981,0.981,,1,1.0,0.0,60426.969
2026-08-30T16:47:07.069Z,66.022997,-149.012463,689.38,331.97,754.46,249.74,234.98,-0.53,-2.04,79.35,78.69,76.78,-617.72,0.0,1.035,1.035,1.035,,1,1.0,0.0,60427.832
2026-08-30T16:47:08.472Z,66.022851,-149.013634,676.85,320.0,741.46,251.26,236.37,-0.7,0.15,78.74,78.07,76.07,-523.63,0.0,1.04,1.04,1.04,,1,1.0,0.0,60429.234
2026-08-30T16:47:09.956Z,66.0227,-149.014863,664.33,316.06,729.0,250.0,235.14,-1.11,0.1,77.91,77.22,75.44,-522.44,0.0,0.966,0.966,0.966,,1,1.0,0.0,60430.734
2026-08-30T16:47:11.391Z,66.022554,-149.016034,652.81,292.64,717.56,250.22,235.34,-0.46,1.41,77.39,76.72,74.82,-486.13,0.0,1.013,1.013,1.013,,1,1.0,0.0,60432.176
2026-08-30T16:47:12.467Z,66.022441,-149.016914,643.75,295.74,708.35,249.72,234.82,-0.4,1.64,77.09,76.43,74.5,-507.42,0.0,0.977,0.979,0.978,0.354,2,1.0,0.0,60433.273
2026-08-30T16:47:13.929Z,66.022283,-149.018089,630.54,281.17,696.99,248.84,233.96,0.11,2.09,76.83,76.19,74.21,-558.51,0.0,0.96,0.96,0.96,,1,1.0,0.0,60434.73
2026-08-30T16:47:14.833Z,66.022183,-149.018808,621.69,272.72,687.89,248.38,233.47,0.01,1.27,76.75,76.09,74.15,-581.27,0.0,0.991,0.991,0.991,,1,1.0,0.0,60435.629
2026-08-30T16:47:16.295Z,66.022014,-149.019972,606.84,256.02,674.87,247.06,232.16,-0.37,-0.92,76.72,76.04,74.11,-603.36,0.0,0.99,0.99,0.99,,1,1.0,0.0,60437.086
2026-08-30T16:47:17.193Z,66.021911,-149.020683,598.01,254.63,664.9,246.98,232.13,-0.58,-0.54,76.64,75.92,74.01,-578.44,0.0,1.031,1.031,1.031,,1,1.0,0.0,60437.996
2026-08-30T16:47:18.678Z,66.021736,-149.021853,584.49,230.07,649.97,247.43,232.58,-0.75,-1.01,76.36,75.63,73.7,-538.27,0.0,1.006,1.006,1.006,,1,1.0,0.0,60439.496
2026-08-30T16:47:20.273Z,66.02155,-149.023115,570.85,218.43,636.17,248.12,233.24,-0.75,-1.04,76.06,75.34,73.45,-517.26,0.0,0.988,0.988,0.988,,1,1.0,0.0,60441.09
2026-08-30T16:47:21.773Z,66.021377,-149.024289,558.39,218.1,624.1,247.77,232.9,-0.77,-1.6,75.89,75.12,73.25,-494.16,0.0,1.013,1.013,1.013,,1,1.0,0.0,60442.586
2026-08-30T16:47:22.688Z,66.021274,-149.025006,550.99,213.72,616.75,247.95,233.09,-0.83,-0.52,75.76,75.01,73.1,-497.31,0.0,0.994,0.994,0.994,,1,1.0,0.0,60443.5
2026-08-30T16:47:24.183Z,66.021105,-149.026176,538.29,200.21,603.14,247.87,232.99,-0.87,1.45,75.42,74.66,72.8,-517.87,0.0,0.997,0.997,0.997,,1,1.0,0.0,60445.004
2026-08-30T16:47:25.107Z,66.020999,-149.026894,530.01,179.72,594.93,247.28,232.37,-0.78,0.57,75.21,74.41,72.66,-528.23,0.0,0.992,0.992,0.992,,1,1.0,0.0,60445.926
2026-08-30T16:47:26.609Z,66.020823,-149.028064,515.95,155.06,581.3,246.28,231.41,-0.74,-2.88,75.06,74.23,72.64,-579.73,0.0,0.969,0.969,0.969,,1,1.0,0.0,60447.441
2026-08-30T16:47:27.543Z,66.020714,-149.028785,506.48,164.79,572.27,246.81,232.0,-1.28,-1.98,75.06,74.16,72.57,-586.48,0.0,1.003,1.003,1.003,,1,1.0,0.0,60448.402
2026-08-30T16:47:29.142Z,66.02053,-149.030023,491.21,143.82,555.18,247.55,232.67,-1.44,-1.7,74.77,73.95,72.22,-574.3,0.0,0.989,0.989,0.989,,1,1.0,0.0,60450.027
2026-08-30T16:47:30.880Z,66.020335,-149.031367,473.74,137.37,538.0,247.05,232.2,-1.46,-3.69,74.39,73.49,71.94,-578.88,0.0,0.991,0.991,0.991,,1,1.0,0.0,60451.801
2026-08-30T16:47:32.549Z,66.020154,-149.032654,458.7,129.21,523.81,248.48,233.72,-1.67,-3.49,74.19,73.32,71.81,-554.03,0.0,0.992,0.992,0.992,,1,1.0,0.0,60453.391
2026-08-30T16:47:33.493Z,66.020056,-149.03339,450.37,120.26,515.28,249.94,235.13,-1.04,-1.93,74.19,73.28,71.72,-541.73,0.0,1.017,1.017,1.017,,1,1.0,0.0,60454.324
2026-08-30T16:47:35.005Z,66.019904,-149.034568,436.35,102.83,500.29,250.64,235.75,-1.32,-1.28,73.87,72.92,71.42,-552.28,0.0,0.998,0.998,0.998,,1,1.0,0.0,60455.832
2026-08-30T16:47:36.135Z,66.019793,-149.035435,426.13,90.53,488.86,250.06,235.2,-1.89,-0.78,73.52,72.55,71.15,-536.58,0.0,0.999,1.005,1.002,0.422,2,1.0,0.0,60456.938
2026-08-30T16:47:37.606Z,66.019648,-149.036582,413.62,72.77,477.02,250.16,235.31,-1.87,-0.16,72.97,71.96,70.61,-511.95,0.0,1.004,1.004,1.004,,1,1.0,0.0,60458.391
2026-08-30T16:47:38.492Z,66.019562,-149.037259,406.12,62.48,470.22,250.44,235.59,-2.17,0.95,72.53,71.52,70.22,-509.35,0.0,0.997,0.997,0.997,,1,1.0,0.0,60459.297
2026-08-30T16:47:40.631Z,66.019351,-149.038873,387.81,37.79,452.48,249.37,234.47,-2.17,-0.64,71.37,70.27,69.15,-527.9,0.0,0.986,0.986,0.986,,1,1.0,0.0,60461.426
2026-08-30T16:47:42.083Z,66.019206,-149.039956,375.93,24.28,440.1,249.39,234.54,-2.93,-0.88,70.37,69.23,68.16,-461.93,0.0,1.05,1.05,1.05,,1,1.0,0.0,60462.867
2026-08-30T16:47:42.969Z,66.019118,-149.040609,369.77,18.51,433.31,249.58,234.75,-4.15,-0.19,69.53,68.36,67.45,-410.06,0.0,1.025,1.025,1.025,,1,1.0,0.0,60463.727
2026-08-30T16:47:44.416Z,66.018976,-149.041657,362.88,21.74,424.31,250.15,235.28,-4.58,2.02,68.09,66.92,65.93,-277.49,0.0,1.056,1.056,1.056,,1,1.0,0.0,60465.195
2026-08-30T16:47:45.297Z,66.018891,-149.042278,359.37,20.4,420.22,249.48,234.56,-4.73,1.3,67.11,65.95,65.03,-268.89,0.0,0.982,0.982,0.982,,1,1.0,0.0,60466.07
2026-08-30T16:47:46.720Z,66.018751,-149.043269,352.81,15.66,414.76,247.26,232.39,-7.17,-0.48,65.25,64.08,63.5,-247.37,0.0,1.014,1.014,1.014,,1,1.0,0.0,60467.484
2026-08-30T16:47:47.587Z,66.018666,-149.043862,350.36,13.29,412.49,247.33,232.49,-7.4,-0.9,64.19,63.0,62.27,-167.9,0.0,1.073,1.073,1.073,,1,1.0,0.0,60468.352
2026-08-30T16:47:48.998Z,66.018532,-149.044802,348.22,10.16,409.03,247.93,233.1,-7.81,-0.57,62.25,61.12,60.4,-100.84,0.0,1.015,1.015,1.015,,1,1.0,0.0,60469.812
2026-08-30T16:47:50.638Z,66.018382,-149.045855,345.83,7.98,405.64,250.28,235.9,-4.85,-0.69,59.88,58.52,57.2,-72.92,1.0,0.971,0.971,0.971,,1,1.0,0.0,60471.465
2026-08-30T16:47:52.448Z,66.01823,-149.046947,345.73,7.75,403.92,251.32,236.46,-1.57,-1.09,55.08,53.17,51.55,17.63,1.0,1.028,1.028,1.028,,1,1.0,0.0,60473.258
2026-08-30T16:47:53.361Z,66.01816,-149.047455,346.54,7.67,404.27,251.9,237.03,-1.24,-0.95,50.66,49.31,48.03,44.12,1.0,1.02,1.02,1.02,,1,1.0,0.0,60474.172
2026-08-30T16:47:54.856Z,66.018058,-149.048218,347.75,7.67,404.82,252.31,237.55,-0.19,-1.12,44.72,42.72,41.16,33.11,1.0,0.951,0.951,0.951,,1,1.0,0.0,60475.664
2026-08-30T16:47:55.769Z,66.018005,-149.048626,347.98,7.65,405.26,252.86,237.97,0.23,-1.41,39.0,36.98,35.33,15.52,1.0,0.969,0.969,0.969,,1,1.0,0.0,60476.574
2026-08-30T16:47:57.238Z,66.017937,-149.049177,347.73,7.74,406.55,253.16,238.24,-0.98,-1.15,33.66,32.84,31.5,-16.34,1.0,0.962,0.962,0.962,,1,1.0,0.0,60478.031
2026-08-30T16:47:58.949Z,66.017862,-149.049751,346.69,7.65,405.46,249.89,234.96,-0.97,-0.87,30.87,30.1,28.69,-26.9,1.0,0.984,1.033,1.009,0.645,2,1.0,0.0,60479.879
2026-08-30T16:48:00.599Z,66.017784,-149.050244,346.17,7.68,405.06,249.03,234.21,-1.05,-0.58,28.33,27.57,26.15,-12.52,1.0,0.998,0.998,0.998,,1,1.0,0.0,60481.457
2026-08-30T16:48:01.562Z,66.017743,-149.050513,346.14,7.69,404.91,249.25,234.44,-0.72,-0.14,26.81,26.06,24.62,-5.99,1.0,0.991,0.991,0.991,,1,1.0,0.0,60482.414
2026-08-30T16:48:03.121Z,66.01768,-149.050914,346.27,7.66,404.23,249.36,234.54,-1.03,-0.55,24.26,23.54,22.15,7.74,1.0,1.005,1.005,1.005,,1,1.0,0.0,60483.965
2026-08-30T16:48:04.269Z,66.017639,-149.051183,346.43,7.62,404.89,249.49,234.65,-1.14,-0.79,22.37,21.66,20.2,11.78,1.0,0.992,0.993,0.992,5.353,2,1.0,0.0,60485.109
2026-08-30T16:48:05.815Z,66.01759,-149.051506,346.9,7.65,405.58,249.86,235.02,-0.66,0.09,19.25,18.6,17.22,14.56,1.0,1.004,1.004,1.004,,1,1.0,0.0,60486.641
2026-08-30T16:48:06.745Z,66.017564,-149.051678,347.08,7.66,405.46,249.88,235.03,-1.2,-0.48,17.89,17.33,15.91,13.8,1.0,0.992,0.992,0.992,,1,1.0,0.0,60487.574
2026-08-30T16:48:08.315Z,66.017526,-149.051941,347.47,7.67,405.89,249.88,235.02,-0.73,-0.03,16.35,16.0,14.65,13.4,1.0,0.997,0.997,0.997,,1,1.0,0.0,60489.254
2026-08-30T16:48:10.097Z,66.017483,-149.052219,347.63,7.65,404.92,249.56,234.7,-0.69,-0.18,16.2,16.01,14.71,3.93,1.0,1.017,1.017,1.017,,1,1.0,0.0,60490.988
2026-08-30T16:48:11.734Z,66.017444,-149.052476,347.56,7.67,405.95,249.3,234.46,-0.25,0.63,16.72,16.54,15.25,-5.54,1.0,1.023,1.023,1.023,,1,1.0,0.0,60492.625
2026-08-30T16:48:12.739Z,66.017419,-149.052639,347.37,7.65,405.18,249.13,234.27,-0.37,0.92,17.12,16.95,15.64,-9.11,1.0,0.986,0.986,0.986,,1,1.0,0.0,60493.574
2026-08-30T16:48:14.265Z,66.017378,-149.052895,346.98,7.61,405.07,248.92,234.11,-0.12,0.92,17.77,17.62,16.3,-17.4,1.0,0.986,0.986,0.986,,1,1.0,0.0,60495.094
2026-08-30T16:48:15.206Z,66.017353,-149.053057,346.62,7.7,405.59,250.77,235.93,-0.29,0.91,18.15,18.02,16.76,-21.84,1.0,1.007,1.007,1.007,,1,1.0,0.0,60496.043
2026-08-30T16:48:16.734Z,66.017314,-149.053336,345.98,7.65,404.45,250.51,235.64,-0.32,1.01,18.91,18.76,17.48,-25.9,1.0,0.959,0.959,0.959,,1,1.0,0.0,60497.578
2026-08-30T16:48:17.883Z,66.017283,-149.05355,345.43,7.68,403.76,250.1,235.23,-0.24,1.05,19.45,19.29,18.03,-26.8,1.0,0.982,1.011,0.997,2.591,2,1.0,0.0,60498.715
2026-08-30T16:48:20.125Z,66.017217,-149.053986,344.58,7.7,403.99,248.99,234.12,-0.43,0.59,20.41,20.2,18.9,-21.83,1.0,1.006,1.006,1.006,,1,1.0,0.0,60500.965
2026-08-30T16:48:21.662Z,66.017168,-149.054295,344.27,7.64,403.53,248.29,233.42,-0.78,0.39,20.85,20.61,19.24,-8.66,1.0,1.009,1.009,1.009,,1,1.0,0.0,60502.496
2026-08-30T16:48:22.789Z,66.017131,-149.054526,344.19,7.66,404.25,248.73,233.92,-0.79,-0.05,21.02,20.73,19.4,-1.88,1.0,0.976,0.98,0.978,1.92,2,1.0,0.0,60503.625
2026-08-30T16:48:24.314Z,66.017081,-149.054839,344.27,7.7,401.73,248.56,233.7,-0.57,-0.16,21.2,20.91,19.59,-0.53,1.0,0.989,0.989,0.989,,1,1.0,0.0,60505.148
2026-08-30T16:48:25.247Z,66.01705,-149.055034,344.25,7.71,401.25,248.19,233.32,-0.75,-0.6,21.35,21.04,19.71,1.22,1.0,0.992,0.992,0.992,,1,1.0,0.0,60506.074
2026-08-30T16:48:26.766Z,66.016998,-149.055349,344.24,7.67,402.07,247.73,232.87,-0.69,-0.18,21.65,21.4,20.06,-2.98,1.0,0.992,0.992,0.992,,1,1.0,0.0,60507.605
2026-08-30T16:48:27.709Z,66.016965,-149.055548,344.16,7.67,402.47,247.36,232.49,-0.96,-0.74,21.93,21.7,20.33,-5.47,1.0,1.011,1.011,1.011,,1,1.0,0.0,60508.547
2026-08-30T16:48:29.246Z,66.016909,-149.055876,343.84,7.69,402.22,247.42,232.61,-0.51,-0.19,22.52,22.27,20.91,-12.69,1.0,1.005,1.005,1.005,,1,1.0,0.0,60510.07
2026-08-30T16:48:30.881Z,66.01685,-149.056241,343.23,7.65,402.44,249.24,234.43,-0.52,-0.09,23.22,23.02,21.71,-25.84,1.0,0.969,0.969,0.969,,1,1.0,0.0,60511.719
2026-08-30T16:48:32.413Z,66.016797,-149.056599,342.41,7.68,401.42,251.02,236.18,-0.1,0.01,24.03,23.81,22.57,-36.8,1.0,1.013,1.013,1.013,,1,1.0,0.0,60513.254
2026-08-30T16:48:33.359Z,66.016765,-149.056828,341.69,7.65,400.35,250.87,235.99,-0.22,-0.0,24.64,24.41,23.16,-41.4,1.0,1.002,1.002,1.002,,1,1.0,0.0,60514.195
2026-08-30T16:48:34.892Z,66.01671,-149.057211,340.7,7.64,397.97,250.24,235.37,-0.54,-0.38,25.48,25.25,23.97,-35.36,1.0,0.992,0.992,0.992,,1,1.0,0.0,60515.734
2026-08-30T16:48:36.041Z,66.016667,-149.057506,340.17,7.62,396.64,250.43,235.63,-0.7,0.11,25.97,25.68,24.4,-21.29,1.0,0.989,1.007,0.998,1.223,2,1.0,0.0,60516.871
2026-08-30T16:48:37.560Z,66.01661,-149.057907,339.97,7.69,396.12,251.1,236.23,-0.74,-0.66,26.4,26.05,24.8,-7.39,1.0,0.998,0.998,0.998,,1,1.0,0.0,60518.395
2026-08-30T16:48:38.499Z,66.016575,-149.058159,340.09,7.7,396.0,250.88,236.01,-0.77,-0.48,26.5,26.08,24.82,2.89,1.0,1.002,1.002,1.002,,1,1.0,0.0,60519.32
2026-08-30T16:48:40.698Z,66.016493,-149.058734,340.78,7.65,396.34,250.38,235.53,-1.17,-0.4,25.25,24.65,23.26,22.51,1.0,0.993,0.993,0.993,,1,1.0,0.0,60521.523
2026-08-30T16:48:42.213Z,66.016438,-149.059106,341.5,7.66,398.22,250.33,235.46,-0.82,-0.12,23.21,22.52,21.13,26.99,1.0,1.023,1.023,1.023,,1,1.0,0.0,60523.035
2026-08-30T16:48:43.139Z,66.016408,-149.059316,341.89,7.67,399.26,250.38,235.52,-0.97,0.16,21.82,21.17,19.74,26.07,1.0,1.011,1.011,1.011,,1,1.0,0.0,60523.949
2026-08-30T16:48:44.632Z,66.016362,-149.059625,342.41,7.73,400.46,250.39,235.53,-0.46,0.36,19.56,18.93,17.59,17.31,1.0,1.008,1.008,1.008,,1,1.0,0.0,60525.43
2026-08-30T16:48:45.532Z,66.016337,-149.059795,342.58,7.66,400.6,250.47,235.63,-0.62,0.83,18.33,17.75,16.35,13.18,1.0,1.025,1.025,1.025,,1,1.0,0.0,60526.34
2026-08-30T16:48:47.006Z,66.016301,-149.060049,342.72,7.65,401.16,250.5,235.64,-0.31,1.12,16.6,16.11,14.76,8.11,1.0,1.0,1.0,1.0,,1,1.0,0.0,60527.938
2026-08-30T16:48:48.053Z,66.016277,-149.060214,342.81,7.65,401.22,250.31,235.45,-0.84,0.72,15.8,15.42,14.05,4.88,1.0,0.988,0.988,0.988,,1,1.0,0.0,60528.922
2026-08-30T16:48:50.389Z,66.016227,-149.060552,342.92,7.65,402.32,250.3,235.45,-0.31,1.26,13.58,13.11,11.76,5.06,1.0,0.997,0.997,0.997,,1,1.0,0.0,60531.145
2026-08-30T16:48:51.833Z,66.016202,-149.060727,343.08,7.66,400.81,250.26,235.41,-0.81,0.92,11.9,11.47,10.1,5.84,1.0,1.01,1.01,1.01,,1,1.0,0.0,60532.621
2026-08-30T16:48:52.722Z,66.016187,-149.060823,343.12,7.6,400.83,250.24,235.4,-0.53,1.06,10.88,10.47,9.11,5.4,1.0,1.01,1.01,1.01,,1,1.0,0.0,60533.504
2026-08-30T16:48:54.155Z,66.016167,-149.060959,343.28,7.63,401.15,246.37,231.15,-0.79,0.22,9.3,8.94,7.45,3.11,1.0,1.012,1.012,1.012,,1,1.0,0.0,60534.965
2026-08-30T16:48:55.080Z,66.016153,-149.061028,343.34,7.63,401.27,239.04,223.84,-0.57,0.68,8.41,8.06,6.38,4.34,1.0,1.042,1.042,1.042,,1,1.0,0.0,60535.934
2026-08-30T16:48:56.621Z,66.016126,-149.061111,343.44,7.67,402.02,223.76,208.42,-1.43,0.53,6.82,6.51,4.7,2.88,1.0,1.011,1.011,1.011,,1,1.0,0.0,60537.457
2026-08-30T16:48:57.562Z,66.01611,-149.061143,343.57,7.82,400.91,215.43,200.24,-0.88,-0.82,6.09,5.81,3.83,3.21,1.0,1.006,1.006,1.006,,1,1.0,0.0,60538.379
2026-08-30T16:48:59.061Z,66.016088,-149.061174,343.61,7.55,400.44,204.11,188.98,-0.51,-0.77,5.55,5.37,3.32,3.51,1.0,0.99,0.99,0.99,,1,1.0,0.0,60539.91
2026-08-30T16:49:00.685Z,66.016065,-149.061195,343.63,7.7,400.34,202.31,187.47,-0.28,0.62,5.0,5.0,2.99,0.63,1.0,1.022,1.022,1.022,,1,1.0,0.0,60541.492
2026-08-30T16:49:02.154Z,66.016047,-149.061214,343.66,7.74,400.3,202.24,187.4,-1.36,0.38,4.96,5.01,3.08,-0.99,1.0,1.048,1.048,1.048,,1,1.0,0.0,60542.949
2026-08-30T16:49:03.051Z,66.016035,-149.061226,343.52,7.84,400.27,202.2,187.38,-2.22,0.18,5.46,5.4,3.38,-0.76,1.0,0.964,0.964,0.964,,1,1.0,0.0,60543.848
2026-08-30T16:49:04.530Z,66.016015,-149.061248,343.68,7.75,400.31,205.2,190.5,-1.34,-0.78,4.74,4.47,2.37,5.2,1.0,0.981,0.981,0.981,,1,1.0,0.0,60545.336
2026-08-30T16:49:05.436Z,66.016006,-149.061259,343.78,7.58,400.37,207.53,192.79,-0.88,-0.28,3.73,3.46,1.44,5.93,1.0,0.995,0.995,0.995,,1,1.0,0.0,60546.309
2026-08-30T16:49:07.011Z,66.015998,-149.06127,343.9,7.7,400.52,210.19,195.34,-1.18,0.02,2.53,2.38,0.39,2.76,1.0,1.007,1.007,1.007,,1,1.0,0.0,60547.879
2026-08-30T16:49:08.753Z,66.015995,-149.061274,343.9,7.75,400.58,211.14,196.33,-1.46,0.0,2.37,2.37,0.42,-0.08,1.0,0.997,1.007,1.002,0.057,2,1.0,0.0,60549.602
2026-08-30T16:49:10.286Z,66.015993,-149.061279,343.9,7.73,400.58,212.59,197.82,-1.59,0.16,2.65,2.66,0.71,-0.42,1.0,0.994,0.994,0.994,,1,1.0,0.0,60551.102
2026-08-30T16:49:11.203Z,66.01599,-149.061283,343.88,7.65,400.58,214.14,199.38,-1.8,0.47,2.74,2.72,0.79,0.06,1.0,0.986,0.986,0.986,,1,1.0,0.0,60552.027
2026-08-30T16:49:12.706Z,66.015986,-149.061291,343.92,7.64,400.59,216.52,201.73,-2.22,0.07,2.59,2.52,0.56,1.66,1.0,1.011,1.011,1.011,,1,1.0,0.0,60553.484
2026-08-30T16:49:13.768Z,66.015984,-149.061295,343.95,7.62,400.61,217.86,203.07,-2.24,0.14,2.4,2.36,0.42,1.3,1.0,0.989,1.012,1.001,1.949,2,1.0,0.0,60554.566
2026-08-30T16:49:15.342Z,66.015982,-149.0613,344.0,7.66,400.65,219.07,204.24,-2.03,-0.24,2.21,2.16,0.24,0.55,1.0,1.0,1.0,1.0,,1,1.0,0.0,60556.109
2026-08-30T16:49:16.210Z,66.015981,-149.061301,343.99,7.64,400.66,219.51,204.67,-2.04,-0.16,2.09,2.01,0.09,0.44,1.0,1.001,1.001,1.001,,1,1.0,0.0,60557.16
2026-08-30T16:49:17.912Z,66.015981,-149.061302,343.99,7.64,400.67,219.61,204.76,-2.05,-0.13,1.93,1.9,0.01,0.08,1.0,0.999,0.999,0.999,,1,1.0,0.0,60558.742
2026-08-30T16:49:19.486Z,66.015981,-149.061302,343.99,7.64,400.68,219.61,204.76,-2.06,-0.12,1.92,1.89,0.0,-0.02,1.0,0.999,0.999,0.999,,1,1.0,0.0,60560.348
2026-08-30T16:49:21.031Z,66.015981,-149.061302,343.99,7.64,400.68,219.61,204.76,-2.07,-0.14,1.92,1.89,0.0,-0.01,1.0,0.999,0.999,0.999,,1,1.0,0.0,60561.867
2026-08-30T16:49:21.968Z,66.015981,-149.061302,343.99,7.64,400.68,219.61,204.76,-2.06,-0.15,1.92,1.89,0.0,-0.04,1.0,0.999,0.999,0.999,,1,1.0,0.0,60562.809
2026-08-30T16:49:23.508Z,66.015981,-149.061302,343.99,7.64,400.68,219.61,204.76,-2.08,-0.15,1.92,1.9,0.0,0.01,1.0,0.999,0.999,0.999,,1,1.0,0.0,60564.336
2026-08-30T16:49:24.440Z,66.015981,-149.061302,343.99,7.64,400.68,219.61,204.76,-2.06,-0.13,1.92,1.89,0.0,-0.01,1.0,0.999,0.999,0.999,,1,1.0,0.0,60565.258
2026-08-30T16:49:25.935Z,66.015981,-149.061302,343.99,7.64,400.68,219.61,204.76,-2.06,-0.14,1.92,1.9,0.01,0.0,1.0,0.999,0.999,0.999,,1,1.0,0.0,60566.754
2026-08-30T16:49:26.858Z,66.015981,-149.061302,343.99,7.64,400.68,219.61,204.76,-2.0,-0.17,1.92,1.89,0.02,-0.01,1.0,0.999,0.999,0.999,,1,1.0,0.0,60567.672
2026-08-30T16:49:28.372Z,66.015981,-149.061302,343.99,7.64,400.68,219.65,204.81,-1.98,-0.2,1.99,2.0,0.12,0.25,1.0,0.999,0.999,0.999,,1,1.0,0.0,60569.156
2026-08-30T16:49:29.908Z,66.01598,-149.061304,344.02,7.68,400.69,220.66,205.89,-1.91,-0.34,2.37,2.44,0.59,0.69,1.0,1.001,1.001,1.001,,1,1.0,0.0,60570.688
2026-08-30T16:49:31.356Z,66.015977,-149.061313,344.07,7.67,400.72,223.31,208.59,-1.77,-0.53,3.15,3.29,1.53,2.91,1.0,1.013,1.013,1.013,,1,1.0,0.0,60572.168
2026-08-30T16:49:32.268Z,66.015972,-149.061324,344.11,7.65,401.08,225.24,210.45,-1.81,-0.08,3.95,4.08,2.29,5.48,1.0,0.988,0.988,0.988,,1,1.0,0.0,60573.078
2026-08-30T16:49:33.758Z,66.015961,-149.061355,344.31,7.77,402.63,230.66,216.24,-1.43,-0.24,5.28,5.51,3.92,4.19,1.0,1.009,1.009,1.009,,1,1.0,0.0,60574.617
2026-08-30T16:49:34.721Z,66.015951,-149.06139,344.34,7.65,404.04,233.77,218.93,-0.92,-0.81,6.66,6.83,5.25,5.93,1.0,1.012,1.012,1.012,,1,1.0,0.0,60575.602
2026-08-30T16:49:36.369Z,66.015926,-149.061476,344.65,7.79,403.45,233.5,218.62,-1.84,-1.11,8.97,9.12,7.47,15.05,1.0,1.028,1.028,1.028,,1,1.0,0.0,60577.266
2026-08-30T16:49:37.375Z,66.015905,-149.061545,344.92,7.7,404.22,234.22,219.64,-2.37,-0.65,9.86,9.85,8.16,22.13,1.0,0.978,0.978,0.978,,1,1.0,0.0,60578.285
2026-08-30T16:49:39.014Z,66.015872,-149.061678,345.57,7.62,403.85,245.42,231.16,-1.32,-0.05,10.52,10.44,9.06,16.02,1.0,1.053,1.053,1.053,,1,1.0,0.0,60579.828
2026-08-30T16:49:40.642Z,66.015846,-149.061835,345.85,7.85,403.82,247.82,232.96,-0.4,-0.54,10.41,10.08,8.75,12.67,1.0,0.912,0.912,0.912,,1,1.0,0.0,60581.504
2026-08-30T16:49:42.215Z,66.015823,-149.061975,346.11,7.7,405.15,248.01,233.13,-1.46,0.54,8.79,8.37,6.92,16.07,1.0,1.029,1.029,1.029,,1,1.0,0.0,60583.141
2026-08-30T16:49:43.255Z,66.01581,-149.062052,346.41,7.73,406.47,247.87,232.98,-1.21,-0.04,7.39,6.94,5.53,14.93,1.0,0.947,0.947,0.947,,1,1.0,0.0,60584.188
2026-08-30T16:49:44.924Z,66.015793,-149.062139,346.88,7.69,404.74,241.29,226.2,-1.61,-0.12,5.01,4.7,3.09,14.79,1.0,0.974,0.974,0.974,,1,1.0,0.0,60585.77
2026-08-30T16:49:45.894Z,66.015786,-149.062168,347.05,7.64,405.71,238.17,223.35,-1.24,0.19,3.88,3.58,1.96,8.34,1.0,0.986,0.986,0.986,,1,1.0,0.0,60586.777
2026-08-30T16:49:47.493Z,66.01578,-149.062195,347.14,7.59,406.25,242.74,228.16,-1.35,-0.45,2.06,1.83,0.35,3.05,1.0,1.002,1.002,1.002,,1,1.0,0.0,60588.34
2026-08-30T16:49:48.450Z,66.015779,-149.062199,347.15,7.57,405.72,245.2,230.36,-1.38,-0.54,1.5,1.41,0.02,1.06,1.0,0.998,0.998,0.998,,1,1.0,0.0,60589.312
2026-08-30T16:49:50.710Z,66.015779,-149.062199,347.15,7.57,405.71,245.2,230.35,-1.55,-0.52,1.45,1.43,0.0,0.14,1.0,1.0,1.0,1.0,,1,1.0,0.0,60591.555
2026-08-30T16:49:52.202Z,66.015779,-149.062199,347.15,7.57,405.25,245.2,230.35,-1.53,-0.51,1.45,1.43,0.0,0.03,1.0,1.0,1.0,1.0,,1,1.0,0.0,60593.035
2026-08-30T16:49:53.133Z,66.015779,-149.062199,347.15,7.57,405.53,245.2,230.35,-1.52,-0.51,1.45,1.43,0.0,-0.0,1.0,0.999,0.999,0.999,,1,1.0,0.0,60593.941
2026-08-30T16:49:54.610Z,66.015779,-149.062199,347.15,7.57,405.59,245.2,230.35,-1.53,-0.51,1.45,1.43,0.0,-0.01,1.0,0.999,0.999,0.999,,1,1.0,0.0,60595.453
2026-08-30T16:49:55.552Z,66.015779,-149.062199,347.15,7.57,405.65,245.2,230.35,-1.54,-0.51,1.45,1.43,0.0,0.01,1.0,1.0,1.0,1.0,,1,1.0,0.0,60596.32
2026-08-30T16:49:56.946Z,66.015779,-149.062199,347.15,7.57,405.46,245.2,230.35,-1.52,-0.51,1.45,1.43,0.0,0.0,1.0,1.0,1.0,1.0,,1,1.0,0.0,60597.672
2026-08-30T16:49:57.758Z,66.015779,-149.062199,347.15,7.57,405.22,245.2,230.35,-1.54,-0.51,1.45,1.43,0.0,-0.01,1.0,0.999,0.999,0.999,,1,1.0,0.0,60598.465
2026-08-30T16:49:59.036Z,66.015779,-149.062199,347.15,7.57,405.18,245.2,230.35,-1.52,-0.51,1.45,1.43,0.0,-0.01,1.0,1.0,1.0,1.0,,1,1.0,0.0,60599.703
2026-08-30T16:50:00.354Z,66.015779,-149.062199,347.15,7.57,405.31,245.2,230.35,-1.53,-0.51,1.45,1.43,0.0,-0.01,1.0,0.999,0.999,0.999,,1,1.0,0.0,60601.336
2026-08-30T16:50:02.050Z,66.015779,-149.062199,347.15,7.57,405.82,245.2,230.35,-1.53,-0.51,1.45,1.43,0.0,-0.01,1.0,0.999,0.999,0.999,,1,1.0,0.0,60602.871
2026-08-30T16:50:03.002Z,66.015779,-149.062199,347.15,7.57,405.73,245.2,230.35,-1.53,-0.51,1.45,1.43,0.0,-0.01,1.0,0.999,0.999,0.999,,1,1.0,0.0,60603.832
2026-08-30T16:50:04.539Z,66.015779,-149.062199,347.15,7.57,406.07,245.2,230.35,-1.54,-0.51,1.45,1.43,0.0,-0.01,1.0,1.0,1.0,1.0,,1,1.0,0.0,60605.367
2026-08-30T16:50:05.476Z,66.015779,-149.062199,347.15,7.57,406.06,245.2,230.35,-1.54,-0.51,1.45,1.43,0.0,0.01,1.0,1.0,1.0,1.0,,1,1.0,0.0,60606.32
2026-08-30T16:50:07.029Z,66.015779,-149.062199,347.15,7.57,406.12,245.2,230.35,-1.53,-0.51,1.45,1.43,0.0,0.01,1.0,1.0,1.0,1.0,,1,1.0,0.0,60607.871
2026-08-30T16:50:08.654Z,66.015779,-149.062199,347.15,7.57,405.49,245.2,230.35,-1.54,-0.51,1.45,1.43,0.0,0.01,1.0,1.0,1.0,1.0,0.016,2,1.0,0.0,60609.363
2026-08-30T16:50:09.964Z,66.015779,-149.062199,347.15,7.57,405.44,245.2,230.35,-1.53,-0.51,1.45,1.43,0.0,-0.01,1.0,0.999,0.999,0.999,,1,1.0,0.0,60610.699
2026-08-30T16:50:10.791Z,66.015779,-149.062199,347.15,7.57,405.34,245.2,230.35,-1.54,-0.51,1.45,1.43,0.0,0.0,1.0,1.0,1.0,1.0,,1,1.0,0.0,60611.496
2026-08-30T16:50:12.091Z,66.015779,-149.062199,347.15,7.57,405.56,245.2,230.35,-1.52,-0.51,1.45,1.43,0.0,-0.01,1.0,1.0,1.0,1.0,,1,1.0,0.0,60612.797
2026-08-30T16:50:12.889Z,66.015779,-149.062199,347.15,7.57,405.5,245.2,230.35,-1.54,-0.51,1.45,1.43,0.0,0.0,1.0,1.0,1.0,1.0,,1,1.0,0.0,60613.609
2026-08-30T16:50:14.203Z,66.015779,-149.062199,347.15,7.57,405.38,245.2,230.35,-1.53,-0.51,1.45,1.43,0.0,-0.01,1.0,1.0,1.0,1.0,,1,1.0,0.0,60614.871
2026-08-30T16:50:14.954Z,66.015779,-149.062199,347.15,7.57,405.36,245.2,230.35,-1.53,-0.51,1.45,1.43,0.0,0.0,1.0,1.0,1.0,1.0,,1,1.0,0.0,60615.633
2026-08-30T16:50:16.186Z,66.015779,-149.062199,347.15,7.57,405.64,245.2,230.35,-1.53,-0.51,1.45,1.43,0.0,-0.01,1.0,1.0,1.0,1.0,,1,1.0,0.0,60616.828
2026-08-30T16:50:16.909Z,66.015779,-149.062199,347.15,7.57,405.04,245.2,230.35,-1.52,-0.51,1.45,1.43,0.0,0.0,1.0,1.0,1.0,1.0,,1,1.0,0.0,60617.57
2026-08-30T16:50:17.658Z,66.015779,-149.062199,347.15,7.57,405.89,245.2,230.35,-1.53,-0.51,1.45,1.43,0.0,0.0,1.0,0.999,0.999,0.999,,1,1.0,0.0,60618.309
2026-08-30T16:50:18.847Z,66.015779,-149.062199,347.15,7.57,405.79,245.2,230.35,-1.53,-0.51,1.45,1.43,0.0,-0.01,1.0,1.0,1.0,1.0,,1,1.0,0.0,60619.453
2026-08-30T16:50:20.049Z,66.015779,-149.062199,347.15,7.57,405.77,245.2,230.35,-1.52,-0.51,1.45,1.43,0.0,0.0,1.0,1.0,1.0,1.0,,1,1.0,0.0,60620.664
2026-08-30T16:50:21.175Z,66.015779,-149.062199,347.15,7.57,404.56,245.2,230.35,-1.52,-0.5,1.45,1.43,0.01,-0.01,1.0,1.0,1.0,1.0,,1,1.0,0.0,60621.773
2026-08-30T16:50:21.849Z,66.015779,-149.062199,347.15,7.57,404.2,245.2,230.35,-1.52,-0.51,1.45,1.43,0.0,-0.0,1.0,0.999,0.999,0.999,,1,1.0,0.0,60622.43
2026-08-30T16:50:22.500Z,66.015779,-149.062199,347.15,7.57,405.13,245.2,230.35,-1.52,-0.51,1.45,1.43,0.0,0.0,1.0,1.0,1.0,1.0,,1,1.0,0.0,60623.07
2026-08-30T16:50:23.533Z,66.015779,-149.062199,347.15,7.57,404.98,245.19,230.35,-1.52,-0.51,1.45,1.43,0.0,0.0,1.0,1.0,1.0,1.0,,1,1.0,0.0,60624.082
2026-08-30T16:50:24.153Z,66.015779,-149.062199,347.15,7.57,404.89,245.19,230.35,-1.52,-0.52,1.45,1.43,0.0,-0.01,1.0,1.0,1.0,1.0,,1,1.0,0.0,60624.684
2026-08-30T16:50:25.145Z,66.015779,-149.062199,347.15,7.57,404.52,245.2,230.35,-1.52,-0.51,1.45,1.43,0.0,-0.01,1.0,0.999,1.0,1.0,0.014,3,1.0,0.0,60625.691
2026-08-30T16:50:26.141Z,66.015779,-149.062199,347.15,7.57,405.06,245.2,230.35,-1.52,-0.51,1.45,1.43,0.0,-0.0,1.0,1.0,1.0,1.0,,1,1.0,0.0,60626.68
2026-08-30T16:50:27.138Z,66.015779,-149.062199,347.15,7.57,404.59,245.2,230.35,-1.52,-0.51,1.45,1.43,0.0,0.0,1.0,0.999,1.0,1.0,0.017,3,1.0,0.0,60627.672
2026-08-30T16:50:28.448Z,66.015779,-149.062199,347.15,7.57,404.53,245.2,230.35,-1.51,-0.51,1.45,1.43,0.0,-0.0,1.0,1.0,1.0,1.0,0.017,3,1.0,0.0,60629.016
2026-08-30T16:50:29.518Z,66.015779,-149.062199,347.15,7.57,404.29,245.2,230.35,-1.51,-0.51,1.45,1.43,0.0,0.0,1.0,1.0,1.0,1.0,,1,1.0,0.0,60630.168
2026-08-30T16:50:30.259Z,66.015779,-149.062199,347.15,7.57,405.31,245.2,230.35,-1.52,-0.51,1.45,1.43,0.0,-0.0,1.0,0.999,0.999,0.999,,1,1.0,0.0,60630.879
2026-08-30T16:50:31.133Z,66.015779,-149.062199,347.15,7.57,404.45,245.2,230.35,-1.51,-0.51,1.45,1.43,0.0,0.01,1.0,1.0,1.0,1.0,0.018,2,1.0,0.0,60631.73
2026-08-30T16:50:32.233Z,66.015779,-149.062199,347.15,7.57,406.05,245.2,230.35,-1.52,-0.51,1.45,1.43,0.0,0.01,1.0,1.0,1.0,1.0,,1,1.0,0.0,60632.828
2026-08-30T16:50:33.079Z,66.015779,-149.062199,347.15,7.57,404.77,245.2,230.35,-1.51,-0.51,1.45,1.43,0.0,-0.0,1.0,0.999,1.0,1.0,0.005,2,1.0,0.0,60633.676
2026-08-30T16:50:34.139Z,66.015779,-149.062199,347.15,7.57,404.16,245.2,230.35,-1.51,-0.51,1.45,1.43,0.0,0.0,1.0,1.0,1.0,1.0,0.003,3,1.0,0.0,60634.738
2026-08-30T16:50:35.238Z,66.015779,-149.062199,347.15,7.57,403.94,245.2,230.35,-1.51,-0.51,1.45,1.43,0.0,0.0,1.0,1.0,1.0,1.0,,1,1.0,0.0,60636.059
2026-08-30T16:50:36.192Z,66.015779,-149.062199,347.15,7.57,405.14,245.2,230.35,-1.51,-0.51,1.45,1.43,0.0,-0.0,1.0,1.0,1.0,1.0,,1,1.0,0.0,60637.121
2026-08-30T16:50:37.223Z,66.015779,-149.062199,347.15,7.57,406.14,245.2,230.35,-1.51,-0.51,1.45,1.43,0.0,-0.0,1.0,1.0,1.0,1.0,,1,1.0,0.0,60638.062
2026-08-30T16:50:38.753Z,66.015779,-149.062199,347.15,7.57,405.98,245.2,230.35,-1.51,-0.51,1.45,1.43,0.0,-0.0,1.0,1.0,1.0,1.0,,1,1.0,0.0,60639.578
2026-08-30T16:50:40.335Z,66.015779,-149.062199,347.15,7.57,406.29,245.2,230.35,-1.51,-0.51,1.45,1.43,0.0,0.0,1.0,1.0,1.0,1.0,,1,1.0,0.0,60641.102
2026-08-30T16:50:41.654Z,66.015779,-149.062199,347.15,7.57,405.64,245.2,230.35,-1.51,-0.51,1.45,1.43,0.0,0.0,1.0,1.0,1.0,1.0,,1,1.0,0.0,60642.285
2026-08-30T16:50:42.745Z,66.015779,-149.062199,347.15,7.57,405.08,245.2,230.35,-1.51,-0.51,1.45,1.43,0.0,-0.0,1.0,1.0,1.0,1.0,0.001,3,1.0,0.0,60643.359
2026-08-30T16:50:43.874Z,66.015779,-149.062199,347.15,7.57,404.83,245.2,230.35,-1.51,-0.51,1.45,1.43,0.0,0.0,1.0,1.0,1.0,1.0,,1,1.0,0.0,60644.465
2026-08-30T16:50:44.764Z,66.015779,-149.062199,347.15,7.57,404.54,245.2,230.35,-1.51,-0.51,1.45,1.43,0.0,-0.0,1.0,1.0,1.0,1.0,0.0,2,1.0,0.0,60645.488
2026-08-30T16:50:45.746Z,66.015779,-149.062199,347.15,7.57,405.1,245.2,230.35,-1.51,-0.51,1.45,1.43,0.0,-0.0,1.0,1.0,1.0,1.0,0.002,2,1.0,0.0,60646.422
2026-08-30T16:50:47.126Z,66.015779,-149.062199,347.15,7.57,406.19,245.2,230.35,-1.51,-0.51,1.45,1.43,0.0,-0.0,1.0,1.0,1.0,1.0,,1,1.0,0.0,60647.863
2026-08-30T16:50:47.945Z,66.015779,-149.062199,347.15,7.57,406.17,245.2,230.35,-1.51,-0.51,1.45,1.43,0.0,0.0,1.0,1.0,1.0,1.0,,1,1.0,0.0,60648.625
2026-08-30T16:50:49.801Z,66.015779,-149.062199,347.15,7.57,406.09,245.2,230.35,-1.51,-0.51,1.45,1.43,0.0,-0.0,1.0,1.0,1.0,1.0,,1,1.0,0.0,60650.414
2026-08-30T16:50:50.490Z,66.015779,-149.062199,347.15,7.57,405.02,245.2,230.35,-1.51,-0.51,1.45,1.43,0.0,0.0,1.0,1.0,1.0,1.0,,1,1.0,0.0,60651.109
2026-08-30T16:50:51.620Z,66.015779,-149.062199,347.15,7.57,406.82,245.2,230.35,-1.51,-0.51,1.45,1.43,0.0,-0.0,1.0,1.0,1.0,1.0,,1,1.0,0.0,60652.203
2026-08-30T16:50:52.276Z,66.015779,-149.062199,347.15,7.57,407.35,245.2,230.35,-1.51,-0.51,1.45,1.43,0.0,0.0,1.0,1.0,1.0,1.0,,1,1.0,0.0,60652.863
2026-08-30T16:50:52.934Z,66.015779,-149.062199,347.15,7.57,405.82,245.2,230.35,-1.51,-0.51,1.45,1.43,0.0,-0.0,1.0,1.0,1.0,1.0,,1,1.0,0.0,60653.512
2026-08-30T16:50:53.983Z,66.015779,-149.062199,347.15,7.57,405.11,245.2,230.35,-1.51,-0.51,1.45,1.43,0.0,0.0,1.0,1.0,1.0,1.0,,1,1.0,0.0,60654.527
2026-08-30T16:50:54.786Z,66.015779,-149.062199,347.15,7.57,404.72,245.2,230.35,-1.51,-0.51,1.45,1.43,0.0,-0.0,1.0,1.0,1.0,1.0,0.0,2,1.0,0.0,60655.324
2026-08-30T16:50:55.782Z,66.015779,-149.062199,347.15,7.57,404.81,245.2,230.35,-1.51,-0.51,1.45,1.43,0.0,0.0,1.0,1.0,1.0,1.0,0.002,3,1.0,0.0,60656.32
2026-08-30T16:50:56.771Z,66.015779,-149.062199,347.15,7.57,404.74,245.2,230.35,-1.51,-0.51,1.45,1.43,0.0,-0.0,1.0,1.0,1.0,1.0,,1,1.0,0.0,60657.301
2026-08-30T16:50:57.758Z,66.015779,-149.062199,347.15,7.57,404.83,245.2,230.35,-1.51,-0.51,1.45,1.43,0.0,0.0,1.0,1.0,1.0,1.0,0.001,3,1.0,0.0,60658.293
2026-08-30T16:50:58.872Z,66.015779,-149.062199,347.15,7.57,404.79,245.2,230.35,-1.51,-0.51,1.45,1.43,0.0,-0.0,1.0,1.0,1.0,1.0,0.0,2,1.0,0.0,60659.41
2026-08-30T16:50:59.866Z,66.015779,-149.062199,347.15,7.57,405.07,245.2,230.35,-1.51,-0.51,1.45,1.43,0.0,0.0,1.0,1.0,1.0,1.0,,1,1.0,0.0,60660.391
2026-08-30T16:51:00.652Z,66.015779,-149.062199,347.15,7.57,404.81,245.2,230.35,-1.51,-0.51,1.45,1.43,0.0,0.0,1.0,1.0,1.0,1.0,0.002,2,1.0,0.0,60661.18
2026-08-30T16:51:01.626Z,66.015779,-149.062199,347.15,7.57,404.49,245.2,230.35,-1.51,-0.51,1.45,1.43,0.0,-0.0,1.0,1.0,1.0,1.0,0.001,3,1.0,0.0,60662.16
2026-08-30T16:51:02.830Z,66.015779,-149.062199,347.15,7.57,405.19,245.2,230.35,-1.51,-0.51,1.45,1.43,0.0,-0.0,1.0,1.0,1.0,1.0,0.0,2,1.0,0.0,60663.461
2026-08-30T16:51:03.720Z,66.015779,-149.062199,347.15,7.57,405.78,245.2,230.35,-1.51,-0.51,1.45,1.43,0.0,0.0,1.0,1.0,1.0,1.0,0.001,2,1.0,0.0,60664.312
2026-08-30T16:51:04.812Z,66.015779,-149.062199,347.15,7.57,404.48,245.2,230.35,-1.51,-0.51,1.45,1.43,0.0,-0.0,1.0,1.0,1.0,1.0,,1,1.0,0.0,60665.43
2026-08-30T16:51:05.673Z,66.015779,-149.062199,347.15,7.57,404.11,245.2,230.35,-1.51,-0.51,1.45,1.43,0.0,-0.0,1.0,1.0,1.0,1.0,0.0,2,1.0,0.0,60666.273
2026-08-30T16:51:06.735Z,66.015779,-149.062199,347.15,7.57,403.93,245.2,230.35,-1.51,-0.51,1.45,1.43,0.0,-0.0,1.0,1.0,1.0,1.0,0.0,3,1.0,0.0,60667.336
2026-08-30T16:51:07.855Z,66.015779,-149.062199,347.15,7.57,405.09,245.2,230.35,-1.51,-0.51,1.45,1.43,0.0,-0.0,1.0,1.0,1.0,1.0,,1,1.0,0.0,60668.516
2026-08-30T16:51:09.136Z,66.015779,-149.062199,347.15,7.57,405.82,245.2,230.35,-1.51,-0.51,1.45,1.43,0.0,0.0,1.0,1.0,1.0,1.0,,1,1.0,0.0,60669.789
2026-08-30T16:51:10.326Z,66.015779,-149.062199,347.15,7.57,405.48,245.2,230.35,-1.51,-0.51,1.45,1.43,0.0,-0.0,1.0,1.0,1.0,1.0,,1,1.0,0.0,60670.957
2026-08-30T16:51:11.049Z,66.015779,-149.062199,347.15,7.57,405.13,245.2,230.35,-1.51,-0.51,1.45,1.43,0.0,-0.0,1.0,1.0,1.0,1.0,,1,1.0,0.0,60671.66
2026-08-30T16:51:11.746Z,66.015779,-149.062199,347.15,7.57,405.1,245.2,230.35,-1.51,-0.51,1.45,1.43,0.0,0.0,1.0,1.0,1.0,1.0,,1,1.0,0.0,60672.387
2026-08-30T16:51:12.877Z,66.015779,-149.062199,347.15,7.57,405.13,245.2,230.35,-1.51,-0.51,1.45,1.43,0.0,0.0,1.0,1.0,1.0,1.0,,1,1.0,0.0,60673.469
2026-08-30T16:51:13.731Z,66.015779,-149.062199,347.15,7.57,404.58,245.2,230.35,-1.51,-0.51,1.45,1.43,0.0,0.0,1.0,1.0,1.0,1.0,0.001,2,1.0,0.0,60674.324
2026-08-30T16:51:14.818Z,66.015779,-149.062199,347.15,7.57,404.08,245.2,230.35,-1.51,-0.51,1.45,1.43,0.0,-0.0,1.0,1.0,1.0,1.0,,1,1.0,0.0,60675.398
2026-08-30T16:51:15.651Z,66.015779,-149.062199,347.15,7.57,403.94,245.2,230.35,-1.51,-0.51,1.45,1.43,0.0,-0.0,1.0,1.0,1.0,1.0,0.0,2,1.0,0.0,60676.227
2026-08-30T16:51:16.693Z,66.015779,-149.062199,347.15,7.57,404.49,245.2,230.35,-1.51,-0.51,1.45,1.43,0.0,-0.0,1.0,1.0,1.0,1.0,0.001,3,1.0,0.0,60677.289
2026-08-30T16:51:17.781Z,66.015779,-149.062199,347.15,7.57,404.05,245.2,230.35,-1.51,-0.51,1.45,1.43,0.0,0.0,1.0,1.0,1.0,1.0,,1,1.0,0.0,60678.363
2026-08-30T16:51:18.994Z,66.015779,-149.062199,347.15,7.57,404.16,245.2,230.35,-1.51,-0.51,1.45,1.43,0.0,0.0,1.0,1.0,1.0,1.0,0.001,2,1.0,0.0,60679.586
2026-08-30T16:51:20.092Z,66.015779,-149.062199,347.15,7.57,403.94,245.2,230.35,-1.51,-0.51,1.45,1.43,0.0,-0.0,1.0,1.0,1.0,1.0,,1,1.0,0.0,60680.684
2026-08-30T16:51:20.757Z,66.015779,-149.062199,347.15,7.57,403.89,245.2,230.35,-1.51,-0.51,1.45,1.43,0.0,-0.0,1.0,1.0,1.0,1.0,,1,1.0,0.0,60681.348
2026-08-30T16:51:21.802Z,66.015779,-149.062199,347.15,7.57,404.5,245.2,230.35,-1.51,-0.51,1.45,1.43,0.0,-0.0,1.0,1.0,1.0,1.0,0.0,3,1.0,0.0,60682.391
2026-08-30T16:51:22.896Z,66.015779,-149.062199,347.15,7.57,404.32,245.2,230.35,-1.51,-0.51,1.45,1.43,0.0,-0.0,1.0,1.0,1.0,1.0,,1,1.0,0.0,60683.492
2026-08-30T16:51:23.736Z,66.015779,-149.062199,347.15,7.57,404.04,245.2,230.35,-1.51,-0.51,1.45,1.43,0.0,-0.0,1.0,1.0,1.0,1.0,0.0,2,1.0,0.0,60684.316
2026-08-30T16:51:24.779Z,66.015779,-149.062199,347.15,7.57,404.12,245.2,230.35,-1.51,-0.51,1.45,1.43,0.0,0.0,1.0,1.0,1.0,1.0,0.001,3,1.0,0.0,60685.359
2026-08-30T16:51:25.862Z,66.015779,-149.062199,347.15,7.57,405.71,245.2,230.35,-1.51,-0.51,1.45,1.43,0.0,0.0,1.0,1.0,1.0,1.0,,1,1.0,0.0,60686.457
2026-08-30T16:51:26.707Z,66.015779,-149.062199,347.15,7.57,405.57,245.2,230.35,-1.51,-0.51,1.45,1.43,0.0,-0.0,1.0,1.0,1.0,1.0,0.0,2,1.0,0.0,60687.297
2026-08-30T16:51:27.750Z,66.015779,-149.062199,347.15,7.57,404.44,245.2,230.35,-1.51,-0.51,1.45,1.43,0.0,0.0,1.0,1.0,1.0,1.0,0.001,3,1.0,0.0,60688.344
2026-08-30T16:51:28.869Z,66.015779,-149.062199,347.15,7.57,404.38,245.2,230.35,-1.51,-0.51,1.45,1.43,0.0,-0.0,1.0,1.0,1.0,1.0,,1,1.0,0.0,60689.461
2026-08-30T16:51:30.008Z,66.015779,-149.062199,347.15,7.57,404.81,245.2,230.35,-1.51,-0.51,1.45,1.43,0.0,-0.0,1.0,1.0,1.0,1.0,,1,1.0,0.0,60690.539
2026-08-30T16:51:30.998Z,66.015779,-149.062199,347.15,7.57,404.52,245.2,230.35,-1.51,-0.51,1.45,1.43,0.0,-0.0,1.0,1.0,1.0,1.0,,1,1.0,0.0,60691.539
2026-08-30T16:51:31.795Z,66.015779,-149.062199,347.15,7.57,404.78,245.2,230.35,-1.51,-0.51,1.45,1.43,0.0,-0.0,1.0,1.0,1.0,1.0,0.002,2,1.0,0.0,60692.316
2026-08-30T16:51:32.774Z,66.015779,-149.062199,347.15,7.57,404.57,245.2,230.35,-1.51,-0.51,1.45,1.43,0.0,0.0,1.0,1.0,1.0,1.0,0.002,3,1.0,0.0,60693.293
2026-08-30T16:51:33.712Z,66.015779,-149.062199,347.15,7.57,404.43,245.2,230.35,-1.51,-0.51,1.45,1.43,0.0,-0.0,1.0,1.0,1.0,1.0,,1,1.0,0.0,60694.223
2026-08-30T16:51:34.677Z,66.015779,-149.062199,347.15,7.57,404.58,245.2,230.35,-1.51,-0.51,1.45,1.43,0.0,-0.0,1.0,1.0,1.0,1.0,0.001,3,1.0,0.0,60695.184
2026-08-30T16:51:35.635Z,66.015779,-149.062199,347.15,7.57,404.36,245.2,230.35,-1.51,-0.51,1.45,1.43,0.0,-0.0,1.0,1.0,1.0,1.0,0.001,3,1.0,0.0,60696.141
2026-08-30T16:51:36.769Z,66.015779,-149.062199,347.15,7.57,405.15,245.2,230.35,-1.51,-0.51,1.45,1.43,0.0,0.0,1.0,1.0,1.0,1.0,0.002,2,1.0,0.0,60697.285
2026-08-30T16:51:37.741Z,66.015779,-149.062199,347.15,7.57,404.94,245.2,230.35,-1.51,-0.51,1.45,1.43,0.0,-0.0,1.0,1.0,1.0,1.0,0.001,3,1.0,0.0,60698.238
2026-08-30T16:51:38.663Z,66.015779,-149.062199,347.15,7.57,405.15,245.2,230.35,-1.51,-0.51,1.45,1.43,0.0,-0.0,1.0,1.0,1.0,1.0,,1,1.0,0.0,60699.176
2026-08-30T16:51:39.677Z,66.015779,-149.062199,347.15,7.57,405.34,245.2,230.35,-1.51,-0.51,1.45,1.43,0.0,-0.0,1.0,1.0,1.0,1.0,,1,1.0,0.0,60700.211
2026-08-30T16:51:40.679Z,66.015779,-149.062199,347.15,7.57,405.28,245.2,230.35,-1.51,-0.51,1.45,1.43,0.0,0.0,1.0,1.0,1.0,1.0,0.002,3,1.0,0.0,60701.211
2026-08-30T16:51:41.661Z,66.015779,-149.062199,347.15,7.57,405.69,245.2,230.35,-1.51,-0.51,1.45,1.43,0.0,-0.0,1.0,1.0,1.0,1.0,,1,1.0,0.0,60702.184
2026-08-30T16:51:42.628Z,66.015779,-149.062199,347.15,7.57,405.24,245.2,230.35,-1.51,-0.51,1.45,1.43,0.0,0.0,1.0,1.0,1.0,1.0,0.003,3,1.0,0.0,60703.16
2026-08-30T16:51:43.812Z,66.015779,-149.062199,347.15,7.57,405.34,245.2,230.35,-1.51,-0.51,1.45,1.43,0.0,0.0,1.0,1.0,1.0,1.0,0.003,4,1.0,0.0,60704.312
2026-08-30T16:51:44.740Z,66.015779,-149.062199,347.15,7.57,404.93,245.2,230.35,-1.51,-0.51,1.45,1.43,0.0,-0.0,1.0,1.0,1.0,1.0,,1,1.0,0.0,60705.246
2026-08-30T16:51:45.708Z,66.015779,-149.062199,347.15,7.57,404.87,245.2,230.35,-1.51,-0.51,1.45,1.43,0.0,-0.0,1.0,1.0,1.0,1.0,0.001,3,1.0,0.0,60706.211
2026-08-30T16:51:46.669Z,66.015779,-149.062199,347.15,7.57,405.3,245.2,230.35,-1.51,-0.51,1.45,1.43,0.0,0.0,1.0,1.0,1.0,1.0,0.002,3,1.0,0.0,60707.168
2026-08-30T16:51:47.774Z,66.015779,-149.062199,347.15,7.57,405.01,245.2,230.35,-1.51,-0.51,1.45,1.43,0.0,0.0,1.0,1.0,1.0,1.0,0.0,2,1.0,0.0,60708.273
2026-08-30T16:51:48.758Z,66.015779,-149.062199,347.15,7.57,405.22,245.2,230.35,-1.51,-0.51,1.45,1.43,0.0,0.0,1.0,1.0,1.0,1.0,,1,1.0,0.0,60709.262
2026-08-30T16:51:49.688Z,66.015779,-149.062199,347.15,7.57,405.07,245.2,230.35,-1.51,-0.51,1.45,1.43,0.0,0.0,1.0,1.0,1.0,1.0,,1,1.0,0.0,60710.191
2026-08-30T16:51:50.645Z,66.015779,-149.062199,347.15,7.57,404.85,245.2,230.35,-1.51,-0.51,1.45,1.43,0.0,-0.0,1.0,1.0,1.0,1.0,0.001,3,1.0,0.0,60711.148
2026-08-30T16:51:51.797Z,66.015779,-149.062199,347.15,7.57,405.45,245.2,230.35,-1.51,-0.51,1.45,1.43,0.0,-0.0,1.0,1.0,1.0,1.0,0.001,4,1.0,0.0,60712.301
2026-08-30T16:51:52.726Z,66.015779,-149.062199,347.15,7.57,405.41,245.2,230.35,-1.51,-0.51,1.45,1.43,0.0,0.0,1.0,1.0,1.0,1.0,,1,1.0,0.0,60713.23
2026-08-30T16:51:53.688Z,66.015779,-149.062199,347.15,7.57,405.2,245.2,230.35,-1.51,-0.51,1.45,1.43,0.0,0.0,1.0,1.0,1.0,1.0,0.002,3,1.0,0.0,60714.195
2026-08-30T16:51:54.655Z,66.015779,-149.062199,347.15,7.57,404.95,245.2,230.35,-1.51,-0.51,1.45,1.43,0.0,-0.0,1.0,1.0,1.0,1.0,0.0,3,1.0,0.0,60715.156
2026-08-30T16:51:55.794Z,66.015779,-149.062199,347.15,7.57,404.89,245.2,230.35,-1.51,-0.51,1.45,1.43,0.0,-0.0,1.0,1.0,1.0,1.0,0.001,2,1.0,0.0,60716.297
2026-08-30T16:51:56.756Z,66.015779,-149.062199,347.15,7.57,404.67,245.2,230.35,-1.51,-0.51,1.45,1.43,0.0,0.0,1.0,1.0,1.0,1.0,0.001,3,1.0,0.0,60717.262
2026-08-30T16:51:57.691Z,66.015779,-149.062199,347.15,7.57,404.85,245.2,230.35,-1.51,-0.51,1.45,1.43,0.0,-0.0,1.0,1.0,1.0,1.0,,1,1.0,0.0,60718.195
2026-08-30T16:51:58.739Z,66.015779,-149.062199,347.15,7.57,405.26,245.2,230.35,-1.51,-0.51,1.45,1.43,0.0,-0.0,1.0,1.0,1.0,1.0,0.0,2,1.0,0.0,60719.242
2026-08-30T16:51:59.689Z,66.015779,-149.062199,347.15,7.57,405.31,245.2,230.35,-1.51,-0.51,1.45,1.43,0.0,-0.0,1.0,1.0,1.0,1.0,0.001,3,1.0,0.0,60720.203
2026-08-30T16:52:00.809Z,66.015779,-149.062199,347.15,7.57,404.97,245.2,230.35,-1.51,-0.51,1.45,1.43,0.0,0.0,1.0,1.0,1.0,1.0,0.0,2,1.0,0.0,60721.309
2026-08-30T16:52:01.761Z,66.015779,-149.062199,347.15,7.57,405.43,245.2,230.35,-1.51,-0.51,1.45,1.43,0.0,0.0,1.0,1.0,1.0,1.0,0.001,3,1.0,0.0,60722.266
2026-08-30T16:52:02.696Z,66.015779,-149.062199,347.15,7.57,405.21,245.2,230.35,-1.51,-0.51,1.45,1.43,0.0,0.0,1.0,1.0,1.0,1.0,,1,1.0,0.0,60723.199
2026-08-30T16:52:03.656Z,66.015779,-149.062199,347.15,7.57,405.31,245.2,230.35,-1.51,-0.51,1.45,1.43,0.0,-0.0,1.0,1.0,1.0,1.0,0.001,3,1.0,0.0,60724.168
2026-08-30T16:52:04.836Z,66.015779,-149.062199,347.15,7.57,405.44,245.2,230.35,-1.51,-0.51,1.45,1.43,0.0,0.0,1.0,1.0,1.0,1.0,0.002,4,1.0,0.0,60725.34
2026-08-30T16:52:05.769Z,66.015779,-149.062199,347.15,7.57,404.8,245.2,230.35,-1.51,-0.51,1.45,1.43,0.0,0.0,1.0,1.0,1.0,1.0,,1,1.0,0.0,60726.273
2026-08-30T16:52:06.731Z,66.015779,-149.062199,347.15,7.57,404.52,245.2,230.35,-1.51,-0.51,1.45,1.43,0.0,0.0,1.0,1.0,1.0,1.0,0.001,3,1.0,0.0,60727.238
2026-08-30T16:52:07.698Z,66.015779,-149.062199,347.15,7.57,404.8,245.2,230.35,-1.51,-0.51,1.45,1.43,0.0,-0.0,1.0,1.0,1.0,1.0,0.001,3,1.0,0.0,60728.203
2026-08-30T16:52:09.118Z,66.015779,-149.062199,347.15,7.57,405.04,245.2,230.35,-1.51,-0.51,1.45,1.43,0.0,-0.0,1.0,1.0,1.0,1.0,0.002,2,1.0,0.0,60729.617
2026-08-30T16:52:09.685Z,66.015779,-149.062199,347.15,7.57,404.89,245.2,230.35,-1.51,-0.51,1.45,1.43,0.0,-0.0,1.0,1.0,1.0,1.0,,1,1.0,0.0,60730.188
2026-08-30T16:52:10.644Z,66.015779,-149.062199,347.15,7.57,405.05,245.2,230.35,-1.51,-0.51,1.45,1.43,0.0,-0.0,1.0,1.0,1.0,1.0,0.0,3,1.0,0.0,60731.148
2026-08-30T16:52:11.757Z,66.015779,-149.062199,347.15,7.57,405.61,245.2,230.35,-1.51,-0.51,1.45,1.43,0.0,0.0,1.0,1.0,1.0,1.0,0.001,2,1.0,0.0,60732.266
2026-08-30T16:52:12.734Z,66.015779,-149.062199,347.15,7.57,405.22,245.2,230.35,-1.51,-0.51,1.45,1.43,0.0,-0.0,1.0,1.0,1.0,1.0,0.002,3,1.0,0.0,60733.238
2026-08-30T16:52:13.672Z,66.015779,-149.062199,347.15,7.57,404.75,245.2,230.35,-1.51,-0.51,1.45,1.43,0.0,0.0,1.0,1.0,1.0,1.0,,1,1.0,0.0,60734.207
2026-08-30T16:52:14.652Z,66.015779,-149.062199,347.15,7.57,404.7,245.2,230.35,-1.51,-0.51,1.45,1.43,0.0,-0.0,1.0,1.0,1.0,1.0,0.001,3,1.0,0.0,60735.176
2026-08-30T16:52:15.846Z,66.015779,-149.062199,347.15,7.57,404.47,245.2,230.35,-1.51,-0.51,1.45,1.43,0.0,-0.0,1.0,1.0,1.0,1.0,0.001,4,1.0,0.0,60736.363
2026-08-30T16:52:16.819Z,66.015779,-149.062199,347.15,7.57,404.67,245.2,230.35,-1.51,-0.51,,1.43,0.0,0.0,1.0,1.0,1.0,1.0,,1,1.0,0.0,60737.465
2026-08-30T16:52:17.724Z,66.015779,-149.062199,347.15,7.57,404.83,245.2,230.35,-1.51,-0.51,1.45,1.43,0.0,0.0,1.0,1.0,1.0,1.0,0.0,2,1.0,0.0,60738.262
2026-08-30T16:52:18.823Z,66.015779,-149.062199,347.15,7.57,405.06,245.2,230.35,-1.51,-0.51,1.45,1.43,0.0,0.0,1.0,1.0,1.0,1.0,0.001,2,1.0,0.0,60739.332
2026-08-30T16:52:19.736Z,66.015779,-149.062199,347.15,7.57,404.65,245.2,230.35,-1.51,-0.51,1.45,1.43,0.0,0.0,1.0,1.0,1.0,1.0,,1,1.0,0.0,60740.242
2026-08-30T16:52:20.702Z,66.015779,-149.062199,347.15,7.57,404.81,245.2,230.35,-1.51,-0.51,1.45,1.43,0.0,-0.0,1.0,1.0,1.0,1.0,0.002,3,1.0,0.0,60741.219
2026-08-30T16:52:21.682Z,66.015779,-149.062199,347.15,7.57,404.5,245.2,230.35,-1.51,-0.51,1.45,1.43,0.0,-0.0,1.0,1.0,1.0,1.0,0.002,3,1.0,0.0,60742.191
2026-08-30T16:52:22.811Z,66.015779,-149.062199,347.15,7.57,404.67,245.2,230.35,-1.51,-0.51,1.45,1.43,0.0,0.0,1.0,1.0,1.0,1.0,0.002,2,1.0,0.0,60743.316
2026-08-30T16:52:23.777Z,66.015779,-149.062199,347.15,7.57,404.75,245.2,230.35,-1.51,-0.51,1.45,1.43,0.0,-0.0,1.0,1.0,1.0,1.0,0.001,3,1.0,0.0,60744.285
2026-08-30T16:52:24.720Z,66.015779,-149.062199,347.15,7.57,405.04,245.2,230.35,-1.51,-0.51,1.45,1.43,0.0,-0.0,1.0,1.0,1.0,1.0,,1,1.0,0.0,60745.219
2026-08-30T16:52:25.689Z,66.015779,-149.062199,347.15,7.57,404.98,245.2,230.35,-1.51,-0.51,1.45,1.43,0.0,0.0,1.0,1.0,1.0,1.0,0.002,3,1.0,0.0,60746.207
2026-08-30T16:52:26.668Z,66.015779,-149.062199,347.15,7.57,404.82,245.2,230.35,-1.51,-0.51,1.45,1.43,0.0,-0.0,1.0,1.0,1.0,1.0,0.001,3,1.0,0.0,60747.203
2026-08-30T16:52:27.832Z,66.015779,-149.062199,347.15,7.57,405.06,245.2,230.35,-1.51,-0.51,1.45,1.43,0.0,-0.0,1.0,1.0,1.0,1.0,0.001,2,1.0,0.0,60748.328
2026-08-30T16:52:28.823Z,66.015779,-149.062199,347.15,7.57,405.18,245.2,230.35,-1.51,-0.51,1.45,1.43,0.0,-0.0,1.0,1.0,1.0,1.0,,1,1.0,0.0,60749.332
2026-08-30T16:52:29.731Z,66.015779,-149.062199,347.15,7.57,404.78,245.2,230.35,-1.51,-0.51,1.45,1.43,0.0,0.0,1.0,1.0,1.0,1.0,,1,1.0,0.0,60750.25
2026-08-30T16:52:30.702Z,66.015779,-149.062199,347.15,7.57,404.9,245.2,230.35,-1.51,-0.51,1.45,1.43,0.0,-0.0,1.0,1.0,1.0,1.0,0.001,3,1.0,0.0,60751.215
2026-08-30T16:52:31.672Z,66.015779,-149.062199,347.15,7.57,405.42,245.2,230.35,-1.51,-0.51,1.45,1.43,0.0,-0.0,1.0,1.0,1.0,1.0,0.001,3,1.0,0.0,60752.18
2026-08-30T16:52:32.789Z,66.015779,-149.062199,347.15,7.57,405.21,245.2,230.35,-1.51,-0.51,1.45,1.43,0.0,0.0,1.0,1.0,1.0,1.0,0.002,2,1.0,0.0,60753.285
2026-08-30T16:52:33.747Z,66.015779,-149.062199,347.15,7.57,404.71,245.2,230.35,-1.51,-0.51,1.45,1.43,0.0,0.0,1.0,1.0,1.0,1.0,0.001,3,1.0,0.0,60754.254
2026-08-30T16:52:34.687Z,66.015779,-149.062199,347.15,7.57,404.78,245.2,230.35,-1.51,-0.51,1.45,1.43,0.0,-0.0,1.0,1.0,1.0,1.0,,1,1.0,0.0,60755.188
2026-08-30T16:52:35.648Z,66.015779,-149.062199,347.15,7.57,404.66,245.2,230.35,-1.51,-0.51,1.45,1.43,0.0,-0.0,1.0,1.0,1.0,1.0,0.002,3,1.0,0.0,60756.148
2026-08-30T16:52:36.815Z,66.015779,-149.062199,347.15,7.57,405.33,245.2,230.35,-1.51,-0.51,1.45,1.43,0.0,-0.0,1.0,1.0,1.0,1.0,0.002,4,1.0,0.0,60757.305
2026-08-30T16:52:37.743Z,66.015779,-149.062199,347.15,7.57,405.41,245.2,230.35,-1.51,-0.51,1.45,1.43,0.0,-0.0,1.0,1.0,1.0,1.0,,1,1.0,0.0,60758.246
2026-08-30T16:52:38.794Z,66.015779,-149.062199,347.15,7.57,405.25,245.2,230.35,-1.51,-0.51,1.45,1.43,0.0,0.0,1.0,1.0,1.0,1.0,0.001,2,1.0,0.0,60759.281
2026-08-30T16:52:39.756Z,66.015779,-149.062199,347.15,7.57,405.11,245.2,230.35,-1.51,-0.51,1.45,1.43,0.0,0.0,1.0,1.0,1.0,1.0,0.002,3,1.0,0.0,60760.262
2026-08-30T16:52:40.687Z,66.015779,-149.062199,347.15,7.57,404.65,245.2,230.35,-1.51,-0.51,1.45,1.43,0.0,-0.0,1.0,1.0,1.0,1.0,,1,1.0,0.0,60761.191
2026-08-30T16:52:41.641Z,66.015779,-149.062199,347.15,7.57,404.74,245.2,230.35,-1.51,-0.51,1.45,1.43,0.0,-0.0,1.0,1.0,1.0,1.0,0.001,3,1.0,0.0,60762.148
2026-08-30T16:52:42.809Z,66.015779,-149.062199,347.15,7.57,404.34,245.2,230.35,-1.51,-0.51,1.45,1.43,0.0,-0.0,1.0,1.0,1.0,1.0,0.001,4,1.0,0.0,60763.324
2026-08-30T16:52:43.749Z,66.015779,-149.062199,347.15,7.57,404.83,245.2,230.35,-1.51,-0.51,1.45,1.43,0.0,-0.0,1.0,1.0,1.0,1.0,,1,1.0,0.0,60764.254
2026-08-30T16:52:44.716Z,66.015779,-149.062199,347.15,7.57,404.85,245.2,230.35,-1.51,-0.51,1.45,1.43,0.0,0.0,1.0,1.0,1.0,1.0,0.002,3,1.0,0.0,60765.223
2026-08-30T16:52:45.677Z,66.015779,-149.062199,347.15,7.57,404.48,245.2,230.35,-1.51,-0.51,1.45,1.43,0.0,-0.0,1.0,1.0,1.0,1.0,0.002,3,1.0,0.0,60766.188
2026-08-30T16:52:46.818Z,66.015779,-149.062199,347.15,7.57,405.04,245.2,230.35,-1.51,-0.51,1.45,1.43,0.0,-0.0,1.0,1.0,1.0,1.0,0.001,2,1.0,0.0,60767.328
2026-08-30T16:52:47.780Z,66.015779,-149.062199,347.15,7.57,405.3,245.2,230.35,-1.51,-0.51,1.45,1.43,0.0,0.0,1.0,1.0,1.0,1.0,0.001,3,1.0,0.0,60768.289
2026-08-30T16:52:49.142Z,66.015779,-149.062199,347.15,7.57,404.85,245.2,230.35,-1.51,-0.51,1.45,1.43,0.0,0.0,1.0,1.0,1.0,1.0,,1,1.0,0.0,60769.645
2026-08-30T16:52:49.716Z,66.015779,-149.062199,347.15,7.57,404.85,245.2,230.35,-1.51,-0.51,1.45,1.43,0.0,-0.0,1.0,1.0,1.0,1.0,,1,1.0,0.0,60770.293
2026-08-30T16:52:50.736Z,66.015779,-149.062199,347.15,7.57,406.05,245.2,230.35,-1.51,-0.51,1.45,1.43,0.0,0.0,1.0,1.0,1.0,1.0,0.0,3,1.0,0.0,60771.305
2026-08-30T16:52:51.780Z,66.015779,-149.062199,347.15,7.57,405.33,245.2,230.35,-1.51,-0.51,1.45,1.43,0.0,0.0,1.0,1.0,1.0,1.0,,1,1.0,0.0,60772.348
2026-08-30T16:52:52.793Z,66.015779,-149.062199,347.15,7.57,405.52,245.2,230.35,-1.51,-0.51,1.45,1.43,0.0,0.0,1.0,1.0,1.0,1.0,0.001,3,1.0,0.0,60773.371
2026-08-30T16:52:53.877Z,66.015779,-149.062199,347.15,7.57,405.9,245.2,230.35,-1.51,-0.51,1.45,1.43,0.0,0.0,1.0,1.0,1.0,1.0,,1,1.0,0.0,60774.508
2026-08-30T16:52:54.765Z,66.015779,-149.062199,347.15,7.57,404.68,245.2,230.35,-1.51,-0.51,1.45,1.43,0.0,-0.0,1.0,1.0,1.0,1.0,0.0,2,1.0,0.0,60775.379
2026-08-30T16:52:55.652Z,66.015779,-149.062199,347.15,7.57,405.82,245.2,230.35,-1.51,-0.51,1.45,1.43,0.0,0.0,1.0,1.0,1.0,1.0,0.0,2,1.0,0.0,60776.273
2026-08-30T16:52:56.797Z,66.015779,-149.062199,347.15,7.57,405.91,245.2,230.35,-1.51,-0.51,1.45,1.43,0.0,0.0,1.0,1.0,1.0,1.0,,1,1.0,0.0,60777.402
2026-08-30T16:52:57.662Z,66.015779,-149.062199,347.15,7.57,405.93,245.2,230.35,-1.51,-0.51,1.45,1.43,0.0,-0.0,1.0,1.0,1.0,1.0,0.0,2,1.0,0.0,60778.281
2026-08-30T16:52:58.814Z,66.015779,-149.062199,347.15,7.57,405.79,245.2,230.35,-1.51,-0.51,1.45,1.43,0.0,0.0,1.0,1.0,1.0,1.0,,1,1.0,0.0,60779.438
2026-08-30T16:53:00.024Z,66.015779,-149.062199,347.15,7.57,404.65,245.2,230.35,-1.51,-0.51,1.45,1.43,0.0,-0.0,1.0,1.0,1.0,1.0,,1,1.0,0.0,60780.648
2026-08-30T16:53:01.209Z,66.015779,-149.062199,347.15,7.57,404.94,245.2,230.35,-1.51,-0.51,1.45,1.43,0.0,-0.0,1.0,1.0,1.0,1.0,,1,1.0,0.0,60781.902
2026-08-30T16:53:01.993Z,66.015779,-149.062199,347.15,7.57,405.37,245.2,230.35,-1.51,-0.51,1.45,1.43,0.0,-0.0,1.0,1.0,1.0,1.0,,1,1.0,0.0,60782.648
2026-08-30T16:53:02.724Z,66.015779,-149.062199,347.15,7.57,404.74,245.2,230.35,-1.51,-0.51,1.45,1.43,0.0,-0.0,1.0,1.0,1.0,1.0,,1,1.0,0.0,60783.418
2026-08-30T16:53:04.024Z,66.015779,-149.062199,347.15,7.57,405.53,245.2,230.35,-1.51,-0.51,1.45,1.43,0.0,,1.0,1.0,1.0,1.0,,1,1.0,0.0,60784.875
2026-08-30T16:53:04.997Z,66.015779,-149.062199,347.15,7.57,405.03,245.2,230.35,-1.51,-0.51,1.45,1.43,0.0,-0.0,1.0,1.0,1.0,1.0,,1,1.0,0.0,60785.762
2026-08-30T16:53:06.264Z,66.015779,-149.062199,347.15,7.57,405.65,245.2,230.35,-1.51,-0.51,1.45,1.43,0.0,0.0,1.0,1.0,1.0,1.0,,1,1.0,0.0,60786.871
2026-08-30T16:53:06.946Z,66.015779,-149.062199,347.15,7.57,406.77,245.2,230.35,-1.51,-0.51,1.45,1.43,0.0,0.0,1.0,1.0,1.0,1.0,,1,1.0,0.0,60787.566
2026-08-30T16:53:07.863Z,66.015779,-149.062199,347.15,7.57,406.84,245.2,230.35,-1.51,-0.51,1.45,1.43,0.0,0.0,1.0,1.0,1.0,1.0,0.0,2,1.0,0.0,60788.477
2026-08-30T16:53:09.515Z,66.015779,-149.062199,347.15,7.57,405.43,245.2,230.35,-1.51,-0.51,1.45,1.43,0.0,-0.0,1.0,1.0,1.0,1.0,,1,1.0,0.0,60790.129
2026-08-30T16:53:10.214Z,66.015779,-149.062199,347.15,7.57,404.63,245.2,230.35,-1.51,-0.51,1.45,1.43,0.0,-0.0,1.0,1.0,1.0,1.0,,1,1.0,0.0,60790.836
2026-08-30T16:53:11.360Z,66.015779,-149.062199,347.15,7.57,404.83,245.2,230.35,-1.51,-0.51,1.45,1.43,0.0,0.0,1.0,1.0,1.0,1.0,,1,1.0,0.0,60791.992
2026-08-30T16:53:12.068Z,66.015779,-149.062199,347.15,7.57,405.74,245.2,230.35,-1.51,-0.51,1.45,1.43,0.0,0.0,1.0,1.0,1.0,1.0,,1,1.0,0.0,60792.691
2026-08-30T16:53:12.771Z,66.015779,-149.062199,347.15,7.57,404.78,245.2,230.35,-1.51,-0.51,1.45,1.43,0.0,0.0,1.0,1.0,1.0,1.0,,1,1.0,0.0,60793.383
2026-08-30T16:53:13.911Z,66.015779,-149.062199,347.15,7.57,406.05,245.2,230.35,-1.51,-0.51,1.45,1.43,0.0,0.0,1.0,1.0,1.0,1.0,,1,1.0,0.0,60794.527
2026-08-30T16:53:14.789Z,66.015779,-149.062199,347.15,7.57,405.56,245.2,230.35,-1.51,-0.51,1.45,1.43,0.0,0.0,1.0,1.0,1.0,1.0,0.001,2,1.0,0.0,60795.477
2026-08-30T16:53:16.055Z,66.015779,-149.062199,347.15,7.57,405.23,245.2,230.35,-1.51,-0.51,1.45,1.43,0.0,-0.0,1.0,1.0,1.0,1.0,,1,1.0,0.0,60796.738
2026-08-30T16:53:16.819Z,66.015779,-149.062199,347.15,7.57,405.36,245.2,230.35,-1.51,-0.51,1.45,1.43,0.0,-0.0,1.0,1.0,1.0,1.0,,1,1.0,0.0,60797.516
2026-08-30T16:53:18.084Z,66.015779,-149.062199,347.15,7.57,405.02,245.2,230.35,-1.51,-0.51,1.45,1.43,0.0,-0.0,1.0,1.0,1.0,1.0,,1,1.0,0.0,60798.762
2026-08-30T16:53:19.414Z,66.015779,-149.062199,347.15,7.57,405.37,245.2,230.35,-1.51,-0.51,1.45,1.43,0.0,-0.0,1.0,1.0,1.0,1.0,,1,1.0,0.0,60800.109
2026-08-30T16:53:20.685Z,66.015779,-149.062199,347.15,7.57,405.42,245.2,230.35,-1.51,-0.51,1.45,1.43,0.0,0.0,1.0,1.0,1.0,1.0,,1,1.0,0.0,60801.363
2026-08-30T16:53:21.452Z,66.015779,-149.062199,347.15,7.57,405.28,245.2,230.35,-1.51,-0.51,1.45,1.43,0.0,0.0,1.0,1.0,1.0,1.0,,1,1.0,0.0,60802.133
2026-08-30T16:53:22.706Z,66.015779,-149.062199,347.15,7.57,405.62,245.2,230.35,-1.51,-0.51,1.45,1.43,0.0,0.0,1.0,1.0,1.0,1.0,,1,1.0,0.0,60803.402
2026-08-30T16:53:23.488Z,66.015779,-149.062199,347.15,7.57,405.32,245.2,230.35,-1.51,-0.51,1.45,1.43,0.0,-0.0,1.0,1.0,1.0,1.0,,1,1.0,0.0,60804.164
2026-08-30T16:53:24.735Z,66.015779,-149.062199,347.15,7.57,405.95,245.2,230.35,-1.51,-0.51,1.45,1.43,0.0,0.0,1.0,1.0,1.0,1.0,,1,1.0,0.0,60805.41
2026-08-30T16:53:25.502Z,66.015779,-149.062199,347.15,7.57,406.07,245.2,230.35,-1.51,-0.51,1.45,1.43,0.0,0.0,1.0,1.0,1.0,1.0,,1,1.0,0.0,60806.188
2026-08-30T16:53:26.765Z,66.015779,-149.062199,347.15,7.57,405.53,245.2,230.35,-1.51,-0.51,1.45,1.43,0.0,0.0,1.0,1.0,1.0,1.0,,1,1.0,0.0,60807.441
2026-08-30T16:53:27.526Z,66.015779,-149.062199,347.15,7.57,405.89,245.2,230.35,-1.51,-0.51,1.45,1.43,0.0,0.0,1.0,1.0,1.0,1.0,,1,1.0,0.0,60808.215
2026-08-30T16:53:28.795Z,66.015779,-149.062199,347.15,7.57,405.63,245.2,230.35,-1.51,-0.51,1.45,1.43,0.0,-0.0,1.0,1.0,1.0,1.0,,1,1.0,0.0,60809.5
2026-08-30T16:53:30.146Z,66.015779,-149.062199,347.15,7.57,405.81,245.2,230.35,-1.51,-0.51,1.45,1.43,0.0,0.0,1.0,1.0,1.0,1.0,,1,1.0,0.0,60810.84
2026-08-30T16:53:31.427Z,66.015779,-149.062199,347.15,7.57,405.73,245.2,230.35,-1.51,-0.51,1.45,1.43,0.0,0.0,1.0,1.0,1.0,1.0,,1,1.0,0.0,60812.164
2026-08-30T16:53:32.455Z,66.015779,-149.062199,347.15,7.57,404.97,245.2,230.35,-1.51,-0.51,1.45,1.43,0.0,-0.0,1.0,1.0,1.0,1.0,0.0,2,1.0,0.0,60813.094
2026-08-30T16:53:33.642Z,66.015779,-149.062199,347.15,7.57,404.84,245.2,230.35,-1.51,-0.51,1.45,1.43,0.0,-0.0,1.0,1.0,1.0,1.0,,1,1.0,0.0,60814.27
2026-08-30T16:53:34.530Z,66.015779,-149.062199,347.15,7.57,405.23,245.2,230.35,-1.51,-0.51,1.45,1.43,0.0,-0.0,1.0,1.0,1.0,1.0,0.001,2,1.0,0.0,60815.137
2026-08-30T16:53:35.594Z,66.015779,-149.062199,347.15,7.57,404.32,245.2,230.35,-1.51,-0.51,1.45,1.43,0.0,0.0,1.0,1.0,1.0,1.0,,1,1.0,0.0,60816.18
2026-08-30T16:53:36.457Z,66.015779,-149.062199,347.15,7.57,404.49,245.2,230.35,-1.51,-0.51,1.45,1.43,0.0,0.0,1.0,1.0,1.0,1.0,0.0,2,1.0,0.0,60817.012
2026-08-30T16:53:37.470Z,66.015779,-149.062199,347.15,7.57,404.72,245.2,230.35,-1.51,-0.51,1.45,1.43,0.0,-0.0,1.0,1.0,1.0,1.0,0.002,3,1.0,0.0,60818.008
2026-08-30T16:53:38.451Z,66.015779,-149.062199,347.15,7.57,404.57,245.2,230.35,-1.51,-0.51,1.45,1.43,0.0,0.0,1.0,1.0,1.0,1.0,,1,1.0,0.0,60818.961
2026-08-30T16:53:39.451Z,66.015779,-149.062199,347.15,7.57,404.69,245.2,230.35,-1.51,-0.51,1.45,1.43,0.0,-0.0,1.0,1.0,1.0,1.0,,1,1.0,0.0,60819.969
2026-08-30T16:53:40.436Z,66.015779,-149.062199,347.15,7.57,405.45,245.2,230.35,-1.51,-0.51,1.45,1.43,0.0,0.0,1.0,1.0,1.0,1.0,0.001,3,1.0,0.0,60820.949
2026-08-30T16:53:41.559Z,66.015779,-149.062199,347.15,7.57,404.9,245.2,230.35,-1.51,-0.51,1.45,1.43,0.0,-0.0,1.0,1.0,1.0,1.0,0.001,2,1.0,0.0,60822.074
2026-08-30T16:53:42.535Z,66.015779,-149.062199,347.15,7.57,405.56,245.2,230.35,-1.51,-0.51,1.45,1.43,0.0,0.0,1.0,1.0,1.0,1.0,0.001,3,1.0,0.0,60823.051
2026-08-30T16:53:43.485Z,66.015779,-149.062199,347.15,7.57,405.13,245.2,230.35,-1.51,-0.51,1.45,1.43,0.0,-0.0,1.0,1.0,1.0,1.0,,1,1.0,0.0,60823.996
2026-08-30T16:53:44.457Z,66.015779,-149.062199,347.15,7.57,405.18,245.2,230.35,-1.51,-0.51,1.45,1.43,0.0,-0.0,1.0,1.0,1.0,1.0,0.002,3,1.0,0.0,60824.977
2026-08-30T16:53:45.422Z,66.015779,-149.062199,347.15,7.57,404.75,245.2,230.35,-1.51,-0.51,1.45,1.43,0.0,0.0,1.0,1.0,1.0,1.0,0.002,3,1.0,0.0,60825.949
2026-08-30T16:53:46.579Z,66.015779,-149.062199,347.15,7.57,404.7,245.2,230.35,-1.51,-0.51,1.45,1.43,0.0,0.0,1.0,1.0,1.0,1.0,0.002,2,1.0,0.0,60827.133
2026-08-30T16:53:47.584Z,66.015779,-149.062199,347.15,7.57,404.46,245.2,230.35,-1.51,-0.51,1.45,1.43,0.0,-0.0,1.0,1.0,1.0,1.0,0.0,3,1.0,0.0,60828.129
2026-08-30T16:53:48.587Z,66.015779,-149.062199,347.15,7.57,404.68,245.2,230.35,-1.51,-0.51,1.45,1.43,0.0,0.0,1.0,1.0,1.0,1.0,,1,1.0,0.0,60829.129
2026-08-30T16:53:49.652Z,66.015779,-149.062199,347.15,7.57,404.77,245.2,230.35,-1.51,-0.51,1.45,1.43,0.0,-0.0,1.0,1.0,1.0,1.0,,1,1.0,0.0,60830.195
2026-08-30T16:53:50.651Z,66.015779,-149.062199,347.15,7.57,404.79,245.2,230.35,-1.51,-0.51,1.45,1.43,0.0,-0.0,1.0,1.0,1.0,1.0,,1,1.0,0.0,60831.199
2026-08-30T16:53:51.456Z,66.015779,-149.062199,347.15,7.57,405.48,245.2,230.35,-1.51,-0.51,1.45,1.43,0.0,-0.0,1.0,1.0,1.0,1.0,0.002,2,1.0,0.0,60832.008
2026-08-30T16:53:52.458Z,66.015779,-149.062199,347.15,7.57,404.81,245.2,230.35,-1.51,-0.51,1.45,1.43,0.0,-0.0,1.0,1.0,1.0,1.0,0.003,3,1.0,0.0,60833.008
2026-08-30T16:53:53.465Z,66.015779,-149.062199,347.15,7.57,404.83,245.2,230.35,-1.51,-0.51,1.45,1.43,0.0,0.0,1.0,1.0,1.0,1.0,,1,1.0,0.0,60834.004
2026-08-30T16:53:54.455Z,66.015779,-149.062199,347.15,7.57,404.5,245.2,230.35,-1.51,-0.51,1.45,1.43,0.0,-0.0,1.0,1.0,1.0,1.0,0.001,3,1.0,0.0,60835.0
2026-08-30T16:53:55.456Z,66.015779,-149.062199,347.15,7.57,405.02,245.2,230.35,-1.51,-0.51,1.45,1.43,0.0,0.0,1.0,1.0,1.0,1.0,0.002,3,1.0,0.0,60835.996
2026-08-30T16:53:56.458Z,66.015779,-149.062199,347.15,7.57,405.26,245.2,230.35,-1.51,-0.51,1.45,1.43,0.0,-0.0,1.0,1.0,1.0,1.0,,1,1.0,0.0,60837.035
2026-08-30T16:53:57.489Z,66.015779,-149.062199,347.15,7.57,404.73,245.2,230.35,-1.51,-0.51,1.45,1.43,0.0,0.0,1.0,1.0,1.0,1.0,0.002,3,1.0,0.0,60838.02
2026-08-30T16:53:58.477Z,66.015779,-149.062199,347.15,7.57,405.32,245.2,230.35,-1.51,-0.51,1.45,1.43,0.0,-0.0,1.0,1.0,1.0,1.0,,1,1.0,0.0,60839.02
2026-08-30T16:53:59.600Z,66.015779,-149.062199,347.15,7.57,404.68,245.2,230.35,-1.51,-0.51,1.45,1.43,0.0,-0.0,1.0,1.0,1.0,1.0,,1,1.0,0.0,60840.242
2026-08-30T16:54:00.799Z,66.015779,-149.062199,347.15,7.57,405.1,245.2,230.35,-1.51,-0.51,1.45,1.43,0.0,-0.0,1.0,1.0,1.0,1.0,,1,1.0,0.0,60841.418
2026-08-30T16:54:01.498Z,66.015779,-149.062199,347.15,7.57,405.8,245.2,230.35,-1.51,-0.51,1.45,1.43,0.0,0.0,1.0,1.0,1.0,1.0,,1,1.0,0.0,60842.109
2026-08-30T16:54:02.576Z,66.015779,-149.062199,347.15,7.57,405.62,245.2,230.35,-1.51,-0.51,1.45,1.43,0.0,-0.0,1.0,1.0,1.0,1.0,0.0,3,1.0,0.0,60843.223
2026-08-30T16:54:03.762Z,66.015779,-149.062199,347.15,7.57,405.26,245.2,230.35,-1.51,-0.51,1.45,1.43,0.0,-0.0,1.0,1.0,1.0,1.0,,1,1.0,0.0,60844.383
2026-08-30T16:54:04.478Z,66.015779,-149.062199,347.15,7.57,405.78,245.2,230.35,-1.51,-0.51,1.45,1.43,0.0,0.0,1.0,1.0,1.0,1.0,,1,1.0,0.0,60845.156
2026-08-30T16:54:05.440Z,66.015779,-149.062199,347.15,7.57,406.15,245.2,230.35,-1.51,-0.51,1.45,1.43,0.0,0.0,1.0,1.0,1.0,1.0,0.0,2,1.0,0.0,60846.203
2026-08-30T16:54:06.802Z,66.015779,-149.062199,347.15,7.57,405.58,245.2,230.35,-1.51,-0.51,1.45,1.43,0.0,-0.0,1.0,1.0,1.0,1.0,,1,1.0,0.0,60847.531
